step,episode,ep_reward,ep_length,ep_kills,ep_max_x,died
90,1,-0.09,90,2,0.0,1
171,2,-0.20,81,1,0.0,1
270,3,-0.02,99,2,0.0,1
346,4,-0.48,76,0,0.0,1
413,5,-0.24,67,1,0.0,1
479,6,-0.24,66,1,0.0,1
545,7,-0.44,66,0,0.0,1
658,8,0.17,113,3,0.0,1
752,9,-0.31,94,1,0.0,1
833,10,-0.24,81,1,0.0,1
940,11,0.18,107,3,0.0,1
1006,12,-0.44,66,0,0.0,1
1087,13,-0.24,81,1,0.0,1
1153,14,-0.44,66,0,0.0,1
1260,15,0.58,107,5,0.0,1
1331,16,-0.23,71,1,0.0,1
1401,17,-0.04,70,2,0.0,1
1477,18,-0.04,76,2,0.0,1
1543,19,-0.24,66,1,0.0,1
1624,20,-0.04,81,2,0.0,1
1690,21,-0.24,66,1,0.0,1
1762,22,-0.24,72,1,0.0,1
1847,23,-0.01,85,2,0.0,1
1928,24,-0.24,81,1,0.0,1
2036,25,-0.05,108,2,0.0,1
2110,26,-0.04,74,2,0.0,1
2187,27,-0.04,77,2,0.0,1
2268,28,-0.24,81,1,0.0,1
2344,29,-0.28,76,1,0.0,1
2397,30,-0.44,53,0,0.0,1
2479,31,-0.24,82,1,0.0,1
2545,32,-0.44,66,0,0.0,1
2614,33,-0.20,69,1,0.0,1
2708,34,-0.20,94,1,0.0,1
2774,35,-0.44,66,0,0.0,1
2869,36,0.13,95,3,0.0,1
2950,37,-0.24,81,1,0.0,1
3059,38,-0.01,109,2,0.0,1
3131,39,-0.43,72,0,0.0,1
3221,40,-0.40,90,0,0.0,1
3298,41,-0.47,77,0,0.0,1
3364,42,-0.44,66,0,0.0,1
3433,43,-0.24,69,1,0.0,1
3518,44,-0.23,85,1,0.0,1
3584,45,-0.44,66,0,0.0,1
3650,46,-0.20,66,1,0.0,1
3764,47,0.38,114,4,0.0,1
3845,48,-0.24,81,1,0.0,1
3955,49,0.20,110,3,0.0,1
4052,50,0.19,97,3,0.0,1
4118,51,-0.44,66,0,0.0,1
4221,52,-0.20,103,1,0.0,1
4285,53,-0.20,64,1,0.0,1
4351,54,-0.44,66,0,0.0,1
4417,55,-0.24,66,1,0.0,1
4501,56,-0.25,84,1,0.0,1
4571,57,-0.21,70,1,0.0,1
4636,58,-0.24,65,1,0.0,1
4699,59,-0.27,63,1,0.0,1
4780,60,-0.24,81,1,0.0,1
4877,61,-0.01,97,2,0.0,1
4945,62,-0.40,68,0,0.0,1
5034,63,-0.05,89,2,0.0,1
5106,64,-0.24,72,1,0.0,1
70,1,0.36,70,4,0.0,1
170,2,-0.01,100,2,0.0,1
237,3,-0.24,67,1,0.0,1
340,4,0.31,103,4,0.0,1
422,5,-0.04,82,2,0.0,1
500,6,-0.24,78,1,0.0,1
603,7,0.20,103,3,0.0,1
724,8,0.38,121,4,0.0,1
836,9,0.40,112,4,0.0,1
917,10,-0.01,81,2,0.0,1
1024,11,0.40,107,4,0.0,1
1122,12,0.38,98,4,0.0,1
1245,13,0.40,123,4,0.0,1
1361,14,0.35,116,4,0.0,1
1476,15,0.20,115,3,0.0,1
1542,16,-0.24,66,1,0.0,1
1608,17,-0.44,66,0,0.0,1
1732,18,0.80,124,6,0.0,1
1837,19,0.37,105,4,0.0,1
1945,20,0.16,108,3,0.0,1
2032,21,-0.02,87,2,0.0,1
2097,22,-0.01,65,2,0.0,1
2213,23,0.77,116,6,0.0,1
2325,24,0.15,112,3,0.0,1
2449,25,0.40,124,4,0.0,1
2577,26,0.75,128,6,0.0,1
2675,27,0.35,98,4,0.0,1
2770,28,0.16,95,3,0.0,1
2894,29,0.38,124,4,0.0,1
3011,30,0.59,117,5,0.0,1
3146,31,0.80,135,6,0.0,1
3256,32,0.16,110,3,0.0,1
3345,33,-0.02,89,2,0.0,1
3440,34,0.18,95,3,0.0,1
3558,35,0.38,118,4,0.0,1
3681,36,0.80,123,6,0.0,1
3782,37,0.17,101,3,0.0,1
3848,38,-0.44,66,0,0.0,1
3959,39,0.40,111,4,0.0,1
4065,40,-0.12,106,2,0.0,1
4147,41,0.16,82,3,0.0,1
4252,42,0.35,105,4,0.0,1
4334,43,0.16,82,3,0.0,1
4420,44,-0.20,86,1,0.0,1
4492,45,0.16,72,3,0.0,1
4570,46,-0.04,78,2,0.0,1
4665,47,0.00,95,2,0.0,1
4761,48,0.15,96,3,0.0,1
4862,49,-0.03,101,2,0.0,1
4944,50,-0.24,82,1,0.0,1
5025,51,-0.04,81,2,0.0,1
5135,52,0.38,110,4,0.0,1
5224,53,0.18,89,3,0.0,1
5340,54,0.57,116,5,0.0,1
5470,55,0.59,130,5,0.0,1
5574,56,0.15,104,3,0.0,1
5656,57,-0.24,82,1,0.0,1
5727,58,-0.31,71,1,0.0,1
5836,59,-0.11,109,2,0.0,1
5902,60,-0.24,66,1,0.0,1
6006,61,0.18,104,3,0.0,1
6113,62,0.20,107,3,0.0,1
6234,63,0.38,121,4,0.0,1
6316,64,0.16,82,3,0.0,1
6409,65,0.20,93,3,0.0,1
6491,66,-0.04,82,2,0.0,1
6586,67,-0.03,95,2,0.0,1
6693,68,0.20,107,3,0.0,1
6786,69,-0.02,93,2,0.0,1
6890,70,-0.05,104,2,0.0,1
6967,71,-0.24,77,1,0.0,1
7064,72,0.11,97,3,0.0,1
7172,73,0.35,108,4,0.0,1
7281,74,0.60,109,5,0.0,1
7382,75,0.35,101,4,0.0,1
7489,76,0.15,107,3,0.0,1
7639,77,0.95,150,7,0.0,1
7725,78,0.18,86,3,0.0,1
7851,79,0.18,126,3,0.0,1
7949,80,-0.02,98,2,0.0,1
8058,81,0.16,109,3,0.0,1
8160,82,0.35,102,4,0.0,1
8270,83,0.40,110,4,0.0,1
8370,84,0.17,100,3,0.0,1
8482,85,0.16,112,3,0.0,1
8581,86,0.18,99,3,0.0,1
8696,87,0.59,115,5,0.0,1
8791,88,0.38,95,4,0.0,1
8895,89,-0.00,104,2,0.0,1
8977,90,-0.24,82,1,0.0,1
9084,91,0.20,107,3,0.0,1
9191,92,0.20,107,3,0.0,1
9312,93,0.79,121,6,0.0,1
9418,94,0.35,106,4,0.0,1
9534,95,0.40,116,4,0.0,1
9656,96,0.60,122,5,0.0,1
9745,97,-0.09,89,2,0.0,1
9858,98,0.15,113,3,0.0,1
9967,99,0.15,109,3,0.0,1
10080,100,0.20,113,3,0.0,1
10199,101,0.78,119,6,0.0,1
10281,102,-0.04,82,2,0.0,1
10415,103,0.78,134,6,0.0,1
10497,104,-0.24,82,1,0.0,1
10615,105,0.39,118,4,0.0,1
10716,106,0.37,101,4,0.0,1
10817,107,-0.00,101,2,0.0,1
10944,108,0.75,127,6,0.0,1
11054,109,0.39,110,4,0.0,1
11161,110,0.35,107,4,0.0,1
11282,111,0.19,121,3,0.0,1
11405,112,0.34,123,4,0.0,1
11513,113,0.20,108,3,0.0,1
11647,114,0.57,134,5,0.0,1
11756,115,-0.02,109,2,0.0,1
11869,116,0.76,113,6,0.0,1
11965,117,-0.03,96,2,0.0,1
12077,118,0.37,112,4,0.0,1
12197,119,0.57,120,5,0.0,1
12303,120,0.40,106,4,0.0,1
12400,121,-0.02,97,2,0.0,1
12514,122,0.18,114,3,0.0,1
12624,123,-0.05,110,2,0.0,1
12741,124,0.36,117,4,0.0,1
12837,125,0.38,96,4,0.0,1
12939,126,0.20,102,3,0.0,1
13017,127,-0.24,78,1,0.0,1
13140,128,0.79,123,6,0.0,1
13271,129,0.60,131,5,0.0,1
13352,130,-0.24,81,1,0.0,1
13464,131,0.40,112,4,0.0,1
13599,132,1.00,135,7,0.0,1
13710,133,0.59,111,5,0.0,1
13794,134,-0.01,84,2,0.0,1
13907,135,0.60,113,5,0.0,1
14079,136,0.92,172,7,0.0,1
14206,137,0.18,127,3,0.0,1
14308,138,0.20,102,3,0.0,1
14390,139,-0.04,82,2,0.0,1
14482,140,0.00,92,2,0.0,1
14586,141,0.55,104,5,0.0,1
14695,142,-0.07,109,2,0.0,1
14811,143,0.13,116,3,0.0,1
14938,144,0.40,127,4,0.0,1
15060,145,0.57,122,5,0.0,1
15164,146,0.15,104,3,0.0,1
15255,147,-0.03,91,2,0.0,1
15361,148,0.59,106,5,0.0,1
15472,149,0.37,111,4,0.0,1
15575,150,0.15,103,3,0.0,1
15693,151,0.15,118,3,0.0,1
15771,152,-0.24,78,1,0.0,1
15879,153,0.60,108,5,0.0,1
16013,154,0.40,134,4,0.0,1
16133,155,0.60,120,5,0.0,1
16230,156,0.15,97,3,0.0,1
16339,157,0.39,109,4,0.0,1
16445,158,0.20,106,3,0.0,1
16545,159,0.20,100,3,0.0,1
16627,160,0.16,82,3,0.0,1
16730,161,0.55,103,5,0.0,1
16822,162,-0.06,92,2,0.0,1
16904,163,-0.04,82,2,0.0,1
17017,164,-0.03,113,2,0.0,1
17118,165,-0.03,101,2,0.0,1
17229,166,0.40,111,4,0.0,1
17299,167,-0.04,70,2,0.0,1
17405,168,0.20,106,3,0.0,1
17487,169,-0.24,82,1,0.0,1
17574,170,-0.02,87,2,0.0,1
17686,171,0.15,112,3,0.0,1
17766,172,-0.01,80,2,0.0,1
17878,173,0.35,112,4,0.0,1
17960,174,-0.04,82,2,0.0,1
18025,175,-0.40,65,0,0.0,1
18119,176,-0.01,94,2,0.0,1
18251,177,0.75,132,6,0.0,1
18358,178,0.38,107,4,0.0,1
18462,179,0.36,104,4,0.0,1
18574,180,0.38,112,4,0.0,1
18677,181,0.20,103,3,0.0,1
18799,182,0.59,122,5,0.0,1
18881,183,-0.04,82,2,0.0,1
19030,184,0.99,149,7,0.0,1
19102,185,-0.04,72,2,0.0,1
19210,186,0.19,108,3,0.0,1
19331,187,0.39,121,4,0.0,1
19413,188,-0.24,82,1,0.0,1
19580,189,0.98,167,7,0.0,1
19719,190,0.60,139,5,0.0,1
19797,191,-0.24,78,1,0.0,1
19901,192,0.40,104,4,0.0,1
19983,193,-0.04,82,2,0.0,1
20075,194,0.19,92,3,0.0,1
20182,195,0.40,107,4,0.0,1
20278,196,0.38,96,4,0.0,1
20367,197,-0.29,89,1,0.0,1
20512,198,0.49,145,5,0.0,1
20605,199,-0.02,93,2,0.0,1
20671,200,-0.44,66,0,0.0,1
20737,201,-0.44,66,0,0.0,1
20841,202,0.35,104,4,0.0,1
20949,203,0.20,108,3,0.0,1
21031,204,-0.04,82,2,0.0,1
21127,205,0.37,96,4,0.0,1
21234,206,0.18,107,3,0.0,1
21353,207,0.40,119,4,0.0,1
21452,208,-0.01,99,2,0.0,1
21511,209,-0.23,59,1,0.0,1
21569,210,-0.47,58,0,0.0,1
21635,211,-0.44,66,0,0.0,1
21753,212,0.35,118,4,0.0,1
21867,213,0.60,114,5,0.0,1
21949,214,0.16,82,3,0.0,1
22050,215,0.39,101,4,0.0,1
22168,216,0.58,118,5,0.0,1
22330,217,0.96,162,7,0.0,1
22460,218,0.54,130,5,0.0,1
22587,219,0.40,127,4,0.0,1
22664,220,-0.23,77,1,0.0,1
22839,221,0.93,175,7,0.0,1
22932,222,-0.02,93,2,0.0,1
23048,223,0.20,116,3,0.0,1
23130,224,0.19,82,3,0.0,1
23244,225,0.39,114,4,0.0,1
23350,226,-0.03,106,2,0.0,1
23456,227,0.17,106,3,0.0,1
23565,228,0.18,109,3,0.0,1
23647,229,-0.08,82,2,0.0,1
23753,230,-0.05,106,2,0.0,1
23851,231,0.00,98,2,0.0,1
23998,232,0.60,147,5,0.0,1
24080,233,-0.24,82,1,0.0,1
24196,234,0.20,116,3,0.0,1
24301,235,0.40,105,4,0.0,1
24410,236,0.40,109,4,0.0,1
24521,237,0.35,111,4,0.0,1
24622,238,0.37,101,4,0.0,1
24704,239,-0.04,82,2,0.0,1
24784,240,0.40,80,4,0.0,1
24878,241,0.39,94,4,0.0,1
24974,242,0.18,96,3,0.0,1
25087,243,0.20,113,3,0.0,1
25223,244,0.76,136,6,0.0,1
25354,245,1.15,131,8,0.0,1
25479,246,0.55,125,5,0.0,1
25565,247,-0.09,86,2,0.0,1
25676,248,0.20,111,3,0.0,1
25753,249,-0.28,77,1,0.0,1
25861,250,-0.01,108,2,0.0,1
25968,251,0.20,107,3,0.0,1
26076,252,0.20,108,3,0.0,1
26171,253,0.17,95,3,0.0,1
26274,254,0.35,103,4,0.0,1
26369,255,0.38,95,4,0.0,1
26476,256,0.00,107,2,0.0,1
26557,257,-0.24,81,1,0.0,1
26655,258,-0.02,98,2,0.0,1
26737,259,-0.24,82,1,0.0,1
26845,260,0.36,108,4,0.0,1
26950,261,0.36,105,4,0.0,1
27032,262,-0.09,82,2,0.0,1
27114,263,0.16,82,3,0.0,1
27227,264,0.40,113,4,0.0,1
27319,265,-0.02,92,2,0.0,1
27446,266,0.57,127,5,0.0,1
27550,267,0.15,104,3,0.0,1
27677,268,1.00,127,7,0.0,1
27781,269,0.20,104,3,0.0,1
27917,270,0.72,136,6,0.0,1
28023,271,0.18,106,3,0.0,1
28096,272,-0.01,73,2,0.0,1
28194,273,-0.02,98,2,0.0,1
28310,274,0.58,116,5,0.0,1
28433,275,0.77,123,6,0.0,1
28542,276,0.55,109,5,0.0,1
28642,277,-0.03,100,2,0.0,1
28745,278,0.17,103,3,0.0,1
28871,279,0.40,126,4,0.0,1
28967,280,-0.02,96,2,0.0,1
29077,281,0.15,110,3,0.0,1
29143,282,-0.44,66,0,0.0,1
29209,283,-0.44,66,0,0.0,1
29308,284,0.19,99,3,0.0,1
29374,285,-0.44,66,0,0.0,1
29481,286,0.14,107,3,0.0,1
29547,287,-0.44,66,0,0.0,1
29651,288,0.38,104,4,0.0,1
29758,289,0.20,107,3,0.0,1
29866,290,-0.02,108,2,0.0,1
29992,291,0.37,126,4,0.0,1
30094,292,-0.04,102,2,0.0,1
30163,293,-0.08,69,2,0.0,1
30251,294,0.19,88,3,0.0,1
30368,295,0.37,117,4,0.0,1
30483,296,0.40,115,4,0.0,1
30589,297,-0.01,106,2,0.0,1
30703,298,0.18,114,3,0.0,1
30784,299,-0.20,81,1,0.0,1
30850,300,-0.24,66,1,0.0,1
30958,301,0.56,108,5,0.0,1
31055,302,0.18,97,3,0.0,1
31148,303,0.18,93,3,0.0,1
31255,304,0.37,107,4,0.0,1
31384,305,0.78,129,6,0.0,1
31479,306,-0.02,95,2,0.0,1
31641,307,0.91,162,7,0.0,1
31765,308,0.78,124,6,0.0,1
31882,309,0.78,117,6,0.0,1
31973,310,-0.29,91,1,0.0,1
32112,311,0.57,139,5,0.0,1
32213,312,0.20,101,3,0.0,1
32267,313,-0.04,54,2,0.0,1
32379,314,0.40,112,4,0.0,1
32445,315,-0.44,66,0,0.0,1
32510,316,-0.23,65,1,0.0,1
32602,317,0.18,92,3,0.0,1
32660,318,-0.44,58,0,0.0,1
32728,319,0.19,68,3,0.0,1
32834,320,0.58,106,5,0.0,1
32943,321,0.17,109,3,0.0,1
33063,322,0.58,120,5,0.0,1
33169,323,0.40,106,4,0.0,1
33235,324,-0.44,66,0,0.0,1
33316,325,-0.04,81,2,0.0,1
33436,326,0.35,120,4,0.0,1
33555,327,0.35,119,4,0.0,1
33621,328,-0.44,66,0,0.0,1
33727,329,0.15,106,3,0.0,1
33846,330,0.17,119,3,0.0,1
33947,331,-0.10,101,2,0.0,1
34031,332,-0.01,84,2,0.0,1
34110,333,-0.24,79,1,0.0,1
34252,334,0.95,142,7,0.0,1
34350,335,-0.02,98,2,0.0,1
34463,336,0.40,113,4,0.0,1
34584,337,0.51,121,5,0.0,1
34682,338,0.18,98,3,0.0,1
34791,339,0.60,109,5,0.0,1
34847,340,-0.28,56,1,0.0,1
34965,341,0.51,118,5,0.0,1
35088,342,0.55,123,5,0.0,1
35193,343,-0.04,105,2,0.0,1
35314,344,0.59,121,5,0.0,1
35438,345,0.13,124,3,0.0,1
35543,346,0.20,105,3,0.0,1
35649,347,0.15,106,3,0.0,1
35753,348,0.20,104,3,0.0,1
35836,349,-0.27,83,1,0.0,1
35959,350,0.60,123,5,0.0,1
36037,351,0.16,78,3,0.0,1
36144,352,0.20,107,3,0.0,1
36254,353,0.19,110,3,0.0,1
36349,354,0.18,95,3,0.0,1
36458,355,0.75,109,6,0.0,1
36566,356,0.19,108,3,0.0,1
36632,357,-0.44,66,0,0.0,1
36731,358,-0.02,99,2,0.0,1
36834,359,0.10,103,3,0.0,1
36955,360,0.77,121,6,0.0,1
37092,361,0.80,137,6,0.0,1
37201,362,0.35,109,4,0.0,1
37331,363,0.55,130,5,0.0,1
37426,364,-0.00,95,2,0.0,1
37501,365,-0.25,75,1,0.0,1
37619,366,0.17,118,3,0.0,1
37736,367,0.29,117,4,0.0,1
37846,368,-0.01,110,2,0.0,1
37973,369,0.57,127,5,0.0,1
38027,370,-0.44,54,0,0.0,1
38134,371,0.39,107,4,0.0,1
38246,372,0.57,112,5,0.0,1
38371,373,0.37,125,4,0.0,1
38459,374,0.20,88,3,0.0,1
38566,375,0.35,107,4,0.0,1
38706,376,0.57,140,5,0.0,1
38815,377,-0.04,109,2,0.0,1
38937,378,0.20,122,3,0.0,1
39036,379,0.18,99,3,0.0,1
39144,380,0.40,108,4,0.0,1
39257,381,0.59,113,5,0.0,1
39362,382,0.14,105,3,0.0,1
39500,383,0.79,138,6,0.0,1
39631,384,0.98,131,7,0.0,1
39746,385,0.20,115,3,0.0,1
39859,386,0.38,113,4,0.0,1
39966,387,0.35,107,4,0.0,1
40071,388,-0.01,105,2,0.0,1
40186,389,0.51,115,5,0.0,1
40303,390,0.55,117,5,0.0,1
40405,391,0.40,102,4,0.0,1
40492,392,0.38,87,4,0.0,1
40584,393,-0.29,92,1,0.0,1
40683,394,0.18,99,3,0.0,1
40787,395,0.40,104,4,0.0,1
40902,396,0.80,115,6,0.0,1
41026,397,0.20,124,3,0.0,1
41128,398,0.20,102,3,0.0,1
41237,399,0.33,109,4,0.0,1
41319,400,0.36,82,4,0.0,1
41427,401,0.40,108,4,0.0,1
41532,402,0.33,105,4,0.0,1
41633,403,-0.00,101,2,0.0,1
41767,404,0.79,134,6,0.0,1
41876,405,0.20,109,3,0.0,1
41990,406,0.40,114,4,0.0,1
42112,407,0.20,122,3,0.0,1
42214,408,0.40,102,4,0.0,1
42351,409,0.98,137,7,0.0,1
42478,410,0.95,127,7,0.0,1
42617,411,0.75,139,6,0.0,1
42724,412,0.15,107,3,0.0,1
42842,413,0.37,118,4,0.0,1
42947,414,0.35,105,4,0.0,1
43053,415,0.59,106,5,0.0,1
43190,416,0.78,137,6,0.0,1
43311,417,0.55,121,5,0.0,1
43424,418,0.55,113,5,0.0,1
43552,419,0.60,128,5,0.0,1
43634,420,-0.04,82,2,0.0,1
43741,421,0.35,107,4,0.0,1
43843,422,0.20,102,3,0.0,1
43956,423,0.15,113,3,0.0,1
44076,424,0.78,120,6,0.0,1
44192,425,0.56,116,5,0.0,1
44294,426,0.20,102,3,0.0,1
44385,427,-0.05,91,2,0.0,1
44463,428,-0.04,78,2,0.0,1
44582,429,0.60,119,5,0.0,1
44698,430,0.40,116,4,0.0,1
44780,431,-0.04,82,2,0.0,1
44907,432,0.55,127,5,0.0,1
45016,433,0.15,109,3,0.0,1
45125,434,0.16,109,3,0.0,1
45242,435,0.19,117,3,0.0,1
45344,436,-0.01,102,2,0.0,1
45445,437,0.15,101,3,0.0,1
45551,438,0.55,106,5,0.0,1
45631,439,0.16,80,3,0.0,1
45733,440,0.19,102,3,0.0,1
45837,441,0.33,104,4,0.0,1
45912,442,-0.00,75,2,0.0,1
46023,443,0.37,111,4,0.0,1
46135,444,0.55,112,5,0.0,1
46246,445,0.35,111,4,0.0,1
46331,446,-0.27,85,1,0.0,1
46427,447,-0.21,96,1,0.0,1
46534,448,-0.00,107,2,0.0,1
46645,449,0.39,111,4,0.0,1
46762,450,0.80,117,6,0.0,1
46832,451,-0.04,70,2,0.0,1
46951,452,0.40,119,4,0.0,1
47049,453,0.17,98,3,0.0,1
47145,454,-0.23,96,1,0.0,1
47254,455,0.15,109,3,0.0,1
47395,456,0.80,141,6,0.0,1
47510,457,0.58,115,5,0.0,1
47597,458,-0.07,87,2,0.0,1
47697,459,0.17,100,3,0.0,1
47804,460,0.15,107,3,0.0,1
47924,461,0.55,120,5,0.0,1
48031,462,0.37,107,4,0.0,1
48153,463,0.35,122,4,0.0,1
48319,464,1.15,166,8,0.0,1
48433,465,0.17,114,3,0.0,1
48541,466,0.15,108,3,0.0,1
48654,467,0.80,113,6,0.0,1
48770,468,0.56,116,5,0.0,1
48852,469,-0.04,82,2,0.0,1
48970,470,0.15,118,3,0.0,1
49090,471,0.98,120,7,0.0,1
49194,472,-0.23,104,1,0.0,1
49294,473,0.17,100,3,0.0,1
49361,474,-0.24,67,1,0.0,1
49458,475,0.18,97,3,0.0,1
49554,476,0.40,96,4,0.0,1
49674,477,0.76,120,6,0.0,1
49799,478,0.47,125,5,0.0,1
49896,479,0.19,97,3,0.0,1
49968,480,-0.04,72,2,0.0,1
50056,481,0.19,88,3,0.0,1
50161,482,0.20,105,3,0.0,1
50311,483,0.79,150,6,0.0,1
50431,484,0.40,120,4,0.0,1
50603,485,1.15,172,8,0.0,1
50719,486,0.34,116,4,0.0,1
50854,487,0.75,135,6,0.0,1
50933,488,0.16,79,3,0.0,1
51034,489,0.20,101,3,0.0,1
51100,490,-0.24,66,1,0.0,1
51201,491,0.17,101,3,0.0,1
51307,492,-0.00,106,2,0.0,1
51428,493,0.59,121,5,0.0,1
51519,494,-0.21,91,1,0.0,1
51641,495,0.40,122,4,0.0,1
51735,496,0.16,94,3,0.0,1
51838,497,0.20,103,3,0.0,1
51959,498,0.20,121,3,0.0,1
52072,499,0.38,113,4,0.0,1
52180,500,0.60,108,5,0.0,1
52278,501,0.00,98,2,0.0,1
52419,502,0.79,141,6,0.0,1
52538,503,0.75,119,6,0.0,1
52645,504,0.35,107,4,0.0,1
52763,505,0.59,118,5,0.0,1
52880,506,0.39,117,4,0.0,1
52973,507,0.38,93,4,0.0,1
53080,508,0.15,107,3,0.0,1
53170,509,-0.03,90,2,0.0,1
53262,510,-0.02,92,2,0.0,1
53353,511,0.20,91,3,0.0,1
53456,512,0.18,103,3,0.0,1
53563,513,0.40,107,4,0.0,1
53672,514,0.19,109,3,0.0,1
53764,515,0.17,92,3,0.0,1
53841,516,-0.24,77,1,0.0,1
53959,517,0.39,118,4,0.0,1
54081,518,0.55,122,5,0.0,1
54180,519,0.60,99,5,0.0,1
54293,520,0.60,113,5,0.0,1
54406,521,0.20,113,3,0.0,1
54529,522,0.77,123,6,0.0,1
54627,523,-0.04,98,2,0.0,1
54738,524,0.35,111,4,0.0,1
54818,525,-0.01,80,2,0.0,1
54898,526,-0.09,80,2,0.0,1
55001,527,0.20,103,3,0.0,1
55107,528,0.17,106,3,0.0,1
55256,529,0.56,149,5,0.0,1
55369,530,0.19,113,3,0.0,1
55481,531,0.75,112,6,0.0,1
55578,532,0.35,97,4,0.0,1
55683,533,0.40,105,4,0.0,1
55800,534,0.80,117,6,0.0,1
55925,535,0.35,125,4,0.0,1
56044,536,0.40,119,4,0.0,1
56158,537,0.18,114,3,0.0,1
56319,538,1.16,161,8,0.0,1
56422,539,0.20,103,3,0.0,1
56541,540,-0.03,119,2,0.0,1
56648,541,0.35,107,4,0.0,1
56715,542,-0.07,67,2,0.0,1
56825,543,0.19,110,3,0.0,1
56945,544,0.57,120,5,0.0,1
57051,545,-0.05,106,2,0.0,1
57142,546,-0.05,91,2,0.0,1
57265,547,0.40,123,4,0.0,1
57380,548,0.35,115,4,0.0,1
57503,549,0.79,123,6,0.0,1
57585,550,-0.24,82,1,0.0,1
57702,551,0.18,117,3,0.0,1
57834,552,0.97,132,7,0.0,1
57941,553,0.59,107,5,0.0,1
58035,554,-0.00,94,2,0.0,1
58155,555,0.60,120,5,0.0,1
58262,556,0.40,107,4,0.0,1
58363,557,0.14,101,3,0.0,1
58480,558,0.40,117,4,0.0,1
58593,559,0.35,113,4,0.0,1
58703,560,0.39,110,4,0.0,1
58790,561,-0.24,87,1,0.0,1
58899,562,0.60,109,5,0.0,1
59005,563,0.40,106,4,0.0,1
59102,564,0.19,97,3,0.0,1
59181,565,-0.25,79,1,0.0,1
59262,566,0.19,81,3,0.0,1
59359,567,-0.01,97,2,0.0,1
59452,568,0.18,93,3,0.0,1
59563,569,0.19,111,3,0.0,1
59666,570,0.39,103,4,0.0,1
59783,571,0.59,117,5,0.0,1
59855,572,-0.20,72,1,0.0,1
59969,573,0.15,114,3,0.0,1
60061,574,-0.22,92,1,0.0,1
60171,575,0.59,110,5,0.0,1
60284,576,0.59,113,5,0.0,1
60414,577,0.60,130,5,0.0,1
60496,578,-0.04,82,2,0.0,1
60584,579,-0.01,88,2,0.0,1
60703,580,0.16,119,3,0.0,1
60769,581,-0.44,66,0,0.0,1
60871,582,0.15,102,3,0.0,1
60983,583,0.40,112,4,0.0,1
61092,584,0.20,109,3,0.0,1
61206,585,0.80,114,6,0.0,1
61328,586,0.80,122,6,0.0,1
61442,587,0.78,114,6,0.0,1
61529,588,0.38,87,4,0.0,1
61669,589,1.19,140,8,0.0,1
61762,590,0.11,93,3,0.0,1
61887,591,0.34,125,4,0.0,1
62003,592,-0.02,116,2,0.0,1
62069,593,-0.44,66,0,0.0,1
62162,594,-0.02,93,2,0.0,1
62268,595,0.14,106,3,0.0,1
62373,596,0.20,105,3,0.0,1
62479,597,-0.05,106,2,0.0,1
62581,598,0.20,102,3,0.0,1
62724,599,0.76,143,6,0.0,1
62844,600,0.60,120,5,0.0,1
62910,601,-0.24,66,1,0.0,1
63038,602,0.80,128,6,0.0,1
63161,603,0.80,123,6,0.0,1
63268,604,0.40,107,4,0.0,1
63361,605,-0.02,93,2,0.0,1
63494,606,0.60,133,5,0.0,1
63613,607,0.55,119,5,0.0,1
63696,608,-0.21,83,1,0.0,1
63787,609,0.00,91,2,0.0,1
63914,610,0.75,127,6,0.0,1
63996,611,0.16,82,3,0.0,1
64136,612,0.68,140,6,0.0,1
64206,613,-0.04,70,2,0.0,1
64315,614,0.20,109,3,0.0,1
64409,615,0.19,94,3,0.0,1
64532,616,0.20,123,3,0.0,1
64617,617,-0.05,85,2,0.0,1
64741,618,0.56,124,5,0.0,1
64854,619,0.55,113,5,0.0,1
64962,620,0.20,108,3,0.0,1
65060,621,-0.23,98,1,0.0,1
65176,622,0.35,116,4,0.0,1
65305,623,0.40,129,4,0.0,1
65417,624,0.16,112,3,0.0,1
65527,625,0.40,110,4,0.0,1
65632,626,-0.02,105,2,0.0,1
65740,627,0.37,108,4,0.0,1
65828,628,0.58,88,5,0.0,1
65928,629,-0.01,100,2,0.0,1
66035,630,0.35,107,4,0.0,1
66147,631,0.15,112,3,0.0,1
66250,632,0.20,103,3,0.0,1
66356,633,-0.05,106,2,0.0,1
66471,634,0.35,115,4,0.0,1
66573,635,-0.02,102,2,0.0,1
66676,636,0.00,103,2,0.0,1
66787,637,0.55,111,5,0.0,1
66865,638,-0.04,78,2,0.0,1
66946,639,-0.04,81,2,0.0,1
67068,640,0.60,122,5,0.0,1
67177,641,0.38,109,4,0.0,1
67243,642,-0.44,66,0,0.0,1
67354,643,0.20,111,3,0.0,1
67469,644,0.60,115,5,0.0,1
67576,645,0.35,107,4,0.0,1
67682,646,0.55,106,5,0.0,1
67800,647,0.20,118,3,0.0,1
67896,648,0.17,96,3,0.0,1
67998,649,0.20,102,3,0.0,1
68117,650,0.55,119,5,0.0,1
68227,651,0.15,110,3,0.0,1
68312,652,0.11,85,3,0.0,1
68425,653,0.55,113,5,0.0,1
68530,654,0.19,105,3,0.0,1
68647,655,0.75,117,6,0.0,1
68756,656,0.19,109,3,0.0,1
68866,657,0.15,110,3,0.0,1
68983,658,0.40,117,4,0.0,1
69059,659,0.17,76,3,0.0,1
69174,660,0.56,115,5,0.0,1
69278,661,0.18,104,3,0.0,1
69442,662,0.97,164,7,0.0,1
69496,663,-0.04,54,2,0.0,1
69612,664,0.60,116,5,0.0,1
69731,665,0.37,119,4,0.0,1
69831,666,0.20,100,3,0.0,1
69931,667,0.15,100,3,0.0,1
70057,668,0.39,126,4,0.0,1
70162,669,0.39,105,4,0.0,1
70267,670,0.20,105,3,0.0,1
70375,671,0.60,108,5,0.0,1
70477,672,0.18,102,3,0.0,1
70587,673,0.35,110,4,0.0,1
70701,674,0.39,114,4,0.0,1
70852,675,0.95,151,7,0.0,1
70972,676,0.35,120,4,0.0,1
71042,677,0.16,70,3,0.0,1
71206,678,0.98,164,7,0.0,1
71260,679,-0.21,54,1,0.0,1
71368,680,0.60,108,5,0.0,1
71476,681,0.20,108,3,0.0,1
71575,682,0.15,99,3,0.0,1
71674,683,0.35,99,4,0.0,1
71774,684,0.19,100,3,0.0,1
71874,685,-0.03,100,2,0.0,1
71985,686,0.40,111,4,0.0,1
72097,687,0.60,112,5,0.0,1
72202,688,0.58,105,5,0.0,1
72307,689,0.20,105,3,0.0,1
72433,690,0.80,126,6,0.0,1
72541,691,-0.02,108,2,0.0,1
72711,692,0.96,170,7,0.0,1
72812,693,0.15,101,3,0.0,1
72916,694,0.18,104,3,0.0,1
73026,695,0.33,110,4,0.0,1
73151,696,0.75,125,6,0.0,1
73242,697,-0.25,91,1,0.0,1
73363,698,0.58,121,5,0.0,1
73445,699,-0.25,82,1,0.0,1
73543,700,0.19,98,3,0.0,1
73648,701,0.17,105,3,0.0,1
73757,702,0.20,109,3,0.0,1
73859,703,0.38,102,4,0.0,1
73975,704,0.38,116,4,0.0,1
74047,705,-0.23,72,1,0.0,1
74126,706,0.20,79,3,0.0,1
74225,707,0.38,99,4,0.0,1
74349,708,0.20,124,3,0.0,1
74473,709,0.40,124,4,0.0,1
74632,710,0.91,159,7,0.0,1
74715,711,-0.02,83,2,0.0,1
74854,712,0.57,139,5,0.0,1
74975,713,0.80,121,6,0.0,1
75083,714,0.29,108,4,0.0,1
75170,715,0.18,87,3,0.0,1
75275,716,0.19,105,3,0.0,1
75391,717,0.19,116,3,0.0,1
75498,718,-0.06,107,2,0.0,1
75576,719,-0.09,78,2,0.0,1
75642,720,-0.28,66,1,0.0,1
75757,721,0.19,115,3,0.0,1
75859,722,0.40,102,4,0.0,1
75962,723,0.16,103,3,0.0,1
76072,724,0.34,110,4,0.0,1
76151,725,0.19,79,3,0.0,1
76258,726,0.31,107,4,0.0,1
76398,727,0.78,140,6,0.0,1
76529,728,0.75,131,6,0.0,1
76643,729,-0.00,114,2,0.0,1
76765,730,0.40,122,4,0.0,1
76883,731,0.18,118,3,0.0,1
76990,732,0.20,107,3,0.0,1
77097,733,0.57,107,5,0.0,1
77213,734,0.55,116,5,0.0,1
77289,735,-0.25,76,1,0.0,1
77398,736,0.40,109,4,0.0,1
77503,737,0.20,105,3,0.0,1
77602,738,0.18,99,3,0.0,1
77668,739,-0.44,66,0,0.0,1
77770,740,0.20,102,3,0.0,1
77861,741,-0.09,91,2,0.0,1
77960,742,-0.02,99,2,0.0,1
78063,743,0.19,103,3,0.0,1
78169,744,0.57,106,5,0.0,1
78282,745,0.34,113,4,0.0,1
78396,746,0.37,114,4,0.0,1
78481,747,-0.09,85,2,0.0,1
78616,748,0.78,135,6,0.0,1
78740,749,0.75,124,6,0.0,1
78828,750,0.38,88,4,0.0,1
78942,751,0.40,114,4,0.0,1
79008,752,-0.44,66,0,0.0,1
79130,753,0.39,122,4,0.0,1
79246,754,0.55,116,5,0.0,1
79349,755,0.15,103,3,0.0,1
79468,756,0.40,119,4,0.0,1
79605,757,0.99,137,7,0.0,1
79712,758,0.20,107,3,0.0,1
79817,759,0.35,105,4,0.0,1
79937,760,0.75,120,6,0.0,1
80043,761,0.40,106,4,0.0,1
80150,762,-0.05,107,2,0.0,1
80263,763,-0.00,113,2,0.0,1
80378,764,0.35,115,4,0.0,1
80491,765,0.18,113,3,0.0,1
80592,766,-0.05,101,2,0.0,1
80693,767,-0.03,101,2,0.0,1
80828,768,0.78,135,6,0.0,1
80924,769,0.18,96,3,0.0,1
81047,770,0.38,123,4,0.0,1
81191,771,0.75,144,6,0.0,1
81289,772,0.18,98,3,0.0,1
81388,773,0.15,99,3,0.0,1
81517,774,0.60,129,5,0.0,1
81640,775,0.16,123,3,0.0,1
81735,776,0.00,95,2,0.0,1
81833,777,0.19,98,3,0.0,1
81943,778,0.35,110,4,0.0,1
82056,779,0.40,113,4,0.0,1
82172,780,0.56,116,5,0.0,1
82289,781,0.55,117,5,0.0,1
82393,782,0.15,104,3,0.0,1
82495,783,0.75,102,6,0.0,1
82607,784,0.19,112,3,0.0,1
82715,785,0.35,108,4,0.0,1
82827,786,0.35,112,4,0.0,1
82929,787,0.20,102,3,0.0,1
83030,788,0.15,101,3,0.0,1
83150,789,0.39,120,4,0.0,1
83273,790,0.60,123,5,0.0,1
83373,791,0.18,100,3,0.0,1
83469,792,0.16,96,3,0.0,1
83584,793,0.35,115,4,0.0,1
83711,794,0.78,127,6,0.0,1
83833,795,0.16,122,3,0.0,1
83946,796,0.55,113,5,0.0,1
84040,797,0.16,94,3,0.0,1
84163,798,0.57,123,5,0.0,1
84270,799,0.19,107,3,0.0,1
84367,800,0.16,97,3,0.0,1
84488,801,0.60,121,5,0.0,1
84596,802,0.35,108,4,0.0,1
84680,803,-0.01,84,2,0.0,1
84784,804,0.15,104,3,0.0,1
84894,805,0.55,110,5,0.0,1
85018,806,0.60,124,5,0.0,1
85123,807,-0.05,105,2,0.0,1
85238,808,0.55,115,5,0.0,1
85391,809,0.80,153,6,0.0,1
85468,810,0.00,77,2,0.0,1
85562,811,-0.01,94,2,0.0,1
85683,812,0.78,121,6,0.0,1
85772,813,-0.27,89,1,0.0,1
85893,814,0.35,121,4,0.0,1
86014,815,0.54,121,5,0.0,1
86115,816,0.15,101,3,0.0,1
86223,817,0.40,108,4,0.0,1
86352,818,0.20,129,3,0.0,1
86466,819,0.35,114,4,0.0,1
86597,820,0.37,131,4,0.0,1
86704,821,0.15,107,3,0.0,1
86809,822,0.40,105,4,0.0,1
86947,823,0.77,138,6,0.0,1
87056,824,0.40,109,4,0.0,1
87159,825,0.15,103,3,0.0,1
87273,826,0.29,114,4,0.0,1
87376,827,-0.01,103,2,0.0,1
87506,828,0.78,130,6,0.0,1
87635,829,0.98,129,7,0.0,1
87753,830,0.55,118,5,0.0,1
87853,831,-0.03,100,2,0.0,1
87978,832,0.19,125,3,0.0,1
88118,833,0.75,140,6,0.0,1
88228,834,0.20,110,3,0.0,1
88334,835,-0.01,106,2,0.0,1
88460,836,0.56,126,5,0.0,1
88571,837,0.35,111,4,0.0,1
88676,838,0.40,105,4,0.0,1
88789,839,0.56,113,5,0.0,1
88892,840,0.20,103,3,0.0,1
89010,841,0.40,118,4,0.0,1
89115,842,0.19,105,3,0.0,1
89226,843,0.35,111,4,0.0,1
89334,844,0.15,108,3,0.0,1
89437,845,0.19,103,3,0.0,1
89545,846,0.39,108,4,0.0,1
89647,847,0.40,102,4,0.0,1
89752,848,0.35,105,4,0.0,1
89850,849,-0.04,98,2,0.0,1
89977,850,0.71,127,6,0.0,1
90087,851,0.20,110,3,0.0,1
90178,852,0.20,91,3,0.0,1
90273,853,0.17,95,3,0.0,1
90360,854,0.16,87,3,0.0,1
90467,855,0.35,107,4,0.0,1
90586,856,0.57,119,5,0.0,1
90694,857,0.20,108,3,0.0,1
90791,858,0.35,97,4,0.0,1
90912,859,0.40,121,4,0.0,1
91010,860,0.35,98,4,0.0,1
91095,861,-0.21,85,1,0.0,1
91198,862,0.17,103,3,0.0,1
91321,863,0.60,123,5,0.0,1
91440,864,0.36,119,4,0.0,1
91546,865,0.58,106,5,0.0,1
91679,866,0.60,133,5,0.0,1
91803,867,0.80,124,6,0.0,1
91910,868,-0.05,107,2,0.0,1
92014,869,0.19,104,3,0.0,1
92142,870,0.57,128,5,0.0,1
92245,871,0.20,103,3,0.0,1
92350,872,0.20,105,3,0.0,1
92465,873,0.39,115,4,0.0,1
92552,874,0.18,87,3,0.0,1
92659,875,0.55,107,5,0.0,1
92754,876,-0.33,95,1,0.0,1
92869,877,0.78,115,6,0.0,1
92981,878,0.38,112,4,0.0,1
93095,879,0.58,114,5,0.0,1
93197,880,0.36,102,4,0.0,1
93332,881,0.96,135,7,0.0,1
93428,882,0.18,96,3,0.0,1
93540,883,0.59,112,5,0.0,1
93649,884,0.16,109,3,0.0,1
93784,885,0.78,135,6,0.0,1
93913,886,0.96,129,7,0.0,1
94035,887,0.39,122,4,0.0,1
94165,888,0.69,130,6,0.0,1
94264,889,0.36,99,4,0.0,1
94370,890,0.39,106,4,0.0,1
94484,891,0.60,114,5,0.0,1
94591,892,0.15,107,3,0.0,1
94711,893,0.36,120,4,0.0,1
94834,894,0.60,123,5,0.0,1
94933,895,0.35,99,4,0.0,1
95028,896,-0.03,95,2,0.0,1
95163,897,0.96,135,7,0.0,1
95259,898,0.18,96,3,0.0,1
95358,899,-0.02,99,2,0.0,1
95454,900,0.19,96,3,0.0,1
95575,901,0.57,121,5,0.0,1
95697,902,0.55,122,5,0.0,1
95810,903,0.55,113,5,0.0,1
95966,904,0.56,156,5,0.0,1
96072,905,0.35,106,4,0.0,1
96157,906,-0.07,85,2,0.0,1
96295,907,0.59,138,5,0.0,1
96392,908,0.35,97,4,0.0,1
96473,909,-0.04,81,2,0.0,1
96578,910,-0.00,105,2,0.0,1
96731,911,0.78,153,6,0.0,1
96842,912,0.36,111,4,0.0,1
96962,913,0.58,120,5,0.0,1
97063,914,0.17,101,3,0.0,1
97173,915,0.51,110,5,0.0,1
97326,916,0.38,153,4,0.0,1
97396,917,-0.04,70,2,0.0,1
97502,918,0.37,106,4,0.0,1
97613,919,0.55,111,5,0.0,1
97715,920,0.40,102,4,0.0,1
97896,921,1.00,181,7,0.0,1
97996,922,0.11,100,3,0.0,1
98121,923,0.60,125,5,0.0,1
98234,924,0.35,113,4,0.0,1
98342,925,0.40,108,4,0.0,1
98466,926,0.60,124,5,0.0,1
98583,927,0.96,117,7,0.0,1
98708,928,0.59,125,5,0.0,1
98813,929,0.31,105,4,0.0,1
98923,930,0.38,110,4,0.0,1
99016,931,0.16,93,3,0.0,1
99138,932,0.16,122,3,0.0,1
99250,933,0.59,112,5,0.0,1
99347,934,0.20,97,3,0.0,1
99454,935,0.20,107,3,0.0,1
99566,936,0.60,112,5,0.0,1
99666,937,-0.02,100,2,0.0,1
99773,938,0.18,107,3,0.0,1
99863,939,0.39,90,4,0.0,1
99991,940,0.77,128,6,0.0,1
100066,941,0.00,75,2,0.0,1
100198,942,0.78,132,6,0.0,1
100342,943,0.75,144,6,0.0,1
100412,944,-0.04,70,2,0.0,1
100599,945,0.96,187,7,0.0,1
100706,946,0.18,107,3,0.0,1
100810,947,0.20,104,3,0.0,1
100909,948,0.18,99,3,0.0,1
101034,949,0.20,125,3,0.0,1
101150,950,0.57,116,5,0.0,1
101271,951,0.79,121,6,0.0,1
101379,952,0.17,108,3,0.0,1
101536,953,0.55,157,5,0.0,1
101657,954,0.55,121,5,0.0,1
101809,955,1.00,152,7,0.0,1
101986,956,0.96,177,7,0.0,1
102102,957,0.60,116,5,0.0,1
102169,958,-0.25,67,1,0.0,1
102281,959,0.79,112,6,0.0,1
102359,960,-0.24,78,1,0.0,1
102455,961,0.18,96,3,0.0,1
102560,962,0.40,105,4,0.0,1
102664,963,-0.00,104,2,0.0,1
102764,964,0.18,100,3,0.0,1
102941,965,1.00,177,7,0.0,1
103032,966,0.38,91,4,0.0,1
103210,967,0.93,178,7,0.0,1
103276,968,-0.44,66,0,0.0,1
103390,969,0.56,114,5,0.0,1
103502,970,0.37,112,4,0.0,1
103573,971,-0.21,71,1,0.0,1
103692,972,0.80,119,6,0.0,1
103812,973,0.58,120,5,0.0,1
103917,974,-0.04,105,2,0.0,1
104022,975,0.17,105,3,0.0,1
104125,976,0.76,103,6,0.0,1
104265,977,0.78,140,6,0.0,1
104378,978,0.20,113,3,0.0,1
104485,979,0.36,107,4,0.0,1
104579,980,0.38,94,4,0.0,1
104688,981,0.40,109,4,0.0,1
104796,982,0.38,108,4,0.0,1
104952,983,1.18,156,8,0.0,1
105078,984,0.31,126,4,0.0,1
105189,985,0.35,111,4,0.0,1
105299,986,-0.01,110,2,0.0,1
105407,987,0.18,108,3,0.0,1
105515,988,0.38,108,4,0.0,1
105633,989,0.37,118,4,0.0,1
105730,990,0.19,97,3,0.0,1
105816,991,0.36,86,4,0.0,1
105942,992,0.57,126,5,0.0,1
106065,993,0.40,123,4,0.0,1
106174,994,0.15,109,3,0.0,1
106315,995,0.80,141,6,0.0,1
106440,996,0.60,125,5,0.0,1
106543,997,0.55,103,5,0.0,1
106647,998,0.18,104,3,0.0,1
106795,999,1.20,148,8,0.0,1
106885,1000,-0.04,90,2,0.0,1
106987,1001,0.20,102,3,0.0,1
107074,1002,0.18,87,3,0.0,1
107206,1003,0.57,132,5,0.0,1
107326,1004,0.15,120,3,0.0,1
107471,1005,0.75,145,6,0.0,1
107573,1006,0.39,102,4,0.0,1
107697,1007,1.00,124,7,0.0,1
107799,1008,0.20,102,3,0.0,1
107905,1009,0.39,106,4,0.0,1
108035,1010,0.60,130,5,0.0,1
108142,1011,0.20,107,3,0.0,1
108252,1012,0.59,110,5,0.0,1
108360,1013,0.35,108,4,0.0,1
108476,1014,0.20,116,3,0.0,1
108594,1015,0.75,118,6,0.0,1
108703,1016,0.39,109,4,0.0,1
108812,1017,0.80,109,6,0.0,1
108914,1018,0.20,102,3,0.0,1
109019,1019,0.40,105,4,0.0,1
109116,1020,-0.02,97,2,0.0,1
109225,1021,0.14,109,3,0.0,1
109344,1022,0.59,119,5,0.0,1
109435,1023,-0.29,91,1,0.0,1
109514,1024,-0.04,79,2,0.0,1
109614,1025,0.35,100,4,0.0,1
109696,1026,-0.24,82,1,0.0,1
109805,1027,0.36,109,4,0.0,1
109903,1028,0.57,98,5,0.0,1
110028,1029,0.79,125,6,0.0,1
110161,1030,0.78,133,6,0.0,1
110266,1031,0.19,105,3,0.0,1
110366,1032,0.18,100,3,0.0,1
110458,1033,0.19,92,3,0.0,1
110569,1034,0.39,111,4,0.0,1
110671,1035,0.20,102,3,0.0,1
110774,1036,0.40,103,4,0.0,1
110901,1037,0.60,127,5,0.0,1
110971,1038,-0.04,70,2,0.0,1
111039,1039,-0.12,68,2,0.0,1
111133,1040,-0.04,94,2,0.0,1
111227,1041,0.19,94,3,0.0,1
111331,1042,0.17,104,3,0.0,1
111427,1043,0.38,96,4,0.0,1
111563,1044,0.95,136,7,0.0,1
111670,1045,0.58,107,5,0.0,1
111767,1046,-0.01,97,2,0.0,1
111871,1047,-0.03,104,2,0.0,1
111974,1048,0.20,103,3,0.0,1
112092,1049,0.55,118,5,0.0,1
112193,1050,0.20,101,3,0.0,1
112302,1051,0.35,109,4,0.0,1
112427,1052,0.60,125,5,0.0,1
112529,1053,0.56,102,5,0.0,1
112645,1054,0.56,116,5,0.0,1
112778,1055,0.35,133,4,0.0,1
112872,1056,0.17,94,3,0.0,1
112985,1057,0.56,113,5,0.0,1
113095,1058,0.40,110,4,0.0,1
113225,1059,0.78,130,6,0.0,1
113380,1060,0.78,155,6,0.0,1
113464,1061,0.18,84,3,0.0,1
113587,1062,0.40,123,4,0.0,1
113694,1063,0.17,107,3,0.0,1
113811,1064,0.60,117,5,0.0,1
113867,1065,-0.48,56,0,0.0,1
113974,1066,0.37,107,4,0.0,1
114086,1067,0.58,112,5,0.0,1
114189,1068,0.20,103,3,0.0,1
114316,1069,0.75,127,6,0.0,1
114431,1070,0.19,115,3,0.0,1
114530,1071,0.18,99,3,0.0,1
114654,1072,0.40,124,4,0.0,1
114736,1073,-0.04,82,2,0.0,1
114853,1074,0.60,117,5,0.0,1
114968,1075,0.39,115,4,0.0,1
115092,1076,0.40,124,4,0.0,1
115200,1077,-0.05,108,2,0.0,1
115362,1078,1.20,162,8,0.0,1
115450,1079,0.18,88,3,0.0,1
115528,1080,0.19,78,3,0.0,1
115615,1081,-0.04,87,2,0.0,1
115739,1082,0.78,124,6,0.0,1
115844,1083,0.18,105,3,0.0,1
115952,1084,0.18,108,3,0.0,1
116053,1085,0.38,101,4,0.0,1
116206,1086,0.80,153,6,0.0,1
116317,1087,0.15,111,3,0.0,1
116399,1088,-0.24,82,1,0.0,1
116517,1089,0.39,118,4,0.0,1
116647,1090,0.96,130,7,0.0,1
116754,1091,0.58,107,5,0.0,1
116868,1092,0.56,114,5,0.0,1
116976,1093,0.17,108,3,0.0,1
117087,1094,0.34,111,4,0.0,1
117173,1095,-0.29,86,1,0.0,1
117276,1096,0.11,103,3,0.0,1
117401,1097,0.60,125,5,0.0,1
117522,1098,0.60,121,5,0.0,1
117624,1099,0.40,102,4,0.0,1
117725,1100,0.37,101,4,0.0,1
117884,1101,1.16,159,8,0.0,1
117989,1102,0.37,105,4,0.0,1
118120,1103,0.35,131,4,0.0,1
118252,1104,0.60,132,5,0.0,1
118353,1105,0.19,101,3,0.0,1
118463,1106,0.19,110,3,0.0,1
118571,1107,0.20,108,3,0.0,1
118695,1108,0.39,124,4,0.0,1
118810,1109,0.36,115,4,0.0,1
118924,1110,0.60,114,5,0.0,1
119017,1111,-0.02,93,2,0.0,1
119072,1112,-0.00,55,2,0.0,1
119210,1113,1.00,138,7,0.0,1
119330,1114,0.95,120,7,0.0,1
119418,1115,0.20,88,3,0.0,1
119522,1116,0.39,104,4,0.0,1
119630,1117,0.20,108,3,0.0,1
119736,1118,0.60,106,5,0.0,1
119879,1119,1.00,143,7,0.0,1
120012,1120,0.57,133,5,0.0,1
120182,1121,1.19,170,8,0.0,1
120270,1122,0.18,88,3,0.0,1
120374,1123,0.56,104,5,0.0,1
120480,1124,0.40,106,4,0.0,1
120569,1125,-0.01,89,2,0.0,1
120672,1126,0.18,103,3,0.0,1
120846,1127,0.95,174,7,0.0,1
120951,1128,0.20,105,3,0.0,1
121050,1129,0.35,99,4,0.0,1
121158,1130,0.40,108,4,0.0,1
121238,1131,-0.01,80,2,0.0,1
121323,1132,0.38,85,4,0.0,1
121441,1133,0.75,118,6,0.0,1
121548,1134,0.55,107,5,0.0,1
121621,1135,-0.01,73,2,0.0,1
121752,1136,0.60,131,5,0.0,1
121898,1137,0.97,146,7,0.0,1
121990,1138,0.36,92,4,0.0,1
122108,1139,0.38,118,4,0.0,1
122223,1140,0.72,115,6,0.0,1
122314,1141,0.18,91,3,0.0,1
122407,1142,0.38,93,4,0.0,1
122555,1143,0.80,148,6,0.0,1
122664,1144,0.60,109,5,0.0,1
122762,1145,0.18,98,3,0.0,1
122869,1146,0.19,107,3,0.0,1
122975,1147,0.16,106,3,0.0,1
123077,1148,-0.01,102,2,0.0,1
123186,1149,0.40,109,4,0.0,1
123265,1150,-0.04,79,2,0.0,1
123369,1151,0.20,104,3,0.0,1
123492,1152,0.80,123,6,0.0,1
123548,1153,-0.24,56,1,0.0,1
123655,1154,0.40,107,4,0.0,1
123748,1155,-0.02,93,2,0.0,1
123859,1156,0.17,111,3,0.0,1
123941,1157,-0.24,82,1,0.0,1
124110,1158,1.20,169,8,0.0,1
124210,1159,0.18,100,3,0.0,1
124316,1160,0.35,106,4,0.0,1
124414,1161,0.40,98,4,0.0,1
124537,1162,0.75,123,6,0.0,1
124649,1163,0.18,112,3,0.0,1
124752,1164,0.00,103,2,0.0,1
124853,1165,0.00,101,2,0.0,1
124983,1166,0.51,130,5,0.0,1
125087,1167,0.35,104,4,0.0,1
125206,1168,0.40,119,4,0.0,1
125313,1169,0.20,107,3,0.0,1
125419,1170,0.15,106,3,0.0,1
125552,1171,0.75,133,6,0.0,1
125640,1172,0.18,88,3,0.0,1
125827,1173,0.95,187,7,0.0,1
125920,1174,0.18,93,3,0.0,1
126028,1175,0.19,108,3,0.0,1
126163,1176,0.79,135,6,0.0,1
126266,1177,0.55,103,5,0.0,1
126393,1178,0.77,127,6,0.0,1
126537,1179,0.53,144,5,0.0,1
126645,1180,0.20,108,3,0.0,1
126752,1181,0.18,107,3,0.0,1
126869,1182,0.56,117,5,0.0,1
126940,1183,-0.24,71,1,0.0,1
127035,1184,0.19,95,3,0.0,1
127120,1185,-0.03,85,2,0.0,1
127208,1186,0.18,88,3,0.0,1
127330,1187,0.40,122,4,0.0,1
127434,1188,-0.05,104,2,0.0,1
127534,1189,0.18,100,3,0.0,1
127622,1190,0.18,88,3,0.0,1
127741,1191,0.55,119,5,0.0,1
127846,1192,0.36,105,4,0.0,1
127982,1193,1.20,136,8,0.0,1
128189,1194,1.19,207,8,0.0,1
128333,1195,1.18,144,8,0.0,1
128462,1196,0.80,129,6,0.0,1
128602,1197,1.00,140,7,0.0,1
128757,1198,0.91,155,7,0.0,1
128925,1199,1.36,168,9,0.0,1
129029,1200,-0.05,104,2,0.0,1
129153,1201,0.37,124,4,0.0,1
129282,1202,0.77,129,6,0.0,1
129395,1203,0.37,113,4,0.0,1
129496,1204,0.35,101,4,0.0,1
129614,1205,0.55,118,5,0.0,1
129720,1206,0.39,106,4,0.0,1
129841,1207,0.79,121,6,0.0,1
129948,1208,0.20,107,3,0.0,1
130107,1209,0.76,159,6,0.0,1
130241,1210,0.77,134,6,0.0,1
130331,1211,0.60,90,5,0.0,1
130432,1212,0.35,101,4,0.0,1
130502,1213,0.20,70,3,0.0,1
130670,1214,1.15,168,8,0.0,1
130770,1215,0.35,100,4,0.0,1
130881,1216,0.40,111,4,0.0,1
130980,1217,0.60,99,5,0.0,1
131093,1218,0.40,113,4,0.0,1
131244,1219,0.71,151,6,0.0,1
131324,1220,-0.03,80,2,0.0,1
131437,1221,0.40,113,4,0.0,1
131583,1222,0.80,146,6,0.0,1
131664,1223,-0.05,81,2,0.0,1
131755,1224,0.39,91,4,0.0,1
131858,1225,0.59,103,5,0.0,1
131954,1226,0.38,96,4,0.0,1
132059,1227,0.40,105,4,0.0,1
132155,1228,0.19,96,3,0.0,1
132265,1229,0.60,110,5,0.0,1
132414,1230,0.96,149,7,0.0,1
132543,1231,0.35,129,4,0.0,1
132650,1232,0.38,107,4,0.0,1
132755,1233,0.40,105,4,0.0,1
132860,1234,-0.03,105,2,0.0,1
132987,1235,0.71,127,6,0.0,1
133147,1236,0.79,160,6,0.0,1
133217,1237,-0.03,70,2,0.0,1
133313,1238,-0.11,96,2,0.0,1
133418,1239,0.20,105,3,0.0,1
133528,1240,0.60,110,5,0.0,1
133629,1241,0.15,101,3,0.0,1
133730,1242,0.17,101,3,0.0,1
133887,1243,1.17,157,8,0.0,1
134038,1244,0.60,151,5,0.0,1
134162,1245,0.40,124,4,0.0,1
134260,1246,0.15,98,3,0.0,1
134369,1247,0.33,109,4,0.0,1
134492,1248,0.78,123,6,0.0,1
134606,1249,0.40,114,4,0.0,1
134708,1250,0.40,102,4,0.0,1
134880,1251,1.15,172,8,0.0,1
134993,1252,0.18,113,3,0.0,1
135102,1253,0.33,109,4,0.0,1
135207,1254,0.16,105,3,0.0,1
135299,1255,0.18,92,3,0.0,1
135391,1256,0.40,92,4,0.0,1
135498,1257,0.36,107,4,0.0,1
135621,1258,0.59,123,5,0.0,1
135757,1259,0.58,136,5,0.0,1
135872,1260,0.40,115,4,0.0,1
135988,1261,0.59,116,5,0.0,1
136121,1262,0.55,133,5,0.0,1
136283,1263,1.18,162,8,0.0,1
136389,1264,0.57,106,5,0.0,1
136455,1265,-0.44,66,0,0.0,1
136580,1266,0.58,125,5,0.0,1
136752,1267,1.40,172,9,0.0,1
136865,1268,0.57,113,5,0.0,1
136965,1269,0.35,100,4,0.0,1
137065,1270,-0.01,100,2,0.0,1
137179,1271,0.60,114,5,0.0,1
137306,1272,0.79,127,6,0.0,1
137394,1273,0.38,88,4,0.0,1
137487,1274,0.18,93,3,0.0,1
137590,1275,0.15,103,3,0.0,1
137692,1276,0.33,102,4,0.0,1
137803,1277,0.40,111,4,0.0,1
137923,1278,0.36,120,4,0.0,1
138014,1279,0.39,91,4,0.0,1
138143,1280,0.80,129,6,0.0,1
138287,1281,1.15,144,8,0.0,1
138391,1282,0.20,104,3,0.0,1
138507,1283,0.35,116,4,0.0,1
138640,1284,0.75,133,6,0.0,1
138737,1285,0.37,97,4,0.0,1
138878,1286,0.60,141,5,0.0,1
138978,1287,0.40,100,4,0.0,1
139108,1288,0.96,130,7,0.0,1
139203,1289,0.17,95,3,0.0,1
139332,1290,0.35,129,4,0.0,1
139473,1291,0.75,141,6,0.0,1
139590,1292,0.80,117,6,0.0,1
139724,1293,0.98,134,7,0.0,1
139836,1294,0.58,112,5,0.0,1
140004,1295,1.15,168,8,0.0,1
140155,1296,0.71,151,6,0.0,1
140276,1297,0.60,121,5,0.0,1
140389,1298,0.20,113,3,0.0,1
140539,1299,0.93,150,7,0.0,1
140686,1300,1.15,147,8,0.0,1
140800,1301,0.40,114,4,0.0,1
140925,1302,0.56,125,5,0.0,1
141022,1303,0.39,97,4,0.0,1
141122,1304,0.16,100,3,0.0,1
141216,1305,0.16,94,3,0.0,1
141323,1306,0.40,107,4,0.0,1
141410,1307,0.38,87,4,0.0,1
141556,1308,1.17,146,8,0.0,1
141658,1309,0.00,102,2,0.0,1
141760,1310,0.40,102,4,0.0,1
141898,1311,0.99,138,7,0.0,1
142002,1312,0.75,104,6,0.0,1
142149,1313,1.00,147,7,0.0,1
142255,1314,0.35,106,4,0.0,1
142428,1315,0.99,173,7,0.0,1
142509,1316,-0.20,81,1,0.0,1
142636,1317,0.75,127,6,0.0,1
142756,1318,0.79,120,6,0.0,1
142873,1319,0.77,117,6,0.0,1
142995,1320,0.56,122,5,0.0,1
143156,1321,0.97,161,7,0.0,1
143263,1322,-0.06,107,2,0.0,1
143382,1323,0.60,119,5,0.0,1
143489,1324,0.35,107,4,0.0,1
143595,1325,0.20,106,3,0.0,1
143697,1326,0.17,102,3,0.0,1
143816,1327,0.79,119,6,0.0,1
143934,1328,0.78,118,6,0.0,1
144047,1329,0.57,113,5,0.0,1
144162,1330,0.58,115,5,0.0,1
144290,1331,0.57,128,5,0.0,1
144405,1332,0.40,115,4,0.0,1
144506,1333,0.31,101,4,0.0,1
144677,1334,1.15,171,8,0.0,1
144807,1335,0.75,130,6,0.0,1
144898,1336,-0.02,91,2,0.0,1
145023,1337,0.80,125,6,0.0,1
145135,1338,0.35,112,4,0.0,1
145218,1339,0.16,83,3,0.0,1
145354,1340,0.60,136,5,0.0,1
145455,1341,0.15,101,3,0.0,1
145576,1342,0.99,121,7,0.0,1
145685,1343,0.76,109,6,0.0,1
145824,1344,0.58,139,5,0.0,1
145934,1345,0.58,110,5,0.0,1
146022,1346,0.18,88,3,0.0,1
146177,1347,0.89,155,7,0.0,1
146278,1348,0.35,101,4,0.0,1
146371,1349,0.38,93,4,0.0,1
146490,1350,0.59,119,5,0.0,1
146560,1351,-0.00,70,2,0.0,1
146693,1352,0.71,133,6,0.0,1
146794,1353,0.38,101,4,0.0,1
146896,1354,0.35,102,4,0.0,1
147013,1355,0.78,117,6,0.0,1
147095,1356,0.38,82,4,0.0,1
147212,1357,0.38,117,4,0.0,1
147345,1358,0.56,133,5,0.0,1
147439,1359,0.39,94,4,0.0,1
147538,1360,0.60,99,5,0.0,1
147686,1361,0.96,148,7,0.0,1
147833,1362,1.00,147,7,0.0,1
147928,1363,0.18,95,3,0.0,1
148029,1364,0.55,101,5,0.0,1
148117,1365,0.18,88,3,0.0,1
148225,1366,0.15,108,3,0.0,1
148314,1367,0.19,89,3,0.0,1
148412,1368,0.37,98,4,0.0,1
148537,1369,0.55,125,5,0.0,1
148636,1370,0.35,99,4,0.0,1
148735,1371,-0.05,99,2,0.0,1
148842,1372,0.35,107,4,0.0,1
148954,1373,0.37,112,4,0.0,1
149050,1374,0.35,96,4,0.0,1
149182,1375,0.98,132,7,0.0,1
149241,1376,-0.24,59,1,0.0,1
149402,1377,1.16,161,8,0.0,1
149505,1378,0.39,103,4,0.0,1
149623,1379,0.80,118,6,0.0,1
149745,1380,0.75,122,6,0.0,1
149870,1381,0.79,125,6,0.0,1
150029,1382,0.99,159,7,0.0,1
150138,1383,0.39,109,4,0.0,1
150309,1384,1.13,171,8,0.0,1
150418,1385,0.76,109,6,0.0,1
150513,1386,0.38,95,4,0.0,1
150696,1387,1.11,183,8,0.0,1
150834,1388,0.97,138,7,0.0,1
150946,1389,0.38,112,4,0.0,1
151103,1390,0.69,157,6,0.0,1
151208,1391,0.39,105,4,0.0,1
151310,1392,0.15,102,3,0.0,1
151474,1393,1.35,164,9,0.0,1
151581,1394,0.18,107,3,0.0,1
151672,1395,0.18,91,3,0.0,1
151813,1396,0.99,141,7,0.0,1
151977,1397,1.07,164,8,0.0,1
152084,1398,0.55,107,5,0.0,1
152197,1399,0.57,113,5,0.0,1
152304,1400,0.58,107,5,0.0,1
152398,1401,0.13,94,3,0.0,1
152572,1402,1.35,174,9,0.0,1
152685,1403,0.55,113,5,0.0,1
152812,1404,0.77,127,6,0.0,1
152919,1405,0.55,107,5,0.0,1
153059,1406,0.98,140,7,0.0,1
153172,1407,0.75,113,6,0.0,1
153328,1408,0.95,156,7,0.0,1
153487,1409,1.16,159,8,0.0,1
153614,1410,0.99,127,7,0.0,1
153792,1411,1.11,178,8,0.0,1
153959,1412,0.93,167,7,0.0,1
154069,1413,0.35,110,4,0.0,1
154217,1414,0.95,148,7,0.0,1
154332,1415,0.40,115,4,0.0,1
154431,1416,0.35,99,4,0.0,1
154510,1417,0.56,79,5,0.0,1
154674,1418,1.19,164,8,0.0,1
154802,1419,0.79,128,6,0.0,1
154974,1420,1.14,172,8,0.0,1
155115,1421,0.99,141,7,0.0,1
155222,1422,0.35,107,4,0.0,1
155329,1423,0.39,107,4,0.0,1
155442,1424,0.40,113,4,0.0,1
155544,1425,0.38,102,4,0.0,1
155703,1426,0.79,159,6,0.0,1
155821,1427,0.80,118,6,0.0,1
155947,1428,0.58,126,5,0.0,1
156045,1429,0.35,98,4,0.0,1
156150,1430,0.55,105,5,0.0,1
156301,1431,0.80,151,6,0.0,1
156414,1432,0.76,113,6,0.0,1
156523,1433,0.35,109,4,0.0,1
156642,1434,0.58,119,5,0.0,1
156775,1435,0.79,133,6,0.0,1
156919,1436,0.77,144,6,0.0,1
157035,1437,0.55,116,5,0.0,1
157123,1438,0.18,88,3,0.0,1
157259,1439,0.80,136,6,0.0,1
157387,1440,0.80,128,6,0.0,1
157491,1441,0.37,104,4,0.0,1
157597,1442,0.39,106,4,0.0,1
157757,1443,0.98,160,7,0.0,1
157864,1444,0.59,107,5,0.0,1
157977,1445,0.60,113,5,0.0,1
158131,1446,0.95,154,7,0.0,1
158248,1447,0.56,117,5,0.0,1
158374,1448,0.79,126,6,0.0,1
158461,1449,-0.02,87,2,0.0,1
158574,1450,0.75,113,6,0.0,1
158669,1451,0.38,95,4,0.0,1
158771,1452,0.19,102,3,0.0,1
158929,1453,1.20,158,8,0.0,1
159045,1454,0.39,116,4,0.0,1
159139,1455,0.16,94,3,0.0,1
159277,1456,0.79,138,6,0.0,1
159384,1457,0.00,107,2,0.0,1
159485,1458,0.40,101,4,0.0,1
159592,1459,0.58,107,5,0.0,1
159729,1460,0.76,137,6,0.0,1
159888,1461,1.18,159,8,0.0,1
160001,1462,0.59,113,5,0.0,1
160108,1463,0.38,107,4,0.0,1
160210,1464,0.20,102,3,0.0,1
160297,1465,0.38,87,4,0.0,1
160396,1466,0.20,99,3,0.0,1
160535,1467,0.80,139,6,0.0,1
160646,1468,0.58,111,5,0.0,1
160749,1469,0.58,103,5,0.0,1
160849,1470,0.15,100,3,0.0,1
160953,1471,0.55,104,5,0.0,1
161113,1472,1.15,160,8,0.0,1
161216,1473,0.55,103,5,0.0,1
161312,1474,0.17,96,3,0.0,1
161412,1475,0.17,100,3,0.0,1
161509,1476,-0.01,97,2,0.0,1
161650,1477,0.96,141,7,0.0,1
161777,1478,0.51,127,5,0.0,1
161877,1479,0.19,100,3,0.0,1
161969,1480,-0.02,92,2,0.0,1
162076,1481,0.35,107,4,0.0,1
162182,1482,-0.05,106,2,0.0,1
162305,1483,0.75,123,6,0.0,1
162417,1484,0.55,112,5,0.0,1
162522,1485,0.20,105,3,0.0,1
162631,1486,0.35,109,4,0.0,1
162727,1487,-0.03,96,2,0.0,1
162854,1488,0.56,127,5,0.0,1
162965,1489,0.59,111,5,0.0,1
163079,1490,0.53,114,5,0.0,1
163192,1491,0.80,113,6,0.0,1
163310,1492,0.95,118,7,0.0,1
163411,1493,0.58,101,5,0.0,1
163517,1494,0.52,106,5,0.0,1
163649,1495,0.95,132,7,0.0,1
163757,1496,0.40,108,4,0.0,1
163884,1497,0.40,127,4,0.0,1
163994,1498,0.55,110,5,0.0,1
164084,1499,0.19,90,3,0.0,1
164188,1500,-0.00,104,2,0.0,1
164334,1501,0.71,146,6,0.0,1
164443,1502,0.40,109,4,0.0,1
164524,1503,-0.07,81,2,0.0,1
164648,1504,0.39,124,4,0.0,1
164768,1505,0.37,120,4,0.0,1
164874,1506,0.60,106,5,0.0,1
164950,1507,-0.01,76,2,0.0,1
165084,1508,0.80,134,6,0.0,1
165210,1509,0.78,126,6,0.0,1
165270,1510,-0.03,60,2,0.0,1
165391,1511,0.80,121,6,0.0,1
165510,1512,0.40,119,4,0.0,1
165617,1513,-0.04,107,2,0.0,1
165719,1514,0.20,102,3,0.0,1
165837,1515,0.97,118,7,0.0,1
165930,1516,0.38,93,4,0.0,1
166100,1517,1.39,170,9,0.0,1
166246,1518,0.96,146,7,0.0,1
166340,1519,0.16,94,3,0.0,1
166437,1520,0.56,97,5,0.0,1
166538,1521,0.58,101,5,0.0,1
166627,1522,0.19,89,3,0.0,1
166715,1523,0.18,88,3,0.0,1
166814,1524,0.35,99,4,0.0,1
166931,1525,0.55,117,5,0.0,1
167077,1526,0.95,146,7,0.0,1
167159,1527,0.19,82,3,0.0,1
167301,1528,1.15,142,8,0.0,1
167404,1529,0.20,103,3,0.0,1
167540,1530,0.74,136,6,0.0,1
167731,1531,0.90,191,7,0.0,1
167831,1532,0.15,100,3,0.0,1
167971,1533,0.55,140,5,0.0,1
168154,1534,0.97,183,7,0.0,1
168252,1535,0.35,98,4,0.0,1
168352,1536,0.15,100,3,0.0,1
168491,1537,0.97,139,7,0.0,1
168588,1538,0.19,97,3,0.0,1
168703,1539,0.58,115,5,0.0,1
168818,1540,0.58,115,5,0.0,1
168966,1541,0.95,148,7,0.0,1
169034,1542,-0.04,68,2,0.0,1
169137,1543,0.78,103,6,0.0,1
169243,1544,0.37,106,4,0.0,1
169329,1545,0.18,86,3,0.0,1
169473,1546,0.71,144,6,0.0,1
169579,1547,0.59,106,5,0.0,1
169678,1548,0.36,99,4,0.0,1
169783,1549,0.15,105,3,0.0,1
169853,1550,-0.04,70,2,0.0,1
169982,1551,0.37,129,4,0.0,1
170084,1552,0.35,102,4,0.0,1
170196,1553,0.58,112,5,0.0,1
170307,1554,0.55,111,5,0.0,1
170413,1555,0.79,106,6,0.0,1
170505,1556,0.19,92,3,0.0,1
170579,1557,-0.03,74,2,0.0,1
170682,1558,0.37,103,4,0.0,1
170778,1559,0.18,96,3,0.0,1
170882,1560,0.37,104,4,0.0,1
171038,1561,1.16,156,8,0.0,1
171154,1562,0.57,116,5,0.0,1
171295,1563,0.97,141,7,0.0,1
171397,1564,0.15,102,3,0.0,1
171543,1565,1.00,146,7,0.0,1
171670,1566,0.78,127,6,0.0,1
171796,1567,0.80,126,6,0.0,1
171884,1568,0.18,88,3,0.0,1
171998,1569,0.55,114,5,0.0,1
172153,1570,0.99,155,7,0.0,1
172288,1571,0.75,135,6,0.0,1
172402,1572,0.57,114,5,0.0,1
172553,1573,0.99,151,7,0.0,1
172661,1574,0.57,108,5,0.0,1
172811,1575,0.96,150,7,0.0,1
172918,1576,-0.05,107,2,0.0,1
173063,1577,0.98,145,7,0.0,1
173191,1578,0.79,128,6,0.0,1
173330,1579,0.75,139,6,0.0,1
173439,1580,0.59,109,5,0.0,1
173581,1581,0.97,142,7,0.0,1
173649,1582,0.19,68,3,0.0,1
173743,1583,0.17,94,3,0.0,1
173869,1584,0.99,126,7,0.0,1
173998,1585,0.60,129,5,0.0,1
174131,1586,0.95,133,7,0.0,1
174261,1587,0.99,130,7,0.0,1
174373,1588,0.57,112,5,0.0,1
174534,1589,1.20,161,8,0.0,1
174678,1590,0.99,144,7,0.0,1
174781,1591,0.40,103,4,0.0,1
174916,1592,0.76,135,6,0.0,1
175000,1593,0.38,84,4,0.0,1
175112,1594,0.57,112,5,0.0,1
175247,1595,0.80,135,6,0.0,1
175353,1596,0.59,106,5,0.0,1
175449,1597,0.38,96,4,0.0,1
175550,1598,0.74,101,6,0.0,1
175641,1599,0.38,91,4,0.0,1
175752,1600,0.39,111,4,0.0,1
175896,1601,0.79,144,6,0.0,1
176003,1602,0.60,107,5,0.0,1
176101,1603,0.19,98,3,0.0,1
176222,1604,1.00,121,7,0.0,1
176324,1605,0.60,102,5,0.0,1
176399,1606,-0.01,75,2,0.0,1
176495,1607,0.18,96,3,0.0,1
176631,1608,0.94,136,7,0.0,1
176739,1609,0.37,108,4,0.0,1
176879,1610,0.75,140,6,0.0,1
177012,1611,0.98,133,7,0.0,1
177173,1612,0.95,161,7,0.0,1
177272,1613,0.20,99,3,0.0,1
177424,1614,1.19,152,8,0.0,1
177506,1615,0.08,82,3,0.0,1
177642,1616,0.78,136,6,0.0,1
177757,1617,0.80,115,6,0.0,1
177867,1618,0.40,110,4,0.0,1
178008,1619,0.80,141,6,0.0,1
178109,1620,0.58,101,5,0.0,1
178241,1621,1.15,132,8,0.0,1
178329,1622,0.18,88,3,0.0,1
178435,1623,0.80,106,6,0.0,1
178520,1624,-0.01,85,2,0.0,1
178637,1625,0.18,117,3,0.0,1
178758,1626,0.97,121,7,0.0,1
178882,1627,0.79,124,6,0.0,1
179010,1628,0.37,128,4,0.0,1
179158,1629,0.99,148,7,0.0,1
179269,1630,0.15,111,3,0.0,1
179376,1631,0.56,107,5,0.0,1
179525,1632,0.97,149,7,0.0,1
179654,1633,0.95,129,7,0.0,1
179749,1634,0.38,95,4,0.0,1
179868,1635,0.78,119,6,0.0,1
180056,1636,1.16,188,8,0.0,1
180199,1637,0.95,143,7,0.0,1
180322,1638,0.75,123,6,0.0,1
180424,1639,0.55,102,5,0.0,1
180559,1640,0.75,135,6,0.0,1
180647,1641,-0.05,88,2,0.0,1
180752,1642,0.16,105,3,0.0,1
180854,1643,0.60,102,5,0.0,1
181037,1644,1.15,183,8,0.0,1
181126,1645,-0.12,89,2,0.0,1
181283,1646,0.91,157,7,0.0,1
181405,1647,0.59,122,5,0.0,1
181518,1648,0.56,113,5,0.0,1
181647,1649,0.60,129,5,0.0,1
181744,1650,0.35,97,4,0.0,1
181850,1651,0.38,106,4,0.0,1
181948,1652,0.18,98,3,0.0,1
182016,1653,-0.04,68,2,0.0,1
182114,1654,0.35,98,4,0.0,1
182219,1655,0.35,105,4,0.0,1
182339,1656,0.36,120,4,0.0,1
182438,1657,0.35,99,4,0.0,1
182565,1658,0.78,127,6,0.0,1
182700,1659,0.58,135,5,0.0,1
182865,1660,0.95,165,7,0.0,1
183019,1661,0.91,154,7,0.0,1
183137,1662,0.20,118,3,0.0,1
183246,1663,0.20,109,3,0.0,1
183330,1664,0.38,84,4,0.0,1
183480,1665,0.91,150,7,0.0,1
183655,1666,1.16,175,8,0.0,1
183752,1667,0.19,97,3,0.0,1
183916,1668,0.97,164,7,0.0,1
184033,1669,0.59,117,5,0.0,1
184144,1670,0.35,111,4,0.0,1
184264,1671,0.55,120,5,0.0,1
184391,1672,0.99,127,7,0.0,1
184529,1673,0.75,138,6,0.0,1
184621,1674,0.58,92,5,0.0,1
184748,1675,0.80,127,6,0.0,1
184854,1676,0.19,106,3,0.0,1
184952,1677,0.15,98,3,0.0,1
185064,1678,0.75,112,6,0.0,1
185165,1679,0.55,101,5,0.0,1
185264,1680,0.76,99,6,0.0,1
185417,1681,0.95,153,7,0.0,1
185531,1682,0.36,114,4,0.0,1
185645,1683,0.58,114,5,0.0,1
185744,1684,0.35,99,4,0.0,1
185876,1685,0.96,132,7,0.0,1
186027,1686,0.95,151,7,0.0,1
186109,1687,0.38,82,4,0.0,1
186250,1688,1.38,141,9,0.0,1
186400,1689,0.97,150,7,0.0,1
186514,1690,0.53,114,5,0.0,1
186648,1691,0.80,134,6,0.0,1
186771,1692,0.78,123,6,0.0,1
186898,1693,0.95,127,7,0.0,1
187042,1694,0.95,144,7,0.0,1
187167,1695,0.60,125,5,0.0,1
187282,1696,0.40,115,4,0.0,1
187384,1697,0.35,102,4,0.0,1
187530,1698,1.00,146,7,0.0,1
187666,1699,0.95,136,7,0.0,1
187770,1700,0.40,104,4,0.0,1
187867,1701,0.15,97,3,0.0,1
187967,1702,0.18,100,3,0.0,1
188087,1703,0.78,120,6,0.0,1
188213,1704,0.39,126,4,0.0,1
188327,1705,0.55,114,5,0.0,1
188429,1706,0.40,102,4,0.0,1
188526,1707,0.35,97,4,0.0,1
188647,1708,0.58,121,5,0.0,1
188792,1709,0.76,145,6,0.0,1
188916,1710,0.79,124,6,0.0,1
189046,1711,0.98,130,7,0.0,1
189164,1712,0.58,118,5,0.0,1
189330,1713,1.00,166,7,0.0,1
189426,1714,0.15,96,3,0.0,1
189588,1715,0.69,162,6,0.0,1
189679,1716,0.59,91,5,0.0,1
189808,1717,0.95,129,7,0.0,1
189933,1718,0.56,125,5,0.0,1
190054,1719,0.78,121,6,0.0,1
190165,1720,0.57,111,5,0.0,1
190268,1721,0.56,103,5,0.0,1
190365,1722,0.35,97,4,0.0,1
190506,1723,0.77,141,6,0.0,1
190639,1724,0.97,133,7,0.0,1
190754,1725,0.58,115,5,0.0,1
190860,1726,0.40,106,4,0.0,1
190974,1727,0.56,114,5,0.0,1
191080,1728,0.75,106,6,0.0,1
191213,1729,0.99,133,7,0.0,1
191303,1730,0.18,90,3,0.0,1
191424,1731,0.55,121,5,0.0,1
191526,1732,0.38,102,4,0.0,1
191645,1733,0.79,119,6,0.0,1
191785,1734,0.73,140,6,0.0,1
191897,1735,0.35,112,4,0.0,1
192047,1736,0.79,150,6,0.0,1
192169,1737,0.55,122,5,0.0,1
192269,1738,0.38,100,4,0.0,1
192384,1739,0.39,115,4,0.0,1
192504,1740,0.99,120,7,0.0,1
192646,1741,1.00,142,7,0.0,1
192755,1742,0.57,109,5,0.0,1
192871,1743,0.57,116,5,0.0,1
192959,1744,0.38,88,4,0.0,1
193118,1745,1.13,159,8,0.0,1
193242,1746,0.59,124,5,0.0,1
193343,1747,0.59,101,5,0.0,1
193432,1748,-0.03,89,2,0.0,1
193541,1749,0.51,109,5,0.0,1
193665,1750,0.57,124,5,0.0,1
193805,1751,1.00,140,7,0.0,1
193913,1752,0.39,108,4,0.0,1
194003,1753,0.19,90,3,0.0,1
194116,1754,0.59,113,5,0.0,1
194232,1755,0.39,116,4,0.0,1
194331,1756,0.39,99,4,0.0,1
194487,1757,0.70,156,6,0.0,1
194645,1758,1.00,158,7,0.0,1
194752,1759,0.38,107,4,0.0,1
194902,1760,0.79,150,6,0.0,1
195075,1761,1.00,173,7,0.0,1
195184,1762,0.55,109,5,0.0,1
195252,1763,0.09,68,3,0.0,1
195384,1764,0.76,132,6,0.0,1
195495,1765,0.38,111,4,0.0,1
195623,1766,0.78,128,6,0.0,1
195753,1767,0.79,130,6,0.0,1
195885,1768,0.55,132,5,0.0,1
196058,1769,1.15,173,8,0.0,1
196169,1770,0.78,111,6,0.0,1
196307,1771,0.75,138,6,0.0,1
196456,1772,1.00,149,7,0.0,1
196594,1773,0.75,138,6,0.0,1
196754,1774,0.79,160,6,0.0,1
196856,1775,0.55,102,5,0.0,1
196927,1776,-0.01,71,2,0.0,1
197035,1777,0.58,108,5,0.0,1
197132,1778,0.58,97,5,0.0,1
197255,1779,0.58,123,5,0.0,1
197375,1780,0.58,120,5,0.0,1
197477,1781,0.38,102,4,0.0,1
197584,1782,0.60,107,5,0.0,1
197744,1783,1.20,160,8,0.0,1
197871,1784,0.77,127,6,0.0,1
198075,1785,0.94,204,7,0.0,1
198216,1786,0.60,141,5,0.0,1
198366,1787,0.91,150,7,0.0,1
198434,1788,-0.04,68,2,0.0,1
198562,1789,0.79,128,6,0.0,1
198657,1790,0.32,95,4,0.0,1
198804,1791,0.95,147,7,0.0,1
198899,1792,0.38,95,4,0.0,1
199003,1793,0.15,104,3,0.0,1
199106,1794,0.78,103,6,0.0,1
199179,1795,0.16,73,3,0.0,1
199304,1796,0.76,125,6,0.0,1
199477,1797,1.15,173,8,0.0,1
199579,1798,0.20,102,3,0.0,1
199703,1799,0.79,124,6,0.0,1
199818,1800,0.56,115,5,0.0,1
199929,1801,0.55,111,5,0.0,1
200099,1802,0.99,170,7,0.0,1
200207,1803,0.35,108,4,0.0,1
200332,1804,0.75,125,6,0.0,1
200439,1805,0.76,107,6,0.0,1
200555,1806,0.79,116,6,0.0,1
200694,1807,0.98,139,7,0.0,1
200818,1808,1.00,124,7,0.0,1
200937,1809,0.55,119,5,0.0,1
201043,1810,0.20,106,3,0.0,1
201160,1811,0.57,117,5,0.0,1
201306,1812,0.97,146,7,0.0,1
201511,1813,1.19,205,8,0.0,1
201674,1814,1.35,163,9,0.0,1
201840,1815,0.95,166,7,0.0,1
201987,1816,0.79,147,6,0.0,1
202111,1817,0.54,124,5,0.0,1
202177,1818,-0.44,66,0,0.0,1
202324,1819,0.99,147,7,0.0,1
202446,1820,0.76,122,6,0.0,1
202546,1821,0.38,100,4,0.0,1
202701,1822,0.97,155,7,0.0,1
202837,1823,1.00,136,7,0.0,1
202976,1824,1.00,139,7,0.0,1
203079,1825,0.38,103,4,0.0,1
203192,1826,0.54,113,5,0.0,1
203352,1827,0.96,160,7,0.0,1
203475,1828,0.71,123,6,0.0,1
203596,1829,0.57,121,5,0.0,1
203731,1830,0.80,135,6,0.0,1
203849,1831,0.40,118,4,0.0,1
203958,1832,0.60,109,5,0.0,1
204012,1833,-0.04,54,2,0.0,1
204135,1834,0.79,123,6,0.0,1
204259,1835,0.98,124,7,0.0,1
204428,1836,1.35,169,9,0.0,1
204540,1837,0.55,112,5,0.0,1
204648,1838,0.55,108,5,0.0,1
204750,1839,0.59,102,5,0.0,1
204831,1840,-0.24,81,1,0.0,1
204931,1841,0.38,100,4,0.0,1
205031,1842,0.17,100,3,0.0,1
205146,1843,0.55,115,5,0.0,1
205291,1844,1.00,145,7,0.0,1
205403,1845,0.55,112,5,0.0,1
205599,1846,1.19,196,8,0.0,1
205659,1847,-0.04,60,2,0.0,1
205773,1848,0.60,114,5,0.0,1
205898,1849,0.99,125,7,0.0,1
205980,1850,-0.01,82,2,0.0,1
206153,1851,1.15,173,8,0.0,1
206306,1852,0.92,153,7,0.0,1
206478,1853,0.99,172,7,0.0,1
206567,1854,0.15,89,3,0.0,1
206682,1855,0.55,115,5,0.0,1
206838,1856,1.18,156,8,0.0,1
206960,1857,0.75,122,6,0.0,1
207110,1858,0.69,150,6,0.0,1
207208,1859,0.37,98,4,0.0,1
207336,1860,0.77,128,6,0.0,1
207526,1861,1.56,190,10,0.0,1
207643,1862,0.60,117,5,0.0,1
207746,1863,0.55,103,5,0.0,1
207855,1864,0.80,109,6,0.0,1
207921,1865,0.00,66,2,0.0,1
208070,1866,0.72,149,6,0.0,1
208214,1867,1.00,144,7,0.0,1
208316,1868,0.55,102,5,0.0,1
208491,1869,0.96,175,7,0.0,1
208625,1870,0.95,134,7,0.0,1
208789,1871,1.12,164,8,0.0,1
208911,1872,0.73,122,6,0.0,1
209060,1873,1.00,149,7,0.0,1
209127,1874,0.16,67,3,0.0,1
209234,1875,0.15,107,3,0.0,1
209391,1876,0.96,157,7,0.0,1
209498,1877,0.75,107,6,0.0,1
209602,1878,0.33,104,4,0.0,1
209741,1879,0.80,139,6,0.0,1
209897,1880,0.95,156,7,0.0,1
210029,1881,0.75,132,6,0.0,1
210197,1882,1.37,168,9,0.0,1
210367,1883,1.35,170,9,0.0,1
210536,1884,0.87,169,7,0.0,1
210676,1885,1.18,140,8,0.0,1
210761,1886,0.38,85,4,0.0,1
210939,1887,0.91,178,7,0.0,1
211068,1888,0.80,129,6,0.0,1
211175,1889,0.54,107,5,0.0,1
211276,1890,0.39,101,4,0.0,1
211417,1891,1.40,141,9,0.0,1
211521,1892,0.35,104,4,0.0,1
211615,1893,0.18,94,3,0.0,1
211807,1894,0.95,192,7,0.0,1
211938,1895,0.95,131,7,0.0,1
212086,1896,1.40,148,9,0.0,1
212176,1897,0.39,90,4,0.0,1
212327,1898,0.97,151,7,0.0,1
212430,1899,0.40,103,4,0.0,1
212631,1900,1.12,201,8,0.0,1
212790,1901,1.19,159,8,0.0,1
212896,1902,0.58,106,5,0.0,1
213026,1903,0.75,130,6,0.0,1
213165,1904,1.20,139,8,0.0,1
213246,1905,-0.23,81,1,0.0,1
213351,1906,0.51,105,5,0.0,1
213470,1907,0.78,119,6,0.0,1
213598,1908,0.80,128,6,0.0,1
213705,1909,0.35,107,4,0.0,1
213808,1910,0.95,103,7,0.0,1
213881,1911,0.40,73,4,0.0,1
213989,1912,0.57,108,5,0.0,1
214177,1913,1.15,188,8,0.0,1
214242,1914,-0.04,65,2,0.0,1
214399,1915,0.79,157,6,0.0,1
214501,1916,0.55,102,5,0.0,1
214630,1917,0.95,129,7,0.0,1
214738,1918,0.40,108,4,0.0,1
214910,1919,1.19,172,8,0.0,1
215038,1920,1.20,128,8,0.0,1
215155,1921,0.54,117,5,0.0,1
215287,1922,0.96,132,7,0.0,1
215418,1923,0.98,131,7,0.0,1
215526,1924,0.57,108,5,0.0,1
215656,1925,0.75,130,6,0.0,1
215744,1926,0.18,88,3,0.0,1
215902,1927,1.15,158,8,0.0,1
216020,1928,0.59,118,5,0.0,1
216129,1929,0.77,109,6,0.0,1
216243,1930,0.71,114,6,0.0,1
216381,1931,0.76,138,6,0.0,1
216443,1932,0.00,62,2,0.0,1
216587,1933,0.75,144,6,0.0,1
216720,1934,0.99,133,7,0.0,1
216815,1935,-0.05,95,2,0.0,1
216995,1936,1.14,180,8,0.0,1
217113,1937,0.96,118,7,0.0,1
217246,1938,0.95,133,7,0.0,1
217314,1939,-0.04,68,2,0.0,1
217438,1940,0.78,124,6,0.0,1
217562,1941,0.55,124,5,0.0,1
217707,1942,0.97,145,7,0.0,1
217811,1943,0.58,104,5,0.0,1
217984,1944,1.18,173,8,0.0,1
218128,1945,0.80,144,6,0.0,1
218251,1946,0.79,123,6,0.0,1
218355,1947,0.58,104,5,0.0,1
218522,1948,0.97,167,7,0.0,1
218634,1949,0.58,112,5,0.0,1
218751,1950,0.78,117,6,0.0,1
218855,1951,0.56,104,5,0.0,1
218999,1952,0.99,144,7,0.0,1
219132,1953,0.80,133,6,0.0,1
219283,1954,0.99,151,7,0.0,1
219370,1955,0.38,87,4,0.0,1
219493,1956,0.78,123,6,0.0,1
219661,1957,1.00,168,7,0.0,1
219779,1958,0.80,118,6,0.0,1
219938,1959,0.95,159,7,0.0,1
220075,1960,0.59,137,5,0.0,1
220198,1961,0.75,123,6,0.0,1
220317,1962,1.00,119,7,0.0,1
220462,1963,0.77,145,6,0.0,1
220633,1964,1.16,171,8,0.0,1
220773,1965,0.99,140,7,0.0,1
220926,1966,0.99,153,7,0.0,1
221059,1967,0.99,133,7,0.0,1
221156,1968,0.35,97,4,0.0,1
221289,1969,0.80,133,6,0.0,1
221426,1970,0.99,137,7,0.0,1
221580,1971,0.55,154,5,0.0,1
221674,1972,0.18,94,3,0.0,1
221770,1973,0.18,96,3,0.0,1
221902,1974,0.95,132,7,0.0,1
222056,1975,1.19,154,8,0.0,1
222203,1976,0.97,147,7,0.0,1
222313,1977,0.59,110,5,0.0,1
222410,1978,0.19,97,3,0.0,1
222541,1979,0.77,131,6,0.0,1
222664,1980,0.98,123,7,0.0,1
222783,1981,0.97,119,7,0.0,1
222897,1982,0.55,114,5,0.0,1
223025,1983,0.78,128,6,0.0,1
223168,1984,1.19,143,8,0.0,1
223278,1985,0.58,110,5,0.0,1
223397,1986,0.71,119,6,0.0,1
223511,1987,0.51,114,5,0.0,1
223617,1988,0.80,106,6,0.0,1
223747,1989,0.80,130,6,0.0,1
223867,1990,0.52,120,5,0.0,1
223973,1991,0.58,106,5,0.0,1
224065,1992,-0.07,92,2,0.0,1
224194,1993,0.51,129,5,0.0,1
224343,1994,0.97,149,7,0.0,1
224492,1995,0.77,149,6,0.0,1
224628,1996,0.96,136,7,0.0,1
224766,1997,0.55,138,5,0.0,1
224898,1998,0.60,132,5,0.0,1
225053,1999,0.99,155,7,0.0,1
225200,2000,0.67,147,6,0.0,1
225317,2001,0.55,117,5,0.0,1
225447,2002,0.77,130,6,0.0,1
225556,2003,0.60,109,5,0.0,1
225701,2004,0.99,145,7,0.0,1
225841,2005,0.78,140,6,0.0,1
225939,2006,0.38,98,4,0.0,1
226054,2007,0.94,115,7,0.0,1
226175,2008,0.77,121,6,0.0,1
226246,2009,0.19,71,3,0.0,1
226380,2010,0.75,134,6,0.0,1
226486,2011,0.58,106,5,0.0,1
226624,2012,1.00,138,7,0.0,1
226751,2013,0.79,127,6,0.0,1
226880,2014,0.75,129,6,0.0,1
227058,2015,1.15,178,8,0.0,1
227189,2016,0.79,131,6,0.0,1
227285,2017,0.55,96,5,0.0,1
227423,2018,1.19,138,8,0.0,1
227522,2019,0.58,99,5,0.0,1
227710,2020,1.15,188,8,0.0,1
227862,2021,1.00,152,7,0.0,1
227993,2022,0.96,131,7,0.0,1
228099,2023,0.78,106,6,0.0,1
228240,2024,1.16,141,8,0.0,1
228339,2025,0.59,99,5,0.0,1
228437,2026,0.37,98,4,0.0,1
228489,2027,-0.31,52,1,0.0,1
228630,2028,0.95,141,7,0.0,1
228722,2029,0.18,92,3,0.0,1
228862,2030,0.91,140,7,0.0,1
228953,2031,0.38,91,4,0.0,1
229056,2032,0.15,103,3,0.0,1
229154,2033,0.19,98,3,0.0,1
229315,2034,0.96,161,7,0.0,1
229427,2035,0.59,112,5,0.0,1
229545,2036,0.76,118,6,0.0,1
229660,2037,0.80,115,6,0.0,1
229787,2038,0.95,127,7,0.0,1
229868,2039,0.16,81,3,0.0,1
230013,2040,0.91,145,7,0.0,1
230196,2041,1.19,183,8,0.0,1
230356,2042,0.97,160,7,0.0,1
230517,2043,1.15,161,8,0.0,1
230611,2044,0.37,94,4,0.0,1
230714,2045,-0.01,103,2,0.0,1
230838,2046,0.60,124,5,0.0,1
230944,2047,0.35,106,4,0.0,1
231049,2048,0.58,105,5,0.0,1
231164,2049,0.99,115,7,0.0,1
231270,2050,0.40,106,4,0.0,1
231408,2051,0.73,138,6,0.0,1
231526,2052,0.79,118,6,0.0,1
231626,2053,0.35,100,4,0.0,1
231735,2054,0.58,109,5,0.0,1
231823,2055,0.38,88,4,0.0,1
231947,2056,0.59,124,5,0.0,1
232090,2057,0.97,143,7,0.0,1
232208,2058,0.59,118,5,0.0,1
232382,2059,1.18,174,8,0.0,1
232526,2060,0.96,144,7,0.0,1
232634,2061,0.20,108,3,0.0,1
232752,2062,0.77,118,6,0.0,1
232879,2063,0.95,127,7,0.0,1
233016,2064,1.00,137,7,0.0,1
233159,2065,0.95,143,7,0.0,1
233302,2066,0.75,143,6,0.0,1
233397,2067,0.39,95,4,0.0,1
233514,2068,0.98,117,7,0.0,1
233640,2069,0.80,126,6,0.0,1
233759,2070,0.78,119,6,0.0,1
233895,2071,0.80,136,6,0.0,1
234002,2072,0.59,107,5,0.0,1
234139,2073,0.99,137,7,0.0,1
234312,2074,1.16,173,8,0.0,1
234437,2075,0.60,125,5,0.0,1
234554,2076,0.37,117,4,0.0,1
234701,2077,0.95,147,7,0.0,1
234800,2078,0.38,99,4,0.0,1
234969,2079,1.20,169,8,0.0,1
235093,2080,0.75,124,6,0.0,1
235222,2081,0.57,129,5,0.0,1
235316,2082,0.38,94,4,0.0,1
235433,2083,0.76,117,6,0.0,1
235531,2084,0.35,98,4,0.0,1
235690,2085,1.18,159,8,0.0,1
235792,2086,0.50,102,5,0.0,1
235917,2087,0.80,125,6,0.0,1
236020,2088,1.00,103,7,0.0,1
236123,2089,0.39,103,4,0.0,1
236230,2090,0.35,107,4,0.0,1
236315,2091,-0.03,85,2,0.0,1
236463,2092,0.99,148,7,0.0,1
236551,2093,0.38,88,4,0.0,1
236666,2094,0.54,115,5,0.0,1
236806,2095,0.99,140,7,0.0,1
236888,2096,0.58,82,5,0.0,1
236997,2097,0.58,109,5,0.0,1
237110,2098,0.78,113,6,0.0,1
237200,2099,0.19,90,3,0.0,1
237364,2100,1.11,164,8,0.0,1
237502,2101,0.95,138,7,0.0,1
237625,2102,0.78,123,6,0.0,1
237779,2103,0.80,154,6,0.0,1
237924,2104,1.17,145,8,0.0,1
238068,2105,0.98,144,7,0.0,1
238199,2106,0.79,131,6,0.0,1
238327,2107,0.71,128,6,0.0,1
238440,2108,0.78,113,6,0.0,1
238569,2109,0.99,129,7,0.0,1
238666,2110,0.35,97,4,0.0,1
238753,2111,0.35,87,4,0.0,1
238871,2112,0.80,118,6,0.0,1
238987,2113,0.59,116,5,0.0,1
239121,2114,0.93,134,7,0.0,1
239241,2115,0.79,120,6,0.0,1
239329,2116,0.18,88,3,0.0,1
239463,2117,0.80,134,6,0.0,1
239634,2118,1.00,171,7,0.0,1
239748,2119,0.37,114,4,0.0,1
239911,2120,0.93,163,7,0.0,1
240018,2121,0.55,107,5,0.0,1
240136,2122,0.96,118,7,0.0,1
240199,2123,-0.12,63,2,0.0,1
240316,2124,0.40,117,4,0.0,1
240469,2125,0.97,153,7,0.0,1
240628,2126,0.99,159,7,0.0,1
240762,2127,0.75,134,6,0.0,1
240905,2128,0.79,143,6,0.0,1
241032,2129,0.58,127,5,0.0,1
241149,2130,0.56,117,5,0.0,1
241283,2131,0.95,134,7,0.0,1
241389,2132,0.60,106,5,0.0,1
241491,2133,0.98,102,7,0.0,1
241590,2134,0.36,99,4,0.0,1
241732,2135,0.97,142,7,0.0,1
241882,2136,0.97,150,7,0.0,1
242020,2137,0.59,138,5,0.0,1
242154,2138,0.79,134,6,0.0,1
242272,2139,0.58,118,5,0.0,1
242414,2140,0.96,142,7,0.0,1
242510,2141,0.38,96,4,0.0,1
242645,2142,0.97,135,7,0.0,1
242767,2143,0.76,122,6,0.0,1
242887,2144,0.95,120,7,0.0,1
243011,2145,0.78,124,6,0.0,1
243121,2146,0.55,110,5,0.0,1
243226,2147,0.40,105,4,0.0,1
243339,2148,0.60,113,5,0.0,1
243481,2149,0.79,142,6,0.0,1
243585,2150,0.35,104,4,0.0,1
243693,2151,0.52,108,5,0.0,1
243776,2152,0.38,83,4,0.0,1
243932,2153,1.38,156,9,0.0,1
244088,2154,1.16,156,8,0.0,1
244208,2155,0.55,120,5,0.0,1
244312,2156,0.40,104,4,0.0,1
244415,2157,0.35,103,4,0.0,1
244525,2158,0.58,110,5,0.0,1
244631,2159,0.59,106,5,0.0,1
244788,2160,1.12,157,8,0.0,1
244935,2161,1.00,147,7,0.0,1
245074,2162,0.71,139,6,0.0,1
245184,2163,0.56,110,5,0.0,1
245361,2164,1.19,177,8,0.0,1
245525,2165,1.36,164,9,0.0,1
245696,2166,1.20,171,8,0.0,1
245867,2167,0.93,171,7,0.0,1
246046,2168,1.15,179,8,0.0,1
246192,2169,0.80,146,6,0.0,1
246393,2170,1.40,201,9,0.0,1
246538,2171,0.75,145,6,0.0,1
246651,2172,0.55,113,5,0.0,1
246723,2173,0.16,72,3,0.0,1
246830,2174,0.40,107,4,0.0,1
246958,2175,0.79,128,6,0.0,1
247086,2176,0.77,128,6,0.0,1
247227,2177,1.20,141,8,0.0,1
247335,2178,0.35,108,4,0.0,1
247478,2179,0.73,143,6,0.0,1
247591,2180,0.35,113,4,0.0,1
247737,2181,1.00,146,7,0.0,1
247860,2182,0.98,123,7,0.0,1
247955,2183,0.55,95,5,0.0,1
248111,2184,0.97,156,7,0.0,1
248242,2185,0.79,131,6,0.0,1
248365,2186,0.99,123,7,0.0,1
248462,2187,0.40,97,4,0.0,1
248578,2188,0.71,116,6,0.0,1
248740,2189,1.18,162,8,0.0,1
248825,2190,-0.05,85,2,0.0,1
248966,2191,0.77,141,6,0.0,1
249152,2192,1.38,186,9,0.0,1
249308,2193,0.79,156,6,0.0,1
249466,2194,1.15,158,8,0.0,1
249581,2195,0.75,115,6,0.0,1
249678,2196,0.31,97,4,0.0,1
249815,2197,0.91,137,7,0.0,1
249925,2198,0.79,110,6,0.0,1
250070,2199,1.00,145,7,0.0,1
250170,2200,0.39,100,4,0.0,1
250292,2201,0.60,122,5,0.0,1
250403,2202,0.20,111,3,0.0,1
250513,2203,0.19,110,3,0.0,1
250682,2204,1.11,169,8,0.0,1
250817,2205,0.96,135,7,0.0,1
251001,2206,1.40,184,9,0.0,1
251100,2207,0.18,99,3,0.0,1
251259,2208,1.20,159,8,0.0,1
251376,2209,0.55,117,5,0.0,1
251532,2210,1.29,156,9,0.0,1
251705,2211,1.12,173,8,0.0,1
251878,2212,0.99,173,7,0.0,1
252017,2213,0.79,139,6,0.0,1
252130,2214,0.55,113,5,0.0,1
252297,2215,0.80,167,6,0.0,1
252440,2216,0.99,143,7,0.0,1
252536,2217,0.18,96,3,0.0,1
252738,2218,1.18,202,8,0.0,1
252851,2219,0.59,113,5,0.0,1
252992,2220,0.78,141,6,0.0,1
253174,2221,1.36,182,9,0.0,1
253281,2222,0.55,107,5,0.0,1
253378,2223,0.59,97,5,0.0,1
253504,2224,0.95,126,7,0.0,1
253603,2225,0.56,99,5,0.0,1
253724,2226,0.98,121,7,0.0,1
253856,2227,0.75,132,6,0.0,1
253972,2228,0.58,116,5,0.0,1
254121,2229,0.79,149,6,0.0,1
254230,2230,0.75,109,6,0.0,1
254379,2231,1.20,149,8,0.0,1
254488,2232,0.20,109,3,0.0,1
254561,2233,-0.05,73,2,0.0,1
254668,2234,0.56,107,5,0.0,1
254799,2235,0.75,131,6,0.0,1
254975,2236,1.20,176,8,0.0,1
255128,2237,1.00,153,7,0.0,1
255248,2238,0.59,120,5,0.0,1
255345,2239,0.15,97,3,0.0,1
255532,2240,1.35,187,9,0.0,1
255609,2241,0.17,77,3,0.0,1
255717,2242,0.54,108,5,0.0,1
255848,2243,0.97,131,7,0.0,1
255973,2244,0.75,125,6,0.0,1
256128,2245,0.88,155,7,0.0,1
256290,2246,0.99,162,7,0.0,1
256427,2247,0.99,137,7,0.0,1
256557,2248,0.60,130,5,0.0,1
256664,2249,0.55,107,5,0.0,1
256773,2250,0.78,109,6,0.0,1
256885,2251,0.39,112,4,0.0,1
256989,2252,0.35,104,4,0.0,1
257086,2253,0.38,97,4,0.0,1
257237,2254,1.00,151,7,0.0,1
257392,2255,1.00,155,7,0.0,1
257516,2256,1.00,124,7,0.0,1
257632,2257,0.29,116,4,0.0,1
257784,2258,1.15,152,8,0.0,1
257922,2259,0.99,138,7,0.0,1
258050,2260,0.95,128,7,0.0,1
258149,2261,0.35,99,4,0.0,1
258328,2262,1.13,179,8,0.0,1
258442,2263,0.59,114,5,0.0,1
258543,2264,0.35,101,4,0.0,1
258667,2265,0.79,124,6,0.0,1
258774,2266,0.39,107,4,0.0,1
258908,2267,0.80,134,6,0.0,1
259075,2268,1.11,167,8,0.0,1
259233,2269,1.20,158,8,0.0,1
259373,2270,0.59,140,5,0.0,1
259517,2271,1.20,144,8,0.0,1
259572,2272,-0.20,55,1,0.0,1
259717,2273,0.80,145,6,0.0,1
259848,2274,0.95,131,7,0.0,1
260001,2275,1.00,153,7,0.0,1
260178,2276,1.35,177,9,0.0,1
260293,2277,0.55,115,5,0.0,1
260409,2278,0.95,116,7,0.0,1
260577,2279,1.15,168,8,0.0,1
260721,2280,0.95,144,7,0.0,1
260852,2281,0.80,131,6,0.0,1
260968,2282,0.60,116,5,0.0,1
261133,2283,1.12,165,8,0.0,1
261264,2284,0.79,131,6,0.0,1
261421,2285,1.13,157,8,0.0,1
261530,2286,0.60,109,5,0.0,1
261626,2287,0.17,96,3,0.0,1
261731,2288,0.55,105,5,0.0,1
261824,2289,0.37,93,4,0.0,1
261892,2290,-0.04,68,2,0.0,1
262013,2291,0.78,121,6,0.0,1
262125,2292,0.40,112,4,0.0,1
262235,2293,0.56,110,5,0.0,1
262331,2294,0.36,96,4,0.0,1
262510,2295,1.51,179,10,0.0,1
262606,2296,0.15,96,3,0.0,1
262728,2297,0.59,122,5,0.0,1
262908,2298,1.39,180,9,0.0,1
263054,2299,0.96,146,7,0.0,1
263141,2300,0.56,87,5,0.0,1
263292,2301,1.19,151,8,0.0,1
263399,2302,0.35,107,4,0.0,1
263490,2303,0.55,91,5,0.0,1
263653,2304,1.14,163,8,0.0,1
263741,2305,0.18,88,3,0.0,1
263894,2306,1.19,153,8,0.0,1
264073,2307,1.20,179,8,0.0,1
264186,2308,0.55,113,5,0.0,1
264274,2309,0.18,88,3,0.0,1
264426,2310,1.00,152,7,0.0,1
264604,2311,1.15,178,8,0.0,1
264773,2312,1.15,169,8,0.0,1
264886,2313,0.55,113,5,0.0,1
264990,2314,0.52,104,5,0.0,1
265139,2315,1.20,149,8,0.0,1
265285,2316,0.98,146,7,0.0,1
265427,2317,0.99,142,7,0.0,1
265536,2318,0.56,109,5,0.0,1
265648,2319,0.50,112,5,0.0,1
265747,2320,0.79,99,6,0.0,1
265847,2321,0.57,100,5,0.0,1
266013,2322,0.97,166,7,0.0,1
266180,2323,1.38,167,9,0.0,1
266290,2324,0.59,110,5,0.0,1
266452,2325,1.40,162,9,0.0,1
266593,2326,1.00,141,7,0.0,1
266723,2327,0.99,130,7,0.0,1
266830,2328,0.40,107,4,0.0,1
266968,2329,0.80,138,6,0.0,1
267109,2330,0.57,141,5,0.0,1
267218,2331,0.58,109,5,0.0,1
267367,2332,0.77,149,6,0.0,1
267485,2333,0.55,118,5,0.0,1
267631,2334,0.96,146,7,0.0,1
267785,2335,0.98,154,7,0.0,1
267889,2336,0.40,104,4,0.0,1
268031,2337,0.92,142,7,0.0,1
268129,2338,0.60,98,5,0.0,1
268236,2339,0.35,107,4,0.0,1
268367,2340,0.80,131,6,0.0,1
268517,2341,1.00,150,7,0.0,1
268622,2342,0.57,105,5,0.0,1
268751,2343,0.99,129,7,0.0,1
268878,2344,0.80,127,6,0.0,1
269007,2345,1.00,129,7,0.0,1
269137,2346,0.95,130,7,0.0,1
269277,2347,1.00,140,7,0.0,1
269390,2348,0.98,113,7,0.0,1
269548,2349,1.16,158,8,0.0,1
269662,2350,0.55,114,5,0.0,1
269800,2351,0.95,138,7,0.0,1
269906,2352,0.38,106,4,0.0,1
270048,2353,0.99,142,7,0.0,1
270177,2354,0.55,129,5,0.0,1
270280,2355,0.40,103,4,0.0,1
270393,2356,0.55,113,5,0.0,1
270546,2357,0.56,153,5,0.0,1
270637,2358,0.39,91,4,0.0,1
270744,2359,1.00,107,7,0.0,1
270872,2360,0.75,128,6,0.0,1
270969,2361,0.35,97,4,0.0,1
271115,2362,0.78,146,6,0.0,1
271245,2363,0.95,130,7,0.0,1
271377,2364,0.54,132,5,0.0,1
271531,2365,0.98,154,7,0.0,1
271703,2366,1.40,172,9,0.0,1
271846,2367,0.60,143,5,0.0,1
271989,2368,1.00,143,7,0.0,1
272111,2369,0.78,122,6,0.0,1
272225,2370,0.39,114,4,0.0,1
272359,2371,0.76,134,6,0.0,1
272462,2372,0.59,103,5,0.0,1
272571,2373,0.60,109,5,0.0,1
272703,2374,0.80,132,6,0.0,1
272826,2375,0.79,123,6,0.0,1
272982,2376,0.95,156,7,0.0,1
273108,2377,1.00,126,7,0.0,1
273207,2378,0.36,99,4,0.0,1
273307,2379,0.35,100,4,0.0,1
273401,2380,0.40,94,4,0.0,1
273547,2381,0.95,146,7,0.0,1
273662,2382,0.77,115,6,0.0,1
273788,2383,0.79,126,6,0.0,1
273889,2384,0.75,101,6,0.0,1
274020,2385,0.79,131,6,0.0,1
274140,2386,0.35,120,4,0.0,1
274257,2387,0.59,117,5,0.0,1
274372,2388,0.75,115,6,0.0,1
274509,2389,0.52,137,5,0.0,1
274596,2390,0.38,87,4,0.0,1
274698,2391,0.57,102,5,0.0,1
274830,2392,0.93,132,7,0.0,1
274983,2393,0.95,153,7,0.0,1
275090,2394,0.80,107,6,0.0,1
275251,2395,1.20,161,8,0.0,1
275375,2396,0.79,124,6,0.0,1
275478,2397,0.40,103,4,0.0,1
275602,2398,0.95,124,7,0.0,1
275727,2399,0.71,125,6,0.0,1
275823,2400,0.19,96,3,0.0,1
275939,2401,0.80,116,6,0.0,1
276072,2402,0.59,133,5,0.0,1
276197,2403,0.75,125,6,0.0,1
276366,2404,1.00,169,7,0.0,1
276469,2405,0.55,103,5,0.0,1
276532,2406,0.17,63,3,0.0,1
276677,2407,0.99,145,7,0.0,1
276779,2408,0.55,102,5,0.0,1
276911,2409,0.60,132,5,0.0,1
277034,2410,0.75,123,6,0.0,1
277140,2411,0.19,106,3,0.0,1
277282,2412,0.92,142,7,0.0,1
277389,2413,0.58,107,5,0.0,1
277483,2414,0.58,94,5,0.0,1
277626,2415,0.97,143,7,0.0,1
277717,2416,0.18,91,3,0.0,1
277859,2417,1.00,142,7,0.0,1
277999,2418,0.98,140,7,0.0,1
278136,2419,0.75,137,6,0.0,1
278261,2420,1.00,125,7,0.0,1
278362,2421,0.18,101,3,0.0,1
278455,2422,0.38,93,4,0.0,1
278571,2423,0.80,116,6,0.0,1
278683,2424,0.80,112,6,0.0,1
278791,2425,0.40,108,4,0.0,1
278932,2426,0.75,141,6,0.0,1
279074,2427,0.79,142,6,0.0,1
279193,2428,0.80,119,6,0.0,1
279332,2429,0.76,139,6,0.0,1
279511,2430,1.16,179,8,0.0,1
279642,2431,0.76,131,6,0.0,1
279734,2432,0.58,92,5,0.0,1
279865,2433,0.99,131,7,0.0,1
279970,2434,0.40,105,4,0.0,1
280101,2435,0.80,131,6,0.0,1
280250,2436,1.00,149,7,0.0,1
280338,2437,0.18,88,3,0.0,1
280451,2438,0.39,113,4,0.0,1
280586,2439,0.99,135,7,0.0,1
280734,2440,0.97,148,7,0.0,1
280862,2441,0.60,128,5,0.0,1
281000,2442,0.56,138,5,0.0,1
281114,2443,0.80,114,6,0.0,1
281271,2444,0.97,157,7,0.0,1
281418,2445,0.60,147,5,0.0,1
281541,2446,0.37,123,4,0.0,1
281676,2447,0.75,135,6,0.0,1
281834,2448,0.96,158,7,0.0,1
281983,2449,0.97,149,7,0.0,1
282111,2450,0.71,128,6,0.0,1
282207,2451,0.60,96,5,0.0,1
282343,2452,0.79,136,6,0.0,1
282502,2453,1.00,159,7,0.0,1
282701,2454,1.11,199,8,0.0,1
282811,2455,0.59,110,5,0.0,1
282918,2456,0.38,107,4,0.0,1
283017,2457,0.56,99,5,0.0,1
283124,2458,0.35,107,4,0.0,1
283264,2459,0.80,140,6,0.0,1
283345,2460,0.20,81,3,0.0,1
283480,2461,1.00,135,7,0.0,1
283581,2462,0.38,101,4,0.0,1
283702,2463,0.58,121,5,0.0,1
283827,2464,0.78,125,6,0.0,1
283962,2465,0.95,135,7,0.0,1
284115,2466,0.92,153,7,0.0,1
284222,2467,0.79,107,6,0.0,1
284303,2468,0.00,81,2,0.0,1
284413,2469,0.38,110,4,0.0,1
284520,2470,0.75,107,6,0.0,1
284636,2471,0.59,116,5,0.0,1
284706,2472,-0.04,70,2,0.0,1
284848,2473,0.95,142,7,0.0,1
284957,2474,0.60,109,5,0.0,1
285067,2475,0.58,110,5,0.0,1
285225,2476,1.13,158,8,0.0,1
285354,2477,0.99,129,7,0.0,1
285480,2478,0.77,126,6,0.0,1
285634,2479,0.97,154,7,0.0,1
285740,2480,0.33,106,4,0.0,1
285834,2481,0.38,94,4,0.0,1
285960,2482,0.78,126,6,0.0,1
286086,2483,0.76,126,6,0.0,1
286244,2484,1.15,158,8,0.0,1
286358,2485,0.51,114,5,0.0,1
286454,2486,0.37,96,4,0.0,1
286555,2487,0.38,101,4,0.0,1
286693,2488,0.70,138,6,0.0,1
286862,2489,1.15,169,8,0.0,1
286973,2490,0.78,111,6,0.0,1
287108,2491,0.80,135,6,0.0,1
287229,2492,0.75,121,6,0.0,1
287317,2493,0.18,88,3,0.0,1
287459,2494,0.69,142,6,0.0,1
287582,2495,0.76,123,6,0.0,1
287692,2496,0.58,110,5,0.0,1
287840,2497,1.00,148,7,0.0,1
287948,2498,0.78,108,6,0.0,1
288068,2499,0.80,120,6,0.0,1
288191,2500,0.75,123,6,0.0,1
288323,2501,0.60,132,5,0.0,1
288519,2502,1.38,196,9,0.0,1
288626,2503,0.35,107,4,0.0,1
288755,2504,0.75,129,6,0.0,1
288846,2505,0.40,91,4,0.0,1
288990,2506,1.00,144,7,0.0,1
289141,2507,1.00,151,7,0.0,1
289243,2508,0.35,102,4,0.0,1
289349,2509,0.55,106,5,0.0,1
289475,2510,0.80,126,6,0.0,1
289602,2511,0.96,127,7,0.0,1
289751,2512,0.97,149,7,0.0,1
289846,2513,0.60,95,5,0.0,1
289980,2514,0.80,134,6,0.0,1
290155,2515,1.15,175,8,0.0,1
290284,2516,0.77,129,6,0.0,1
290389,2517,0.40,105,4,0.0,1
290492,2518,0.40,103,4,0.0,1
290586,2519,0.36,94,4,0.0,1
290677,2520,0.19,91,3,0.0,1
290810,2521,0.75,133,6,0.0,1
290925,2522,0.71,115,6,0.0,1
291053,2523,0.78,128,6,0.0,1
291170,2524,0.97,117,7,0.0,1
291303,2525,0.89,133,7,0.0,1
291467,2526,0.96,164,7,0.0,1
291628,2527,1.18,161,8,0.0,1
291742,2528,0.60,114,5,0.0,1
291846,2529,0.39,104,4,0.0,1
292047,2530,0.99,201,7,0.0,1
292196,2531,1.15,149,8,0.0,1
292288,2532,0.39,92,4,0.0,1
292452,2533,0.97,164,7,0.0,1
292621,2534,1.15,169,8,0.0,1
292748,2535,0.80,127,6,0.0,1
292886,2536,0.79,138,6,0.0,1
292997,2537,0.38,111,4,0.0,1
293123,2538,0.99,126,7,0.0,1
293262,2539,0.78,139,6,0.0,1
293403,2540,0.80,141,6,0.0,1
293518,2541,0.56,115,5,0.0,1
293701,2542,1.18,183,8,0.0,1
293794,2543,0.39,93,4,0.0,1
293913,2544,0.78,119,6,0.0,1
294030,2545,0.59,117,5,0.0,1
294123,2546,0.19,93,3,0.0,1
294227,2547,0.97,104,7,0.0,1
294403,2548,1.19,176,8,0.0,1
294551,2549,0.95,148,7,0.0,1
294650,2550,0.78,99,6,0.0,1
294812,2551,0.99,162,7,0.0,1
294947,2552,0.77,135,6,0.0,1
295110,2553,1.19,163,8,0.0,1
295231,2554,0.40,121,4,0.0,1
295375,2555,0.97,144,7,0.0,1
295480,2556,0.79,105,6,0.0,1
295583,2557,0.35,103,4,0.0,1
295696,2558,0.58,113,5,0.0,1
295832,2559,0.98,136,7,0.0,1
295979,2560,0.75,147,6,0.0,1
296111,2561,0.78,132,6,0.0,1
296297,2562,1.56,186,10,0.0,1
296401,2563,0.59,104,5,0.0,1
296586,2564,1.15,185,8,0.0,1
296732,2565,0.97,146,7,0.0,1
296857,2566,0.99,125,7,0.0,1
296984,2567,1.00,127,7,0.0,1
297101,2568,0.73,117,6,0.0,1
297212,2569,0.76,111,6,0.0,1
297357,2570,1.00,145,7,0.0,1
297491,2571,1.15,134,8,0.0,1
297664,2572,1.15,173,8,0.0,1
297824,2573,1.18,160,8,0.0,1
297951,2574,1.17,127,8,0.0,1
298033,2575,0.38,82,4,0.0,1
298167,2576,1.00,134,7,0.0,1
298292,2577,1.00,125,7,0.0,1
298403,2578,0.55,111,5,0.0,1
298553,2579,0.98,150,7,0.0,1
298721,2580,1.00,168,7,0.0,1
298827,2581,0.35,106,4,0.0,1
298984,2582,1.20,157,8,0.0,1
299075,2583,0.38,91,4,0.0,1
299235,2584,1.00,160,7,0.0,1
299341,2585,0.39,106,4,0.0,1
299501,2586,1.18,160,8,0.0,1
299610,2587,0.55,109,5,0.0,1
299750,2588,0.96,140,7,0.0,1
299921,2589,1.20,171,8,0.0,1
300090,2590,1.39,169,9,0.0,1
300209,2591,0.98,119,7,0.0,1
300373,2592,1.00,164,7,0.0,1
300492,2593,0.57,119,5,0.0,1
300648,2594,0.73,156,6,0.0,1
300748,2595,0.39,100,4,0.0,1
300881,2596,1.18,133,8,0.0,1
301078,2597,1.19,197,8,0.0,1
301157,2598,0.39,79,4,0.0,1
301258,2599,0.15,101,3,0.0,1
301420,2600,0.99,162,7,0.0,1
301541,2601,0.79,121,6,0.0,1
301642,2602,0.40,101,4,0.0,1
301811,2603,0.98,169,7,0.0,1
301969,2604,1.00,158,7,0.0,1
302100,2605,0.95,131,7,0.0,1
302228,2606,0.75,128,6,0.0,1
302328,2607,0.80,100,6,0.0,1
302428,2608,0.37,100,4,0.0,1
302559,2609,0.99,131,7,0.0,1
302682,2610,0.60,123,5,0.0,1
302793,2611,0.55,111,5,0.0,1
302913,2612,0.40,120,4,0.0,1
303051,2613,0.96,138,7,0.0,1
303222,2614,1.20,171,8,0.0,1
303370,2615,1.00,148,7,0.0,1
303482,2616,0.56,112,5,0.0,1
303660,2617,1.11,178,8,0.0,1
303813,2618,0.97,153,7,0.0,1
303950,2619,0.96,137,7,0.0,1
304053,2620,0.58,103,5,0.0,1
304201,2621,0.98,148,7,0.0,1
304360,2622,1.15,159,8,0.0,1
304489,2623,0.58,129,5,0.0,1
304590,2624,0.36,101,4,0.0,1
304750,2625,1.36,160,9,0.0,1
304923,2626,0.96,173,7,0.0,1
305081,2627,1.16,158,8,0.0,1
305236,2628,1.14,155,8,0.0,1
305359,2629,0.58,123,5,0.0,1
305469,2630,0.35,110,4,0.0,1
305614,2631,0.98,145,7,0.0,1
305735,2632,0.98,121,7,0.0,1
305841,2633,0.58,106,5,0.0,1
305963,2634,0.75,122,6,0.0,1
306111,2635,0.79,148,6,0.0,1
306256,2636,0.95,145,7,0.0,1
306357,2637,0.75,101,6,0.0,1
306457,2638,0.37,100,4,0.0,1
306617,2639,1.20,160,8,0.0,1
306729,2640,0.55,112,5,0.0,1
306859,2641,0.96,130,7,0.0,1
307048,2642,0.90,189,7,0.0,1
307228,2643,1.11,180,8,0.0,1
307342,2644,0.35,114,4,0.0,1
307490,2645,0.95,148,7,0.0,1
307661,2646,0.95,171,7,0.0,1
307762,2647,0.40,101,4,0.0,1
307907,2648,0.97,145,7,0.0,1
308016,2649,0.55,109,5,0.0,1
308136,2650,0.96,120,7,0.0,1
308232,2651,0.39,96,4,0.0,1
308346,2652,0.59,114,5,0.0,1
308444,2653,0.38,98,4,0.0,1
308537,2654,0.40,93,4,0.0,1
308682,2655,0.75,145,6,0.0,1
308837,2656,0.97,155,7,0.0,1
308924,2657,0.38,87,4,0.0,1
309098,2658,1.15,174,8,0.0,1
309203,2659,0.55,105,5,0.0,1
309346,2660,0.99,143,7,0.0,1
309480,2661,0.75,134,6,0.0,1
309589,2662,0.38,109,4,0.0,1
309742,2663,1.31,153,9,0.0,1
309841,2664,0.38,99,4,0.0,1
310034,2665,1.35,193,9,0.0,1
310214,2666,0.99,180,7,0.0,1
310332,2667,0.76,118,6,0.0,1
310501,2668,0.77,169,6,0.0,1
310643,2669,0.75,142,6,0.0,1
310794,2670,1.18,151,8,0.0,1
310904,2671,0.53,110,5,0.0,1
311060,2672,0.99,156,7,0.0,1
311222,2673,1.18,162,8,0.0,1
311357,2674,1.19,135,8,0.0,1
311490,2675,0.99,133,7,0.0,1
311604,2676,0.78,114,6,0.0,1
311767,2677,1.40,163,9,0.0,1
311877,2678,0.76,110,6,0.0,1
312007,2679,1.00,130,7,0.0,1
312133,2680,0.98,126,7,0.0,1
312279,2681,0.75,146,6,0.0,1
312376,2682,0.17,97,3,0.0,1
312538,2683,1.15,162,8,0.0,1
312680,2684,0.99,142,7,0.0,1
312783,2685,0.36,103,4,0.0,1
312908,2686,0.75,125,6,0.0,1
313094,2687,1.15,186,8,0.0,1
313190,2688,0.35,96,4,0.0,1
313312,2689,0.80,122,6,0.0,1
313504,2690,1.00,192,7,0.0,1
313640,2691,0.71,136,6,0.0,1
313780,2692,0.58,140,5,0.0,1
313887,2693,0.37,107,4,0.0,1
314002,2694,0.80,115,6,0.0,1
314166,2695,1.00,164,7,0.0,1
314310,2696,1.00,144,7,0.0,1
314502,2697,1.59,192,10,0.0,1
314676,2698,1.15,174,8,0.0,1
314782,2699,0.37,106,4,0.0,1
314931,2700,1.00,149,7,0.0,1
315044,2701,0.55,113,5,0.0,1
315169,2702,0.59,125,5,0.0,1
315315,2703,0.95,146,7,0.0,1
315408,2704,0.39,93,4,0.0,1
315549,2705,0.96,141,7,0.0,1
315688,2706,0.79,139,6,0.0,1
315830,2707,0.95,142,7,0.0,1
315919,2708,0.55,89,5,0.0,1
316088,2709,1.39,169,9,0.0,1
316188,2710,0.35,100,4,0.0,1
316375,2711,1.19,187,8,0.0,1
316469,2712,0.58,94,5,0.0,1
316632,2713,1.14,163,8,0.0,1
316776,2714,1.17,144,8,0.0,1
316902,2715,0.78,126,6,0.0,1
317015,2716,0.59,113,5,0.0,1
317152,2717,1.15,137,8,0.0,1
317278,2718,0.80,126,6,0.0,1
317398,2719,0.60,120,5,0.0,1
317518,2720,0.80,120,6,0.0,1
317675,2721,0.97,157,7,0.0,1
317825,2722,0.97,150,7,0.0,1
317972,2723,0.97,147,7,0.0,1
318065,2724,0.38,93,4,0.0,1
318152,2725,0.38,87,4,0.0,1
318271,2726,0.76,119,6,0.0,1
318407,2727,1.17,136,8,0.0,1
318500,2728,0.38,93,4,0.0,1
318674,2729,0.91,174,7,0.0,1
318802,2730,1.16,128,8,0.0,1
318963,2731,1.15,161,8,0.0,1
319108,2732,1.00,145,7,0.0,1
319259,2733,1.15,151,8,0.0,1
319385,2734,0.76,126,6,0.0,1
319506,2735,0.51,121,5,0.0,1
319646,2736,1.16,140,8,0.0,1
319753,2737,0.80,107,6,0.0,1
319914,2738,0.99,161,7,0.0,1
320020,2739,0.59,106,5,0.0,1
320182,2740,1.15,162,8,0.0,1
320324,2741,0.79,142,6,0.0,1
320485,2742,1.18,161,8,0.0,1
320626,2743,0.99,141,7,0.0,1
320736,2744,0.55,110,5,0.0,1
320862,2745,0.75,126,6,0.0,1
321033,2746,1.18,171,8,0.0,1
321153,2747,0.78,120,6,0.0,1
321324,2748,1.11,171,8,0.0,1
321425,2749,0.59,101,5,0.0,1
321582,2750,0.99,157,7,0.0,1
321761,2751,1.19,179,8,0.0,1
321879,2752,0.97,118,7,0.0,1
321984,2753,0.60,105,5,0.0,1
322133,2754,0.95,149,7,0.0,1
322243,2755,0.76,110,6,0.0,1
322413,2756,0.95,170,7,0.0,1
322523,2757,0.59,110,5,0.0,1
322625,2758,0.37,102,4,0.0,1
322766,2759,0.72,141,6,0.0,1
322878,2760,0.77,112,6,0.0,1
322990,2761,0.60,112,5,0.0,1
323161,2762,1.18,171,8,0.0,1
323305,2763,1.00,144,7,0.0,1
323496,2764,1.18,191,8,0.0,1
323646,2765,1.18,150,8,0.0,1
323795,2766,0.95,149,7,0.0,1
323945,2767,1.00,150,7,0.0,1
324100,2768,0.96,155,7,0.0,1
324244,2769,1.08,144,8,0.0,1
324364,2770,0.95,120,7,0.0,1
324498,2771,0.79,134,6,0.0,1
324607,2772,0.40,109,4,0.0,1
324697,2773,0.37,90,4,0.0,1
324840,2774,0.78,143,6,0.0,1
325013,2775,1.15,173,8,0.0,1
325118,2776,0.55,105,5,0.0,1
325271,2777,0.91,153,7,0.0,1
325389,2778,0.98,118,7,0.0,1
325504,2779,0.80,115,6,0.0,1
325654,2780,0.96,150,7,0.0,1
325771,2781,0.77,117,6,0.0,1
325877,2782,0.56,106,5,0.0,1
325984,2783,0.75,107,6,0.0,1
326154,2784,0.96,170,7,0.0,1
326321,2785,1.16,167,8,0.0,1
326424,2786,0.52,103,5,0.0,1
326568,2787,1.00,144,7,0.0,1
326677,2788,0.37,109,4,0.0,1
326824,2789,0.89,147,7,0.0,1
327011,2790,1.36,187,9,0.0,1
327123,2791,0.56,112,5,0.0,1
327319,2792,1.55,196,10,0.0,1
327425,2793,0.55,106,5,0.0,1
327545,2794,0.75,120,6,0.0,1
327683,2795,0.56,138,5,0.0,1
327846,2796,1.36,163,9,0.0,1
327969,2797,1.00,123,7,0.0,1
328091,2798,0.95,122,7,0.0,1
328185,2799,0.40,94,4,0.0,1
328302,2800,0.80,117,6,0.0,1
328479,2801,1.38,177,9,0.0,1
328609,2802,0.75,130,6,0.0,1
328734,2803,0.99,125,7,0.0,1
328878,2804,1.17,144,8,0.0,1
329044,2805,1.15,166,8,0.0,1
329182,2806,0.77,138,6,0.0,1
329372,2807,1.18,190,8,0.0,1
329467,2808,0.35,95,4,0.0,1
329635,2809,1.15,168,8,0.0,1
329790,2810,1.00,155,7,0.0,1
329934,2811,0.95,144,7,0.0,1
330088,2812,1.17,154,8,0.0,1
330214,2813,0.59,126,5,0.0,1
330342,2814,0.91,128,7,0.0,1
330495,2815,1.00,153,7,0.0,1
330649,2816,0.97,154,7,0.0,1
330818,2817,1.17,169,8,0.0,1
330920,2818,0.55,102,5,0.0,1
331117,2819,1.19,197,8,0.0,1
331266,2820,0.97,149,7,0.0,1
331434,2821,0.91,168,7,0.0,1
331535,2822,0.39,101,4,0.0,1
331633,2823,0.58,98,5,0.0,1
331732,2824,0.40,99,4,0.0,1
331882,2825,0.95,150,7,0.0,1
332005,2826,0.57,123,5,0.0,1
332221,2827,1.19,216,8,0.0,1
332356,2828,0.55,135,5,0.0,1
332462,2829,0.35,106,4,0.0,1
332572,2830,0.55,110,5,0.0,1
332720,2831,0.77,148,6,0.0,1
332874,2832,1.11,154,8,0.0,1
332986,2833,0.60,112,5,0.0,1
333105,2834,0.71,119,6,0.0,1
333225,2835,0.75,120,6,0.0,1
333377,2836,1.00,152,7,0.0,1
333472,2837,0.38,95,4,0.0,1
333579,2838,0.39,107,4,0.0,1
333735,2839,1.20,156,8,0.0,1
333866,2840,0.80,131,6,0.0,1
333988,2841,0.58,122,5,0.0,1
334095,2842,0.58,107,5,0.0,1
334202,2843,0.35,107,4,0.0,1
334299,2844,0.16,97,3,0.0,1
334428,2845,0.77,129,6,0.0,1
334581,2846,1.00,153,7,0.0,1
334748,2847,1.20,167,8,0.0,1
334874,2848,0.78,126,6,0.0,1
335043,2849,1.20,169,8,0.0,1
335168,2850,0.79,125,6,0.0,1
335280,2851,0.55,112,5,0.0,1
335401,2852,0.80,121,6,0.0,1
335532,2853,0.75,131,6,0.0,1
335645,2854,0.35,113,4,0.0,1
335818,2855,1.38,173,9,0.0,1
335947,2856,0.98,129,7,0.0,1
336119,2857,1.15,172,8,0.0,1
336226,2858,0.35,107,4,0.0,1
336359,2859,0.80,133,6,0.0,1
336550,2860,1.38,191,9,0.0,1
336723,2861,1.19,173,8,0.0,1
336872,2862,1.00,149,7,0.0,1
337080,2863,1.55,208,10,0.0,1
337188,2864,0.75,108,6,0.0,1
337309,2865,0.56,121,5,0.0,1
337428,2866,0.80,119,6,0.0,1
337554,2867,0.56,126,5,0.0,1
337665,2868,0.59,111,5,0.0,1
337764,2869,0.35,99,4,0.0,1
337863,2870,0.57,99,5,0.0,1
337973,2871,0.55,110,5,0.0,1
338079,2872,0.37,106,4,0.0,1
338174,2873,0.16,95,3,0.0,1
338291,2874,0.40,117,4,0.0,1
338442,2875,1.20,151,8,0.0,1
338591,2876,1.35,149,9,0.0,1
338695,2877,0.40,104,4,0.0,1
338801,2878,0.55,106,5,0.0,1
338904,2879,0.35,103,4,0.0,1
339075,2880,1.18,171,8,0.0,1
339213,2881,0.91,138,7,0.0,1
339367,2882,0.96,154,7,0.0,1
339474,2883,0.55,107,5,0.0,1
339582,2884,0.15,108,3,0.0,1
339736,2885,1.35,154,9,0.0,1
339890,2886,0.95,154,7,0.0,1
339997,2887,0.60,107,5,0.0,1
340172,2888,1.16,175,8,0.0,1
340343,2889,1.16,171,8,0.0,1
340476,2890,0.96,133,7,0.0,1
340621,2891,1.00,145,7,0.0,1
340773,2892,0.99,152,7,0.0,1
340893,2893,0.57,120,5,0.0,1
341012,2894,0.98,119,7,0.0,1
341199,2895,1.17,187,8,0.0,1
341312,2896,0.76,113,6,0.0,1
341504,2897,0.97,192,7,0.0,1
341682,2898,1.17,178,8,0.0,1
341795,2899,0.69,113,6,0.0,1
341946,2900,0.95,151,7,0.0,1
342040,2901,0.59,94,5,0.0,1
342152,2902,0.78,112,6,0.0,1
342294,2903,1.00,142,7,0.0,1
342400,2904,0.34,106,4,0.0,1
342552,2905,1.19,152,8,0.0,1
342715,2906,1.19,163,8,0.0,1
342909,2907,1.20,194,8,0.0,1
343083,2908,1.16,174,8,0.0,1
343215,2909,0.55,132,5,0.0,1
343332,2910,0.40,117,4,0.0,1
343460,2911,0.79,128,6,0.0,1
343630,2912,1.15,170,8,0.0,1
343778,2913,1.19,148,8,0.0,1
343895,2914,0.59,117,5,0.0,1
344028,2915,1.00,133,7,0.0,1
344205,2916,1.18,177,8,0.0,1
344332,2917,0.91,127,7,0.0,1
344489,2918,1.15,157,8,0.0,1
344644,2919,1.00,155,7,0.0,1
344807,2920,1.18,163,8,0.0,1
344931,2921,0.79,124,6,0.0,1
345070,2922,1.20,139,8,0.0,1
345131,2923,0.20,61,3,0.0,1
345280,2924,0.93,149,7,0.0,1
345431,2925,0.96,151,7,0.0,1
345585,2926,0.93,154,7,0.0,1
345705,2927,0.98,120,7,0.0,1
345832,2928,0.78,127,6,0.0,1
345955,2929,0.51,123,5,0.0,1
346099,2930,0.75,144,6,0.0,1
346237,2931,1.18,138,8,0.0,1
346387,2932,1.00,150,7,0.0,1
346558,2933,1.57,171,10,0.0,1
346681,2934,0.75,123,6,0.0,1
346874,2935,0.91,193,7,0.0,1
347028,2936,1.00,154,7,0.0,1
347232,2937,1.37,204,9,0.0,1
347415,2938,1.33,183,9,0.0,1
347532,2939,0.60,117,5,0.0,1
347639,2940,0.58,107,5,0.0,1
347747,2941,0.38,108,4,0.0,1
347922,2942,1.12,175,8,0.0,1
348128,2943,1.19,206,8,0.0,1
348246,2944,0.96,118,7,0.0,1
348376,2945,0.79,130,6,0.0,1
348501,2946,0.79,125,6,0.0,1
348636,2947,0.73,135,6,0.0,1
348809,2948,1.16,173,8,0.0,1
349002,2949,1.39,193,9,0.0,1
349138,2950,0.99,136,7,0.0,1
349300,2951,1.11,162,8,0.0,1
349467,2952,1.20,167,8,0.0,1
349615,2953,0.79,148,6,0.0,1
349788,2954,1.16,173,8,0.0,1
349892,2955,0.59,104,5,0.0,1
350046,2956,1.19,154,8,0.0,1
350099,2957,-0.20,53,1,0.0,1
350229,2958,0.80,130,6,0.0,1
350357,2959,0.77,128,6,0.0,1
350500,2960,1.17,143,8,0.0,1
350643,2961,0.78,143,6,0.0,1
350794,2962,1.20,151,8,0.0,1
350917,2963,0.79,123,6,0.0,1
351007,2964,0.37,90,4,0.0,1
351188,2965,1.17,181,8,0.0,1
351321,2966,1.17,133,8,0.0,1
351470,2967,1.20,149,8,0.0,1
351576,2968,0.58,106,5,0.0,1
351729,2969,1.00,153,7,0.0,1
351955,2970,1.35,226,9,0.0,1
352113,2971,0.97,158,7,0.0,1
352218,2972,0.38,105,4,0.0,1
352303,2973,0.56,85,5,0.0,1
352436,2974,1.00,133,7,0.0,1
352596,2975,1.00,160,7,0.0,1
352723,2976,1.00,127,7,0.0,1
352854,2977,0.98,131,7,0.0,1
353004,2978,0.96,150,7,0.0,1
353193,2979,1.38,189,9,0.0,1
353314,2980,0.60,121,5,0.0,1
353418,2981,0.18,104,3,0.0,1
353530,2982,0.59,112,5,0.0,1
353664,2983,1.00,134,7,0.0,1
353792,2984,0.75,128,6,0.0,1
353894,2985,0.60,102,5,0.0,1
354053,2986,0.95,159,7,0.0,1
354196,2987,1.00,143,7,0.0,1
354332,2988,0.99,136,7,0.0,1
354496,2989,0.95,164,7,0.0,1
354606,2990,0.55,110,5,0.0,1
354741,2991,0.79,135,6,0.0,1
354864,2992,0.75,123,6,0.0,1
354965,2993,0.55,101,5,0.0,1
355122,2994,1.20,157,8,0.0,1
355269,2995,1.18,147,8,0.0,1
355427,2996,1.00,158,7,0.0,1
355587,2997,1.16,160,8,0.0,1
355737,2998,1.00,150,7,0.0,1
355896,2999,0.99,159,7,0.0,1
356056,3000,0.87,160,7,0.0,1
356251,3001,1.09,195,8,0.0,1
356417,3002,1.15,166,8,0.0,1
356575,3003,1.15,158,8,0.0,1
356726,3004,1.20,151,8,0.0,1
356845,3005,0.75,119,6,0.0,1
356952,3006,0.55,107,5,0.0,1
357108,3007,1.00,156,7,0.0,1
357275,3008,1.16,167,8,0.0,1
357411,3009,0.78,136,6,0.0,1
357593,3010,1.38,182,9,0.0,1
357706,3011,0.77,113,6,0.0,1
357841,3012,0.79,135,6,0.0,1
357984,3013,0.95,143,7,0.0,1
358091,3014,0.39,107,4,0.0,1
358215,3015,0.60,124,5,0.0,1
358355,3016,0.99,140,7,0.0,1
358519,3017,1.38,164,9,0.0,1
358677,3018,1.20,158,8,0.0,1
358808,3019,1.00,131,7,0.0,1
358973,3020,1.56,165,10,0.0,1
359155,3021,1.16,182,8,0.0,1
359264,3022,0.38,109,4,0.0,1
359373,3023,0.80,109,6,0.0,1
359517,3024,1.20,144,8,0.0,1
359648,3025,0.77,131,6,0.0,1
359816,3026,0.97,168,7,0.0,1
359959,3027,1.00,143,7,0.0,1
360076,3028,0.78,117,6,0.0,1
360203,3029,0.55,127,5,0.0,1
360366,3030,1.15,163,8,0.0,1
360495,3031,0.95,129,7,0.0,1
360629,3032,0.71,134,6,0.0,1
360747,3033,0.78,118,6,0.0,1
360867,3034,0.59,120,5,0.0,1
360979,3035,0.55,112,5,0.0,1
361126,3036,1.20,147,8,0.0,1
361351,3037,1.39,225,9,0.0,1
361513,3038,1.15,162,8,0.0,1
361702,3039,1.38,189,9,0.0,1
361803,3040,0.35,101,4,0.0,1
361899,3041,0.55,96,5,0.0,1
362004,3042,0.38,105,4,0.0,1
362150,3043,1.20,146,8,0.0,1
362310,3044,0.99,160,7,0.0,1
362450,3045,0.99,140,7,0.0,1
362596,3046,0.95,146,7,0.0,1
362736,3047,1.11,140,8,0.0,1
362901,3048,1.19,165,8,0.0,1
363075,3049,0.92,174,7,0.0,1
363217,3050,0.96,142,7,0.0,1
363382,3051,1.20,165,8,0.0,1
363563,3052,1.31,181,9,0.0,1
363733,3053,1.16,170,8,0.0,1
363870,3054,0.99,137,7,0.0,1
364021,3055,1.00,151,7,0.0,1
364176,3056,0.99,155,7,0.0,1
364281,3057,0.15,105,3,0.0,1
364415,3058,0.99,134,7,0.0,1
364521,3059,0.57,106,5,0.0,1
364662,3060,1.00,141,7,0.0,1
364761,3061,0.55,99,5,0.0,1
364953,3062,1.16,192,8,0.0,1
365116,3063,1.14,163,8,0.0,1
365298,3064,1.36,182,9,0.0,1
365412,3065,1.00,114,7,0.0,1
365549,3066,1.15,137,8,0.0,1
365661,3067,0.55,112,5,0.0,1
365821,3068,1.15,160,8,0.0,1
366010,3069,1.20,189,8,0.0,1
366169,3070,0.97,159,7,0.0,1
366310,3071,0.97,141,7,0.0,1
366485,3072,1.18,175,8,0.0,1
366627,3073,0.60,142,5,0.0,1
366735,3074,0.35,108,4,0.0,1
366851,3075,0.60,116,5,0.0,1
367007,3076,1.00,156,7,0.0,1
367132,3077,0.95,125,7,0.0,1
367249,3078,0.98,117,7,0.0,1
367356,3079,0.58,107,5,0.0,1
367530,3080,1.16,174,8,0.0,1
367649,3081,0.57,119,5,0.0,1
367794,3082,0.99,145,7,0.0,1
367980,3083,1.20,186,8,0.0,1
368164,3084,1.12,184,8,0.0,1
368310,3085,1.12,146,8,0.0,1
368459,3086,1.00,149,7,0.0,1
368565,3087,0.55,106,5,0.0,1
368712,3088,1.00,147,7,0.0,1
368879,3089,1.18,167,8,0.0,1
369047,3090,1.18,168,8,0.0,1
369156,3091,0.78,109,6,0.0,1
369312,3092,1.19,156,8,0.0,1
369500,3093,1.19,188,8,0.0,1
369652,3094,1.00,152,7,0.0,1
369757,3095,0.58,105,5,0.0,1
369884,3096,0.80,127,6,0.0,1
370037,3097,1.00,153,7,0.0,1
370210,3098,1.15,173,8,0.0,1
370363,3099,1.00,153,7,0.0,1
370490,3100,0.54,127,5,0.0,1
370661,3101,1.16,171,8,0.0,1
370817,3102,1.18,156,8,0.0,1
370918,3103,0.55,101,5,0.0,1
371054,3104,0.95,136,7,0.0,1
371238,3105,1.09,184,8,0.0,1
371409,3106,1.00,171,7,0.0,1
371536,3107,0.79,127,6,0.0,1
371661,3108,0.59,125,5,0.0,1
371781,3109,0.79,120,6,0.0,1
371941,3110,1.36,160,9,0.0,1
372059,3111,0.80,118,6,0.0,1
372257,3112,1.19,198,8,0.0,1
372381,3113,0.96,124,7,0.0,1
372556,3114,1.00,175,7,0.0,1
372747,3115,1.40,191,9,0.0,1
372903,3116,1.20,156,8,0.0,1
373070,3117,0.95,167,7,0.0,1
373211,3118,1.20,141,8,0.0,1
373380,3119,0.95,169,7,0.0,1
373552,3120,1.18,172,8,0.0,1
373694,3121,0.71,142,6,0.0,1
373809,3122,0.55,115,5,0.0,1
373961,3123,1.15,152,8,0.0,1
374094,3124,0.80,133,6,0.0,1
374189,3125,0.35,95,4,0.0,1
374291,3126,0.39,102,4,0.0,1
374456,3127,1.20,165,8,0.0,1
374652,3128,1.76,196,11,0.0,1
374779,3129,0.79,127,6,0.0,1
374928,3130,1.15,149,8,0.0,1
375026,3131,0.40,98,4,0.0,1
375183,3132,0.95,157,7,0.0,1
375382,3133,1.35,199,9,0.0,1
375523,3134,1.00,141,7,0.0,1
375680,3135,0.99,157,7,0.0,1
375839,3136,1.00,159,7,0.0,1
375960,3137,0.29,121,4,0.0,1
376145,3138,1.36,185,9,0.0,1
376309,3139,1.15,164,8,0.0,1
376481,3140,1.40,172,9,0.0,1
376656,3141,1.18,175,8,0.0,1
376791,3142,0.77,135,6,0.0,1
376954,3143,1.17,163,8,0.0,1
377059,3144,0.52,105,5,0.0,1
377170,3145,0.56,111,5,0.0,1
377359,3146,1.18,189,8,0.0,1
377478,3147,0.79,119,6,0.0,1
377595,3148,0.76,117,6,0.0,1
377723,3149,1.19,128,8,0.0,1
377783,3150,0.16,60,3,0.0,1
377924,3151,1.20,141,8,0.0,1
378033,3152,0.55,109,5,0.0,1
378156,3153,0.52,123,5,0.0,1
378314,3154,1.00,158,7,0.0,1
378454,3155,0.90,140,7,0.0,1
378602,3156,1.20,148,8,0.0,1
378776,3157,1.40,174,9,0.0,1
378874,3158,0.78,98,6,0.0,1
379038,3159,1.40,164,9,0.0,1
379142,3160,0.60,104,5,0.0,1
379280,3161,1.18,138,8,0.0,1
379441,3162,1.00,161,7,0.0,1
379607,3163,0.99,166,7,0.0,1
379714,3164,0.20,107,3,0.0,1
379875,3165,1.18,161,8,0.0,1
379978,3166,0.32,103,4,0.0,1
380116,3167,1.00,138,7,0.0,1
380268,3168,0.79,152,6,0.0,1
380424,3169,1.15,156,8,0.0,1
380556,3170,0.78,132,6,0.0,1
380674,3171,0.99,118,7,0.0,1
380842,3172,1.10,168,8,0.0,1
381054,3173,1.39,212,9,0.0,1
381203,3174,0.99,149,7,0.0,1
381323,3175,0.78,120,6,0.0,1
381463,3176,1.00,140,7,0.0,1
381662,3177,1.17,199,8,0.0,1
381816,3178,1.17,154,8,0.0,1
381915,3179,0.55,99,5,0.0,1
382115,3180,1.20,200,8,0.0,1
382271,3181,0.96,156,7,0.0,1
382410,3182,1.37,139,9,0.0,1
382552,3183,0.96,142,7,0.0,1
382649,3184,0.73,97,6,0.0,1
382771,3185,0.79,122,6,0.0,1
382960,3186,1.20,189,8,0.0,1
383125,3187,1.00,165,7,0.0,1
383228,3188,0.35,103,4,0.0,1
383362,3189,0.95,134,7,0.0,1
383465,3190,0.77,103,6,0.0,1
383631,3191,1.18,166,8,0.0,1
383778,3192,0.98,147,7,0.0,1
383922,3193,0.95,144,7,0.0,1
384074,3194,0.98,152,7,0.0,1
384209,3195,0.95,135,7,0.0,1
384313,3196,0.58,104,5,0.0,1
384474,3197,1.20,161,8,0.0,1
384611,3198,1.00,137,7,0.0,1
384712,3199,0.38,101,4,0.0,1
384824,3200,0.55,112,5,0.0,1
384986,3201,0.97,162,7,0.0,1
385151,3202,1.20,165,8,0.0,1
385238,3203,0.38,87,4,0.0,1
385428,3204,1.33,190,9,0.0,1
385582,3205,0.96,154,7,0.0,1
385751,3206,1.19,169,8,0.0,1
385903,3207,0.76,152,6,0.0,1
386035,3208,0.96,132,7,0.0,1
386168,3209,0.78,133,6,0.0,1
386272,3210,0.60,104,5,0.0,1
386455,3211,1.35,183,9,0.0,1
386583,3212,0.80,128,6,0.0,1
386699,3213,0.58,116,5,0.0,1
386847,3214,0.95,148,7,0.0,1
386969,3215,0.76,122,6,0.0,1
387136,3216,1.00,167,7,0.0,1
387296,3217,1.18,160,8,0.0,1
387396,3218,0.35,100,4,0.0,1
387546,3219,1.00,150,7,0.0,1
387637,3220,0.18,91,3,0.0,1
387759,3221,0.78,122,6,0.0,1
387834,3222,-0.07,75,2,0.0,1
387928,3223,0.15,94,3,0.0,1
388071,3224,0.99,143,7,0.0,1
388226,3225,1.00,155,7,0.0,1
388329,3226,0.58,103,5,0.0,1
388478,3227,1.38,149,9,0.0,1
388645,3228,1.40,167,9,0.0,1
388798,3229,1.00,153,7,0.0,1
388953,3230,1.19,155,8,0.0,1
389095,3231,1.00,142,7,0.0,1
389194,3232,0.38,99,4,0.0,1
389348,3233,0.99,154,7,0.0,1
389494,3234,1.15,146,8,0.0,1
389606,3235,0.55,112,5,0.0,1
389773,3236,0.95,167,7,0.0,1
389886,3237,0.60,113,5,0.0,1
389979,3238,0.19,93,3,0.0,1
390067,3239,0.38,88,4,0.0,1
390195,3240,0.80,128,6,0.0,1
390295,3241,0.53,100,5,0.0,1
390439,3242,0.97,144,7,0.0,1
390609,3243,1.20,170,8,0.0,1
390737,3244,1.18,128,8,0.0,1
390843,3245,0.37,106,4,0.0,1
390995,3246,0.80,152,6,0.0,1
391121,3247,0.53,126,5,0.0,1
391233,3248,0.80,112,6,0.0,1
391431,3249,1.14,198,8,0.0,1
391594,3250,1.00,163,7,0.0,1
391725,3251,0.91,131,7,0.0,1
391900,3252,1.18,175,8,0.0,1
392030,3253,0.75,130,6,0.0,1
392149,3254,0.79,119,6,0.0,1
392289,3255,0.99,140,7,0.0,1
392372,3256,0.36,83,4,0.0,1
392495,3257,0.94,123,7,0.0,1
392580,3258,0.20,85,3,0.0,1
392659,3259,0.36,79,4,0.0,1
392763,3260,0.40,104,4,0.0,1
392922,3261,0.80,159,6,0.0,1
393034,3262,0.59,112,5,0.0,1
393169,3263,0.80,135,6,0.0,1
393293,3264,0.96,124,7,0.0,1
393419,3265,0.76,126,6,0.0,1
393586,3266,1.00,167,7,0.0,1
393734,3267,0.60,148,5,0.0,1
393894,3268,1.35,160,9,0.0,1
394075,3269,1.39,181,9,0.0,1
394219,3270,0.75,144,6,0.0,1
394385,3271,0.91,166,7,0.0,1
394528,3272,1.18,143,8,0.0,1
394661,3273,0.98,133,7,0.0,1
394868,3274,1.35,207,9,0.0,1
395038,3275,1.10,170,8,0.0,1
395193,3276,0.78,155,6,0.0,1
395284,3277,0.18,91,3,0.0,1
395410,3278,0.93,126,7,0.0,1
395526,3279,1.00,116,7,0.0,1
395652,3280,1.18,126,8,0.0,1
395798,3281,0.96,146,7,0.0,1
395916,3282,0.98,118,7,0.0,1
396101,3283,1.39,185,9,0.0,1
396226,3284,0.78,125,6,0.0,1
396358,3285,0.95,132,7,0.0,1
396525,3286,1.31,167,9,0.0,1
396659,3287,0.59,134,5,0.0,1
396807,3288,0.96,148,7,0.0,1
396960,3289,0.97,153,7,0.0,1
397116,3290,1.15,156,8,0.0,1
397231,3291,0.77,115,6,0.0,1
397377,3292,1.20,146,8,0.0,1
397509,3293,0.60,132,5,0.0,1
397654,3294,0.75,145,6,0.0,1
397810,3295,1.00,156,7,0.0,1
397952,3296,0.99,142,7,0.0,1
398058,3297,0.58,106,5,0.0,1
398184,3298,0.80,126,6,0.0,1
398301,3299,0.76,117,6,0.0,1
398460,3300,0.97,159,7,0.0,1
398548,3301,0.18,88,3,0.0,1
398676,3302,0.78,128,6,0.0,1
398838,3303,1.35,162,9,0.0,1
398982,3304,0.95,144,7,0.0,1
399134,3305,1.00,152,7,0.0,1
399291,3306,1.00,157,7,0.0,1
399439,3307,0.78,148,6,0.0,1
399543,3308,0.58,104,5,0.0,1
399688,3309,1.00,145,7,0.0,1
399854,3310,0.95,166,7,0.0,1
399953,3311,0.39,99,4,0.0,1
400059,3312,0.55,106,5,0.0,1
400200,3313,0.95,141,7,0.0,1
400343,3314,0.71,143,6,0.0,1
400460,3315,0.78,117,6,0.0,1
400617,3316,1.19,157,8,0.0,1
400722,3317,0.59,105,5,0.0,1
400895,3318,1.09,173,8,0.0,1
401000,3319,0.15,105,3,0.0,1
401134,3320,0.99,134,7,0.0,1
401278,3321,1.11,144,8,0.0,1
401422,3322,0.60,144,5,0.0,1
401561,3323,0.55,139,5,0.0,1
401740,3324,1.15,179,8,0.0,1
401881,3325,0.60,141,5,0.0,1
401981,3326,0.15,100,3,0.0,1
402091,3327,0.57,110,5,0.0,1
402272,3328,1.15,181,8,0.0,1
402370,3329,0.17,98,3,0.0,1
402489,3330,0.79,119,6,0.0,1
402597,3331,0.96,108,7,0.0,1
402743,3332,0.71,146,6,0.0,1
402855,3333,0.80,112,6,0.0,1
403002,3334,1.10,147,8,0.0,1
403167,3335,0.95,165,7,0.0,1
403299,3336,1.16,132,8,0.0,1
403482,3337,1.15,183,8,0.0,1
403611,3338,0.71,129,6,0.0,1
403774,3339,1.00,163,7,0.0,1
403898,3340,0.98,124,7,0.0,1
404079,3341,1.15,181,8,0.0,1
404181,3342,0.39,102,4,0.0,1
404288,3343,0.58,107,5,0.0,1
404425,3344,0.78,137,6,0.0,1
404512,3345,0.78,87,6,0.0,1
404631,3346,0.31,119,4,0.0,1
404776,3347,0.79,145,6,0.0,1
404874,3348,0.78,98,6,0.0,1
404999,3349,0.76,125,6,0.0,1
405127,3350,0.75,128,6,0.0,1
405257,3351,0.77,130,6,0.0,1
405356,3352,0.60,99,5,0.0,1
405440,3353,0.55,84,5,0.0,1
405541,3354,0.56,101,5,0.0,1
405655,3355,0.75,114,6,0.0,1
405769,3356,0.38,114,4,0.0,1
405869,3357,0.35,100,4,0.0,1
406011,3358,0.78,142,6,0.0,1
406104,3359,0.18,93,3,0.0,1
406231,3360,0.55,127,5,0.0,1
406329,3361,0.40,98,4,0.0,1
406483,3362,1.00,154,7,0.0,1
406583,3363,0.38,100,4,0.0,1
406723,3364,0.75,140,6,0.0,1
406862,3365,0.80,139,6,0.0,1
407005,3366,0.76,143,6,0.0,1
407123,3367,0.15,118,3,0.0,1
407218,3368,0.57,95,5,0.0,1
407323,3369,0.53,105,5,0.0,1
407453,3370,0.76,130,6,0.0,1
407601,3371,0.91,148,7,0.0,1
407759,3372,1.00,158,7,0.0,1
407867,3373,0.78,108,6,0.0,1
407990,3374,0.79,123,6,0.0,1
408103,3375,0.80,113,6,0.0,1
408283,3376,1.20,180,8,0.0,1
408392,3377,0.59,109,5,0.0,1
408514,3378,0.39,122,4,0.0,1
408638,3379,1.00,124,7,0.0,1
408756,3380,0.55,118,5,0.0,1
408919,3381,1.40,163,9,0.0,1
409004,3382,0.18,85,3,0.0,1
409163,3383,1.15,159,8,0.0,1
409315,3384,0.96,152,7,0.0,1
409440,3385,0.60,125,5,0.0,1
409597,3386,1.20,157,8,0.0,1
409723,3387,0.80,126,6,0.0,1
409810,3388,0.16,87,3,0.0,1
409946,3389,0.69,136,6,0.0,1
410039,3390,0.59,93,5,0.0,1
410132,3391,0.38,93,4,0.0,1
410288,3392,0.98,156,7,0.0,1
410378,3393,0.38,90,4,0.0,1
410494,3394,0.56,116,5,0.0,1
410666,3395,1.19,172,8,0.0,1
410770,3396,0.78,104,6,0.0,1
410905,3397,0.57,135,5,0.0,1
411061,3398,0.91,156,7,0.0,1
411205,3399,0.56,144,5,0.0,1
411290,3400,0.16,85,3,0.0,1
411414,3401,0.80,124,6,0.0,1
411513,3402,0.35,99,4,0.0,1
411672,3403,1.00,159,7,0.0,1
411759,3404,0.18,87,3,0.0,1
411892,3405,1.15,133,8,0.0,1
412054,3406,1.18,162,8,0.0,1
412159,3407,0.58,105,5,0.0,1
412228,3408,0.00,69,2,0.0,1
412408,3409,1.18,180,8,0.0,1
412517,3410,0.35,109,4,0.0,1
412654,3411,0.80,137,6,0.0,1
412774,3412,1.16,120,8,0.0,1
412916,3413,0.72,142,6,0.0,1
413060,3414,1.00,144,7,0.0,1
413121,3415,-0.05,61,2,0.0,1
413244,3416,0.74,123,6,0.0,1
413348,3417,0.60,104,5,0.0,1
413501,3418,1.28,153,9,0.0,1
413633,3419,0.96,132,7,0.0,1
413778,3420,0.95,145,7,0.0,1
413910,3421,0.80,132,6,0.0,1
414026,3422,0.60,116,5,0.0,1
414182,3423,1.19,156,8,0.0,1
414320,3424,0.95,138,7,0.0,1
414449,3425,0.72,129,6,0.0,1
414571,3426,0.79,122,6,0.0,1
414727,3427,0.79,156,6,0.0,1
414892,3428,1.15,165,8,0.0,1
415034,3429,0.96,142,7,0.0,1
415138,3430,0.55,104,5,0.0,1
415262,3431,0.75,124,6,0.0,1
415395,3432,1.00,133,7,0.0,1
415496,3433,0.38,101,4,0.0,1
415656,3434,1.36,160,9,0.0,1
415822,3435,0.71,166,6,0.0,1
415985,3436,1.16,163,8,0.0,1
416095,3437,0.38,110,4,0.0,1
416228,3438,0.80,133,6,0.0,1
416330,3439,0.58,102,5,0.0,1
416441,3440,0.51,111,5,0.0,1
416545,3441,0.51,104,5,0.0,1
416705,3442,1.38,160,9,0.0,1
416839,3443,0.75,134,6,0.0,1
416989,3444,0.96,150,7,0.0,1
417132,3445,0.96,143,7,0.0,1
417291,3446,0.99,159,7,0.0,1
417399,3447,0.55,108,5,0.0,1
417484,3448,0.36,85,4,0.0,1
417588,3449,0.76,104,6,0.0,1
417684,3450,0.58,96,5,0.0,1
417860,3451,0.96,176,7,0.0,1
417975,3452,0.51,115,5,0.0,1
418117,3453,0.95,142,7,0.0,1
418308,3454,1.56,191,10,0.0,1
418449,3455,0.95,141,7,0.0,1
418587,3456,0.99,138,7,0.0,1
418740,3457,1.00,153,7,0.0,1
418908,3458,1.00,168,7,0.0,1
419137,3459,1.19,229,8,0.0,1
419299,3460,0.95,162,7,0.0,1
419456,3461,1.20,157,8,0.0,1
419593,3462,0.79,137,6,0.0,1
419705,3463,0.95,112,7,0.0,1
419882,3464,1.17,177,8,0.0,1
420047,3465,1.00,165,7,0.0,1
420154,3466,0.96,107,7,0.0,1
420249,3467,0.20,95,3,0.0,1
420385,3468,0.96,136,7,0.0,1
420536,3469,0.96,151,7,0.0,1
420666,3470,0.79,130,6,0.0,1
420822,3471,0.99,156,7,0.0,1
420921,3472,0.55,99,5,0.0,1
421056,3473,0.99,135,7,0.0,1
421201,3474,0.98,145,7,0.0,1
421362,3475,1.00,161,7,0.0,1
421517,3476,1.00,155,7,0.0,1
421677,3477,1.00,160,7,0.0,1
421781,3478,0.17,104,3,0.0,1
421893,3479,0.60,112,5,0.0,1
422010,3480,0.60,117,5,0.0,1
422115,3481,0.80,105,6,0.0,1
422214,3482,0.55,99,5,0.0,1
422310,3483,0.58,96,5,0.0,1
422420,3484,0.71,110,6,0.0,1
422521,3485,0.39,101,4,0.0,1
422667,3486,0.74,146,6,0.0,1
422843,3487,1.15,176,8,0.0,1
422999,3488,1.20,156,8,0.0,1
423142,3489,0.97,143,7,0.0,1
423300,3490,1.00,158,7,0.0,1
423444,3491,1.00,144,7,0.0,1
423587,3492,0.94,143,7,0.0,1
423721,3493,0.99,134,7,0.0,1
423864,3494,0.96,143,7,0.0,1
424016,3495,0.95,152,7,0.0,1
424166,3496,0.75,150,6,0.0,1
424240,3497,0.36,74,4,0.0,1
424344,3498,0.58,104,5,0.0,1
424464,3499,0.96,120,7,0.0,1
424554,3500,0.37,90,4,0.0,1
424654,3501,-0.09,100,2,0.0,1
424803,3502,1.00,149,7,0.0,1
424956,3503,1.00,153,7,0.0,1
425117,3504,0.80,161,6,0.0,1
425311,3505,1.37,194,9,0.0,1
425456,3506,0.80,145,6,0.0,1
425615,3507,0.99,159,7,0.0,1
425773,3508,1.00,158,7,0.0,1
425883,3509,0.38,110,4,0.0,1
426003,3510,0.96,120,7,0.0,1
426145,3511,0.75,142,6,0.0,1
426298,3512,0.95,153,7,0.0,1
426431,3513,0.76,133,6,0.0,1
426591,3514,1.00,160,7,0.0,1
426723,3515,0.99,132,7,0.0,1
426879,3516,1.00,156,7,0.0,1
427030,3517,1.00,151,7,0.0,1
427151,3518,0.75,121,6,0.0,1
427238,3519,0.38,87,4,0.0,1
427362,3520,0.54,124,5,0.0,1
427507,3521,1.00,145,7,0.0,1
427631,3522,0.60,124,5,0.0,1
427737,3523,0.18,106,3,0.0,1
427837,3524,0.18,100,3,0.0,1
427971,3525,0.93,134,7,0.0,1
428098,3526,0.78,127,6,0.0,1
428250,3527,0.99,152,7,0.0,1
428352,3528,0.55,102,5,0.0,1
428471,3529,0.80,119,6,0.0,1
428626,3530,0.80,155,6,0.0,1
428774,3531,1.00,148,7,0.0,1
428874,3532,0.76,100,6,0.0,1
429009,3533,0.99,135,7,0.0,1
429122,3534,0.76,113,6,0.0,1
429231,3535,0.51,109,5,0.0,1
429323,3536,0.18,92,3,0.0,1
429468,3537,0.75,145,6,0.0,1
429549,3538,0.17,81,3,0.0,1
429707,3539,0.95,158,7,0.0,1
429808,3540,0.18,101,3,0.0,1
429927,3541,0.55,119,5,0.0,1
430050,3542,0.35,123,4,0.0,1
430209,3543,1.40,159,9,0.0,1
430319,3544,0.91,110,7,0.0,1
430483,3545,0.91,164,7,0.0,1
430637,3546,1.00,154,7,0.0,1
430798,3547,0.97,161,7,0.0,1
430909,3548,0.57,111,5,0.0,1
431029,3549,0.80,120,6,0.0,1
431185,3550,0.97,156,7,0.0,1
431290,3551,0.73,105,6,0.0,1
431433,3552,0.79,143,6,0.0,1
431549,3553,0.57,116,5,0.0,1
431684,3554,1.14,135,8,0.0,1
431793,3555,0.55,109,5,0.0,1
431917,3556,0.60,124,5,0.0,1
432090,3557,1.36,173,9,0.0,1
432199,3558,0.60,109,5,0.0,1
432330,3559,0.99,131,7,0.0,1
432480,3560,1.00,150,7,0.0,1
432594,3561,0.55,114,5,0.0,1
432679,3562,0.16,85,3,0.0,1
432791,3563,0.56,112,5,0.0,1
432937,3564,0.77,146,6,0.0,1
433038,3565,0.55,101,5,0.0,1
433146,3566,0.35,108,4,0.0,1
433301,3567,0.99,155,7,0.0,1
433469,3568,0.96,168,7,0.0,1
433640,3569,1.00,171,7,0.0,1
433788,3570,1.20,148,8,0.0,1
433888,3571,0.16,100,3,0.0,1
433982,3572,0.58,94,5,0.0,1
434138,3573,0.77,156,6,0.0,1
434304,3574,0.77,166,6,0.0,1
434397,3575,0.38,93,4,0.0,1
434536,3576,1.00,139,7,0.0,1
434707,3577,1.15,171,8,0.0,1
434817,3578,0.75,110,6,0.0,1
434984,3579,1.17,167,8,0.0,1
435087,3580,0.35,103,4,0.0,1
435179,3581,0.18,92,3,0.0,1
435285,3582,0.51,106,5,0.0,1
435435,3583,0.80,150,6,0.0,1
435539,3584,0.37,104,4,0.0,1
435636,3585,0.35,97,4,0.0,1
435780,3586,0.95,144,7,0.0,1
435924,3587,1.20,144,8,0.0,1
436027,3588,0.58,103,5,0.0,1
436120,3589,0.18,93,3,0.0,1
436284,3590,1.00,164,7,0.0,1
436452,3591,1.13,168,8,0.0,1
436616,3592,1.31,164,9,0.0,1
436759,3593,1.17,143,8,0.0,1
436851,3594,0.19,92,3,0.0,1
437005,3595,1.00,154,7,0.0,1
437167,3596,1.15,162,8,0.0,1
437295,3597,0.80,128,6,0.0,1
437389,3598,0.79,94,6,0.0,1
437562,3599,1.11,173,8,0.0,1
437733,3600,1.31,171,9,0.0,1
437835,3601,0.78,102,6,0.0,1
437985,3602,1.20,150,8,0.0,1
438120,3603,0.95,135,7,0.0,1
438253,3604,0.79,133,6,0.0,1
438393,3605,0.88,140,7,0.0,1
438532,3606,0.75,139,6,0.0,1
438696,3607,1.00,164,7,0.0,1
438823,3608,0.74,127,6,0.0,1
438929,3609,0.58,106,5,0.0,1
439058,3610,0.80,129,6,0.0,1
439157,3611,0.16,99,3,0.0,1
439315,3612,0.80,158,6,0.0,1
439478,3613,1.00,163,7,0.0,1
439626,3614,1.16,148,8,0.0,1
439724,3615,0.35,98,4,0.0,1
439862,3616,0.76,138,6,0.0,1
439986,3617,0.97,124,7,0.0,1
440106,3618,0.71,120,6,0.0,1
440271,3619,1.18,165,8,0.0,1
440421,3620,0.80,150,6,0.0,1
440522,3621,0.56,101,5,0.0,1
440699,3622,0.93,177,7,0.0,1
440787,3623,0.18,88,3,0.0,1
440870,3624,0.40,83,4,0.0,1
440963,3625,0.37,93,4,0.0,1
441061,3626,0.59,98,5,0.0,1
441146,3627,0.16,85,3,0.0,1
441270,3628,0.59,124,5,0.0,1
441418,3629,1.00,148,7,0.0,1
441564,3630,1.00,146,7,0.0,1
441695,3631,0.96,131,7,0.0,1
441786,3632,-0.02,91,2,0.0,1
441943,3633,0.80,157,6,0.0,1
442045,3634,0.55,102,5,0.0,1
442166,3635,0.96,121,7,0.0,1
442287,3636,0.56,121,5,0.0,1
442464,3637,1.15,177,8,0.0,1
442640,3638,1.16,176,8,0.0,1
442804,3639,0.97,164,7,0.0,1
442940,3640,0.95,136,7,0.0,1
443071,3641,1.00,131,7,0.0,1
443262,3642,1.19,191,8,0.0,1
443455,3643,1.39,193,9,0.0,1
443615,3644,0.91,160,7,0.0,1
443729,3645,0.60,114,5,0.0,1
443903,3646,1.55,174,10,0.0,1
444075,3647,1.16,172,8,0.0,1
444225,3648,1.14,150,8,0.0,1
444371,3649,0.97,146,7,0.0,1
444496,3650,0.58,125,5,0.0,1
444632,3651,1.00,136,7,0.0,1
444789,3652,1.20,157,8,0.0,1
444904,3653,0.49,115,5,0.0,1
445029,3654,1.00,125,7,0.0,1
445141,3655,0.55,112,5,0.0,1
445273,3656,1.15,132,8,0.0,1
445393,3657,0.77,120,6,0.0,1
445565,3658,1.00,172,7,0.0,1
445710,3659,0.80,145,6,0.0,1
445862,3660,0.80,152,6,0.0,1
445979,3661,0.79,117,6,0.0,1
446130,3662,0.80,151,6,0.0,1
446251,3663,0.59,121,5,0.0,1
446366,3664,0.78,115,6,0.0,1
446516,3665,0.95,150,7,0.0,1
446639,3666,0.80,123,6,0.0,1
446789,3667,0.97,150,7,0.0,1
446948,3668,1.00,159,7,0.0,1
447094,3669,1.15,146,8,0.0,1
447222,3670,0.75,128,6,0.0,1
447362,3671,0.94,140,7,0.0,1
447461,3672,0.37,99,4,0.0,1
447616,3673,1.18,155,8,0.0,1
447704,3674,0.17,88,3,0.0,1
447808,3675,0.39,104,4,0.0,1
447925,3676,0.58,117,5,0.0,1
448078,3677,1.20,153,8,0.0,1
448185,3678,0.80,107,6,0.0,1
448319,3679,0.93,134,7,0.0,1
448446,3680,0.75,127,6,0.0,1
448552,3681,0.35,106,4,0.0,1
448706,3682,1.15,154,8,0.0,1
448828,3683,1.16,122,8,0.0,1
448927,3684,0.75,99,6,0.0,1
449098,3685,1.14,171,8,0.0,1
449253,3686,0.75,155,6,0.0,1
449436,3687,1.18,183,8,0.0,1
449539,3688,0.37,103,4,0.0,1
449706,3689,1.00,167,7,0.0,1
449858,3690,1.00,152,7,0.0,1
449992,3691,0.80,134,6,0.0,1
450089,3692,0.38,97,4,0.0,1
450250,3693,0.97,161,7,0.0,1
450388,3694,0.95,138,7,0.0,1
450527,3695,1.19,139,8,0.0,1
450666,3696,0.55,139,5,0.0,1
450786,3697,0.59,120,5,0.0,1
450952,3698,1.19,166,8,0.0,1
451079,3699,1.00,127,7,0.0,1
451203,3700,0.93,124,7,0.0,1
451304,3701,0.58,101,5,0.0,1
451431,3702,0.96,127,7,0.0,1
451601,3703,1.00,170,7,0.0,1
451762,3704,1.00,161,7,0.0,1
451881,3705,1.00,119,7,0.0,1
452042,3706,1.15,161,8,0.0,1
452162,3707,0.79,120,6,0.0,1
452302,3708,0.80,140,6,0.0,1
452459,3709,1.20,157,8,0.0,1
452634,3710,0.99,175,7,0.0,1
452797,3711,1.15,163,8,0.0,1
452952,3712,0.78,155,6,0.0,1
453078,3713,0.58,126,5,0.0,1
453186,3714,0.60,108,5,0.0,1
453269,3715,0.37,83,4,0.0,1
453462,3716,1.35,193,9,0.0,1
453566,3717,0.38,104,4,0.0,1
453672,3718,0.39,106,4,0.0,1
453820,3719,1.20,148,8,0.0,1
453957,3720,0.75,137,6,0.0,1
454077,3721,0.78,120,6,0.0,1
454198,3722,0.58,121,5,0.0,1
454340,3723,0.96,142,7,0.0,1
454437,3724,0.40,97,4,0.0,1
454529,3725,0.39,92,4,0.0,1
454636,3726,0.58,107,5,0.0,1
454759,3727,0.58,123,5,0.0,1
454866,3728,0.75,107,6,0.0,1
454973,3729,0.59,107,5,0.0,1
455086,3730,0.55,113,5,0.0,1
455217,3731,0.95,131,7,0.0,1
455352,3732,0.59,135,5,0.0,1
455496,3733,0.96,144,7,0.0,1
455611,3734,0.56,115,5,0.0,1
455729,3735,0.80,118,6,0.0,1
455883,3736,0.96,154,7,0.0,1
456038,3737,0.75,155,6,0.0,1
456161,3738,0.58,123,5,0.0,1
456300,3739,0.95,139,7,0.0,1
456458,3740,0.77,158,6,0.0,1
456549,3741,0.37,91,4,0.0,1
456653,3742,0.80,104,6,0.0,1
456795,3743,1.00,142,7,0.0,1
456931,3744,0.77,136,6,0.0,1
457055,3745,0.80,124,6,0.0,1
457196,3746,0.78,141,6,0.0,1
457323,3747,0.77,127,6,0.0,1
457466,3748,1.17,143,8,0.0,1
457620,3749,1.00,154,7,0.0,1
457757,3750,0.60,137,5,0.0,1
457834,3751,0.00,77,2,0.0,1
457919,3752,0.16,85,3,0.0,1
458027,3753,0.35,108,4,0.0,1
458122,3754,0.19,95,3,0.0,1
458229,3755,0.35,107,4,0.0,1
458314,3756,0.38,85,4,0.0,1
458407,3757,0.18,93,3,0.0,1
458492,3758,0.16,85,3,0.0,1
458600,3759,0.58,108,5,0.0,1
458703,3760,0.40,103,4,0.0,1
458860,3761,0.93,157,7,0.0,1
458985,3762,0.78,125,6,0.0,1
459145,3763,1.00,160,7,0.0,1
459296,3764,1.18,151,8,0.0,1
459476,3765,1.18,180,8,0.0,1
459580,3766,0.58,104,5,0.0,1
459724,3767,0.95,144,7,0.0,1
459850,3768,0.69,126,6,0.0,1
460001,3769,0.75,151,6,0.0,1
460100,3770,0.35,99,4,0.0,1
460201,3771,0.78,101,6,0.0,1
460308,3772,0.37,107,4,0.0,1
460457,3773,0.80,149,6,0.0,1
460605,3774,0.97,148,7,0.0,1
460751,3775,0.78,146,6,0.0,1
460926,3776,1.00,175,7,0.0,1
461099,3777,1.20,173,8,0.0,1
461260,3778,1.19,161,8,0.0,1
461408,3779,0.95,148,7,0.0,1
461552,3780,0.77,144,6,0.0,1
461697,3781,1.00,145,7,0.0,1
461846,3782,0.76,149,6,0.0,1
462025,3783,1.18,179,8,0.0,1
462201,3784,1.18,176,8,0.0,1
462399,3785,1.34,198,9,0.0,1
462504,3786,0.58,105,5,0.0,1
462608,3787,0.55,104,5,0.0,1
462707,3788,0.35,99,4,0.0,1
462874,3789,1.15,167,8,0.0,1
463000,3790,0.60,126,5,0.0,1
463134,3791,0.98,134,7,0.0,1
463258,3792,0.59,124,5,0.0,1
463358,3793,0.39,100,4,0.0,1
463467,3794,0.47,109,5,0.0,1
463568,3795,0.98,101,7,0.0,1
463739,3796,1.36,171,9,0.0,1
463861,3797,0.75,122,6,0.0,1
463982,3798,0.99,121,7,0.0,1
464075,3799,0.40,93,4,0.0,1
464209,3800,0.95,134,7,0.0,1
464355,3801,1.18,146,8,0.0,1
464517,3802,1.20,162,8,0.0,1
464645,3803,1.00,128,7,0.0,1
464780,3804,0.60,135,5,0.0,1
464928,3805,0.98,148,7,0.0,1
465039,3806,0.75,111,6,0.0,1
465159,3807,0.79,120,6,0.0,1
465253,3808,0.37,94,4,0.0,1
465399,3809,0.99,146,7,0.0,1
465524,3810,0.98,125,7,0.0,1
465646,3811,0.80,122,6,0.0,1
465817,3812,1.11,171,8,0.0,1
465983,3813,1.15,166,8,0.0,1
466132,3814,1.20,149,8,0.0,1
466273,3815,1.00,141,7,0.0,1
466415,3816,0.98,142,7,0.0,1
466540,3817,1.00,125,7,0.0,1
466682,3818,0.78,142,6,0.0,1
466754,3819,-0.05,72,2,0.0,1
466932,3820,1.20,178,8,0.0,1
467070,3821,0.96,138,7,0.0,1
467231,3822,1.13,161,8,0.0,1
467384,3823,0.99,153,7,0.0,1
467550,3824,1.20,166,8,0.0,1
467688,3825,1.00,138,7,0.0,1
467800,3826,0.95,112,7,0.0,1
467973,3827,1.39,173,9,0.0,1
468140,3828,1.20,167,8,0.0,1
468293,3829,1.20,153,8,0.0,1
468414,3830,0.80,121,6,0.0,1
468565,3831,1.00,151,7,0.0,1
468732,3832,0.97,167,7,0.0,1
468883,3833,1.00,151,7,0.0,1
469046,3834,1.11,163,8,0.0,1
469182,3835,0.97,136,7,0.0,1
469332,3836,0.95,150,7,0.0,1
469495,3837,1.14,163,8,0.0,1
469600,3838,0.98,105,7,0.0,1
469699,3839,0.55,99,5,0.0,1
469795,3840,0.35,96,4,0.0,1
469930,3841,1.00,135,7,0.0,1
470068,3842,0.98,138,7,0.0,1
470189,3843,0.98,121,7,0.0,1
470348,3844,1.11,159,8,0.0,1
470488,3845,0.80,140,6,0.0,1
470661,3846,1.40,173,9,0.0,1
470797,3847,1.19,136,8,0.0,1
470902,3848,0.58,105,5,0.0,1
471042,3849,1.00,140,7,0.0,1
471189,3850,1.16,147,8,0.0,1
471353,3851,0.99,164,7,0.0,1
471454,3852,0.56,101,5,0.0,1
471579,3853,0.98,125,7,0.0,1
471708,3854,0.99,129,7,0.0,1
471816,3855,0.58,108,5,0.0,1
471991,3856,1.18,175,8,0.0,1
472094,3857,0.35,103,4,0.0,1
472177,3858,0.58,83,5,0.0,1
472309,3859,0.80,132,6,0.0,1
472400,3860,0.17,91,3,0.0,1
472499,3861,0.35,99,4,0.0,1
472651,3862,1.00,152,7,0.0,1
472802,3863,1.15,151,8,0.0,1
472965,3864,1.00,163,7,0.0,1
473063,3865,0.58,98,5,0.0,1
473225,3866,1.18,162,8,0.0,1
473320,3867,0.75,95,6,0.0,1
473450,3868,0.79,130,6,0.0,1
473538,3869,0.18,88,3,0.0,1
473640,3870,0.60,102,5,0.0,1
473795,3871,1.00,155,7,0.0,1
473936,3872,1.11,141,8,0.0,1
474039,3873,0.37,103,4,0.0,1
474149,3874,0.55,110,5,0.0,1
474268,3875,0.92,119,7,0.0,1
474446,3876,1.15,178,8,0.0,1
474607,3877,1.15,161,8,0.0,1
474722,3878,0.79,115,6,0.0,1
474908,3879,1.19,186,8,0.0,1
475049,3880,0.60,141,5,0.0,1
475188,3881,1.16,139,8,0.0,1
475331,3882,0.79,143,6,0.0,1
475417,3883,0.37,86,4,0.0,1
475591,3884,1.40,174,9,0.0,1
475745,3885,1.00,154,7,0.0,1
475889,3886,0.95,144,7,0.0,1
476029,3887,1.15,140,8,0.0,1
476228,3888,1.20,199,8,0.0,1
476411,3889,0.95,183,7,0.0,1
476578,3890,1.00,167,7,0.0,1
476705,3891,0.57,127,5,0.0,1
476809,3892,0.40,104,4,0.0,1
476950,3893,0.78,141,6,0.0,1
477078,3894,0.71,128,6,0.0,1
477190,3895,0.78,112,6,0.0,1
477287,3896,0.40,97,4,0.0,1
477379,3897,0.18,92,3,0.0,1
477518,3898,1.15,139,8,0.0,1
477682,3899,1.11,164,8,0.0,1
477839,3900,1.16,157,8,0.0,1
477932,3901,0.38,93,4,0.0,1
478079,3902,0.95,147,7,0.0,1
478228,3903,0.73,149,6,0.0,1
478393,3904,0.71,165,6,0.0,1
478536,3905,1.36,143,9,0.0,1
478669,3906,0.98,133,7,0.0,1
478764,3907,0.36,95,4,0.0,1
478904,3908,0.95,140,7,0.0,1
479063,3909,1.00,159,7,0.0,1
479161,3910,0.56,98,5,0.0,1
479300,3911,0.99,139,7,0.0,1
479434,3912,0.75,134,6,0.0,1
479599,3913,1.20,165,8,0.0,1
479737,3914,0.75,138,6,0.0,1
479853,3915,0.75,116,6,0.0,1
479960,3916,0.75,107,6,0.0,1
480133,3917,0.98,173,7,0.0,1
480273,3918,0.78,140,6,0.0,1
480418,3919,1.00,145,7,0.0,1
480552,3920,0.75,134,6,0.0,1
480682,3921,0.77,130,6,0.0,1
480813,3922,0.76,131,6,0.0,1
480967,3923,0.95,154,7,0.0,1
481129,3924,1.20,162,8,0.0,1
481284,3925,1.18,155,8,0.0,1
481392,3926,0.58,108,5,0.0,1
481500,3927,0.55,108,5,0.0,1
481655,3928,1.20,155,8,0.0,1
481824,3929,1.16,169,8,0.0,1
481943,3930,0.51,119,5,0.0,1
482077,3931,0.99,134,7,0.0,1
482163,3932,0.59,86,5,0.0,1
482294,3933,0.99,131,7,0.0,1
482425,3934,0.95,131,7,0.0,1
482588,3935,1.16,163,8,0.0,1
482727,3936,0.98,139,7,0.0,1
482847,3937,0.80,120,6,0.0,1
482950,3938,0.37,103,4,0.0,1
483118,3939,1.20,168,8,0.0,1
483228,3940,0.55,110,5,0.0,1
483378,3941,0.96,150,7,0.0,1
483505,3942,0.79,127,6,0.0,1
483643,3943,0.71,138,6,0.0,1
483782,3944,0.75,139,6,0.0,1
483905,3945,0.98,123,7,0.0,1
484022,3946,0.78,117,6,0.0,1
484123,3947,0.20,101,3,0.0,1
484231,3948,0.76,108,6,0.0,1
484404,3949,1.16,173,8,0.0,1
484543,3950,0.78,139,6,0.0,1
484692,3951,0.52,149,5,0.0,1
484793,3952,0.38,101,4,0.0,1
484886,3953,0.15,93,3,0.0,1
485086,3954,1.11,200,8,0.0,1
485195,3955,0.35,109,4,0.0,1
485292,3956,0.36,97,4,0.0,1
485462,3957,1.19,170,8,0.0,1
485606,3958,0.98,144,7,0.0,1
485711,3959,0.58,105,5,0.0,1
485859,3960,1.00,148,7,0.0,1
486059,3961,1.31,200,9,0.0,1
486217,3962,1.19,158,8,0.0,1
486330,3963,0.78,113,6,0.0,1
486494,3964,1.00,164,7,0.0,1
486642,3965,0.99,148,7,0.0,1
486729,3966,0.58,87,5,0.0,1
486829,3967,0.56,100,5,0.0,1
486984,3968,1.18,155,8,0.0,1
487139,3969,0.96,155,7,0.0,1
487277,3970,1.00,138,7,0.0,1
487367,3971,0.40,90,4,0.0,1
487530,3972,1.15,163,8,0.0,1
487672,3973,1.13,142,8,0.0,1
487822,3974,0.94,150,7,0.0,1
487972,3975,0.95,150,7,0.0,1
488077,3976,0.78,105,6,0.0,1
488207,3977,1.00,130,7,0.0,1
488320,3978,0.79,113,6,0.0,1
488474,3979,0.80,154,6,0.0,1
488576,3980,0.36,102,4,0.0,1
488754,3981,1.18,178,8,0.0,1
488915,3982,1.00,161,7,0.0,1
489018,3983,0.20,103,3,0.0,1
489143,3984,1.00,125,7,0.0,1
489299,3985,0.76,156,6,0.0,1
489391,3986,0.39,92,4,0.0,1
489512,3987,0.97,121,7,0.0,1
489613,3988,0.38,101,4,0.0,1
489707,3989,0.38,94,4,0.0,1
489869,3990,0.99,162,7,0.0,1
489992,3991,0.57,123,5,0.0,1
490179,3992,1.39,187,9,0.0,1
490343,3993,1.39,164,9,0.0,1
490506,3994,1.16,163,8,0.0,1
490611,3995,0.98,105,7,0.0,1
490760,3996,1.00,149,7,0.0,1
490917,3997,1.18,157,8,0.0,1
491028,3998,0.57,111,5,0.0,1
491139,3999,0.58,111,5,0.0,1
491277,4000,0.55,138,5,0.0,1
491417,4001,1.40,140,9,0.0,1
491607,4002,1.19,190,8,0.0,1
491741,4003,0.75,134,6,0.0,1
491911,4004,1.00,170,7,0.0,1
492012,4005,0.19,101,3,0.0,1
492145,4006,0.97,133,7,0.0,1
492302,4007,1.15,157,8,0.0,1
492425,4008,0.96,123,7,0.0,1
492608,4009,1.35,183,9,0.0,1
492744,4010,0.60,136,5,0.0,1
492882,4011,0.99,138,7,0.0,1
493028,4012,1.00,146,7,0.0,1
493201,4013,1.17,173,8,0.0,1
493357,4014,0.96,156,7,0.0,1
493519,4015,1.00,162,7,0.0,1
493646,4016,0.74,127,6,0.0,1
493773,4017,0.96,127,7,0.0,1
493871,4018,0.35,98,4,0.0,1
494045,4019,1.00,174,7,0.0,1
494184,4020,0.99,139,7,0.0,1
494310,4021,0.80,126,6,0.0,1
494419,4022,0.60,109,5,0.0,1
494616,4023,1.20,197,8,0.0,1
494760,4024,0.94,144,7,0.0,1
494908,4025,1.20,148,8,0.0,1
495012,4026,0.58,104,5,0.0,1
495169,4027,1.17,157,8,0.0,1
495294,4028,0.75,125,6,0.0,1
495397,4029,0.40,103,4,0.0,1
495534,4030,1.00,137,7,0.0,1
495719,4031,1.18,185,8,0.0,1
495869,4032,0.94,150,7,0.0,1
496018,4033,1.40,149,9,0.0,1
496186,4034,1.20,168,8,0.0,1
496364,4035,1.17,178,8,0.0,1
496540,4036,1.18,176,8,0.0,1
496642,4037,0.56,102,5,0.0,1
496742,4038,0.40,100,4,0.0,1
496851,4039,0.75,109,6,0.0,1
496963,4040,0.78,112,6,0.0,1
497104,4041,0.93,141,7,0.0,1
497269,4042,1.19,165,8,0.0,1
497402,4043,0.95,133,7,0.0,1
497581,4044,1.16,179,8,0.0,1
497750,4045,1.20,169,8,0.0,1
497893,4046,1.16,143,8,0.0,1
497981,4047,0.38,88,4,0.0,1
498139,4048,0.95,158,7,0.0,1
498278,4049,0.95,139,7,0.0,1
498438,4050,1.20,160,8,0.0,1
498593,4051,1.11,155,8,0.0,1
498699,4052,0.77,106,6,0.0,1
498799,4053,0.34,100,4,0.0,1
498959,4054,0.97,160,7,0.0,1
499117,4055,1.00,158,7,0.0,1
499286,4056,1.19,169,8,0.0,1
499461,4057,1.16,175,8,0.0,1
499666,4058,1.12,205,8,0.0,1
499767,4059,0.59,101,5,0.0,1
499900,4060,0.99,133,7,0.0,1
149,1,0.98,149,7,0.0,1
246,2,0.60,97,5,0.0,1
357,3,0.96,111,7,0.0,1
519,4,1.09,162,8,0.0,1
620,5,0.58,101,5,0.0,1
786,6,0.96,166,7,0.0,1
906,7,0.39,120,4,0.0,1
