step,episode,ep_reward,ep_length,ep_kills,ep_max_x,died
13,1,-7.29,13,0,0.0,1
34,2,-7.03,21,0,11.4,1
76,3,-5.22,42,1,25.6,1
97,4,-6.19,21,1,11.1,1
124,5,-6.06,27,0,92.3,1
145,6,-6.13,21,1,18.4,1
166,7,-6.49,21,0,10.5,1
215,8,-6.51,49,1,73.7,1
236,9,-7.47,21,0,0.0,1
257,10,-7.94,21,1,15.6,1
307,11,-7.98,50,1,28.5,1
328,12,-7.69,21,0,40.3,1
340,13,-7.44,12,0,0.0,1
361,14,-1.41,21,0,83.2,1
382,15,-8.04,21,0,7.1,1
403,16,-6.75,21,0,4.7,1
424,17,-5.10,21,0,51.1,1
445,18,-2.73,21,0,72.5,1
466,19,-6.74,21,0,15.6,1
487,20,-7.95,21,1,10.8,1
536,21,-5.61,49,1,19.8,1
564,22,-8.01,28,1,18.5,1
585,23,-6.97,21,1,34.5,1
635,24,-7.74,50,1,27.3,1
656,25,-4.80,21,0,38.9,1
676,26,-7.56,20,1,24.3,1
697,27,-7.23,21,1,31.9,1
754,28,-6.32,57,1,30.1,1
775,29,-6.26,21,0,11.9,1
801,30,-6.26,26,0,11.9,1
820,31,-6.30,19,0,12.8,1
869,32,-6.42,49,1,49.9,1
1055,33,1.99,186,2,191.5,1
1076,34,-5.73,21,0,20.5,1
1097,35,-5.36,21,0,25.2,1
1118,36,-6.84,21,0,3.3,1
1130,37,-7.20,12,0,7.3,1
1172,38,-2.72,42,1,63.3,1
1422,39,-7.40,250,2,82.6,1
1443,40,-2.38,21,0,68.1,1
1522,41,-4.31,79,1,39.5,1
1543,42,-8.12,21,0,0.0,1
1564,43,-3.02,21,0,58.6,1
1592,44,-1.41,28,1,81.9,1
1615,45,-7.06,23,0,0.2,1
1636,46,-6.53,21,0,47.3,1
1656,47,-5.41,20,0,25.7,1
1678,48,-8.09,22,0,14.6,1
1728,49,-6.98,50,1,15.6,1
1750,50,-6.75,22,0,4.6,1
1769,51,-7.66,19,0,0.0,1
1790,52,-7.61,21,0,32.1,1
1811,53,-8.15,21,0,0.0,1
1832,54,-4.79,21,0,32.6,1
1843,55,-7.82,11,0,0.0,1
2041,56,0.63,198,2,157.5,1
2062,57,-8.09,21,0,16.0,1
2083,58,-6.88,21,0,2.9,1
2104,59,-6.82,21,0,57.0,1
2133,60,-4.78,29,0,42.6,1
2154,61,-7.91,21,1,17.7,1
2175,62,-3.42,21,0,65.6,1
2196,63,-8.15,21,0,0.0,1
2217,64,-6.11,21,0,14.9,1
2238,65,-5.56,21,1,26.0,1
2259,66,-0.79,21,0,94.0,1
2293,67,-0.83,34,1,90.2,1
2311,68,-6.12,18,0,23.7,1
2509,69,-0.20,198,2,98.7,1
2566,70,-0.93,57,1,91.0,1
2587,71,2.27,21,1,135.7,1
2621,72,-4.07,34,1,87.1,1
2633,73,-8.03,12,0,0.0,1
2654,74,-6.12,21,1,14.0,1
2674,75,-7.70,20,0,0.0,1
2695,76,-7.95,21,1,0.0,1
2716,77,-7.25,21,0,12.9,1
2728,78,-2.49,12,0,71.5,1
2749,79,-2.68,21,0,63.9,1
2769,80,-7.73,20,0,15.0,1
2806,81,-4.75,37,1,32.8,1
2840,82,-7.30,34,1,0.9,1
2853,83,-4.85,13,0,31.8,1
2988,84,9.00,135,2,237.7,1
3009,85,-8.15,21,0,15.6,1
3030,86,-8.02,21,1,0.0,1
3051,87,0.16,21,0,105.4,1
3070,88,-8.09,19,0,0.8,1
3091,89,-2.80,21,0,69.9,1
3112,90,-5.46,21,1,21.8,1
3124,91,-4.36,12,0,39.0,1
3145,92,-7.87,21,0,0.0,1
3166,93,-5.94,21,0,18.2,1
3200,94,-5.22,34,1,42.1,1
3221,95,-6.55,21,0,7.7,1
3270,96,-7.02,49,1,25.4,1
3319,97,-3.34,49,1,58.6,1
3368,98,-5.31,49,1,54.3,1
3389,99,-8.14,21,0,12.4,1
3410,100,-5.02,21,1,29.2,1
3431,101,-6.75,21,0,4.6,1
3452,102,-1.83,21,0,76.1,1
3479,103,-8.07,27,0,37.8,1
3500,104,-3.52,21,0,54.2,1
3512,105,-5.45,12,0,23.1,1
3515,106,-7.03,3,0,0.0,1
3535,107,-8.17,20,0,0.0,1
3554,108,-6.40,19,0,34.2,1
3592,109,-6.66,38,0,40.5,1
3604,110,-6.58,12,0,8.2,1
3625,111,-4.20,21,1,41.6,1
3674,112,-7.90,49,1,50.8,1
3699,113,-7.95,25,0,0.0,1
3733,114,-4.99,34,1,69.5,1
3774,115,-4.42,41,1,69.1,1
3795,116,-6.86,21,0,22.7,1
3815,117,-5.51,20,0,22.6,1
3836,118,-7.26,21,0,2.4,1
3864,119,-4.00,28,1,75.5,1
3928,120,4.29,64,1,165.7,1
3949,121,-4.31,21,1,38.9,1
3970,122,-4.42,21,0,38.0,1
3991,123,0.70,21,0,113.4,1
4003,124,-6.04,12,0,15.9,1
4024,125,-5.18,21,0,29.2,1
4095,126,-2.81,71,1,61.9,1
4106,127,-7.28,11,0,0.0,1
4127,128,-0.51,21,0,95.6,1
4261,129,12.21,134,2,293.0,1
4282,130,-8.15,21,0,0.0,1
4303,131,-7.13,21,0,0.0,1
4324,132,-3.59,21,0,50.3,1
4345,133,-4.24,21,0,41.6,1
4366,134,-2.32,21,0,79.1,1
4385,135,-6.67,19,0,14.8,1
4434,136,-6.85,49,1,34.8,1
4455,137,-1.09,21,1,86.0,1
4476,138,-3.25,21,1,55.1,1
4497,139,-4.49,21,0,49.7,1
4518,140,-4.25,21,0,40.9,1
4539,141,-6.14,21,0,13.6,1
4560,142,-5.17,21,0,39.4,1
4581,143,1.42,21,0,129.9,1
4593,144,-8.09,12,0,0.0,1
4614,145,-7.99,21,0,15.6,1
4635,146,-4.11,21,0,47.4,1
4656,147,-8.15,21,0,7.0,1
4685,148,-7.17,29,1,20.7,1
4734,149,2.19,49,1,134.6,1
4753,150,-8.15,19,0,8.6,1
4781,151,-7.92,28,1,21.9,1
4802,152,-3.37,21,0,64.2,1
4823,153,-4.41,21,0,38.8,1
4843,154,-5.22,20,1,25.3,1
4872,155,-5.54,29,0,22.2,1
4906,156,-4.73,34,1,32.6,1
4927,157,-6.69,21,1,42.8,1
4948,158,-2.08,21,0,72.4,1
4986,159,-1.26,38,1,83.5,1
5007,160,-6.28,21,1,14.8,1
5028,161,-7.70,21,0,12.0,1
5092,162,-0.49,64,1,94.9,1
5121,163,-3.31,29,0,55.0,1
5142,164,-4.40,21,0,40.9,1
5163,165,-3.99,21,0,47.7,1
5183,166,-4.89,20,0,32.0,1
5204,167,-6.32,21,1,15.6,1
5225,168,-6.45,21,0,22.8,1
5243,169,-3.47,18,0,52.8,1
5264,170,-7.90,21,0,0.0,1
5276,171,-4.68,12,0,43.8,1
5295,172,-2.41,19,0,68.8,1
5329,173,6.23,34,1,194.8,1
5350,174,-7.87,21,0,15.6,1
5371,175,-3.47,21,1,52.8,1
5382,176,-1.77,11,0,77.1,1
5395,177,-3.49,13,0,52.3,1
5416,178,-3.39,21,0,61.2,1
5435,179,-4.49,19,0,50.3,1
5446,180,-6.43,11,0,9.3,1
5475,181,-4.18,29,1,41.5,1
5494,182,-6.64,19,1,37.0,1
5515,183,-3.39,21,0,53.2,1
5528,184,-1.94,13,0,75.1,1
5557,185,-5.65,29,1,62.7,1
5570,186,-3.60,13,0,50.1,1
5634,187,7.45,64,1,212.6,1
5655,188,-7.44,21,0,3.9,1
5713,189,-4.90,58,1,37.2,1
5734,190,-2.49,21,1,65.4,1
5768,191,0.14,34,1,104.7,1
5786,192,-2.89,18,1,64.6,1
5807,193,-1.20,21,0,88.0,1
5828,194,2.82,21,1,143.8,1
5841,195,-6.19,13,0,20.5,1
5862,196,-4.31,21,0,60.1,1
5911,197,-5.39,49,1,36.5,1
5932,198,-3.67,21,0,58.8,1
5953,199,-2.49,21,0,66.4,1
5972,200,-7.44,19,0,29.8,1
5993,201,-5.11,21,0,31.0,1
6035,202,-2.73,42,1,63.1,1
6056,203,0.10,21,1,104.7,1
6077,204,-1.71,21,0,77.9,1
6098,205,-7.34,21,1,49.2,1
6119,206,-5.77,21,0,19.1,1
6132,207,-7.39,13,0,20.5,1
6153,208,-4.46,21,0,47.2,1
6187,209,0.35,34,1,107.5,1
6205,210,-7.70,18,0,28.9,1
6226,211,3.06,21,0,148.9,1
6246,212,-6.15,20,0,17.7,1
6257,213,-7.80,11,0,0.0,1
6278,214,-4.39,21,0,39.3,1
6306,215,-4.75,28,1,33.3,1
6327,216,-1.80,21,0,87.7,1
6348,217,0.44,21,0,109.5,1
6375,218,-8.06,27,1,46.4,1
6396,219,0.47,21,1,113.7,1
6418,220,1.39,22,1,122.5,1
6439,221,-7.54,21,0,45.5,1
6480,222,9.36,41,1,241.2,1
6501,223,-5.36,21,0,25.1,1
6543,224,2.91,42,1,145.2,1
6585,225,1.01,42,1,118.0,1
6606,226,-3.76,21,0,47.8,1
6627,227,-3.86,21,0,46.5,1
6639,228,-6.56,12,0,6.9,1
6660,229,0.81,21,1,114.9,1
6681,230,-4.99,21,0,30.5,1
6723,231,-2.46,42,1,105.3,1
6744,232,-4.41,21,0,40.9,1
6793,233,-5.14,49,1,33.3,1
6813,234,-3.08,20,0,58.0,1
6826,235,-6.75,13,0,4.9,1
6847,236,-3.13,21,0,57.0,1
6881,237,1.55,34,1,125.8,1
6894,238,-6.15,13,0,12.6,1
6915,239,-6.19,21,0,13.8,1
6936,240,-4.90,21,0,41.6,1
6957,241,-3.93,21,0,51.1,1
6969,242,-4.97,12,0,30.2,1
7003,243,1.01,34,1,117.5,1
7045,244,5.26,42,1,180.6,1
7057,245,-5.61,12,0,20.6,1
7091,246,3.12,34,1,148.3,1
7111,247,-2.48,20,0,66.6,1
7145,248,-0.13,34,1,109.2,1
7165,249,-2.34,20,1,68.9,1
7186,250,-3.39,21,1,53.1,1
7199,251,1.06,13,0,118.7,1
7220,252,-1.39,21,0,84.2,1
7258,253,1.64,38,0,127.4,1
7278,254,2.76,20,1,143.9,1
7297,255,1.79,19,0,129.7,1
7318,256,2.44,21,2,137.2,1
7339,257,-1.58,21,1,96.1,1
7351,258,-7.81,12,0,3.2,1
7378,259,-1.73,27,1,77.0,1
7398,260,-5.17,20,0,43.4,1
7409,261,-6.40,11,0,8.9,1
7443,262,2.82,34,1,143.9,1
7464,263,-3.60,21,0,56.3,1
7483,264,-1.03,19,0,87.8,1
7496,265,-5.05,13,0,28.8,1
7530,266,6.03,34,1,191.0,1
7551,267,-3.62,21,0,49.8,1
7569,268,-6.15,18,0,15.7,1
7582,269,4.22,13,0,165.0,1
7603,270,-5.60,21,0,46.1,1
7624,271,-1.13,21,0,86.4,1
7645,272,2.08,21,1,132.7,1
7666,273,-4.73,21,1,33.4,1
7687,274,-0.14,21,0,101.0,1
7708,275,4.33,21,0,167.0,1
7742,276,6.71,34,1,201.3,1
7763,277,-4.97,21,0,41.8,1
7784,278,-0.13,21,0,101.1,1
7805,279,-2.93,21,0,61.7,1
7832,280,-0.25,27,1,105.0,1
7844,281,-3.50,12,0,52.2,1
7865,282,-2.51,21,1,66.0,1
7878,283,-5.62,13,0,20.4,1
7899,284,-5.63,21,0,21.2,1
7933,285,10.00,34,1,256.6,1
7954,286,-0.88,21,0,91.3,1
7975,287,0.21,21,0,106.1,1
7988,288,-3.33,13,0,54.1,1
8022,289,1.90,34,1,133.3,1
8035,290,-5.17,13,0,27.0,1
8054,291,-0.11,19,0,106.4,1
8075,292,-2.46,21,0,66.8,1
8104,293,4.52,29,1,168.6,1
8142,294,2.63,38,1,141.0,1
8154,295,-8.10,12,0,0.0,1
8192,296,-0.04,38,0,102.7,1
8249,297,14.48,57,1,316.3,1
8270,298,7.38,21,0,211.9,1
8291,299,-1.69,21,0,78.2,1
8312,300,-3.91,21,0,46.4,1
8324,301,-4.14,12,0,43.1,1
8352,302,-1.88,28,1,74.7,1
8373,303,-5.72,21,0,19.8,1
8394,304,0.15,21,0,105.5,1
8406,305,-3.25,12,0,55.6,1
8426,306,3.36,20,1,151.5,1
8447,307,-3.37,21,0,53.4,1
8468,308,-7.28,21,1,15.4,1
8489,309,-6.23,21,0,12.3,1
8530,310,2.72,41,1,142.9,1
8551,311,-2.17,21,0,71.2,1
8572,312,-2.16,21,0,71.3,1
8583,313,-5.92,11,0,15.9,1
8628,314,-1.97,45,1,73.1,1
8640,315,-5.18,12,0,27.5,1
8667,316,-5.30,27,1,54.4,1
8687,317,-6.56,20,0,60.1,1
8708,318,-2.39,21,0,86.0,1
8730,319,0.75,22,0,114.3,1
8743,320,-4.82,13,0,40.4,1
8763,321,-1.26,20,0,84.6,1
8784,322,-0.33,21,0,98.4,1
8818,323,-6.10,34,1,57.6,1
8830,324,-5.06,12,0,30.6,1
8851,325,-4.65,21,0,40.4,1
8872,326,5.18,21,0,179.5,1
8921,327,12.83,49,1,295.9,1
8933,328,-3.47,12,0,51.9,1
8954,329,-0.38,21,0,106.4,1
8988,330,4.78,34,1,172.7,1
9068,331,-1.98,80,1,140.7,1
9089,332,-5.00,21,0,30.9,1
9110,333,-4.74,21,0,34.2,1
9131,334,2.70,21,1,141.7,1
9150,335,3.52,19,1,153.9,1
9162,336,-4.72,12,0,34.0,1
9182,337,-0.50,20,0,101.1,1
9210,338,-1.15,28,1,85.2,1
9231,339,-3.63,21,0,49.7,1
9252,340,-6.67,21,1,27.7,1
9286,341,5.03,34,1,176.4,1
9306,342,-2.79,20,0,62.0,1
9327,343,2.23,21,1,134.9,1
9356,344,12.33,29,2,282.4,1
9408,345,19.83,52,1,393.9,1
9429,346,-3.22,21,0,87.9,1
9450,347,-6.15,21,0,13.5,1
9476,348,-3.34,26,1,77.1,1
9497,349,5.89,21,0,190.3,1
9523,350,-2.55,26,1,69.9,1
9544,351,-2.25,21,0,70.0,1
9565,352,-0.30,21,0,98.7,1
9607,353,-1.17,42,1,86.0,1
9628,354,8.84,21,0,233.0,1
9640,355,-2.82,12,0,62.5,1
9661,356,-4.81,21,0,33.2,1
9674,357,-8.11,13,0,15.6,1
9695,358,-2.26,21,0,82.3,1
9706,359,-2.36,11,0,68.9,1
9748,360,7.13,42,1,208.1,1
9760,361,-6.08,12,0,13.6,1
9781,362,3.63,21,1,155.8,1
9802,363,0.57,21,0,111.3,1
9823,364,3.06,21,1,147.1,1
9853,365,-2.96,30,0,59.5,1
9866,366,-2.18,13,0,71.5,1
9886,367,-4.02,20,1,42.9,1
9907,368,-5.67,21,1,19.6,1
9928,369,-8.15,21,0,49.4,1
9949,370,2.32,21,1,136.2,1
9999,371,11.04,50,1,264.4,1
10020,372,-2.41,21,0,67.6,1
10040,373,-2.24,20,0,70.6,1
10068,374,-5.63,28,0,26.1,1
10089,375,-0.82,21,0,91.0,1
10108,376,-4.05,19,0,44.0,1
10127,377,0.93,19,0,117.0,1
10148,378,-4.15,21,1,42.0,1
10168,379,-0.45,20,0,100.5,1
10189,380,-0.46,21,0,96.3,1
10210,381,-0.38,21,1,96.5,1
10232,382,-4.06,22,1,77.4,1
10252,383,-0.87,20,0,92.6,1
10264,384,-6.45,12,0,9.1,1
10285,385,1.24,21,0,121.5,1
10307,386,-5.81,22,1,65.8,1
10319,387,0.33,12,0,107.9,1
10338,388,-2.17,19,0,100.9,1
10349,389,-4.01,11,0,44.1,1
10370,390,-1.60,21,1,100.2,1
10382,391,-2.92,12,0,60.1,1
10395,392,-3.06,13,0,58.1,1
10437,393,4.26,42,1,165.9,1
10457,394,1.99,20,0,132.8,1
10468,395,-5.64,11,0,20.0,1
10489,396,-5.71,21,0,37.3,1
10523,397,5.28,34,1,179.9,1
10544,398,2.26,21,1,135.7,1
10570,399,-7.59,26,0,0.0,1
10591,400,3.87,21,1,159.0,1
10610,401,-1.61,19,0,79.4,1
10623,402,-5.25,13,0,25.9,1
10652,403,-4.59,29,0,35.5,1
10672,404,-1.24,20,0,85.4,1
10685,405,-3.57,13,0,52.6,1
10706,406,-2.79,21,0,72.3,1
10727,407,1.54,21,0,126.0,1
10748,408,-0.58,21,0,94.5,1
10769,409,1.35,21,1,122.2,1
10790,410,3.17,21,0,149.9,1
10811,411,2.08,21,0,133.6,1
10832,412,-6.36,21,0,20.8,1
10843,413,-4.51,11,0,37.0,1
10873,414,-0.30,30,0,111.1,1
10895,415,-2.45,22,1,66.0,1
10944,416,-3.89,49,1,70.7,1
10965,417,4.61,21,0,171.2,1
10986,418,-5.04,21,0,28.9,1
11007,419,-0.54,21,0,95.1,1
11028,420,0.32,21,0,107.8,1
11041,421,-7.05,13,0,4.7,1
11062,422,1.37,21,0,124.0,1
11075,423,-3.52,13,0,51.6,1
11109,424,-1.28,34,1,83.5,1
11154,425,11.83,45,1,276.3,1
11174,426,-0.63,20,1,92.8,1
11194,427,-2.59,20,0,66.1,1
11215,428,1.40,21,0,126.9,1
11227,429,-2.31,12,0,70.0,1
11276,430,14.35,49,1,313.3,1
11297,431,-1.24,21,0,84.8,1
11342,432,14.91,45,1,321.6,1
11355,433,-1.26,13,0,84.5,1
11397,434,11.68,42,1,274.4,1
11415,435,-1.01,18,0,88.4,1
11436,436,-2.71,21,0,63.8,1
11462,437,1.10,26,1,118.3,1
11475,438,-1.79,13,0,77.2,1
11494,439,-1.01,19,0,89.0,1
11515,440,1.64,21,1,127.0,1
11549,441,7.53,34,1,213.0,1
11561,442,-5.27,12,0,25.8,1
11573,443,-5.14,12,0,27.7,1
11593,444,-0.74,20,0,93.4,1
11613,445,-5.98,20,0,15.1,1
11641,446,3.59,28,1,155.2,1
11662,447,1.98,21,0,132.1,1
11683,448,-2.01,21,0,73.5,1
11705,449,-1.31,22,0,84.3,1
11726,450,9.32,21,0,240.4,1
11747,451,4.81,21,0,175.9,1
11766,452,-7.39,19,1,13.6,1
11787,453,4.17,21,0,164.6,1
11808,454,2.46,21,1,138.6,1
11826,455,8.94,18,0,234.6,1
11879,456,13.59,53,1,302.2,1
11907,457,0.26,28,0,107.4,1
11928,458,5.43,21,0,182.9,1
11949,459,3.04,21,1,148.0,1
11983,460,8.99,34,1,234.3,1
12004,461,3.72,21,1,157.1,1
12025,462,3.84,21,1,158.5,1
12045,463,-2.85,20,0,61.1,1
12064,464,-1.41,19,0,82.3,1
12085,465,3.02,21,1,146.4,1
12106,466,0.32,21,0,107.8,1
12126,467,2.27,20,0,136.9,1
12138,468,-4.29,12,0,40.0,1
12158,469,-7.93,20,0,7.1,1
12179,470,-0.98,21,0,88.6,1
12200,471,4.41,21,0,167.9,1
12221,472,1.37,21,1,122.6,1
12240,473,-4.10,19,1,80.3,1
12261,474,3.42,21,1,152.6,1
12282,475,5.03,21,0,177.3,1
12331,476,-4.78,49,1,37.2,1
12350,477,-6.40,19,0,9.2,1
12399,478,-6.32,49,1,26.5,1
12444,479,-3.36,45,1,52.7,1
12465,480,0.66,21,0,112.7,1
12501,481,8.06,36,1,220.6,1
12522,482,-5.33,21,0,29.1,1
12543,483,-1.82,21,0,76.2,1
12585,484,-1.25,42,1,131.4,1
12605,485,-1.75,20,1,77.6,1
12626,486,-1.74,21,0,77.5,1
12647,487,-1.65,21,0,79.1,1
12668,488,-1.24,21,1,83.9,1
12689,489,-6.90,21,1,5.8,1
12710,490,-6.26,21,0,20.5,1
12731,491,-2.76,21,0,62.4,1
12752,492,-2.90,21,0,60.5,1
12794,493,5.77,42,1,188.2,1
12815,494,-1.33,21,0,86.0,1
12836,495,-3.41,21,0,52.9,1
12858,496,-0.53,22,0,116.4,1
12879,497,2.47,21,1,138.7,1
12900,498,-4.39,21,0,39.3,1
12922,499,4.35,22,1,166.9,1
12943,500,-2.76,21,0,62.5,1
12964,501,-6.51,21,0,10.5,1
12985,502,-3.12,21,0,57.2,1
13006,503,-6.13,21,0,24.2,1
13027,504,-0.11,21,0,113.5,1
13068,505,10.56,41,1,257.6,1
13088,506,-3.27,20,0,55.2,1
13108,507,-1.55,20,0,80.8,1
13129,508,5.15,21,0,179.1,1
13142,509,-4.20,13,0,41.9,1
13163,510,-3.93,21,0,55.2,1
13184,511,-2.56,21,0,65.4,1
13205,512,-1.30,21,1,84.1,1
13238,513,-5.29,33,1,24.9,1
13264,514,-4.44,26,1,70.5,1
13313,515,-5.83,49,1,78.2,1
13334,516,0.76,21,0,114.2,1
13364,517,-2.50,30,0,66.6,1
13385,518,4.74,21,0,174.3,1
13406,519,-1.82,21,0,76.2,1
13435,520,8.39,29,1,225.4,1
13499,521,14.42,64,1,314.4,1
13519,522,-2.62,20,0,65.5,1
13539,523,-1.29,20,0,84.9,1
13565,524,0.18,26,1,121.4,1
13586,525,1.69,21,1,127.8,1
13607,526,1.51,21,0,125.8,1
13628,527,7.68,21,1,215.0,1
13641,528,-6.63,13,0,8.8,1
13662,529,6.74,21,0,203.1,1
13682,530,-1.07,20,0,92.2,1
13703,531,5.81,21,0,188.8,1
13724,532,0.98,21,0,127.0,1
13745,533,5.32,21,0,181.5,1
13766,534,3.23,21,1,149.9,1
13800,535,5.17,34,1,178.7,1
13821,536,-3.79,21,0,105.4,1
13850,537,3.90,29,1,159.8,1
13862,538,-4.67,12,0,34.3,1
13883,539,0.29,21,0,107.4,1
13904,540,2.58,21,1,140.3,1
13925,541,2.04,21,1,139.2,1
13946,542,-2.50,21,0,66.9,1
13967,543,2.88,21,1,144.4,1
14001,544,11.56,34,2,284.2,1
14022,545,-0.52,21,0,99.2,1
14051,546,-0.13,29,0,105.0,1
14079,547,8.42,28,1,227.0,1
14092,548,-3.94,13,0,45.6,1
14113,549,3.51,21,1,154.0,1
14134,550,4.66,21,0,171.9,1
14155,551,10.27,21,2,252.1,1
14168,552,-4.70,13,0,35.7,1
14181,553,-8.09,13,0,13.4,1
14194,554,-6.24,13,0,12.0,1
14215,555,3.50,21,1,153.6,1
14235,556,6.66,20,0,201.0,1
14255,557,0.51,20,0,111.2,1
14266,558,-4.75,11,0,33.5,1
14287,559,0.25,21,0,107.0,1
14308,560,4.22,21,1,165.0,1
14320,561,0.26,12,0,107.2,1
14341,562,3.38,21,1,151.8,1
14362,563,-1.56,21,1,79.9,1
14383,564,1.53,21,0,125.5,1
14404,565,0.28,21,0,110.6,1
14425,566,-0.78,21,0,91.9,1
14446,567,-5.76,21,0,28.6,1
14465,568,-4.09,19,0,54.1,1
14523,569,14.29,58,1,326.7,1
14551,570,-0.96,28,0,105.4,1
14572,571,8.43,21,0,227.2,1
14592,572,6.63,20,0,201.1,1
14613,573,-3.31,21,0,54.3,1
14634,574,2.31,21,1,136.3,1
14646,575,-4.29,12,0,51.6,1
14667,576,-3.60,21,1,49.0,1
14688,577,-4.56,21,1,35.5,1
14722,578,0.66,34,1,112.3,1
14784,579,16.08,62,1,339.2,1
14821,580,1.19,37,0,120.6,1
14842,581,4.11,21,1,162.5,1
14863,582,-0.10,21,0,104.1,1
14884,583,-6.42,21,1,28.9,1
14905,584,-3.57,21,0,53.3,1
14924,585,-0.84,19,1,89.9,1
14945,586,2.09,21,1,133.1,1
14987,587,0.04,42,1,103.8,1
15014,588,-1.70,27,0,78.0,1
15048,589,-5.02,34,1,59.4,1
15060,590,-2.53,12,0,73.6,1
15073,591,-4.50,13,0,37.7,1
15094,592,7.56,21,0,214.2,1
15107,593,-3.70,13,0,48.6,1
15120,594,1.41,13,0,124.0,1
15141,595,7.11,21,1,207.9,1
15187,596,18.59,46,1,376.1,1
15208,597,-4.25,21,1,40.5,1
15221,598,-0.46,13,0,96.3,1
15242,599,-6.85,21,0,10.7,1
15262,600,-0.94,20,0,90.5,1
15356,601,48.20,94,4,824.5,1
15377,602,-2.31,21,0,69.1,1
15398,603,-7.35,21,0,2.2,1
15411,604,-3.84,13,0,53.9,1
15431,605,-8.13,20,0,0.0,1
15452,606,1.18,21,0,120.5,1
15473,607,-0.89,21,0,100.4,1
15485,608,-4.25,12,0,41.5,1
15506,609,-3.80,21,1,46.2,1
15527,610,-5.08,21,0,62.3,1
15548,611,-0.57,21,0,94.7,1
15581,612,-3.20,33,0,69.0,1
15602,613,-4.49,21,0,38.0,1
15623,614,-6.05,21,0,45.3,1
15672,615,-7.41,49,1,23.2,1
15693,616,-7.21,21,0,13.8,1
15713,617,-3.27,20,0,56.2,1
15726,618,-8.13,13,0,4.9,1
15747,619,-4.60,21,0,37.0,1
15768,620,-1.34,21,0,86.2,1
15825,621,-1.24,57,1,84.1,1
15844,622,-8.00,19,1,5.5,1
15865,623,-3.65,21,0,50.3,1
15884,624,-6.67,19,0,46.8,1
15905,625,-7.19,21,0,5.1,1
15939,626,1.70,34,1,140.1,1
15960,627,-5.76,21,0,19.2,1
15980,628,-3.78,20,1,46.8,1
16017,629,-7.34,37,1,5.2,1
16172,630,12.07,155,2,278.5,1
16183,631,-5.05,11,0,28.8,1
16204,632,-1.98,21,0,73.9,1
16224,633,-3.73,20,1,47.2,1
16245,634,-2.00,21,0,73.6,1
16266,635,-7.36,21,0,26.0,1
16301,636,-6.52,35,0,22.3,1
16321,637,-0.81,20,0,91.4,1
16342,638,-2.49,21,0,67.2,1
16376,639,-7.52,34,0,57.1,1
16397,640,-2.50,21,0,66.3,1
16431,641,2.82,34,1,143.8,1
16465,642,-3.52,34,1,63.0,1
16476,643,-8.11,11,0,0.8,1
16488,644,-5.13,12,1,26.7,1
16509,645,1.22,21,1,120.9,1
16530,646,-5.86,21,0,17.8,1
16551,647,-3.26,21,0,55.1,1
16572,648,-2.64,21,1,64.1,1
16593,649,-1.07,21,0,87.5,1
16606,650,-7.44,13,0,0.0,1
16627,651,-4.27,21,1,48.4,1
16639,652,-5.95,12,0,15.5,1
16660,653,-6.24,21,0,20.5,1
16672,654,-5.41,12,0,24.7,1
16693,655,-1.89,21,0,75.2,1
16721,656,-5.88,28,0,79.4,1
16770,657,-2.05,49,1,72.2,1
16798,658,-7.04,28,0,17.2,1
16844,659,-2.67,46,1,62.8,1
16865,660,-6.45,21,0,21.0,1
16886,661,-3.79,21,0,53.8,1
16924,662,-7.85,38,1,29.5,1
16958,663,0.43,34,1,108.8,1
16985,664,-3.13,27,1,63.2,1
17019,665,-4.66,34,1,33.9,1
17040,666,-5.95,21,0,16.5,1
17061,667,-0.46,21,0,96.3,1
17082,668,-3.32,21,0,54.2,1
17103,669,1.15,21,1,120.0,1
17124,670,-7.89,21,0,14.3,1
17146,671,-1.51,22,0,81.7,1
17167,672,8.25,21,0,224.6,1
17195,673,2.25,28,0,136.4,1
17216,674,-4.98,21,1,48.9,1
17237,675,-6.39,21,1,14.5,1
17255,676,-5.90,18,0,16.3,1
17275,677,-1.33,20,0,83.5,1
17296,678,-7.14,21,0,41.2,1
17316,679,-2.28,20,0,69.4,1
17337,680,-4.09,21,1,46.0,1
17358,681,-8.15,21,0,27.6,1
17379,682,-2.71,21,0,75.8,1
17399,683,-7.21,20,0,5.0,1
17412,684,-0.88,13,0,90.7,1
17433,685,5.25,21,0,180.3,1
17452,686,9.64,19,0,245.2,1
17464,687,-1.30,12,0,84.2,1
17485,688,8.97,21,1,234.0,1
17507,689,5.65,22,0,186.1,1
17519,690,-2.62,12,0,64.5,1
17537,691,9.39,18,0,241.8,1
17549,692,-0.12,12,0,101.6,1
17570,693,10.63,21,0,259.7,1
17591,694,8.53,21,0,229.1,1
17612,695,8.39,21,0,226.7,1
17631,696,3.17,19,0,149.6,1
17644,697,-1.33,13,0,83.5,1
17670,698,20.58,26,0,406.3,1
17683,699,3.67,13,0,157.0,1
17695,700,3.85,12,0,159.6,1
17716,701,-1.63,21,0,97.0,1
17737,702,12.60,21,2,286.6,1
17758,703,5.40,21,0,182.8,1
17777,704,3.86,19,0,159.8,1
17788,705,-6.55,11,0,7.7,1
17809,706,13.07,21,1,294.5,1
17845,707,27.48,36,2,505.5,1
17879,708,10.93,34,1,263.1,1
17892,709,-1.08,13,1,86.4,1
17924,710,17.56,32,2,360.4,1
17943,711,2.51,19,0,140.2,1
17968,712,4.29,25,0,167.0,1
17980,713,1.65,12,0,127.9,1
18001,714,8.62,21,1,229.4,1
18022,715,5.83,21,0,188.8,1
18043,716,10.04,21,0,251.0,1
18062,717,3.19,19,1,149.2,1
18083,718,11.65,21,1,273.6,1
18096,719,-3.54,13,0,52.0,1
18117,720,6.89,21,0,204.4,1
18136,721,3.20,19,1,149.1,1
18157,722,10.01,21,0,250.8,1
18169,723,0.65,12,0,113.3,1
18187,724,0.63,18,0,113.2,1
18210,725,17.40,23,0,359.5,1
18240,726,16.42,30,1,343.6,1
18261,727,-0.26,21,0,99.5,1
18282,728,8.33,21,0,225.9,1
18303,729,11.40,21,1,270.0,1
18322,730,0.25,19,0,107.9,1
18335,731,0.35,13,0,109.1,1
18356,732,10.93,21,1,263.1,1
18377,733,12.65,21,1,288.1,1
18388,734,3.93,11,0,160.9,1
18410,735,24.26,22,1,460.0,1
18431,736,6.53,21,0,199.4,1
18444,737,-2.68,13,0,64.9,1
18457,738,4.39,13,0,167.6,1
18490,739,17.66,33,1,363.0,1
18524,740,6.13,34,1,192.4,1
18545,741,-0.75,21,0,91.9,1
18573,742,11.88,28,2,276.7,1
18592,743,2.56,19,1,139.8,1
18612,744,2.47,20,0,140.5,1
18632,745,1.98,20,0,132.5,1
18644,746,-0.92,12,0,89.5,1
18664,747,-2.20,20,0,71.0,1
18685,748,-2.54,21,0,66.3,1
18703,749,2.82,18,0,145.5,1
18721,750,2.69,18,0,142.8,1
18742,751,6.25,21,0,195.3,1
18763,752,4.33,21,1,166.3,1
18781,753,-3.77,18,0,47.7,1
18800,754,-7.88,19,0,22.3,1
18812,755,-5.32,12,0,26.6,1
18824,756,-2.41,12,0,67.7,1
18845,757,3.62,21,1,155.6,1
18866,758,4.32,21,0,166.8,1
18887,759,-1.45,21,0,81.7,1
18899,760,-0.26,12,0,99.2,1
18920,761,3.45,21,1,152.8,1
18933,762,-1.01,13,0,88.2,1
18954,763,8.36,21,0,226.2,1
18973,764,2.55,19,0,140.5,1
18994,765,4.72,21,0,172.8,1
19015,766,8.55,21,0,229.4,1
19028,767,1.45,13,0,124.3,1
19054,768,1.70,26,0,128.4,1
19088,769,13.59,34,1,302.5,1
19109,770,2.13,21,1,133.3,1
19130,771,9.92,21,1,249.1,1
19151,772,10.05,21,0,251.1,1
19172,773,1.44,21,1,123.5,1
19191,774,2.09,19,0,134.0,1
19212,775,-3.59,21,1,55.8,1
19231,776,3.25,19,0,151.8,1
19252,777,0.70,21,0,113.4,1
19273,778,7.01,21,0,206.4,1
19292,779,2.46,19,0,139.5,1
19318,780,-0.00,26,1,107.7,1
19337,781,6.71,19,0,202.0,1
19358,782,9.34,21,0,240.7,1
19379,783,5.56,21,0,185.1,1
19400,784,0.54,21,0,111.2,1
19421,785,3.65,21,1,156.1,1
19442,786,6.43,21,0,198.0,1
19455,787,5.29,13,0,180.9,1
19476,788,-2.85,21,1,61.0,1
19497,789,-4.59,21,0,36.5,1
19515,790,-7.60,18,0,10.0,1
19527,791,-3.73,12,0,55.0,1
19548,792,-2.05,21,0,76.7,1
19620,793,1.25,72,1,157.4,1
19639,794,-6.12,19,0,16.0,1
19668,795,2.81,29,0,144.4,1
19710,796,2.00,42,1,133.0,1
19731,797,-1.82,21,1,75.9,1
19752,798,-1.53,21,0,80.5,1
19766,799,-8.06,14,0,8.6,1
19779,800,-5.52,13,0,22.4,1
19791,801,-4.33,12,0,39.3,1
19812,802,-4.25,21,0,41.4,1
19833,803,-5.39,21,0,24.7,1
19861,804,-4.39,28,0,54.8,1
19873,805,-3.99,12,0,45.0,1
19907,806,1.44,34,1,123.5,1
19928,807,-5.09,21,0,35.3,1
19956,808,-3.55,28,0,50.8,1
19977,809,0.32,21,1,106.8,1
19997,810,-2.01,20,0,74.6,1
20018,811,0.26,21,0,106.8,1
20039,812,-0.32,21,1,98.5,1
20060,813,-6.44,21,0,9.2,1
20121,814,12.38,61,1,284.7,1
20142,815,-0.90,21,1,88.8,1
20155,816,-5.26,13,0,25.6,1
20176,817,-6.93,21,1,25.9,1
20218,818,3.26,42,1,151.2,1
20253,819,-7.06,35,1,12.7,1
20295,820,3.73,42,1,156.9,1
20307,821,-7.55,12,0,25.7,1
20328,822,-0.27,21,0,99.0,1
20349,823,2.40,21,1,137.7,1
20370,824,-7.68,21,0,0.0,1
20412,825,-2.05,42,1,84.0,1
20446,826,6.52,34,1,198.5,1
20457,827,-4.63,11,0,35.5,1
20485,828,-5.85,28,0,26.7,1
20506,829,1.22,21,0,120.9,1
20518,830,2.13,12,0,134.6,1
20539,831,-0.61,21,0,94.1,1
20560,832,4.86,21,0,176.0,1
20581,833,4.31,21,0,166.5,1
20609,834,0.96,28,0,117.5,1
20630,835,-3.88,21,0,63.6,1
20651,836,-2.14,21,0,71.6,1
20672,837,-3.25,21,0,68.6,1
20692,838,-3.30,20,0,54.8,1
20726,839,5.44,34,1,182.3,1
20753,840,-4.73,27,0,37.8,1
20774,841,1.59,21,1,126.4,1
20795,842,-4.66,21,0,34.6,1
20816,843,2.65,21,1,141.3,1
20836,844,-3.93,20,0,81.8,1
20857,845,2.24,21,1,135.3,1
20878,846,-0.94,21,0,89.3,1
20899,847,4.99,21,0,176.7,1
20920,848,1.81,21,1,134.1,1
20940,849,2.53,20,0,144.2,1
20961,850,9.76,21,0,246.9,1
20982,851,-3.80,21,1,46.2,1
21002,852,0.67,20,0,113.5,1
21036,853,-3.13,34,1,64.3,1
21057,854,0.32,21,1,107.1,1
21076,855,1.00,19,0,118.6,1
21089,856,-2.69,13,0,64.0,1
21131,857,1.09,42,1,137.8,1
21149,858,-3.96,18,0,70.8,1
21170,859,2.76,21,1,143.4,1
21183,860,-3.93,13,0,45.6,1
21204,861,-2.69,21,0,80.0,1
21225,862,-2.13,21,0,74.6,1
21246,863,-0.36,21,1,96.8,1
21267,864,7.28,21,0,210.5,1
21296,865,-0.93,29,0,90.3,1
21317,866,0.83,21,0,115.3,1
21329,867,-2.74,12,0,63.0,1
21350,868,-1.82,21,0,76.2,1
21371,869,-6.65,21,0,8.4,1
21392,870,-4.45,21,0,38.4,1
21414,871,-7.36,22,0,15.7,1
21433,872,-6.73,19,0,10.5,1
21454,873,0.95,21,1,116.0,1
21475,874,1.65,21,0,127.4,1
21487,875,-7.49,12,0,7.1,1
21507,876,4.72,20,2,170.5,1
21528,877,5.06,21,0,177.5,1
21541,878,-0.17,13,0,100.8,1
21562,879,0.81,21,0,115.0,1
21573,880,-3.12,11,0,58.3,1
21594,881,14.57,21,1,316.9,1
21615,882,5.32,21,0,181.6,1
21636,883,11.43,21,1,270.8,1
21657,884,12.61,21,0,289.1,1
21677,885,3.94,20,1,160.0,1
21695,886,-4.24,18,0,41.8,1
21714,887,3.22,19,1,149.4,1
21735,888,0.96,21,0,117.1,1
21756,889,2.30,21,1,136.1,1
21775,890,-0.26,19,0,100.4,1
21788,891,-3.49,13,0,54.8,1
21808,892,3.79,20,1,158.3,1
21829,893,4.95,21,1,175.7,1
21849,894,2.08,20,1,132.6,1
21896,895,26.22,47,3,485.7,1
21917,896,5.23,21,0,180.2,1
21929,897,-3.40,12,0,53.6,1
21942,898,-0.50,13,0,96.0,1
21955,899,6.06,13,0,193.4,1
21976,900,-4.46,21,1,40.4,1
21988,901,-2.32,12,0,68.9,1
22001,902,-3.44,13,0,52.7,1
22022,903,3.67,21,1,156.3,1
22048,904,-0.99,26,1,88.4,1
22069,905,3.85,21,1,158.7,1
22082,906,-1.75,13,0,78.1,1
22103,907,5.34,21,0,181.8,1
22124,908,3.09,21,1,147.5,1
22145,909,2.49,21,2,138.0,1
22166,910,4.19,21,1,163.9,1
22187,911,-0.55,21,1,94.3,1
22200,912,-1.81,13,0,76.7,1
22220,913,2.11,20,0,134.7,1
22231,914,-4.50,11,0,36.9,1
22242,915,-0.04,11,0,102.8,1
22263,916,2.20,21,1,134.7,1
22284,917,-0.01,21,0,102.9,1
22305,918,0.30,21,0,107.7,1
22326,919,2.25,21,1,135.7,1
22347,920,8.57,21,0,229.3,1
22368,921,6.36,21,0,196.6,1
22381,922,3.20,13,0,151.0,1
22402,923,4.11,21,1,162.8,1
22428,924,4.50,26,1,168.2,1
22449,925,2.36,21,1,136.8,1
22462,926,-3.76,13,0,48.0,1
22483,927,1.96,21,1,131.2,1
22504,928,-3.14,21,0,57.2,1
22525,929,0.95,21,0,117.5,1
22554,930,-2.98,29,1,58.5,1
22575,931,-3.73,21,0,71.5,1
22597,932,-5.05,22,0,29.1,1
22618,933,0.13,21,0,111.8,1
22639,934,3.95,21,1,160.5,1
22660,935,-3.69,21,0,48.7,1
22681,936,0.42,21,1,108.5,1
22694,937,-4.51,13,0,37.5,1
22737,938,12.93,43,1,292.2,1
22758,939,0.28,21,0,131.3,1
22785,940,3.15,27,0,149.7,1
22806,941,-5.69,21,0,28.7,1
22827,942,1.99,21,1,131.6,1
22848,943,2.41,21,1,137.8,1
22869,944,-1.88,21,1,75.4,1
22881,945,-1.22,12,0,95.0,1
22902,946,-2.97,21,0,83.3,1
22923,947,0.93,21,0,117.0,1
22935,948,-7.62,12,0,5.4,1
22956,949,-2.23,21,0,78.1,1
22977,950,-2.17,21,0,71.7,1
22998,951,-6.62,21,1,59.5,1
23009,952,-7.87,11,0,0.0,1
23030,953,3.20,21,1,149.4,1
23050,954,1.25,20,1,145.3,1
23071,955,-1.04,21,0,88.0,1
23092,956,-6.50,21,0,20.5,1
23113,957,5.63,21,1,185.7,1
23143,958,0.89,30,0,116.8,1
23203,959,20.69,60,2,405.6,1
23224,960,-3.86,21,0,76.4,1
23245,961,-1.90,21,0,85.0,1
23266,962,1.34,21,0,123.6,1
23287,963,0.58,21,0,111.9,1
23306,964,-7.22,19,0,19.5,1
23327,965,0.89,21,0,116.5,1
23348,966,-2.12,21,1,71.8,1
23389,967,-0.36,41,1,97.1,1
23393,968,-6.46,4,0,8.0,1
23404,969,-6.12,11,0,13.0,1
23425,970,-4.66,21,1,34.7,1
23451,971,-3.22,26,0,73.7,1
23464,972,-3.27,13,0,54.9,1
23485,973,3.91,21,1,159.8,1
23506,974,-4.08,21,0,50.4,1
23527,975,-0.47,21,0,96.4,1
23538,976,-7.09,11,0,0.8,1
23572,977,12.62,34,1,287.9,1
23591,978,1.64,19,0,127.5,1
23612,979,3.28,21,1,150.4,1
23633,980,1.89,21,1,129.8,1
23654,981,-6.20,21,1,36.3,1
23666,982,-4.10,12,0,43.0,1
23678,983,-2.46,12,0,66.8,1
23691,984,-3.55,13,0,51.7,1
23702,985,-3.28,11,0,54.7,1
23723,986,-0.28,21,0,113.4,1
23741,987,-6.47,18,0,11.1,1
23762,988,-0.60,21,0,94.2,1
23775,989,-4.19,13,0,41.4,1
23787,990,-4.23,12,0,40.9,1
23799,991,-2.23,12,0,70.8,1
23827,992,1.70,28,1,128.2,1
23883,993,7.31,56,1,210.4,1
23904,994,-1.48,21,0,83.7,1
23925,995,1.10,21,0,119.2,1
23973,996,12.90,48,1,292.4,1
24007,997,0.09,34,1,103.7,1
24034,998,8.31,27,1,224.3,1
24055,999,1.79,21,0,130.0,1
24076,1000,6.01,21,0,191.7,1
24089,1001,0.30,13,0,107.8,1
24123,1002,10.96,34,1,263.8,1
24134,1003,-2.60,11,0,64.8,1
24155,1004,-0.71,21,0,92.8,1
24176,1005,-3.47,21,0,52.1,1
24188,1006,-6.00,12,0,16.8,1
24210,1007,2.96,22,1,145.6,1
24231,1008,3.36,21,1,151.4,1
24252,1009,-2.53,21,1,65.7,1
24281,1010,3.69,29,1,156.3,1
24302,1011,1.79,21,1,128.6,1
24321,1012,4.06,19,0,162.8,1
24334,1013,-5.21,13,0,26.4,1
24354,1014,1.84,20,0,130.1,1
24375,1015,-1.91,21,0,74.9,1
24380,1016,-5.02,5,0,29.6,1
24401,1017,4.55,21,0,170.3,1
24422,1018,-4.48,21,0,39.5,1
24433,1019,-1.96,11,0,75.0,1
24453,1020,-3.70,20,0,48.9,1
24465,1021,-3.37,12,0,53.8,1
24485,1022,0.58,20,0,112.1,1
24505,1023,-0.40,20,0,98.0,1
24517,1024,-1.33,12,0,84.0,1
24538,1025,6.77,21,0,202.9,1
24559,1026,12.91,21,1,292.2,1
24581,1027,-1.24,22,0,84.8,1
24602,1028,-1.27,21,0,91.9,1
24623,1029,12.75,21,1,289.9,1
24658,1030,8.17,35,1,223.4,1
24679,1031,6.38,21,0,197.1,1
24700,1032,-1.74,21,0,77.5,1
24713,1033,-5.20,13,1,37.8,1
24725,1034,1.79,12,0,131.5,1
24746,1035,2.90,21,1,145.0,1
24788,1036,3.85,42,1,159.9,1
24808,1037,-3.87,20,0,48.4,1
24820,1038,-1.26,12,0,84.7,1
24841,1039,2.78,21,1,143.2,1
24882,1040,4.05,41,2,161.2,1
24904,1041,0.08,22,0,104.5,1
24925,1042,6.42,21,0,197.7,1
24960,1043,1.82,35,1,129.5,1
24981,1044,-0.78,21,0,99.6,1
25002,1045,5.29,21,1,179.9,1
25023,1046,2.51,21,1,139.2,1
25044,1047,3.44,21,1,152.7,1
25057,1048,1.72,13,0,128.3,1
25076,1049,-3.07,19,0,58.4,1
25089,1050,1.17,13,0,121.4,1
25110,1051,3.96,21,1,160.6,1
25130,1052,-6.31,20,0,19.2,1
25151,1053,-2.88,21,0,60.7,1
25164,1054,-4.28,13,0,40.7,1
25185,1055,0.12,21,0,106.0,1
25206,1056,5.40,21,0,182.7,1
25240,1057,12.60,34,1,287.9,1
25261,1058,2.80,21,1,143.5,1
25282,1059,2.19,21,2,134.2,1
25303,1060,4.07,21,1,162.2,1
25323,1061,4.79,20,0,173.5,1
25343,1062,3.74,20,1,157.9,1
25355,1063,-4.01,12,0,45.3,1
25389,1064,11.05,34,1,264.9,1
25408,1065,-3.84,19,1,45.8,1
25420,1066,-7.89,12,0,0.0,1
25433,1067,-1.02,13,0,88.0,1
25454,1068,-0.84,21,1,89.7,1
25474,1069,9.22,20,0,238.6,1
25487,1070,0.08,13,0,104.5,1
25508,1071,-2.42,21,0,95.7,1
25542,1072,5.99,34,1,192.3,1
25563,1073,0.41,21,0,117.1,1
25584,1074,3.03,21,1,146.9,1
25605,1075,-4.07,21,0,48.2,1
25667,1076,11.09,62,1,272.0,1
25686,1077,-2.21,19,0,70.8,1
25707,1078,-6.40,21,0,44.7,1
25733,1079,-0.40,26,1,97.0,1
25754,1080,-4.85,21,0,49.9,1
25775,1081,4.11,21,1,162.8,1
25796,1082,1.92,21,1,130.3,1
25808,1083,-5.33,12,0,24.6,1
25829,1084,-6.15,21,0,23.3,1
25848,1085,-1.55,19,0,84.3,1
25869,1086,-5.05,21,0,29.6,1
25890,1087,2.17,21,1,134.2,1
25903,1088,-6.78,13,0,3.3,1
25924,1089,-4.10,21,0,44.5,1
25945,1090,-3.66,21,0,50.1,1
25956,1091,-2.04,11,0,73.1,1
25968,1092,-3.12,12,0,57.2,1
26010,1093,0.41,42,1,109.3,1
26031,1094,-0.61,21,0,94.4,1
26053,1095,1.09,22,0,119.3,1
26074,1096,3.96,21,1,160.6,1
26093,1097,-4.55,19,0,47.2,1
26114,1098,2.75,21,1,142.5,1
26152,1099,2.24,38,1,136.2,1
26173,1100,1.10,21,0,119.5,1
26194,1101,-3.82,21,0,50.9,1
26215,1102,5.71,21,0,187.7,1
26236,1103,-6.12,21,0,13.1,1
26257,1104,-1.23,21,0,85.3,1
26279,1105,-1.06,22,0,88.0,1
26300,1106,3.91,21,1,159.6,1
26318,1107,-4.30,18,0,50.7,1
26331,1108,1.49,13,0,125.0,1
26352,1109,10.98,21,1,263.8,1
26371,1110,-6.06,19,0,13.8,1
26384,1111,-6.44,13,0,17.3,1
26405,1112,-0.92,21,1,91.0,1
26425,1113,-5.07,20,1,27.8,1
26437,1114,-6.27,12,0,16.7,1
26458,1115,-4.96,21,0,31.0,1
26492,1116,0.54,34,1,110.2,1
26511,1117,-1.29,19,0,84.3,1
26538,1118,-3.22,27,1,93.9,1
26560,1119,-1.02,22,0,88.1,1
26595,1120,-6.47,35,1,20.8,1
26616,1121,-4.98,21,0,30.7,1
26636,1122,3.21,20,1,149.2,1
26657,1123,5.37,21,0,182.3,1
26678,1124,15.89,21,0,337.3,1
26690,1125,2.68,12,0,142.4,1
26708,1126,10.68,18,0,260.4,1
26729,1127,10.83,21,1,261.4,1
26750,1128,17.83,21,2,363.2,1
26763,1129,-0.86,13,0,91.0,1
26786,1130,22.05,23,1,426.6,1
26807,1131,8.71,21,0,231.8,1
26819,1132,5.00,12,1,175.5,1
26832,1133,1.73,13,0,128.8,1
26851,1134,10.96,19,0,264.5,1
26872,1135,10.60,21,1,259.1,1
26885,1136,2.69,13,0,142.6,1
26898,1137,0.21,13,0,107.1,1
26911,1138,5.84,13,0,189.5,1
26924,1139,1.27,13,0,121.7,1
26945,1140,15.75,21,2,332.7,1
26958,1141,0.50,13,0,110.7,1
26977,1142,5.38,19,0,182.1,1
26996,1143,3.27,19,0,151.5,1
27017,1144,4.57,21,0,170.8,1
27037,1145,7.15,20,0,208.2,1
27050,1146,4.89,13,0,175.0,1
27070,1147,10.89,20,0,264.1,1
27091,1148,7.49,21,1,212.8,1
27112,1149,7.98,21,1,219.8,1
27131,1150,9.83,19,0,247.9,1
27152,1151,6.26,21,0,195.4,1
27173,1152,12.25,21,1,282.8,1
27193,1153,8.31,20,0,225.3,1
27212,1154,4.60,19,0,170.9,1
27231,1155,13.14,19,0,296.6,1
27244,1156,4.32,13,0,166.6,1
27265,1157,5.06,21,1,176.5,1
27277,1158,2.83,12,0,145.0,1
27298,1159,8.01,21,0,221.1,1
27319,1160,12.54,21,2,285.5,1
27340,1161,10.45,21,0,257.1,1
27361,1162,11.57,21,0,273.2,1
27382,1163,15.86,21,2,334.3,1
27395,1164,3.75,13,0,158.2,1
27416,1165,12.87,21,1,291.9,1
27436,1166,2.12,20,0,134.8,1
27449,1167,-2.57,13,0,65.5,1
27460,1168,0.27,11,0,107.1,1
27472,1169,-2.12,12,0,71.8,1
27493,1170,7.08,21,0,207.4,1
27513,1171,3.23,20,0,150.9,1
27526,1172,4.03,13,0,162.6,1
27546,1173,15.84,20,1,335.3,1
27565,1174,10.49,19,1,256.6,1
27577,1175,5.39,12,0,182.6,1
27598,1176,12.05,21,1,279.6,1
27620,1177,22.00,22,1,426.8,1
27633,1178,3.73,13,0,157.9,1
27652,1179,6.03,19,0,192.1,1
27673,1180,6.49,21,0,198.8,1
27694,1181,2.86,21,1,144.4,1
27715,1182,-0.01,21,0,102.9,1
27736,1183,0.10,21,1,104.7,1
27747,1184,-2.27,11,0,70.5,1
27760,1185,1.34,13,0,123.7,1
27781,1186,-6.91,21,0,23.1,1
27801,1187,-1.53,20,0,80.5,1
27843,1188,-1.28,42,1,84.3,1
27864,1189,1.12,21,0,119.8,1
27885,1190,2.26,21,1,135.6,1
27906,1191,5.25,21,0,180.5,1
27932,1192,18.23,26,1,370.9,1
27952,1193,-3.29,20,0,59.7,1
27986,1194,6.84,34,1,202.9,1
27999,1195,-7.15,13,0,9.1,1
28011,1196,-3.29,12,0,54.9,1
28032,1197,0.99,21,0,117.5,1
28052,1198,-1.16,20,0,86.2,1
28070,1199,-0.82,18,0,91.3,1
28090,1200,-2.15,20,0,71.5,1
28111,1201,0.32,21,0,124.9,1
28132,1202,7.96,21,0,220.4,1
28154,1203,-3.17,22,0,66.9,1
28183,1204,-6.42,29,0,97.2,1
28204,1205,6.00,21,0,191.5,1
28225,1206,3.69,21,1,156.7,1
28269,1207,24.31,44,1,460.7,1
28288,1208,0.30,19,0,107.7,1
28321,1209,0.36,33,1,107.4,1
28342,1210,-4.48,21,0,37.2,1
28362,1211,-2.41,20,0,68.8,1
28383,1212,2.24,21,1,135.9,1
28404,1213,3.20,21,1,149.1,1
28423,1214,10.03,19,0,251.5,1
28453,1215,4.60,30,1,170.3,1
28474,1216,13.01,21,0,294.7,1
28495,1217,1.74,21,1,128.0,1
28516,1218,0.60,21,0,132.1,1
28537,1219,11.79,21,1,276.0,1
28565,1220,9.78,28,0,247.4,1
28576,1221,-0.36,11,0,97.7,1
28597,1222,3.24,21,1,150.0,1
28618,1223,7.95,21,0,220.2,1
28639,1224,5.51,21,0,184.0,1
28651,1225,-1.30,12,0,84.8,1
28671,1226,-2.85,20,0,62.0,1
28692,1227,-2.33,21,0,68.8,1
28726,1228,2.50,34,1,139.2,1
28747,1229,1.91,21,1,133.9,1
28768,1230,-5.40,21,0,24.6,1
28789,1231,2.88,21,1,144.4,1
28817,1232,9.38,28,0,241.3,1
28839,1233,-3.25,22,1,54.3,1
28860,1234,1.41,21,0,124.7,1
28902,1235,7.00,42,1,205.0,1
28923,1236,3.46,21,1,153.8,1
28944,1237,-1.74,21,0,77.4,1
28962,1238,0.12,18,0,105.3,1
28983,1239,3.97,21,1,160.7,1
29001,1240,-1.84,18,0,76.3,1
29020,1241,1.78,19,1,128.2,1
29041,1242,3.82,21,1,158.9,1
29062,1243,-0.50,21,0,95.6,1
29074,1244,-2.10,12,0,72.4,1
29108,1245,0.16,34,1,105.0,1
29129,1246,1.39,21,0,123.8,1
29148,1247,1.18,19,0,120.9,1
29169,1248,-0.12,21,0,118.6,1
29189,1249,-1.46,20,0,82.8,1
29200,1250,-3.17,11,0,57.6,1
29221,1251,-1.80,21,0,76.5,1
29233,1252,-6.13,12,0,17.6,1
29254,1253,-5.41,21,0,37.4,1
29275,1254,-6.15,21,0,30.3,1
29302,1255,-3.16,27,0,56.9,1
29323,1256,1.23,21,0,121.2,1
29364,1257,21.68,41,1,420.9,1
29385,1258,0.17,21,0,105.5,1
29398,1259,-0.94,13,0,89.7,1
29419,1260,-2.05,21,1,74.9,1
29440,1261,-0.16,21,0,100.7,1
29452,1262,-2.03,12,0,73.8,1
29473,1263,-1.93,21,1,74.6,1
29507,1264,12.57,34,1,287.5,1
29528,1265,4.72,21,0,172.8,1
29549,1266,1.09,21,0,119.0,1
29569,1267,4.91,20,1,176.8,1
29588,1268,3.76,19,0,158.6,1
29614,1269,4.31,26,0,167.5,1
29641,1270,1.56,27,1,125.0,1
29660,1271,-3.15,19,0,67.9,1
29681,1272,0.49,21,0,110.6,1
29702,1273,9.17,21,0,238.3,1
29731,1274,0.23,29,0,107.0,1
29743,1275,-5.76,12,0,18.3,1
29754,1276,-5.05,11,0,29.1,1
29775,1277,3.14,21,1,148.2,1
29787,1278,-2.77,12,0,62.3,1
29808,1279,3.13,21,0,149.9,1
29829,1280,1.78,21,1,128.5,1
29850,1281,2.42,21,1,138.0,1
29877,1282,-3.37,27,0,54.1,1
29902,1283,-0.18,25,1,99.4,1
29913,1284,-4.88,11,1,30.9,1
29931,1285,3.51,18,0,154.7,1
29957,1286,0.71,26,0,113.6,1
29978,1287,5.73,21,0,188.6,1
29999,1288,6.43,21,0,197.9,1
30020,1289,4.89,21,0,175.0,1
30041,1290,0.92,21,0,116.5,1
30052,1291,-7.68,11,0,1.7,1
30072,1292,-7.11,20,1,20.5,1
30093,1293,12.66,21,0,289.6,1
30115,1294,6.48,22,0,198.9,1
30133,1295,-2.27,18,0,69.9,1
30153,1296,-5.14,20,0,28.0,1
30174,1297,2.22,21,1,135.1,1
30195,1298,-5.88,21,0,18.2,1
30216,1299,4.62,21,1,171.2,1
30237,1300,4.55,21,0,170.2,1
30258,1301,0.82,21,0,115.5,1
30279,1302,-3.76,21,0,47.7,1
30300,1303,7.13,21,0,208.2,1
30321,1304,-4.67,21,1,34.2,1
30342,1305,0.52,21,0,110.7,1
30362,1306,-3.22,20,0,55.7,1
30382,1307,-3.87,20,0,46.1,1
30394,1308,-0.89,12,0,92.4,1
30415,1309,3.84,21,1,158.8,1
30436,1310,-1.96,21,0,79.5,1
30465,1311,9.07,29,0,236.4,1
30486,1312,-6.45,21,0,12.0,1
30507,1313,3.28,21,1,150.6,1
30518,1314,-5.38,11,0,23.9,1
30531,1315,-3.84,13,0,46.8,1
30552,1316,0.35,21,0,108.2,1
30573,1317,6.00,21,1,190.7,1
30594,1318,-1.50,21,0,81.0,1
30615,1319,-0.57,21,0,94.7,1
30636,1320,-3.47,21,0,54.4,1
30654,1321,-7.69,18,1,16.6,1
30675,1322,0.01,21,1,103.2,1
30696,1323,3.46,21,1,152.9,1
30724,1324,6.77,28,0,202.6,1
30745,1325,4.71,21,0,172.6,1
30757,1326,-3.77,12,0,47.7,1
30778,1327,-4.88,21,1,33.0,1
30800,1328,0.96,22,1,116.8,1
30811,1329,-3.88,11,0,46.2,1
30831,1330,-0.24,20,0,100.3,1
30852,1331,-1.09,21,0,87.0,1
30864,1332,-8.09,12,0,0.0,1
30885,1333,-5.60,21,0,42.2,1
30905,1334,5.72,20,0,188.3,1
30926,1335,0.10,21,0,104.6,1
30946,1336,3.49,20,1,154.2,1
30967,1337,-5.88,21,0,17.6,1
31001,1338,-4.27,34,0,41.1,1
31022,1339,1.89,21,0,130.9,1
31043,1340,4.20,21,1,164.1,1
31056,1341,-1.97,13,0,75.3,1
31074,1342,0.94,18,1,115.9,1
31095,1343,4.36,21,0,167.5,1
31115,1344,5.26,20,0,181.3,1
31136,1345,3.64,21,1,155.6,1
31157,1346,9.58,21,0,244.2,1
31170,1347,-5.95,13,0,16.4,1
31191,1348,11.53,21,0,272.9,1
31204,1349,-3.11,13,0,58.1,1
31225,1350,2.46,21,1,138.3,1
31245,1351,3.91,20,0,161.4,1
31265,1352,3.19,20,0,149.9,1
31286,1353,-0.34,21,0,98.6,1
31305,1354,7.64,19,1,214.8,1
31326,1355,-2.19,21,0,70.9,1
31345,1356,5.76,19,0,188.3,1
31366,1357,-0.78,21,0,91.9,1
31386,1358,-5.20,20,1,47.9,1
31407,1359,2.38,21,1,138.3,1
31425,1360,1.14,18,0,120.4,1
31446,1361,-1.67,21,0,78.8,1
31467,1362,7.42,21,0,212.8,1
31479,1363,-4.43,12,0,38.5,1
31500,1364,-3.08,21,1,57.6,1
31521,1365,-6.36,21,0,41.3,1
31533,1366,-0.08,12,0,103.1,1
31567,1367,-2.31,34,1,91.9,1
31580,1368,-7.39,13,0,7.7,1
31593,1369,0.36,13,0,108.3,1
31614,1370,-1.67,21,0,78.8,1
31634,1371,-2.73,20,0,63.5,1
31655,1372,-5.86,21,0,23.3,1
31674,1373,-0.02,19,0,103.1,1
31694,1374,-1.07,20,0,89.3,1
31707,1375,-6.10,13,0,14.5,1
31726,1376,-0.82,19,0,91.9,1
31744,1377,2.46,18,0,139.5,1
31764,1378,1.77,20,0,129.7,1
31777,1379,-4.37,13,0,38.8,1
31798,1380,2.45,21,1,138.1,1
31818,1381,-0.65,20,0,94.4,1
31839,1382,-0.06,21,1,101.7,1
31860,1383,-1.34,21,1,82.3,1
31881,1384,11.53,21,0,273.1,1
31900,1385,-5.61,19,1,26.6,1
31929,1386,2.49,29,1,138.6,1
31950,1387,7.78,21,0,217.8,1
31971,1388,7.11,21,0,207.9,1
31992,1389,3.52,21,1,153.8,1
32012,1390,-3.99,20,0,44.7,1
32033,1391,0.58,21,0,111.6,1
32055,1392,-1.49,22,0,81.1,1
32076,1393,-1.39,21,0,82.6,1
32096,1394,-3.64,20,0,57.4,1
32117,1395,1.20,21,1,120.6,1
32138,1396,4.19,21,1,164.0,1
32151,1397,-1.25,13,0,85.5,1
32172,1398,0.48,21,0,110.2,1
32193,1399,3.32,21,1,151.1,1
32214,1400,9.23,21,0,239.1,1
32233,1401,4.02,19,0,162.1,1
32261,1402,6.28,28,1,195.3,1
32272,1403,-3.21,11,0,55.8,1
32292,1404,8.79,20,1,232.2,1
32326,1405,14.95,34,1,322.5,1
32347,1406,-2.28,21,0,69.6,1
32368,1407,5.99,21,0,191.4,1
32388,1408,-2.99,20,0,59.4,1
32409,1409,5.84,21,0,189.2,1
32430,1410,5.44,21,0,183.0,1
32451,1411,7.39,21,0,211.9,1
32477,1412,17.34,26,1,358.2,1
32506,1413,0.10,29,1,103.8,1
32527,1414,-2.02,21,0,81.9,1
32548,1415,1.41,21,1,123.7,1
32569,1416,-1.11,21,1,85.7,1
32590,1417,-5.34,21,0,25.4,1
32624,1418,7.17,34,1,207.8,1
32653,1419,13.05,29,1,294.0,1
32672,1420,6.12,19,0,193.1,1
32706,1421,10.19,34,1,252.2,1
32718,1422,-3.21,12,0,56.5,1
32739,1423,2.26,21,1,135.2,1
32760,1424,3.13,21,1,157.0,1
32781,1425,-2.51,21,0,72.6,1
32802,1426,-4.82,21,0,33.0,1
32823,1427,-1.52,21,0,86.6,1
32853,1428,-0.67,30,1,92.3,1
32874,1429,-4.48,21,0,37.2,1
32896,1430,-4.35,22,0,41.6,1
32925,1431,-4.15,29,0,42.2,1
32946,1432,-6.15,21,0,13.4,1
32973,1433,-0.38,27,0,98.6,1
32993,1434,-4.11,20,0,54.2,1
33043,1435,9.60,50,2,242.2,1
33064,1436,-3.15,21,1,56.6,1
33085,1437,-3.10,21,1,57.3,1
33106,1438,1.29,21,1,121.9,1
33127,1439,-4.53,21,0,44.8,1
33148,1440,-2.57,21,0,65.2,1
33182,1441,-6.25,34,1,64.4,1
33201,1442,-3.62,19,1,61.5,1
33235,1443,2.47,34,1,138.9,1
33256,1444,-3.61,21,0,50.0,1
33277,1445,1.66,21,1,126.8,1
33311,1446,5.04,34,1,176.7,1
33353,1447,8.91,42,1,234.2,1
33374,1448,-4.29,21,0,42.5,1
33395,1449,-7.38,21,1,0.0,1
33416,1450,-6.93,21,0,22.7,1
33437,1451,8.55,21,1,228.1,1
33450,1452,-7.23,13,0,22.8,1
33471,1453,-0.96,21,0,88.9,1
33492,1454,5.60,21,1,185.6,1
33513,1455,-4.87,21,0,69.3,1
33534,1456,-2.70,21,1,62.4,1
33555,1457,0.17,21,0,106.1,1
33573,1458,-1.52,18,0,82.2,1
33614,1459,11.15,41,1,266.7,1
33635,1460,-5.24,21,1,49.8,1
33656,1461,-0.86,21,0,90.7,1
33668,1462,1.86,12,0,130.3,1
33703,1463,1.18,35,1,119.4,1
33724,1464,-2.76,21,0,64.9,1
33743,1465,-1.43,19,0,82.3,1
33762,1466,-3.87,19,1,56.3,1
33783,1467,-2.27,21,0,69.7,1
33804,1468,-4.57,21,0,36.7,1
33817,1469,2.53,13,1,139.3,1
33838,1470,-2.84,21,0,61.3,1
33857,1471,4.25,19,0,165.8,1
33878,1472,14.76,21,1,320.3,1
33899,1473,3.35,21,1,151.7,1
33919,1474,1.65,20,0,127.8,1
33940,1475,8.30,21,0,225.4,1
33961,1476,8.25,21,0,224.6,1
33980,1477,5.12,19,0,179.2,1
33993,1478,-4.64,13,0,34.8,1
34012,1479,8.92,19,0,234.6,1
34041,1480,13.07,29,2,294.1,1
34062,1481,1.23,21,0,121.4,1
34083,1482,1.23,21,0,121.4,1
34104,1483,2.04,21,0,133.1,1
34133,1484,24.58,29,1,463.9,1
34155,1485,3.85,22,1,158.6,1
34176,1486,4.98,21,1,175.5,1
34187,1487,-3.90,11,0,46.0,1
34216,1488,9.59,29,0,245.0,1
34237,1489,4.36,21,0,167.4,1
34250,1490,-2.05,13,0,72.9,1
34271,1491,1.13,21,1,118.7,1
34305,1492,14.17,34,1,311.0,1
34316,1493,-4.91,11,0,30.9,1
34336,1494,-0.16,20,0,100.9,1
34357,1495,15.09,21,1,323.9,1
34378,1496,5.47,21,0,183.5,1
34390,1497,-5.70,12,0,19.8,1
34422,1498,16.00,32,1,337.3,1
34434,1499,-2.51,12,0,66.4,1
34454,1500,-0.48,20,0,96.5,1
34466,1501,-5.07,12,0,28.7,1
34487,1502,5.96,21,0,190.7,1
34516,1503,5.77,29,1,187.2,1
34537,1504,0.18,21,0,105.7,1
34556,1505,3.09,19,0,149.3,1
34577,1506,5.70,21,0,187.1,1
34598,1507,8.91,21,0,234.4,1
34619,1508,8.92,21,0,234.5,1
34640,1509,-0.63,21,0,93.7,1
34661,1510,7.18,21,0,208.9,1
34673,1511,-5.71,12,0,22.2,1
34685,1512,-3.24,12,0,55.7,1
34706,1513,7.70,21,0,216.6,1
34727,1514,1.23,21,1,120.2,1
34739,1515,-2.37,12,0,68.5,1
34752,1516,-4.57,13,0,35.9,1
34772,1517,-1.23,20,0,85.2,1
34793,1518,4.48,21,0,169.2,1
34814,1519,3.13,21,0,149.7,1
34844,1520,3.71,30,1,157.0,1
34865,1521,1.60,21,1,126.5,1
34886,1522,-2.08,21,0,72.4,1
34907,1523,-4.55,21,0,36.2,1
34920,1524,-3.00,13,0,59.3,1
34940,1525,-4.64,20,0,35.4,1
34961,1526,-3.04,21,0,58.3,1
34981,1527,1.23,20,0,121.5,1
35009,1528,-0.24,28,0,100.3,1
35030,1529,0.99,21,0,117.7,1
35051,1530,1.40,21,0,123.6,1
35072,1531,-2.10,21,0,80.0,1
35091,1532,12.10,19,1,280.2,1
35102,1533,-3.87,11,0,46.7,1
35123,1534,-4.01,21,0,44.1,1
35135,1535,-5.83,12,1,16.9,1
35148,1536,-7.90,13,0,0.0,1
35166,1537,-3.39,18,0,53.4,1
35187,1538,-2.69,21,0,63.4,1
35221,1539,0.49,34,1,109.6,1
35242,1540,-3.46,21,0,52.2,1
35263,1541,5.28,21,1,179.7,1
35284,1542,0.13,21,0,104.9,1
35296,1543,-5.64,12,0,20.1,1
35309,1544,-6.02,13,0,33.9,1
35338,1545,-0.83,29,0,118.8,1
35357,1546,-3.19,19,1,56.1,1
35370,1547,-4.40,13,1,37.7,1
35390,1548,-4.68,20,0,34.2,1
35409,1549,-3.75,19,0,55.4,1
35422,1550,-3.99,13,0,44.7,1
35443,1551,5.61,21,0,186.4,1
35464,1552,-5.83,21,0,31.3,1
35477,1553,0.20,13,0,106.3,1
35498,1554,0.50,21,1,109.4,1
35518,1555,-2.35,20,1,67.5,1
35539,1556,6.90,21,0,204.5,1
35552,1557,-4.83,13,0,32.0,1
35581,1558,-7.80,29,0,33.1,1
35599,1559,-6.97,18,0,4.9,1
35620,1560,-2.87,21,0,60.8,1
35641,1561,-1.43,21,0,87.1,1
35653,1562,-6.79,12,0,3.2,1
35674,1563,4.23,21,2,163.6,1
35692,1564,-5.35,18,0,48.5,1
35713,1565,-5.51,21,0,34.6,1
35734,1566,-3.29,21,0,55.6,1
35755,1567,0.51,21,1,110.4,1
35776,1568,0.66,21,0,113.0,1
35806,1569,-0.63,30,0,93.7,1
35825,1570,-2.81,19,0,62.9,1
35844,1571,-3.85,19,0,47.7,1
35856,1572,-3.59,12,0,51.1,1
35891,1573,19.24,35,1,385.1,1
35912,1574,10.31,21,0,254.9,1
35924,1575,-6.21,12,0,11.7,1
35944,1576,4.02,20,1,161.8,1
35976,1577,16.76,32,1,350.8,1
35988,1578,-4.52,12,0,48.9,1
36000,1579,-5.53,12,0,28.7,1
36021,1580,7.70,21,0,216.5,1
36042,1581,9.88,21,1,248.0,1
36063,1582,8.09,21,0,222.3,1
36097,1583,17.87,34,1,366.0,1
36126,1584,8.60,29,1,228.6,1
36147,1585,7.01,21,1,206.3,1
36168,1586,4.92,21,0,175.4,1
36195,1587,5.88,27,0,190.4,1
36215,1588,5.42,20,0,183.3,1
36242,1589,2.03,27,1,132.2,1
36264,1590,6.92,22,0,205.1,1
36285,1591,1.79,21,0,129.7,1
36315,1592,18.38,30,0,373.6,1
36336,1593,0.02,21,0,103.3,1
36357,1594,5.27,21,1,179.8,1
36386,1595,2.56,29,0,140.6,1
36405,1596,1.14,19,0,119.8,1
36426,1597,11.72,21,1,274.7,1
36447,1598,-0.07,21,0,102.3,1
36460,1599,1.12,13,0,119.6,1
36481,1600,4.93,21,0,175.8,1
36507,1601,13.21,26,0,302.7,1
36536,1602,7.16,29,0,208.4,1
36548,1603,-2.18,12,0,71.0,1
36569,1604,3.33,21,1,151.1,1
36581,1605,-3.97,12,0,44.7,1
36601,1606,0.34,20,0,108.1,1
36622,1607,7.27,21,0,210.0,1
36643,1608,6.58,21,0,200.2,1
36664,1609,8.62,21,0,230.1,1
36685,1610,4.60,21,0,170.9,1
36706,1611,11.81,21,1,276.3,1
36727,1612,1.83,21,1,129.2,1
36755,1613,14.63,28,1,317.8,1
36776,1614,10.28,21,0,254.5,1
36797,1615,8.19,21,0,223.8,1
36818,1616,4.55,21,0,170.2,1
36846,1617,13.25,28,2,296.5,1
36866,1618,-4.03,20,0,55.7,1
36887,1619,1.29,21,0,122.1,1
36906,1620,-0.82,19,0,91.0,1
36917,1621,-3.23,11,0,55.9,1
36943,1622,1.29,26,0,122.6,1
36964,1623,1.17,21,0,122.8,1
36985,1624,5.48,21,1,183.8,1
37006,1625,2.12,21,1,134.1,1
37028,1626,-4.34,22,1,38.6,1
37062,1627,0.95,34,1,116.4,1
37075,1628,-1.77,13,0,77.6,1
37096,1629,-0.90,21,0,90.1,1
37116,1630,-4.83,20,0,45.5,1
37136,1631,-1.19,20,1,85.7,1
37157,1632,-0.25,21,0,99.4,1
37199,1633,13.79,42,1,305.5,1
37219,1634,-7.91,20,0,0.0,1
37240,1635,4.56,21,1,170.3,1
37268,1636,5.19,28,0,180.0,1
37289,1637,-2.98,21,0,61.3,1
37310,1638,-2.63,21,0,64.7,1
37332,1639,4.17,22,0,164.7,1
37344,1640,-7.63,12,0,0.0,1
37363,1641,-3.62,19,0,52.7,1
37384,1642,1.02,21,0,118.0,1
37418,1643,0.65,34,1,112.0,1
37456,1644,20.54,38,1,404.8,1
37477,1645,-1.54,21,0,80.3,1
37502,1646,6.95,25,0,207.5,1
37514,1647,1.89,12,0,130.8,1
37540,1648,-0.74,26,0,92.2,1
37574,1649,12.84,34,1,291.1,1
37587,1650,-0.62,13,0,93.9,1
37612,1651,3.33,25,0,151.9,1
37632,1652,1.75,20,0,128.7,1
37653,1653,-3.88,21,0,46.2,1
37680,1654,3.48,27,0,154.2,1
37708,1655,-0.69,28,1,91.9,1
37729,1656,0.57,21,0,111.5,1
37750,1657,-0.73,21,0,92.3,1
37771,1658,1.78,21,2,127.5,1
37784,1659,-8.13,13,0,2.8,1
37818,1660,9.15,34,1,236.9,1
37830,1661,-5.06,12,0,29.2,1
37851,1662,-2.33,21,1,68.9,1
37872,1663,5.61,21,0,185.9,1
37891,1664,-1.59,19,0,80.0,1
37912,1665,-0.01,21,0,103.2,1
37933,1666,0.88,21,0,115.9,1
37946,1667,-4.33,13,0,39.4,1
37967,1668,-0.95,21,0,89.0,1
37988,1669,4.29,21,0,166.2,1
37993,1670,-7.41,5,0,0.0,1
38013,1671,0.44,20,0,110.7,1
38031,1672,-4.14,18,0,42.7,1
38064,1673,17.03,33,1,353.6,1
38085,1674,4.05,21,1,188.3,1
38104,1675,2.27,19,0,137.6,1
38125,1676,12.14,21,0,281.9,1
38146,1677,2.83,21,1,143.7,1
38167,1678,0.35,21,0,108.5,1
38188,1679,6.62,21,0,200.6,1
38222,1680,8.15,34,1,222.2,1
38243,1681,12.47,21,1,285.8,1
38273,1682,18.91,30,1,380.4,1
38294,1683,5.28,21,0,181.0,1
38313,1684,-3.14,19,0,56.9,1
38339,1685,16.42,26,0,344.5,1
38352,1686,-1.66,13,0,78.6,1
38379,1687,4.60,27,0,170.6,1
38390,1688,-8.09,11,0,0.0,1
38411,1689,7.63,21,0,215.9,1
38446,1690,18.58,35,1,376.4,1
38466,1691,3.27,20,1,150.7,1
38495,1692,18.48,29,1,374.2,1
38516,1693,5.67,21,0,186.4,1
38537,1694,2.91,21,1,144.9,1
38578,1695,8.48,41,1,229.6,1
38599,1696,-3.96,21,0,46.6,1
38611,1697,-3.10,12,0,58.1,1
38632,1698,-0.94,21,0,89.2,1
38666,1699,6.52,34,1,198.2,1
38687,1700,4.35,21,0,167.3,1
38707,1701,-2.98,20,0,60.1,1
38749,1702,10.63,42,1,259.6,1
38770,1703,4.80,21,0,173.6,1
38789,1704,1.76,19,0,128.9,1
38809,1705,4.23,20,0,165.3,1
38829,1706,12.76,20,1,290.0,1
38842,1707,-1.96,13,1,73.2,1
38869,1708,4.72,27,1,172.4,1
38903,1709,21.52,34,2,417.8,1
38924,1710,2.42,21,1,138.0,1
38945,1711,0.34,21,0,108.3,1
38966,1712,0.23,21,0,106.4,1
38987,1713,-4.95,21,0,30.3,1
39008,1714,-1.89,21,0,75.6,1
39028,1715,-6.58,20,0,32.1,1
39041,1716,-1.43,13,0,82.0,1
39060,1717,0.28,19,0,107.4,1
39081,1718,2.07,21,1,132.5,1
39102,1719,-3.42,21,0,53.6,1
39123,1720,8.63,21,1,230.1,1
39144,1721,4.49,21,0,169.3,1
39165,1722,7.49,21,0,213.4,1
39186,1723,3.97,21,1,161.9,1
39207,1724,3.38,21,1,152.9,1
39248,1725,21.77,41,2,421.2,1
39260,1726,-4.78,12,0,33.0,1
39281,1727,3.17,21,0,149.6,1
39315,1728,-0.11,34,1,100.7,1
39336,1729,8.44,21,0,227.5,1
39364,1730,6.25,28,1,194.2,1
39385,1731,-0.99,21,0,88.5,1
39406,1732,-2.98,21,0,59.3,1
39427,1733,3.74,21,1,157.0,1
39448,1734,8.83,21,1,233.1,1
39468,1735,-1.69,20,0,78.2,1
39489,1736,0.37,21,0,108.7,1
39510,1737,7.02,21,0,206.6,1
39528,1738,-0.28,18,0,99.8,1
39549,1739,0.59,21,0,112.6,1
39568,1740,-6.24,19,0,11.6,1
39589,1741,-2.84,21,0,83.4,1
39626,1742,-0.06,37,0,102.8,1
39647,1743,-0.63,21,0,93.8,1
39666,1744,0.84,19,0,115.8,1
39687,1745,7.42,21,0,212.4,1
39700,1746,-2.64,13,0,64.2,1
39721,1747,-8.10,21,0,0.0,1
39755,1748,5.72,34,1,186.5,1
39760,1749,-6.14,5,0,22.7,1
39781,1750,-2.43,21,1,67.2,1
39802,1751,2.38,21,1,137.3,1
39823,1752,0.51,21,0,111.4,1
39844,1753,-3.05,21,0,62.1,1
39871,1754,3.61,27,0,156.2,1
39892,1755,-2.48,21,0,67.5,1
39913,1756,-0.62,21,0,93.9,1
39934,1757,5.05,21,1,177.4,1
39955,1758,-2.35,21,0,69.1,1
39967,1759,-6.69,12,0,7.5,1
39988,1760,-1.02,21,0,88.4,1
40009,1761,2.25,21,1,135.1,1
40021,1762,-2.27,12,0,69.7,1
40040,1763,-1.85,19,0,76.7,1
40071,1764,12.69,31,1,288.7,1
40092,1765,-3.27,21,0,55.0,1
40113,1766,-0.64,21,0,93.6,1
40134,1767,2.32,21,1,136.2,1
40153,1768,-4.72,19,1,33.8,1
40166,1769,-5.34,13,0,24.5,1
40208,1770,9.14,42,1,237.6,1
40229,1771,-1.10,21,0,86.9,1
40241,1772,-6.17,12,0,12.6,1
40262,1773,1.35,21,1,122.2,1
40280,1774,-2.07,18,0,72.6,1
40301,1775,-2.78,21,0,62.2,1
40322,1776,1.21,21,0,120.8,1
40343,1777,10.25,21,0,254.0,1
40364,1778,4.49,21,0,169.1,1
40383,1779,-1.81,19,0,76.5,1
40404,1780,1.65,21,0,127.2,1
40425,1781,1.87,21,1,130.5,1
40446,1782,1.20,21,0,128.4,1
40467,1783,2.71,21,1,141.8,1
40487,1784,-2.91,20,0,60.9,1
40508,1785,2.98,21,0,147.7,1
40530,1786,-3.50,22,0,51.8,1
40551,1787,1.75,21,0,129.0,1
40571,1788,3.41,20,0,153.8,1
40592,1789,2.07,21,0,133.8,1
40613,1790,0.68,21,1,112.9,1
40632,1791,-4.26,19,0,43.2,1
40653,1792,5.75,21,0,187.6,1
40674,1793,9.54,21,0,243.6,1
40695,1794,-0.80,21,0,91.3,1
40706,1795,-5.80,11,0,18.3,1
40734,1796,9.06,28,1,236.2,1
40747,1797,-3.23,13,0,56.4,1
40767,1798,0.13,20,0,104.9,1
40788,1799,2.49,21,0,140.3,1
40809,1800,5.01,21,1,176.0,1
40830,1801,-2.61,21,0,65.5,1
40851,1802,6.64,21,0,201.0,1
40871,1803,2.61,20,0,142.6,1
40892,1804,5.98,21,0,191.0,1
40934,1805,18.02,42,1,367.1,1
40946,1806,-3.32,12,0,55.4,1
40959,1807,-5.84,13,0,26.2,1
40980,1808,4.95,21,0,175.8,1
41001,1809,1.21,21,0,121.1,1
41021,1810,-0.83,20,0,92.0,1
41055,1811,16.96,34,1,351.5,1
41067,1812,-4.35,12,0,40.7,1
41088,1813,-3.96,21,0,44.8,1
41101,1814,-2.49,13,0,66.4,1
41133,1815,17.94,32,1,367.1,1
41154,1816,4.42,21,0,168.0,1
41175,1817,2.91,21,1,145.1,1
41196,1818,-0.21,21,0,100.0,1
41217,1819,1.94,21,0,131.6,1
41238,1820,3.67,21,1,156.3,1
41259,1821,1.24,21,1,121.1,1
41280,1822,7.75,21,0,217.3,1
41301,1823,4.52,21,0,169.5,1
41314,1824,-4.12,13,0,42.7,1
41341,1825,5.46,27,0,184.2,1
41362,1826,-1.49,21,0,81.4,1
41381,1827,5.71,19,0,187.0,1
41411,1828,18.75,30,1,377.9,1
41432,1829,13.97,21,0,309.4,1
41453,1830,-1.07,21,0,87.3,1
41506,1831,41.84,53,2,716.9,1
41527,1832,0.82,21,0,115.1,1
41555,1833,5.53,28,0,185.3,1
41574,1834,-0.76,19,0,93.0,1
41599,1835,9.89,25,1,248.1,1
41619,1836,9.74,20,0,247.1,1
41643,1837,18.15,24,0,370.2,1
41664,1838,-1.11,21,0,86.7,1
41698,1839,6.33,34,1,195.7,1
41719,1840,2.87,21,1,144.3,1
41748,1841,19.02,29,1,382.1,1
41769,1842,4.94,21,1,174.8,1
41790,1843,-4.88,21,0,31.6,1
41811,1844,7.36,21,0,211.2,1
41832,1845,-0.73,21,0,92.4,1
41853,1846,5.92,21,0,190.1,1
41865,1847,1.19,12,0,121.7,1
41892,1848,-1.67,27,1,78.4,1
41912,1849,-1.39,20,0,83.8,1
41934,1850,-3.42,22,0,53.3,1
41947,1851,-6.07,13,0,13.7,1
41968,1852,9.35,21,0,241.4,1
41989,1853,-0.09,21,0,101.7,1
42010,1854,-1.94,21,0,74.5,1
42031,1855,1.99,21,0,135.0,1
42052,1856,-6.61,21,0,6.4,1
42063,1857,-0.94,11,0,90.1,1
42089,1858,4.13,26,1,162.7,1
42126,1859,19.86,37,1,394.4,1
42147,1860,-0.02,21,1,102.7,1
42159,1861,-4.27,12,0,41.4,1
42194,1862,8.14,35,1,221.8,1
42215,1863,-2.17,21,0,71.4,1
42241,1864,12.62,26,1,287.6,1
42275,1865,4.32,34,1,165.8,1
42324,1866,13.95,49,1,307.7,1
42358,1867,0.39,34,1,108.1,1
42378,1868,-0.39,20,0,97.6,1
42390,1869,0.04,12,0,104.2,1
42411,1870,4.27,21,1,164.9,1
42432,1871,-6.94,21,0,22.8,1
42453,1872,-2.72,21,0,63.0,1
42472,1873,-7.46,19,0,10.1,1
42493,1874,1.70,21,1,128.0,1
42514,1875,3.70,21,1,156.8,1
42535,1876,-1.52,21,0,80.6,1
42547,1877,-2.00,12,0,74.0,1
42568,1878,6.28,21,1,195.6,1
42589,1879,-3.48,21,0,51.9,1
42623,1880,-1.37,34,1,82.5,1
42657,1881,12.28,34,1,282.9,1
42670,1882,-7.57,13,0,15.6,1
42690,1883,-0.19,20,0,100.3,1
42711,1884,2.31,21,0,137.5,1
42745,1885,3.48,34,1,153.5,1
42766,1886,11.48,21,1,271.2,1
42788,1887,1.98,22,0,132.1,1
42822,1888,9.40,34,1,240.3,1
42843,1889,4.97,21,0,176.5,1
42856,1890,-5.79,13,0,18.8,1
42875,1891,-0.90,19,0,90.7,1
42896,1892,-6.82,21,0,15.8,1
42914,1893,-6.23,18,0,31.2,1
42934,1894,1.26,20,0,122.2,1
42955,1895,1.62,21,0,129.4,1
42976,1896,5.37,21,0,182.0,1
42997,1897,14.10,21,0,310.6,1
43018,1898,-0.84,21,0,93.0,1
43052,1899,10.37,34,1,254.9,1
43081,1900,11.72,29,1,274.9,1
43103,1901,-7.69,22,0,0.0,1
43124,1902,6.95,21,0,205.6,1
43136,1903,-5.22,12,0,26.3,1
43170,1904,11.05,34,1,264.8,1
43189,1905,-1.75,19,0,77.6,1
43210,1906,2.65,21,1,141.0,1
43230,1907,1.49,20,0,124.9,1
43251,1908,-4.38,21,0,39.4,1
43271,1909,-0.09,20,0,102.6,1
43292,1910,0.67,21,0,113.0,1
43305,1911,-7.16,13,0,10.1,1
43317,1912,0.89,12,0,117.0,1
43338,1913,-3.44,21,0,52.7,1
43350,1914,-6.50,12,0,8.0,1
43372,1915,2.60,22,1,141.2,1
43393,1916,3.46,21,1,153.2,1
43412,1917,0.86,19,0,115.7,1
43425,1918,-2.92,13,0,60.4,1
43446,1919,0.27,21,0,107.0,1
43465,1920,5.14,19,1,177.9,1
43483,1921,4.72,18,0,173.4,1
43514,1922,8.98,31,0,235.7,1
43535,1923,5.22,21,1,180.0,1
43556,1924,-1.18,21,0,89.5,1
43577,1925,4.08,21,1,162.6,1
43598,1926,0.00,21,0,103.1,1
43619,1927,4.60,21,0,171.0,1
43632,1928,-4.30,13,0,39.8,1
43653,1929,-2.65,21,0,64.1,1
43674,1930,14.66,21,0,318.9,1
43706,1931,21.46,32,1,417.9,1
43717,1932,-3.45,11,0,52.2,1
43729,1933,-5.73,12,0,19.5,1
43747,1934,6.27,18,0,195.5,1
43768,1935,-0.18,21,0,100.3,1
43798,1936,-1.51,30,1,80.2,1
43819,1937,-4.56,21,0,36.8,1
43840,1938,-2.10,21,1,72.0,1
43853,1939,-2.07,13,0,72.6,1
43871,1940,-3.50,18,0,53.5,1
43892,1941,-0.91,21,0,89.7,1
43926,1942,3.48,34,1,153.5,1
43947,1943,4.62,21,0,171.3,1
43968,1944,4.01,21,1,161.3,1
43988,1945,7.03,20,0,206.9,1
44010,1946,-2.59,22,0,65.9,1
44023,1947,-6.41,13,0,21.6,1
44044,1948,-2.38,21,0,80.1,1
44065,1949,12.34,21,1,283.8,1
44085,1950,2.14,20,1,134.7,1
44117,1951,18.15,32,1,370.1,1
44138,1952,10.27,21,0,254.3,1
44159,1953,14.92,21,1,321.8,1
44180,1954,4.15,21,0,164.1,1
44208,1955,5.23,28,1,179.5,1
44229,1956,2.77,21,1,143.9,1
44250,1957,7.58,21,0,214.9,1
44268,1958,1.45,18,0,124.3,1
44288,1959,3.38,20,0,154.0,1
44309,1960,-3.71,21,0,48.5,1
44322,1961,1.55,13,0,125.9,1
44343,1962,5.82,21,0,188.7,1
44364,1963,5.06,21,0,177.8,1
44383,1964,8.32,19,0,225.7,1
44410,1965,8.20,27,1,223.9,1
44431,1966,1.00,21,0,117.7,1
44443,1967,-4.74,12,0,33.9,1
44464,1968,7.26,21,0,210.1,1
44498,1969,9.39,34,1,240.4,1
44525,1970,24.23,27,0,460.0,1
44546,1971,4.11,21,1,162.5,1
44567,1972,5.05,21,0,177.3,1
44587,1973,7.19,20,0,209.1,1
44599,1974,-1.79,12,0,76.7,1
44625,1975,11.64,26,1,273.3,1
44646,1976,4.64,21,0,171.5,1
44675,1977,19.16,29,0,386.0,1
44696,1978,9.36,21,0,241.0,1
44717,1979,0.47,21,0,110.3,1
44738,1980,3.73,21,1,157.2,1
44759,1981,3.02,21,1,146.4,1
44772,1982,2.39,13,0,138.5,1
44793,1983,2.93,21,1,145.4,1
44811,1984,1.99,18,0,132.2,1
44831,1985,3.89,20,1,159.6,1
44852,1986,-0.12,21,0,101.3,1
44873,1987,4.40,21,0,168.7,1
44892,1988,5.56,19,0,185.1,1
44904,1989,-2.28,12,0,70.1,1
44917,1990,-0.97,13,0,88.8,1
44951,1991,13.04,34,1,294.1,1
44964,1992,-5.85,13,1,20.5,1
44976,1993,-3.89,12,0,46.4,1
44989,1994,-4.33,13,0,40.0,1
45008,1995,7.25,19,0,210.0,1
45021,1996,7.14,13,0,208.0,1
45042,1997,6.84,21,0,204.0,1
45055,1998,0.91,13,0,116.7,1
45067,1999,-4.20,12,0,41.9,1
45088,2000,8.17,21,0,223.6,1
45108,2001,0.98,20,1,116.7,1
45129,2002,-0.51,21,0,95.5,1
45140,2003,-6.54,11,0,6.8,1
45162,2004,7.96,22,0,220.3,1
45174,2005,-6.44,12,0,16.8,1
45214,2006,10.89,40,1,262.2,1
45235,2007,3.82,21,1,158.2,1
45248,2008,-1.06,13,0,87.7,1
45269,2009,2.21,21,1,134.9,1
45303,2010,16.12,34,1,339.7,1
45314,2011,-6.44,11,0,8.6,1
45333,2012,9.07,19,0,237.6,1
45344,2013,1.48,11,0,125.5,1
45365,2014,4.52,21,0,169.6,1
45386,2015,7.98,21,0,220.4,1
45407,2016,11.49,21,1,271.3,1
45419,2017,-6.13,12,0,24.9,1
45432,2018,-2.74,13,0,62.7,1
45450,2019,-0.15,18,0,101.7,1
45470,2020,5.00,20,0,177.2,1
45502,2021,21.28,32,2,414.3,1
45514,2022,-2.41,12,0,68.8,1
45526,2023,-7.10,12,0,2.6,1
45569,2024,23.44,43,1,447.4,1
45590,2025,7.62,21,0,215.4,1
45612,2026,-6.64,22,0,41.6,1
45633,2027,-1.07,21,0,87.3,1
45654,2028,-0.87,21,0,90.2,1
45675,2029,1.05,21,1,118.7,1
45709,2030,2.89,34,1,144.9,1
45730,2031,3.63,21,1,155.7,1
45751,2032,8.55,21,1,228.7,1
45770,2033,-0.71,19,0,101.6,1
45804,2034,14.20,34,1,311.5,1
45825,2035,1.88,21,0,131.8,1
45846,2036,5.71,21,0,187.4,1
45867,2037,10.50,21,1,256.8,1
45888,2038,10.77,21,1,260.7,1
45909,2039,7.37,21,0,211.7,1
45928,2040,6.69,19,0,201.7,1
45949,2041,8.24,21,0,224.6,1
45983,2042,15.07,34,1,324.2,1
46004,2043,5.20,21,0,179.8,1
46031,2044,10.60,27,0,259.5,1
46052,2045,11.62,21,1,273.6,1
46072,2046,-2.30,20,0,69.5,1
46093,2047,10.67,21,0,259.9,1
46105,2048,-1.86,12,0,76.3,1
46139,2049,11.65,34,1,274.0,1
46151,2050,0.63,12,0,113.2,1
46170,2051,3.59,19,0,156.6,1
46191,2052,13.52,21,0,302.2,1
46212,2053,5.48,21,0,183.9,1
46246,2054,12.40,34,1,285.0,1
46267,2055,11.79,21,1,275.7,1
46279,2056,-1.99,12,0,73.8,1
46300,2057,8.66,21,0,230.4,1
46312,2058,-3.51,12,0,52.3,1
46324,2059,-1.56,12,0,80.1,1
46345,2060,3.64,21,0,156.5,1
46372,2061,5.57,27,1,184.3,1
46400,2062,5.00,28,1,176.1,1
46411,2063,-2.78,11,0,62.2,1
46432,2064,10.79,21,0,262.0,1
46453,2065,0.96,21,0,117.2,1
46487,2066,15.74,34,1,334.1,1
46508,2067,4.15,21,1,163.1,1
46521,2068,-5.07,13,0,29.1,1
46542,2069,4.73,21,0,172.9,1
46582,2070,20.91,40,1,410.1,1
46603,2071,2.99,21,1,146.0,1
46636,2072,18.42,33,1,374.1,1
46649,2073,4.33,13,0,166.7,1
46690,2074,33.17,41,1,589.8,1
46711,2075,6.68,21,0,201.6,1
46738,2076,20.91,27,0,410.8,1
46750,2077,1.35,12,0,122.9,1
46768,2078,-1.19,18,1,84.8,1
46801,2079,13.57,33,1,302.2,1
46822,2080,-2.88,21,0,60.6,1
46841,2081,5.09,19,0,178.7,1
46852,2082,-0.56,11,0,96.0,1
46873,2083,7.67,21,0,216.2,1
46908,2084,20.61,35,1,405.5,1
46929,2085,11.58,21,1,272.7,1
46950,2086,14.52,21,1,315.5,1
46984,2087,15.75,34,1,334.2,1
47005,2088,-2.20,21,0,70.7,1
47037,2089,17.96,32,1,366.5,1
47058,2090,1.70,21,0,128.3,1
47092,2091,15.14,34,1,325.3,1
47113,2092,6.20,21,0,194.5,1
47142,2093,14.30,29,1,313.5,1
47163,2094,17.21,21,1,356.3,1
47184,2095,11.94,21,1,278.0,1
47196,2096,-3.12,12,0,57.4,1
47217,2097,7.81,21,0,218.2,1
47248,2098,19.95,31,1,395.8,1
47269,2099,5.47,21,0,183.7,1
47290,2100,1.58,21,0,126.6,1
47311,2101,2.72,21,1,142.1,1
47323,2102,-0.91,12,0,91.2,1
47343,2103,8.90,20,0,233.9,1
47364,2104,5.25,21,0,180.5,1
47377,2105,0.17,13,0,106.1,1
47398,2106,5.62,21,0,186.0,1
47427,2107,7.35,29,0,212.0,1
47464,2108,19.56,37,1,390.3,1
47499,2109,18.22,35,1,370.3,1
47520,2110,7.93,21,0,220.0,1
47555,2111,10.49,35,1,256.9,1
47575,2112,2.68,20,1,141.7,1
47595,2113,1.31,20,0,122.3,1
47614,2114,5.89,19,0,190.0,1
47627,2115,2.38,13,0,138.1,1
47647,2116,5.50,20,0,184.5,1
47680,2117,21.82,33,1,423.2,1
47707,2118,16.16,27,1,340.2,1
47725,2119,-4.47,18,0,38.2,1
47759,2120,13.63,34,1,302.7,1
47793,2121,12.75,34,1,289.9,1
47812,2122,21.38,19,0,417.5,1
47833,2123,5.14,21,0,178.6,1
47854,2124,11.27,21,1,268.0,1
47888,2125,19.28,34,1,385.9,1
47907,2126,7.34,19,0,211.3,1
47920,2127,0.76,13,0,115.1,1
47932,2128,-1.74,12,0,77.8,1
47953,2129,5.44,21,0,183.1,1
47976,2130,19.68,23,1,392.1,1
47995,2131,6.93,19,0,205.2,1
48016,2132,14.64,21,1,317.3,1
48036,2133,0.77,20,0,114.6,1
48071,2134,17.90,35,1,366.4,1
48084,2135,-0.73,13,0,92.3,1
48097,2136,-1.82,13,0,76.9,1
48122,2137,22.96,25,1,440.3,1
48143,2138,5.32,21,0,181.3,1
48164,2139,5.92,21,0,190.4,1
48185,2140,11.88,21,1,277.1,1
48206,2141,-2.58,21,0,65.1,1
48227,2142,3.84,21,1,158.9,1
48248,2143,14.93,21,0,323.2,1
48261,2144,1.69,13,0,127.9,1
48282,2145,2.79,21,1,143.1,1
48316,2146,14.68,34,1,318.6,1
48337,2147,8.52,21,0,228.6,1
48363,2148,26.61,26,3,491.7,1
48389,2149,21.90,26,1,424.4,1
48415,2150,4.71,26,0,172.3,1
48436,2151,5.84,21,0,189.0,1
48457,2152,11.19,21,1,266.9,1
48468,2153,-0.71,11,0,93.2,1
48489,2154,15.98,21,1,337.4,1
48519,2155,19.97,30,1,396.0,1
48548,2156,17.73,29,1,363.1,1
48569,2157,9.97,21,0,249.9,1
48587,2158,6.08,18,0,192.5,1
48608,2159,7.35,21,0,212.1,1
48640,2160,20.61,32,1,405.7,1
48659,2161,8.20,19,0,224.0,1
48680,2162,13.04,21,0,294.8,1
48710,2163,21.60,30,1,420.6,1
48741,2164,17.92,31,1,366.8,1
48762,2165,9.96,21,0,250.4,1
48790,2166,19.97,28,1,395.7,1
48812,2167,4.37,22,0,168.5,1
48833,2168,5.35,21,0,182.0,1
48845,2169,-2.22,12,0,70.7,1
48857,2170,-2.58,12,0,65.6,1
48878,2171,9.28,21,0,239.7,1
48896,2172,1.51,18,0,125.6,1
48916,2173,20.61,20,0,406.1,1
48936,2174,22.06,20,0,428.3,1
48949,2175,-2.78,13,0,62.1,1
48970,2176,13.61,21,0,303.8,1
48989,2177,-5.23,19,0,26.4,1
49008,2178,12.29,19,0,284.0,1
49041,2179,18.04,33,1,367.6,1
49062,2180,4.16,21,0,164.2,1
49083,2181,8.27,21,0,224.9,1
49104,2182,6.29,21,0,195.6,1
49117,2183,4.32,13,0,166.6,1
49130,2184,-4.56,13,0,36.5,1
49151,2185,13.49,21,0,301.8,1
49169,2186,4.33,18,0,166.7,1
49205,2187,23.93,36,1,453.9,1
49226,2188,10.38,21,1,254.7,1
49253,2189,15.98,27,1,337.0,1
49274,2190,6.81,21,0,203.5,1
49304,2191,14.19,30,1,310.8,1
49337,2192,18.88,33,1,380.3,1
49358,2193,17.09,21,0,355.0,1
49369,2194,-4.82,11,0,32.1,1
49388,2195,9.49,19,0,243.0,1
49400,2196,-6.29,12,0,20.6,1
49429,2197,21.46,29,1,417.7,1
49455,2198,16.07,26,0,339.6,1
49468,2199,-4.11,13,0,42.8,1
49502,2200,15.31,34,1,327.8,1
49515,2201,-0.84,13,0,91.0,1
49535,2202,10.97,20,0,264.7,1
49554,2203,20.13,19,0,399.7,1
49579,2204,24.54,25,0,464.5,1
49591,2205,-3.57,12,0,53.3,1
49610,2206,7.67,19,0,216.2,1
49623,2207,-0.17,13,0,100.8,1
49644,2208,10.58,21,0,258.9,1
49665,2209,8.46,21,0,227.7,1
49684,2210,11.72,19,0,275.6,1
49703,2211,7.74,19,0,217.2,1
49724,2212,15.80,21,1,334.4,1
49743,2213,5.35,19,0,181.9,1
49764,2214,10.67,21,0,260.8,1
49777,2215,3.24,13,0,150.7,1
49797,2216,6.61,20,0,200.5,1
49822,2217,26.58,25,0,493.9,1
49843,2218,8.46,21,0,227.7,1
49875,2219,22.58,32,1,434.4,1
49894,2220,7.99,19,0,220.9,1
49907,2221,-0.01,13,0,104.0,1
49919,2222,1.41,12,0,123.8,1
49932,2223,5.42,13,0,182.8,1
49953,2224,15.90,21,1,336.2,1
49979,2225,17.49,26,1,359.9,1
49990,2226,-4.14,11,0,42.1,1
50003,2227,-1.13,13,0,86.7,1
50039,2228,25.51,36,2,476.8,1
50060,2229,15.01,21,0,324.1,1
50081,2230,9.77,21,0,247.0,1
50094,2231,3.11,13,0,148.8,1
50115,2232,7.91,21,0,219.6,1
50128,2233,-2.52,13,0,66.3,1
50147,2234,-0.81,19,0,91.4,1
50168,2235,13.78,21,0,306.0,1
50189,2236,7.93,21,0,219.9,1
50207,2237,8.53,18,0,228.8,1
50228,2238,12.35,21,1,284.0,1
50255,2239,18.76,27,0,379.0,1
50268,2240,-0.01,13,0,103.2,1
50295,2241,10.93,27,1,262.7,1
50313,2242,13.22,18,0,297.8,1
50325,2243,-0.06,12,0,102.7,1
50345,2244,7.46,20,0,212.8,1
50366,2245,16.55,21,1,345.7,1
50386,2246,2.59,20,0,141.1,1
50407,2247,6.63,21,0,200.9,1
50428,2248,4.69,21,0,172.3,1
50447,2249,8.36,19,0,226.3,1
50460,2250,-5.59,13,0,22.7,1
50481,2251,7.47,21,0,213.2,1
50502,2252,7.73,21,0,217.0,1
50523,2253,11.08,21,1,265.3,1
50542,2254,4.87,19,0,174.9,1
50563,2255,2.02,21,0,133.1,1
50591,2256,17.43,28,1,358.3,1
50610,2257,10.48,19,0,257.5,1
50642,2258,18.04,32,1,367.7,1
50678,2259,30.56,36,1,552.4,1
50707,2260,19.93,29,1,395.5,1
50726,2261,7.11,19,0,207.9,1
50747,2262,9.49,21,0,242.8,1
50775,2263,28.04,28,2,513.7,1
50787,2264,-0.49,12,0,95.9,1
50808,2265,8.35,21,0,226.1,1
50827,2266,6.66,19,0,201.9,1
50856,2267,10.49,29,1,256.3,1
50876,2268,24.34,20,0,461.8,1
50887,2269,-2.45,11,0,67.0,1
50921,2270,17.29,34,1,357.2,1
50942,2271,3.80,21,1,157.9,1
50954,2272,-1.50,12,0,80.9,1
50973,2273,8.63,19,0,230.3,1
51008,2274,19.71,35,1,392.2,1
51027,2275,9.07,19,0,236.7,1
51060,2276,18.35,33,1,373.0,1
51081,2277,13.67,21,0,304.4,1
51115,2278,23.04,34,1,440.9,1
51134,2279,10.08,19,0,251.6,1
51155,2280,11.24,21,1,267.6,1
51167,2281,2.48,12,0,139.5,1
51187,2282,1.65,20,1,126.6,1
51200,2283,-0.93,13,0,89.7,1
51213,2284,-0.78,13,0,92.2,1
51233,2285,7.07,20,0,207.6,1
51246,2286,0.93,13,0,117.1,1
51257,2287,-1.92,11,0,74.8,1
51269,2288,2.05,12,0,134.1,1
51287,2289,9.17,18,0,238.7,1
51308,2290,6.03,21,1,190.7,1
51329,2291,3.01,21,1,146.3,1
51350,2292,7.56,21,0,214.6,1
51369,2293,14.31,19,0,313.7,1
51390,2294,12.43,21,1,285.5,1
51402,2295,-1.64,12,0,79.0,1
51414,2296,-2.81,12,0,62.6,1
51433,2297,9.35,19,0,240.8,1
51454,2298,17.57,21,1,361.6,1
51475,2299,17.60,21,0,362.1,1
51494,2300,8.58,19,0,229.5,1
51515,2301,14.22,21,0,312.5,1
51534,2302,7.54,19,0,214.2,1
51555,2303,11.96,21,1,278.2,1
51580,2304,19.48,25,1,388.6,1
51610,2305,22.94,30,1,440.2,1
51621,2306,-0.64,11,0,94.2,1
51640,2307,2.17,19,0,135.2,1
51653,2308,-0.20,13,0,100.2,1
51674,2309,6.48,21,0,198.3,1
51704,2310,17.71,30,1,362.9,1
51717,2311,-1.70,13,0,78.3,1
51736,2312,6.78,19,0,203.0,1
51747,2313,0.03,11,0,103.8,1
51776,2314,20.31,29,1,401.7,1
51788,2315,-2.04,12,0,73.0,1
51809,2316,8.82,21,0,233.0,1
51838,2317,17.86,29,1,365.0,1
51866,2318,18.68,28,1,376.8,1
51879,2319,4.79,13,0,173.5,1
51915,2320,31.28,36,1,562.6,1
51936,2321,11.64,21,1,273.6,1
51969,2322,25.33,33,1,475.5,1
51990,2323,7.39,21,0,212.0,1
52016,2324,16.96,26,1,351.4,1
52037,2325,6.97,21,0,205.5,1
52056,2326,6.51,19,0,199.1,1
52077,2327,13.85,21,1,305.8,1
52101,2328,22.68,24,1,436.8,1
52113,2329,-2.03,12,0,73.5,1
52145,2330,22.39,32,1,432.2,1
52158,2331,5.19,13,0,179.4,1
52170,2332,-0.08,12,0,102.2,1
52191,2333,7.66,21,0,215.9,1
52212,2334,12.80,21,1,290.6,1
52231,2335,8.39,19,0,226.8,1
52261,2336,22.85,30,1,438.4,1
52273,2337,-4.64,12,0,35.1,1
52285,2338,0.84,12,0,116.0,1
52297,2339,0.69,12,0,113.2,1
52325,2340,26.35,28,1,489.9,1
52344,2341,11.48,19,0,272.2,1
52365,2342,14.06,21,0,310.1,1
52378,2343,4.79,13,0,173.5,1
52410,2344,26.51,32,2,491.5,1
52422,2345,3.43,12,0,153.5,1
52451,2346,35.84,29,1,629.1,1
52470,2347,16.75,19,1,349.0,1
52505,2348,47.52,35,1,801.1,1
52526,2349,16.61,21,0,347.6,1
52547,2350,15.34,21,0,328.9,1
52559,2351,3.39,12,0,154.1,1
52572,2352,0.00,13,0,104.3,1
52584,2353,1.19,12,0,120.6,1
52603,2354,7.51,19,0,213.4,1
52624,2355,22.77,21,1,436.9,1
52637,2356,2.90,13,0,146.0,1
52658,2357,6.79,21,0,203.2,1
52677,2358,12.51,19,0,287.5,1
52706,2359,22.59,29,1,435.1,1
52729,2360,24.32,23,0,461.0,1
52740,2361,-2.97,11,0,59.4,1
52762,2362,19.38,22,0,388.3,1
52786,2363,26.58,24,0,495.1,1
52798,2364,-4.13,12,0,42.3,1
52819,2365,8.97,21,0,235.2,1
52854,2366,51.42,35,2,858.4,1
52882,2367,25.25,28,1,473.7,1
52903,2368,14.62,21,0,318.3,1
52914,2369,0.45,11,0,109.9,1
52935,2370,17.24,21,1,355.9,1
52948,2371,-0.98,13,0,88.7,1
52967,2372,8.56,19,0,229.0,1
53002,2373,47.94,35,3,805.4,1
53021,2374,6.28,19,0,195.7,1
53033,2375,1.10,12,0,120.4,1
53052,2376,10.01,19,0,250.6,1
53076,2377,25.61,24,0,479.6,1
53088,2378,0.09,12,0,104.4,1
53125,2379,48.36,37,2,812.5,1
53144,2380,4.71,19,0,172.4,1
53165,2381,10.58,21,0,258.9,1
53178,2382,3.67,13,0,156.9,1
53191,2383,-2.26,13,0,70.7,1
53212,2384,15.96,21,0,339.0,1
53232,2385,7.52,20,0,214.2,1
53251,2386,22.59,19,0,435.3,1
53270,2387,25.09,19,0,472.6,1
53282,2388,-2.15,12,0,72.0,1
53294,2389,0.39,12,0,108.8,1
53315,2390,8.42,21,0,227.2,1
53336,2391,16.09,21,2,337.7,1
53355,2392,6.82,19,0,203.3,1
53379,2393,26.58,24,0,495.1,1
53400,2394,17.64,21,2,360.8,1
53411,2395,1.26,11,0,121.5,1
53432,2396,21.14,21,0,414.0,1
53453,2397,15.50,21,1,330.0,1
53472,2398,8.98,19,0,235.4,1
53484,2399,-2.89,12,0,60.5,1
53496,2400,-0.03,12,0,103.2,1
53509,2401,0.23,13,0,106.7,1
53528,2402,13.51,19,0,302.0,1
53554,2403,22.86,26,1,439.1,1
53567,2404,1.05,13,0,118.5,1
53579,2405,1.50,12,0,125.6,1
53600,2406,16.61,21,0,347.6,1
53621,2407,7.36,21,0,211.3,1
53633,2408,8.11,12,0,222.6,1
53652,2409,10.49,19,0,257.7,1
53681,2410,18.40,29,1,373.0,1
53694,2411,0.38,13,0,109.5,1
53718,2412,29.71,24,1,539.2,1
53750,2413,28.32,32,1,518.5,1
53771,2414,7.42,21,0,212.5,1
53789,2415,8.15,18,0,223.2,1
53808,2416,6.75,19,0,202.6,1
53829,2417,12.64,21,1,288.5,1
53850,2418,14.31,21,0,313.7,1
53863,2419,0.34,13,0,108.9,1
53883,2420,13.38,20,0,300.6,1
53904,2421,13.66,21,0,304.2,1
53917,2422,4.19,13,0,164.6,1
53938,2423,16.37,21,0,344.6,1
53959,2424,21.29,21,0,416.1,1
53993,2425,21.02,34,1,411.5,1
54006,2426,1.24,13,0,121.3,1
54032,2427,17.06,26,1,352.9,1
54053,2428,11.06,21,0,266.0,1
54064,2429,2.67,11,0,142.9,1
54076,2430,-0.28,12,0,99.0,1
54089,2431,1.16,13,0,120.4,1
54119,2432,23.70,30,1,451.5,1
54132,2433,5.45,13,0,183.2,1
54153,2434,8.65,21,0,230.6,1
54177,2435,26.58,24,0,495.1,1
54198,2436,13.33,21,0,299.4,1
54211,2437,3.45,13,0,154.1,1
54231,2438,16.39,20,1,343.4,1
54252,2439,8.85,21,0,233.8,1
54273,2440,11.62,21,1,273.2,1
54284,2441,2.38,11,0,138.3,1
54296,2442,1.49,12,0,125.5,1
54316,2443,2.71,20,1,141.9,1
54335,2444,10.62,19,0,259.5,1
54355,2445,16.47,20,0,345.8,1
54376,2446,7.91,21,0,219.7,1
54397,2447,13.72,21,0,305.0,1
54416,2448,16.42,19,0,345.1,1
54436,2449,21.51,20,0,419.7,1
54454,2450,-1.23,18,0,85.3,1
54475,2451,11.63,21,1,273.4,1
54494,2452,7.73,19,0,217.0,1
54515,2453,10.96,21,0,264.5,1
54526,2454,-0.10,11,0,102.2,1
54547,2455,17.03,21,0,354.4,1
54568,2456,9.97,21,0,249.9,1
54587,2457,9.68,19,0,245.7,1
54618,2458,33.89,31,1,600.4,1
54639,2459,8.37,21,0,226.1,1
54660,2460,17.04,21,1,353.3,1
54679,2461,7.77,19,0,217.6,1
54704,2462,26.81,25,1,496.3,1
54716,2463,-0.57,12,0,95.6,1
54737,2464,17.17,21,1,354.9,1
54748,2465,-0.65,11,0,93.8,1
54769,2466,8.31,21,0,225.3,1
54781,2467,5.96,12,0,190.7,1
54794,2468,5.44,13,0,183.0,1
54830,2469,51.62,36,2,860.5,1
54851,2470,16.21,21,1,340.7,1
54873,2471,33.55,22,1,595.4,1
54895,2472,13.64,22,0,303.7,1
54916,2473,16.38,21,2,341.9,1
54935,2474,10.10,19,0,251.6,1
54954,2475,8.48,19,0,228.0,1
54967,2476,-1.67,13,0,79.4,1
54986,2477,6.63,19,0,200.8,1
55007,2478,12.97,21,1,293.1,1
55020,2479,3.03,13,0,147.7,1
55041,2480,9.35,21,0,240.9,1
55062,2481,22.55,21,0,434.7,1
55082,2482,13.11,20,0,296.7,1
55101,2483,6.98,19,0,206.3,1
55122,2484,15.36,21,1,328.2,1
55151,2485,22.23,29,1,429.3,1
55162,2486,-4.07,11,0,43.2,1
55174,2487,3.26,12,0,151.0,1
55195,2488,6.86,21,0,203.9,1
55216,2489,26.04,21,0,486.3,1
55235,2490,11.17,19,0,267.5,1
55256,2491,9.79,21,0,247.3,1
55284,2492,23.13,28,1,443.1,1
55305,2493,15.69,21,0,333.7,1
55318,2494,5.77,13,0,188.5,1
55336,2495,18.40,18,0,374.2,1
55348,2496,3.03,12,0,148.8,1
55369,2497,14.65,21,0,318.7,1
55388,2498,13.89,19,1,306.9,1
55401,2499,1.53,13,0,126.1,1
55422,2500,13.05,21,1,294.0,1
55441,2501,10.95,19,0,264.7,1
55462,2502,13.43,21,1,299.5,1
55481,2503,10.93,19,0,264.0,1
55494,2504,4.65,13,0,171.7,1
55520,2505,29.17,26,1,532.0,1
55555,2506,51.50,35,2,858.8,1
55579,2507,26.58,24,0,495.1,1
55590,2508,1.94,11,0,131.8,1
55615,2509,29.31,25,1,533.1,1
55627,2510,-1.00,12,0,89.2,1
55640,2511,7.54,13,0,214.6,1
55652,2512,2.44,12,0,140.1,1
55673,2513,12.92,21,0,293.3,1
55694,2514,17.30,21,2,355.5,1
55715,2515,13.62,21,0,303.7,1
55734,2516,17.07,19,0,354.0,1
55752,2517,22.60,18,0,436.0,1
55786,2518,48.10,34,1,809.7,1
55798,2519,1.41,12,0,123.8,1
55811,2520,4.32,13,0,166.6,1
55834,2521,25.04,23,0,471.3,1
55852,2522,23.86,18,0,454.5,1
55864,2523,3.27,12,1,150.5,1
55877,2524,6.25,13,0,195.0,1
55889,2525,1.31,12,0,122.9,1
55910,2526,9.46,21,0,242.4,1
55930,2527,9.33,20,0,240.2,1
55942,2528,5.75,12,0,188.8,1
55955,2529,6.25,13,0,195.0,1
55968,2530,4.10,13,0,163.3,1
55990,2531,27.18,22,0,502.7,1
56002,2532,1.38,12,0,123.9,1
56040,2533,52.21,38,2,870.1,1
56061,2534,13.29,21,1,297.5,1
56080,2535,23.56,19,0,450.6,1
56099,2536,10.65,19,0,260.0,1
56120,2537,16.16,21,2,338.7,1
56131,2538,4.05,11,1,162.0,1
56144,2539,1.81,13,0,129.7,1
56163,2540,7.17,19,0,208.8,1
56176,2541,7.02,13,0,207.1,1
56201,2542,30.11,25,0,546.8,1
56214,2543,2.50,13,1,138.8,1
56225,2544,-0.87,11,0,90.2,1
56246,2545,15.51,21,0,332.3,1
56266,2546,7.38,20,0,211.6,1
56278,2547,6.69,12,0,201.8,1
56297,2548,27.94,19,1,513.0,1
56318,2549,14.67,21,1,317.8,1
56329,2550,2.87,11,0,145.5,1
56350,2551,19.84,21,1,394.5,1
56363,2552,5.15,13,0,178.8,1
56376,2553,-3.65,13,0,50.2,1
56397,2554,13.69,21,1,303.4,1
56418,2555,13.51,21,0,302.0,1
56430,2556,-0.05,12,0,102.2,1
56442,2557,-0.47,12,0,96.8,1
56455,2558,4.07,13,0,162.9,1
56468,2559,4.33,13,0,166.8,1
56487,2560,9.13,19,0,237.6,1
56509,2561,28.56,22,1,522.4,1
56529,2562,16.96,20,0,352.8,1
56554,2563,31.87,25,0,572.1,1
56574,2564,17.72,20,0,363.7,1
56587,2565,6.25,13,0,195.0,1
56608,2566,17.17,21,1,354.9,1
56635,2567,34.41,27,1,608.7,1
56648,2568,2.33,13,0,137.3,1
56661,2569,3.07,13,1,147.2,1
56673,2570,1.02,12,0,118.6,1
56698,2571,30.11,25,0,546.8,1
56718,2572,22.92,20,1,440.3,1
56730,2573,3.59,12,1,155.4,1
56743,2574,6.25,13,0,195.0,1
56762,2575,10.34,19,0,255.4,1
56783,2576,8.54,21,0,228.9,1
56796,2577,4.48,13,0,168.9,1
56817,2578,17.31,21,0,358.5,1
56836,2579,22.59,19,0,435.3,1
56847,2580,-2.99,11,0,59.7,1
56875,2581,29.10,28,0,531.0,1
56886,2582,3.09,11,0,148.8,1
56908,2583,22.57,22,1,434.3,1
56921,2584,6.25,13,0,195.0,1
56944,2585,23.95,23,0,455.3,1
56963,2586,9.80,19,0,247.5,1
56976,2587,6.25,13,0,195.0,1
56995,2588,10.65,19,0,260.0,1
57016,2589,14.68,21,1,318.0,1
57035,2590,21.28,19,0,416.6,1
57047,2591,6.33,12,0,196.1,1
57068,2592,14.84,21,2,319.3,1
57090,2593,25.51,22,0,478.5,1
57101,2594,2.38,11,0,138.3,1
57121,2595,21.21,20,0,415.5,1
57142,2596,14.67,21,1,317.8,1
57163,2597,13.68,21,1,303.2,1
57184,2598,13.94,21,1,307.1,1
57203,2599,12.29,19,0,284.0,1
57222,2600,12.08,19,0,281.0,1
57241,2601,11.00,19,0,265.1,1
57254,2602,4.20,13,0,164.8,1
57275,2603,12.41,21,1,284.9,1
57296,2604,14.79,21,1,319.6,1
57320,2605,29.16,24,1,531.2,1
57331,2606,-1.37,11,0,83.8,1
57365,2607,48.10,34,1,809.7,1
57378,2608,1.87,13,0,131.2,1
57391,2609,4.13,13,0,163.8,1
57411,2610,26.08,20,0,487.4,1
57437,2611,29.07,26,1,529.9,1
57458,2612,12.62,21,1,288.3,1
57470,2613,1.39,12,0,124.0,1
57489,2614,12.90,19,0,293.0,1
57510,2615,12.78,21,0,291.6,1
57528,2616,7.68,18,0,217.1,1
57540,2617,0.95,12,0,118.2,1
57553,2618,3.42,13,0,153.6,1
57573,2619,26.60,20,1,494.1,1
57594,2620,11.22,21,0,268.9,1
57618,2621,23.83,24,0,454.0,1
57630,2622,4.40,12,1,167.3,1
57651,2623,16.95,21,0,352.6,1
57672,2624,11.29,21,0,270.2,1
57684,2625,2.68,12,1,142.1,1
57705,2626,16.65,21,0,347.9,1
57724,2627,11.78,19,0,276.6,1
57745,2628,12.51,21,1,286.6,1
57766,2629,17.64,21,2,360.5,1
57777,2630,-0.44,11,0,96.5,1
57798,2631,16.96,21,2,350.6,1
57811,2632,5.15,13,0,178.8,1
57832,2633,17.14,21,2,353.2,1
57857,2634,31.04,25,1,558.6,1
57868,2635,-0.11,11,0,101.4,1
57889,2636,15.78,21,0,336.3,1
57908,2637,12.83,19,0,292.0,1
57929,2638,11.51,21,0,273.0,1
57949,2639,14.15,20,0,311.4,1
57979,2640,37.45,30,1,653.0,1
57998,2641,10.60,19,0,259.2,1
58019,2642,14.68,21,1,318.0,1
58038,2643,20.69,19,0,407.9,1
58050,2644,-1.02,12,0,88.6,1
58074,2645,31.87,24,0,572.6,1
58094,2646,13.39,20,0,301.2,1
58115,2647,16.21,21,2,339.4,1
58128,2648,6.25,13,0,195.0,1
58165,2649,51.88,37,1,865.9,1
58178,2650,5.19,13,0,179.4,1
58191,2651,6.25,13,0,195.0,1
58213,2652,22.57,22,1,434.3,1
58226,2653,6.25,13,0,195.0,1
58244,2654,26.63,18,0,494.9,1
58264,2655,15.10,20,1,324.2,1
58285,2656,14.46,21,0,316.8,1
58306,2657,9.58,21,0,244.3,1
58330,2658,26.46,24,0,493.0,1
58341,2659,0.27,11,0,107.4,1
58354,2660,6.25,13,0,195.0,1
58367,2661,3.87,13,0,159.9,1
58388,2662,14.68,21,1,318.0,1
58409,2663,13.01,21,1,293.9,1
58430,2664,14.67,21,0,319.0,1
58455,2665,29.15,25,1,531.0,1
58467,2666,2.78,12,1,143.5,1
58489,2667,22.57,22,1,434.3,1
58501,2668,1.39,12,0,123.8,1
58520,2669,11.58,19,0,273.6,1
58533,2670,0.24,13,0,107.1,1
58552,2671,28.21,19,0,517.9,1
58565,2672,4.19,13,0,164.6,1
58576,2673,-2.11,11,0,72.3,1
58597,2674,22.29,21,0,430.9,1
58610,2675,6.25,13,0,195.0,1
58623,2676,4.66,13,0,172.4,1
58644,2677,14.86,21,0,321.9,1
58657,2678,4.19,13,0,164.6,1
58688,2679,38.21,31,1,664.5,1
58706,2680,17.29,18,0,358.2,1
58732,2681,36.64,26,1,641.2,1
58743,2682,1.46,11,1,124.4,1
58756,2683,2.67,13,0,142.3,1
58777,2684,14.29,21,0,313.5,1
58789,2685,-1.56,12,0,96.3,1
58802,2686,-2.79,13,0,63.1,1
58815,2687,4.14,13,0,164.0,1
58828,2688,5.60,13,0,185.4,1
58860,2689,53.90,32,1,895.0,1
58895,2690,48.39,35,1,814.9,1
58916,2691,12.49,21,1,286.3,1
58927,2692,-1.21,11,0,85.2,1
58940,2693,3.03,13,0,147.7,1
58964,2694,28.38,24,0,520.4,1
58977,2695,5.19,13,0,179.4,1
58990,2696,5.15,13,0,178.8,1
59015,2697,33.09,25,1,588.7,1
59038,2698,22.87,23,0,439.3,1
59063,2699,29.67,25,1,538.7,1
59076,2700,4.34,13,0,167.5,1
59093,2701,14.40,17,0,314.7,1
59106,2702,3.46,13,0,153.9,1
59118,2703,0.81,12,0,115.0,1
59153,2704,51.28,35,2,856.4,1
59174,2705,9.78,21,0,247.1,1
59187,2706,6.25,13,0,195.0,1
59212,2707,26.35,25,0,490.6,1
59223,2708,0.18,11,0,106.2,1
59236,2709,-1.84,13,0,76.6,1
59248,2710,3.01,12,1,147.2,1
59261,2711,-4.66,13,0,35.1,1
59273,2712,2.78,12,1,143.0,1
59285,2713,4.24,12,0,166.2,1
59319,2714,49.24,34,2,825.4,1
59332,2715,6.25,13,0,195.0,1
59356,2716,26.68,24,1,495.0,1
59374,2717,23.87,18,0,454.1,1
59385,2718,1.21,11,0,120.8,1
59398,2719,6.25,13,0,195.0,1
59419,2720,11.12,21,0,267.7,1
59438,2721,12.20,19,0,282.8,1
59451,2722,5.15,13,0,178.8,1
59464,2723,3.03,13,0,147.7,1
59477,2724,5.06,13,1,176.8,1
59502,2725,29.41,25,1,535.7,1
59525,2726,22.11,23,0,428.2,1
59549,2727,23.12,24,1,442.3,1
59570,2728,12.43,21,1,285.5,1
59581,2729,-1.47,11,0,81.4,1
59602,2730,18.09,21,0,369.1,1
59615,2731,5.19,13,0,179.4,1
59635,2732,12.27,20,0,284.0,1
59659,2733,29.54,24,1,536.8,1
59671,2734,5.05,12,0,177.7,1
59683,2735,6.27,12,0,196.1,1
59714,2736,38.76,31,1,672.1,1
59733,2737,25.10,19,0,472.8,1
59746,2738,3.87,13,0,159.9,1
59765,2739,13.74,19,0,305.5,1
59778,2740,4.19,13,0,164.6,1
59800,2741,28.35,22,1,519.2,1
59811,2742,4.14,11,0,163.9,1
59824,2743,4.58,13,1,169.8,1
59845,2744,13.90,21,0,308.0,1
59866,2745,17.17,21,1,354.9,1
59901,2746,49.18,35,3,824.5,1
59914,2747,6.25,13,0,195.0,1
59927,2748,3.57,13,0,155.6,1
59952,2749,31.00,25,1,558.3,1
59971,2750,10.23,19,0,253.8,1
59984,2751,2.75,13,0,143.7,1
60004,2752,29.99,20,0,544.0,1
60029,2753,30.11,25,0,546.8,1
60042,2754,4.26,13,0,165.7,1
60063,2755,15.17,21,1,325.1,1
60076,2756,6.25,13,0,195.0,1
60088,2757,2.47,12,0,139.3,1
60101,2758,6.25,13,0,195.0,1
60113,2759,4.32,12,0,166.8,1
60124,2760,-1.20,11,0,85.4,1
60143,2761,10.95,19,0,265.0,1
60164,2762,14.81,21,0,321.7,1
60177,2763,7.93,13,0,219.6,1
60190,2764,5.34,13,0,181.6,1
60214,2765,26.09,24,2,485.7,1
60238,2766,29.06,24,1,529.6,1
60250,2767,-1.61,12,0,79.7,1
60262,2768,0.40,12,0,109.5,1
60275,2769,4.32,13,0,166.6,1
60299,2770,35.41,24,0,625.0,1
60312,2771,2.95,13,0,146.7,1
60325,2772,4.13,13,0,163.8,1
60354,2773,23.34,29,1,446.1,1
60366,2774,2.86,12,1,144.1,1
60379,2775,3.72,13,0,157.8,1
60404,2776,30.11,25,0,546.8,1
60422,2777,24.87,18,0,470.0,1
60443,2778,14.78,21,1,319.4,1
60456,2779,3.13,13,1,148.0,1
60497,2780,51.05,41,3,851.1,1
60531,2781,48.10,34,1,809.7,1
60551,2782,18.51,20,1,374.8,1
60562,2783,-0.16,11,0,101.3,1
60583,2784,17.83,21,1,365.4,1
60604,2785,12.93,21,0,293.5,1
60617,2786,4.50,13,0,169.2,1
60638,2787,12.49,21,1,286.4,1
60659,2788,15.75,21,0,335.9,1
60680,2789,13.83,21,0,306.7,1
60693,2790,5.15,13,0,178.8,1
60706,2791,3.13,13,0,150.0,1
60726,2792,13.63,20,2,301.5,1
60739,2793,4.28,13,1,165.5,1
60750,2794,0.60,11,0,112.1,1
60767,2795,22.02,17,0,426.9,1
60786,2796,8.23,19,0,224.4,1
60820,2797,49.24,34,2,825.4,1
60844,2798,28.38,24,0,520.4,1
60865,2799,9.88,21,0,248.6,1
60877,2800,7.42,12,0,212.5,1
60890,2801,9.23,13,0,239.3,1
60901,2802,3.92,11,0,161.0,1
60914,2803,-0.05,13,0,102.6,1
60927,2804,4.04,13,0,162.8,1
60940,2805,6.25,13,0,195.0,1
60958,2806,15.88,18,0,336.6,1
60979,2807,12.62,21,1,288.3,1
61000,2808,17.21,21,2,354.1,1
61013,2809,6.25,13,0,195.0,1
61034,2810,15.60,21,1,331.7,1
61047,2811,3.03,13,0,147.7,1
61072,2812,30.11,25,0,546.8,1
61091,2813,10.00,19,0,250.3,1
61116,2814,30.11,25,0,546.8,1
61129,2815,4.39,13,0,167.6,1
61142,2816,3.58,13,0,156.2,1
61163,2817,14.62,21,0,318.7,1
61176,2818,4.08,13,1,162.4,1
61195,2819,22.27,19,0,431.5,1
61208,2820,6.25,13,0,195.0,1
61220,2821,1.00,12,0,117.8,1
61239,2822,6.63,19,0,200.8,1
61252,2823,5.19,13,0,179.4,1
61273,2824,17.70,21,1,362.9,1
61294,2825,14.10,21,0,310.9,1
61307,2826,6.25,13,0,195.0,1
61320,2827,3.77,13,0,158.4,1
61341,2828,12.67,21,2,288.6,1
61354,2829,3.42,13,0,153.4,1
61373,2830,13.22,19,0,297.8,1
61386,2831,5.19,13,0,179.4,1
61407,2832,26.16,21,0,487.8,1
61428,2833,23.98,21,2,454.6,1
61448,2834,24.61,20,0,465.8,1
61479,2835,38.76,31,1,672.1,1
61492,2836,5.15,13,0,178.8,1
61505,2837,6.25,13,0,195.0,1
61518,2838,-1.04,13,0,87.8,1
61537,2839,9.98,19,0,250.1,1
61558,2840,21.74,21,0,422.8,1
61571,2841,0.33,13,0,107.8,1
61592,2842,25.16,21,0,473.3,1
61604,2843,2.58,12,0,141.2,1
61622,2844,22.11,18,0,428.5,1
61635,2845,4.19,13,0,164.6,1
61648,2846,7.11,13,0,207.6,1
61667,2847,9.43,19,0,242.0,1
61680,2848,4.13,13,0,163.8,1
61701,2849,17.64,21,2,360.5,1
61737,2850,52.63,36,2,876.2,1
61769,2851,47.77,32,1,804.6,1
61790,2852,16.65,21,2,345.9,1
61801,2853,0.56,11,0,112.5,1
61826,2854,27.90,25,1,513.2,1
61839,2855,4.26,13,0,165.7,1
61858,2856,8.52,19,0,228.3,1
61875,2857,25.08,17,0,472.4,1
61888,2858,6.25,13,0,195.0,1
61909,2859,14.79,21,1,319.6,1
61921,2860,1.34,12,0,123.3,1
61934,2861,0.85,13,0,116.1,1
61955,2862,13.05,21,1,294.0,1
61976,2863,26.66,21,1,494.2,1
61989,2864,4.26,13,0,165.7,1
62007,2865,13.06,18,0,295.7,1
62019,2866,5.56,12,0,185.1,1
62032,2867,3.56,13,1,155.6,1
62051,2868,11.17,19,0,267.5,1
62064,2869,4.48,13,0,168.9,1
62077,2870,4.40,13,0,167.8,1
62090,2871,4.32,13,0,166.6,1
62103,2872,7.01,13,0,207.1,1
62122,2873,8.08,19,0,221.8,1
62143,2874,14.93,21,1,321.6,1
62155,2875,2.50,12,0,140.4,1
62168,2876,5.21,13,0,180.2,1
62181,2877,6.25,13,0,195.0,1
62203,2878,20.09,22,0,398.8,1
62216,2879,8.38,13,0,227.2,1
62227,2880,-1.38,11,0,82.7,1
62239,2881,3.32,12,0,152.8,1
62251,2882,2.13,12,0,134.4,1
62285,2883,48.10,34,1,809.7,1
62297,2884,7.03,12,0,206.7,1
62309,2885,1.80,12,0,129.6,1
62327,2886,18.63,18,0,378.2,1
62340,2887,5.94,13,0,191.3,1
62361,2888,13.50,21,1,300.6,1
62374,2889,5.19,13,0,179.4,1
62386,2890,3.50,12,0,155.2,1
62407,2891,13.18,21,1,295.8,1
62441,2892,48.10,34,1,809.7,1
62454,2893,6.25,13,0,195.0,1
62475,2894,17.76,21,1,363.8,1
62499,2895,21.60,24,2,419.6,1
62518,2896,13.50,19,0,301.8,1
62530,2897,2.36,12,0,137.8,1
62542,2898,2.04,12,0,133.1,1
62561,2899,17.62,19,0,362.5,1
62582,2900,14.79,21,1,319.6,1
62595,2901,7.82,13,0,218.3,1
62616,2902,14.68,21,1,318.0,1
62629,2903,0.69,13,0,113.2,1
62652,2904,22.29,23,0,430.9,1
62665,2905,6.25,13,0,195.0,1
62677,2906,3.03,12,0,147.9,1
62690,2907,2.93,13,0,146.1,1
62715,2908,30.11,25,0,546.8,1
62728,2909,0.23,13,1,106.1,1
62740,2910,0.99,12,0,117.9,1
62761,2911,18.40,21,0,374.2,1
62792,2912,38.69,31,1,671.3,1
62804,2913,0.10,12,0,105.3,1
62825,2914,17.61,21,1,361.4,1
62845,2915,21.79,20,0,423.7,1
62866,2916,14.19,21,0,312.0,1
62877,2917,-0.18,11,0,100.3,1
62907,2918,35.91,30,2,629.5,1
62928,2919,16.21,21,2,339.4,1
62941,2920,5.15,13,0,178.8,1
62953,2921,3.72,12,0,158.9,1
62965,2922,-1.32,12,0,84.2,1
62976,2923,0.29,11,0,107.3,1
62989,2924,2.53,13,0,141.1,1
63014,2925,29.67,25,1,538.7,1
63035,2926,26.86,21,0,499.2,1
63048,2927,6.25,13,0,195.0,1
63061,2928,3.42,13,0,154.5,1
63073,2929,3.50,12,0,154.5,1
63084,2930,7.19,11,0,209.1,1
63103,2931,28.50,19,0,522.7,1
63127,2932,28.38,24,0,520.4,1
63148,2933,7.95,21,0,220.0,1
63161,2934,4.26,13,0,165.7,1
63174,2935,4.34,13,1,165.9,1
63186,2936,1.49,12,0,125.6,1
63199,2937,5.38,13,0,182.5,1
63217,2938,8.72,18,0,231.3,1
63235,2939,11.88,18,0,277.8,1
63248,2940,4.32,13,0,166.6,1
63269,2941,19.45,21,0,389.3,1
63304,2942,49.18,35,3,824.5,1
63316,2943,6.23,12,0,194.6,1
63328,2944,1.05,12,0,119.0,1
63341,2945,-0.10,13,0,102.2,1
63353,2946,1.00,12,0,117.7,1
63374,2947,17.32,21,0,358.0,1
63392,2948,6.80,18,0,204.2,1
63415,2949,21.25,23,1,414.5,1
63434,2950,10.62,19,0,259.5,1
63446,2951,4.29,12,0,166.5,1
63467,2952,17.16,21,2,353.4,1
63479,2953,0.54,12,0,111.8,1
63499,2954,27.22,20,1,503.2,1
63520,2955,22.47,21,0,433.8,1
63533,2956,6.25,13,0,195.0,1
63546,2957,3.03,13,0,147.7,1
63569,2958,13.93,23,1,307.2,1
63582,2959,4.13,13,0,163.8,1
63603,2960,24.12,21,0,458.7,1
63616,2961,2.10,13,0,134.5,1
63637,2962,14.69,21,0,319.7,1
63649,2963,4.39,12,1,166.7,1
63668,2964,13.35,19,0,299.6,1
63681,2965,3.56,13,0,155.4,1
63694,2966,3.63,13,0,156.4,1
63714,2967,22.04,20,1,426.2,1
63726,2968,-0.49,12,0,95.8,1
63751,2969,28.65,25,1,523.7,1
63771,2970,18.02,20,1,367.0,1
63806,2971,51.38,35,2,857.8,1
63818,2972,5.65,12,0,186.4,1
63830,2973,6.17,12,0,194.1,1
63843,2974,5.05,13,0,177.6,1
63856,2975,1.40,13,0,123.6,1
63868,2976,2.81,12,0,145.2,1
63886,2977,14.64,18,0,318.3,1
63907,2978,12.75,21,1,289.9,1
63920,2979,5.19,13,0,179.4,1
63932,2980,3.07,12,0,148.1,1
63955,2981,23.69,23,1,451.0,1
63974,2982,10.55,19,0,258.5,1
63995,2983,16.37,21,2,341.8,1
64014,2984,9.69,19,0,245.8,1
64027,2985,5.47,13,0,183.4,1
64048,2986,14.53,21,0,317.0,1
64061,2987,4.19,13,0,164.6,1
64092,2988,38.69,31,1,671.3,1
64104,2989,3.45,12,1,153.4,1
64124,2990,15.20,20,0,326.6,1
64137,2991,4.19,13,0,164.6,1
64158,2992,17.55,21,2,359.2,1
64170,2993,-0.01,12,0,103.5,1
64189,2994,15.01,19,0,324.1,1
64201,2995,-0.32,12,0,99.3,1
64213,2996,1.46,12,0,124.5,1
64234,2997,15.78,21,0,336.3,1
64247,2998,5.19,13,0,179.4,1
64260,2999,6.25,13,0,195.0,1
64273,3000,5.09,13,1,177.3,1
64294,3001,17.64,21,2,360.5,1
64314,3002,12.64,20,0,288.9,1
64326,3003,1.27,12,0,122.6,1
64348,3004,21.61,22,0,421.1,1
64369,3005,17.44,21,1,358.8,1
64382,3006,3.46,13,0,154.3,1
64406,3007,26.58,24,0,495.1,1
64427,3008,14.74,21,1,318.8,1
64439,3009,1.58,12,0,126.5,1
64452,3010,6.25,13,0,195.0,1
64477,3011,30.11,25,0,546.8,1
64508,3012,35.58,31,1,625.9,1
64529,3013,28.33,21,0,519.9,1
64540,3014,2.51,11,0,140.8,1
64552,3015,0.71,12,0,114.4,1
64565,3016,5.14,13,0,178.6,1
64586,3017,13.35,21,0,299.7,1
64598,3018,4.20,12,1,163.8,1
64619,3019,15.10,21,0,325.3,1
64640,3020,13.00,21,1,293.5,1
64653,3021,0.32,13,0,107.7,1
64665,3022,2.43,12,0,139.6,1
64690,3023,27.76,25,0,512.2,1
64712,3024,32.03,22,0,574.7,1
64737,3025,30.11,25,0,546.8,1
64767,3026,37.45,30,1,653.0,1
64780,3027,4.67,13,0,172.0,1
64793,3028,9.06,13,0,236.6,1
64803,3029,-2.92,10,0,60.0,1
64827,3030,24.30,24,0,461.5,1
64848,3031,16.74,21,0,349.2,1
64869,3032,17.39,21,2,356.9,1
64890,3033,16.91,21,1,351.3,1
64921,3034,37.42,31,1,652.9,1
64933,3035,3.11,12,0,148.7,1
64968,3036,51.59,35,2,861.0,1
64988,3037,26.25,20,0,489.7,1
65000,3038,-3.78,12,0,47.7,1
65029,3039,33.28,29,1,591.7,1
65054,3040,27.55,25,0,508.2,1
65066,3041,0.86,12,0,115.7,1
65087,3042,12.51,21,0,287.3,1
65108,3043,15.61,21,0,333.2,1
65129,3044,17.16,21,2,353.4,1
65150,3045,12.27,21,1,282.8,1
65163,3046,4.32,13,0,166.6,1
65175,3047,0.09,12,0,104.7,1
65188,3048,1.23,13,0,121.1,1
65212,3049,27.77,24,0,512.5,1
65223,3050,-0.41,11,0,97.0,1
65236,3051,4.39,13,0,167.6,1
65256,3052,17.97,20,0,367.3,1
65275,3053,12.61,19,0,288.8,1
65299,3054,28.95,24,1,528.1,1
65320,3055,17.17,21,1,354.9,1
65340,3056,21.68,20,0,422.1,1
65361,3057,17.60,21,2,359.9,1
65382,3058,16.16,21,1,340.0,1
65401,3059,8.31,19,0,225.2,1
65414,3060,4.32,13,0,166.6,1
65435,3061,8.72,21,0,231.6,1
65448,3062,6.25,13,0,195.0,1
65461,3063,0.46,13,0,110.1,1
65473,3064,5.20,12,0,179.9,1
65485,3065,-0.76,12,0,93.1,1
65504,3066,5.64,19,0,186.3,1
65525,3067,15.50,21,0,331.2,1
65538,3068,4.60,13,1,170.9,1
65559,3069,13.67,21,0,304.4,1
65571,3070,5.41,12,0,182.9,1
65583,3071,2.97,12,1,146.1,1
65603,3072,12.59,20,0,288.7,1
65625,3073,29.42,22,1,535.4,1
65638,3074,6.25,13,0,195.0,1
65650,3075,-1.75,12,0,77.6,1
65662,3076,-1.09,12,1,86.1,1
65675,3077,3.03,13,0,147.6,1
65698,3078,24.14,23,1,458.2,1
65718,3079,16.36,20,1,342.6,1
65755,3080,53.62,37,2,890.8,1
65768,3081,6.25,13,0,195.0,1
65784,3082,15.37,16,0,329.4,1
65797,3083,6.25,13,0,195.0,1
65822,3084,30.11,25,0,546.8,1
65843,3085,13.37,21,0,300.0,1
65855,3086,1.16,12,0,120.1,1
65867,3087,1.58,12,0,126.3,1
65880,3088,5.27,13,0,181.1,1
65904,3089,28.95,24,1,528.1,1
65925,3090,14.30,21,0,313.7,1
65945,3091,15.06,20,0,325.7,1
65966,3092,16.21,21,2,339.4,1
65979,3093,6.77,13,0,202.9,1
65999,3094,20.90,20,0,411.3,1
66022,3095,23.46,23,0,449.3,1
66045,3096,28.36,23,0,520.2,1
66069,3097,24.31,24,0,461.7,1
66090,3098,13.23,21,1,296.8,1
66102,3099,7.01,12,0,206.4,1
66145,3100,52.35,43,2,870.9,1
66158,3101,5.19,13,0,179.4,1
66169,3102,1.39,11,0,123.5,1
66190,3103,13.62,21,1,302.3,1
66211,3104,11.08,21,1,265.3,1
66232,3105,15.70,21,1,333.2,1
66245,3106,5.19,13,0,179.4,1
66265,3107,24.31,20,0,460.8,1
66289,3108,22.91,24,0,440.0,1
66312,3109,24.56,23,1,463.6,1
66346,3110,49.24,34,2,825.4,1
66359,3111,6.25,13,0,195.0,1
66385,3112,28.21,26,1,517.5,1
66396,3113,0.07,11,0,104.7,1
66409,3114,5.00,13,0,177.1,1
66421,3115,4.77,12,0,173.2,1
66443,3116,29.82,22,1,540.6,1
66463,3117,21.78,20,1,422.9,1
66476,3118,6.20,13,0,194.2,1
66488,3119,2.57,12,0,141.4,1
66528,3120,47.74,40,2,804.0,1
66549,3121,14.43,21,0,315.6,1
66570,3122,14.71,21,1,318.4,1
66591,3123,8.58,21,0,229.1,1
66612,3124,14.22,21,0,312.5,1
66639,3125,28.39,27,2,519.4,1
66670,3126,38.93,31,1,674.6,1
66705,3127,51.42,35,2,858.4,1
66718,3128,6.25,13,0,195.0,1
66739,3129,14.78,21,1,319.4,1
66758,3130,11.50,19,0,272.5,1
66779,3131,17.02,21,1,353.6,1
66800,3132,12.72,21,1,289.7,1
66821,3133,12.04,21,1,279.4,1
66833,3134,7.19,12,0,209.9,1
66844,3135,2.32,11,0,137.2,1
66857,3136,4.32,13,0,166.6,1
66878,3137,9.70,21,0,245.7,1
66899,3138,17.64,21,2,360.5,1
66930,3139,38.76,31,1,672.1,1
66950,3140,27.23,20,1,503.4,1
66971,3141,12.59,21,1,287.3,1
66984,3142,6.25,13,0,195.0,1
67005,3143,11.63,21,1,273.4,1
67016,3144,0.50,11,0,110.9,1
67040,3145,23.88,24,0,454.2,1
67063,3146,23.49,23,1,448.0,1
67088,3147,30.80,25,0,556.1,1
67109,3148,14.66,21,0,319.0,1
67130,3149,13.58,21,0,303.0,1
67151,3150,13.94,21,1,307.0,1
67170,3151,10.88,19,0,263.3,1
67191,3152,6.97,21,0,205.9,1
67203,3153,1.25,12,1,120.4,1
67227,3154,22.46,24,0,434.0,1
67251,3155,26.58,24,0,495.1,1
67272,3156,21.80,21,1,423.5,1
67290,3157,14.07,18,0,309.9,1
67321,3158,38.92,31,1,674.5,1
67342,3159,11.92,21,1,277.7,1
67355,3160,6.25,13,0,195.0,1
67390,3161,51.61,35,2,861.2,1
67410,3162,12.45,20,0,286.5,1
67427,3163,12.55,17,0,288.3,1
67451,3164,25.74,24,1,480.9,1
67472,3165,12.91,21,1,292.0,1
67491,3166,11.53,19,0,272.9,1
67512,3167,16.67,21,0,348.2,1
67531,3168,19.85,19,0,395.0,1
67552,3169,28.75,21,1,524.9,1
67572,3170,16.89,20,0,351.4,1
67585,3171,0.80,13,0,114.8,1
67606,3172,14.81,21,1,319.9,1
67627,3173,15.23,21,0,327.3,1
67638,3174,1.86,11,0,130.7,1
67663,3175,14.70,25,1,318.9,1
67687,3176,30.22,24,0,548.0,1
67711,3177,29.16,24,1,531.2,1
67746,3178,49.18,35,3,824.5,1
67758,3179,0.75,12,0,114.6,1
67783,3180,30.11,25,0,546.8,1
67794,3181,1.31,11,0,123.2,1
67815,3182,17.39,21,2,356.9,1
67827,3183,5.13,12,0,178.4,1
67848,3184,12.79,21,0,291.5,1
67861,3185,4.79,13,1,172.8,1
67874,3186,2.43,13,0,139.6,1
67894,3187,6.81,20,0,203.8,1
67907,3188,8.01,13,0,222.0,1
67920,3189,3.77,13,0,158.8,1
67938,3190,8.76,18,0,232.5,1
67959,3191,14.75,21,0,320.2,1
67980,3192,12.30,21,1,283.2,1
68001,3193,11.61,21,1,273.1,1
68025,3194,29.54,24,1,536.8,1
68059,3195,49.24,34,2,825.4,1
68072,3196,3.13,13,0,149.6,1
68096,3197,24.19,24,0,459.9,1
68108,3198,2.97,12,0,147.8,1
68121,3199,6.25,13,0,195.0,1
68133,3200,7.45,12,0,212.7,1
68155,3201,32.39,22,1,579.3,1
68168,3202,6.25,13,0,195.0,1
68181,3203,3.49,13,1,154.5,1
68215,3204,48.10,34,1,809.7,1
68227,3205,2.55,12,0,141.7,1
68252,3206,27.89,25,0,513.2,1
68264,3207,-1.14,12,0,86.8,1
68285,3208,14.78,21,1,319.4,1
68306,3209,22.97,21,0,441.6,1
68317,3210,0.36,11,0,108.3,1
68338,3211,16.87,21,0,352.2,1
68359,3212,17.24,21,1,355.8,1
68380,3213,19.77,21,0,393.8,1
68401,3214,23.53,21,0,449.6,1
68414,3215,-0.10,13,0,101.9,1
68425,3216,-1.96,11,0,74.2,1
68446,3217,15.66,21,1,332.6,1
68467,3218,15.50,21,1,330.0,1
68488,3219,13.27,21,0,299.0,1
68519,3220,36.23,31,1,635.4,1
68540,3221,15.67,21,1,332.8,1
68561,3222,16.21,21,2,339.4,1
68582,3223,14.69,21,0,319.7,1
68606,3224,31.31,24,0,564.4,1
68619,3225,7.43,13,0,212.9,1
68632,3226,2.96,13,0,146.8,1
68645,3227,4.64,13,1,171.2,1
68666,3228,16.38,21,2,341.9,1
68686,3229,20.36,20,0,403.0,1
68709,3230,28.31,23,0,520.5,1
68722,3231,6.25,13,0,195.0,1
68735,3232,4.81,13,0,173.8,1
68747,3233,5.14,12,0,179.3,1
68758,3234,1.48,11,0,125.6,1
68779,3235,15.55,21,1,330.8,1
68800,3236,17.30,21,2,355.5,1
68818,3237,20.78,18,0,409.3,1
68831,3238,6.25,13,0,195.0,1
68867,3239,52.63,36,2,876.2,1
68888,3240,16.59,21,1,346.3,1
68909,3241,21.66,21,1,421.8,1
68913,3242,-6.07,4,0,14.1,1
68925,3243,-1.22,12,0,85.4,1
68945,3244,15.32,20,0,328.4,1
68957,3245,0.70,12,0,113.3,1
68984,3246,29.12,27,0,531.5,1
69005,3247,16.33,21,1,342.2,1
69026,3248,11.82,21,1,276.1,1
69039,3249,3.35,13,0,152.5,1
69057,3250,22.57,18,0,435.2,1
69078,3251,17.19,21,1,355.1,1
69099,3252,12.14,21,0,281.9,1
69120,3253,18.16,21,1,369.4,1
69151,3254,38.69,31,1,671.3,1
69164,3255,-0.74,13,0,92.7,1
69177,3256,6.25,13,0,195.0,1
69213,3257,52.63,36,2,876.2,1
69224,3258,2.35,11,0,137.9,1
69246,3259,27.73,22,1,509.9,1
69257,3260,4.35,11,1,166.0,1
69277,3261,29.86,20,0,543.0,1
69290,3262,6.25,13,0,195.0,1
69311,3263,23.77,21,0,453.7,1
69332,3264,17.14,21,1,354.4,1
69345,3265,4.19,13,0,164.6,1
69367,3266,24.48,22,0,463.9,1
69370,3267,-6.30,3,0,10.4,1
69398,3268,26.74,28,1,495.9,1
69411,3269,6.25,13,0,195.0,1
69424,3270,5.19,13,0,179.4,1
69437,3271,5.27,13,0,181.1,1
69458,3272,25.66,21,1,479.5,1
69480,3273,24.89,22,1,469.2,1
69501,3274,17.30,21,2,355.5,1
69512,3275,3.13,11,0,149.7,1
69536,3276,22.68,24,1,436.8,1
69560,3277,22.21,24,0,429.9,1
69573,3278,5.27,13,0,181.1,1
69586,3279,5.19,13,0,179.4,1
69620,3280,48.10,34,1,809.7,1
69639,3281,11.62,19,0,274.2,1
69665,3282,29.06,26,1,529.6,1
69677,3283,1.92,12,0,132.1,1
69690,3284,-0.29,13,0,98.8,1
69711,3285,12.45,21,1,285.7,1
69736,3286,23.73,25,0,452.6,1
69757,3287,17.16,21,2,353.4,1
69781,3288,31.17,24,1,561.1,1
69794,3289,5.81,13,0,188.8,1
69807,3290,4.19,13,0,164.6,1
69825,3291,19.07,18,0,383.5,1
69850,3292,30.11,25,0,546.8,1
69862,3293,0.89,12,0,116.4,1
69881,3294,19.05,19,1,383.1,1
69894,3295,6.25,13,0,195.0,1
69907,3296,1.18,13,0,120.7,1
69926,3297,4.94,19,1,175.0,1
69939,3298,3.63,13,0,156.4,1
69960,3299,29.91,21,0,543.7,1
69972,3300,2.49,12,0,139.6,1
69985,3301,5.19,13,0,179.4,1
70010,3302,28.67,25,1,524.0,1
70023,3303,4.32,13,1,166.1,1
70035,3304,0.77,12,0,114.9,1
70047,3305,1.55,12,0,125.8,1
70082,3306,50.86,35,1,850.3,1
70106,3307,29.54,24,1,536.8,1
70119,3308,6.25,13,0,195.0,1
70153,3309,48.10,34,1,809.7,1
70173,3310,25.49,20,0,477.9,1
70194,3311,16.21,21,2,339.4,1
70207,3312,6.25,13,0,195.0,1
70220,3313,5.19,13,0,179.4,1
70240,3314,16.80,20,0,350.7,1
70253,3315,9.39,13,0,241.7,1
70266,3316,6.25,13,0,195.0,1
70278,3317,5.07,12,0,177.6,1
70299,3318,16.07,21,1,338.7,1
70312,3319,4.79,13,0,173.5,1
70334,3320,31.56,22,0,567.7,1
70347,3321,3.03,13,0,147.7,1
70368,3322,12.74,21,0,291.3,1
70379,3323,0.64,11,0,112.8,1
70398,3324,25.93,19,0,485.5,1
70419,3325,12.64,21,1,288.6,1
70431,3326,4.53,12,0,169.7,1
70444,3327,1.64,13,0,127.2,1
70457,3328,5.19,13,0,179.4,1
70482,3329,30.11,25,0,546.8,1
70505,3330,27.07,23,0,501.4,1
70518,3331,4.19,13,0,164.6,1
70529,3332,2.37,11,0,137.9,1
70542,3333,7.96,13,0,220.4,1
70563,3334,27.40,21,1,506.2,1
70582,3335,10.92,19,0,264.0,1
70601,3336,8.57,19,0,229.3,1
70614,3337,5.19,13,0,179.4,1
70635,3338,15.70,21,1,333.2,1
70646,3339,-1.03,11,0,88.5,1
70667,3340,15.17,21,1,325.1,1
70680,3341,4.07,13,1,162.8,1
70692,3342,5.52,12,0,184.5,1
70716,3343,21.80,24,2,422.5,1
70729,3344,3.00,13,0,147.2,1
70750,3345,17.64,21,2,360.5,1
70781,3346,38.21,31,1,664.5,1
70794,3347,7.08,13,0,207.5,1
70806,3348,2.03,12,1,132.1,1
70827,3349,16.59,21,1,346.3,1
70848,3350,25.93,21,0,484.3,1
70871,3351,29.14,23,1,530.9,1
70895,3352,34.11,24,1,604.3,1
70916,3353,26.59,21,0,495.2,1
70947,3354,38.76,31,1,672.1,1
70960,3355,6.25,13,0,195.0,1
70971,3356,2.96,11,0,147.1,1
70984,3357,5.62,13,0,186.2,1
71008,3358,26.46,24,0,493.0,1
71038,3359,48.24,30,1,811.4,1
71059,3360,14.27,21,0,313.5,1
71084,3361,30.11,25,0,546.8,1
71097,3362,6.25,13,0,195.0,1
71110,3363,4.45,13,1,167.4,1
71131,3364,14.68,21,1,318.0,1
71152,3365,17.30,21,2,355.5,1
71165,3366,6.25,13,0,195.0,1
71175,3367,-1.54,10,0,80.7,1
71198,3368,26.11,23,0,487.0,1
71219,3369,16.49,21,2,343.5,1
71242,3370,30.35,23,0,549.4,1
71255,3371,6.25,13,0,195.0,1
71277,3372,24.89,22,1,469.2,1
71290,3373,5.19,13,0,179.4,1
71310,3374,21.82,20,0,423.9,1
71331,3375,20.84,21,0,409.5,1
71342,3376,0.55,11,0,111.1,1
71366,3377,26.58,24,0,495.1,1
71406,3378,51.29,40,2,856.5,1
71430,3379,29.54,24,1,536.8,1
71442,3380,-0.05,12,0,103.0,1
71455,3381,6.25,13,0,195.0,1
71486,3382,43.44,31,3,738.9,1
71499,3383,6.25,13,0,195.0,1
71520,3384,16.21,21,2,339.4,1
71538,3385,17.83,18,0,365.2,1
71559,3386,29.75,21,0,541.7,1
71593,3387,48.10,34,1,809.7,1
71616,3388,21.99,23,0,426.4,1
71629,3389,6.25,13,0,195.0,1
71651,3390,24.97,22,0,470.8,1
71664,3391,4.19,13,0,164.6,1
71677,3392,5.32,13,0,181.6,1
71690,3393,6.25,13,0,195.0,1
71721,3394,46.72,31,1,789.7,1
71734,3395,4.89,13,0,175.0,1
71747,3396,-0.77,13,0,91.7,1
71760,3397,4.80,13,0,174.2,1
71772,3398,1.34,12,0,123.1,1
71784,3399,4.11,12,0,164.0,1
71803,3400,12.33,19,0,284.7,1
71837,3401,48.10,34,1,809.7,1
71858,3402,17.06,21,1,353.2,1
71892,3403,49.24,34,2,825.4,1
71913,3404,15.07,21,0,324.9,1
71933,3405,9.84,20,0,248.3,1
71952,3406,10.90,19,0,263.6,1
71965,3407,3.24,13,0,150.7,1
71989,3408,28.95,24,1,528.1,1
72006,3409,23.10,17,0,443.4,1
72026,3410,26.22,20,0,489.2,1
72038,3411,6.37,12,0,197.3,1
72051,3412,4.99,13,0,176.4,1
72072,3413,16.27,21,2,340.3,1
72085,3414,2.65,13,0,142.0,1
72106,3415,15.19,21,0,326.5,1
72119,3416,0.47,13,0,109.9,1
72132,3417,6.22,13,0,194.5,1
72153,3418,15.59,21,0,332.7,1
72165,3419,3.77,12,1,157.5,1
72178,3420,0.50,13,0,110.4,1
72214,3421,50.22,36,2,840.7,1
72225,3422,1.56,11,0,126.5,1
72237,3423,0.12,12,0,104.8,1
72258,3424,14.95,21,0,323.2,1
72279,3425,16.95,21,0,353.2,1
72292,3426,6.25,13,0,195.0,1
72313,3427,12.41,21,1,284.9,1
72334,3428,7.63,21,0,215.5,1
72347,3429,5.15,13,0,178.8,1
72381,3430,48.10,34,1,809.7,1
72400,3431,12.71,19,0,290.2,1
72412,3432,-0.18,12,0,100.4,1
72453,3433,52.33,41,2,870.6,1
72466,3434,3.00,13,0,147.2,1
72487,3435,14.29,21,0,313.5,1
72500,3436,5.31,13,1,180.1,1
72525,3437,30.11,25,0,546.8,1
72548,3438,23.30,23,0,446.3,1
72568,3439,20.99,20,1,411.7,1
72581,3440,0.93,13,0,116.7,1
72594,3441,4.13,13,0,163.8,1
72613,3442,18.46,19,0,374.5,1
72634,3443,14.74,21,0,320.2,1
72655,3444,12.53,21,1,286.6,1
72676,3445,11.89,21,1,277.1,1
72689,3446,3.67,13,0,156.9,1
72709,3447,21.21,20,1,413.9,1
72727,3448,24.60,18,0,466.0,1
72746,3449,12.92,19,0,293.4,1
72759,3450,2.98,13,0,146.9,1
72772,3451,6.55,13,0,199.3,1
72799,3452,26.74,27,0,496.6,1
72820,3453,29.39,21,1,534.5,1
72841,3454,16.87,21,1,350.4,1
72854,3455,-2.04,13,0,73.0,1
72867,3456,4.23,13,1,164.9,1
72888,3457,13.00,21,0,294.9,1
72910,3458,24.27,22,0,460.0,1
72930,3459,30.92,20,0,558.1,1
72942,3460,1.05,12,0,118.8,1
72963,3461,14.03,21,0,309.7,1
72994,3462,37.42,31,1,652.9,1
73015,3463,15.50,21,1,330.0,1
73036,3464,14.87,21,0,322.1,1
73067,3465,37.42,31,1,652.9,1
73088,3466,17.26,21,0,357.8,1
73107,3467,16.15,19,1,339.9,1
73128,3468,14.81,21,1,319.9,1
73140,3469,6.72,12,0,201.8,1
73152,3470,-1.90,12,0,75.1,1
73174,3471,26.38,22,2,489.3,1
73187,3472,3.01,13,0,147.5,1
73218,3473,35.51,31,1,624.8,1
73230,3474,0.39,12,0,109.0,1
73243,3475,3.57,13,0,155.5,1
73264,3476,10.79,21,0,262.0,1
73283,3477,11.26,19,0,269.2,1
73302,3478,11.15,19,0,267.3,1
73323,3479,12.67,21,2,288.6,1
73336,3480,4.39,13,0,167.6,1
73357,3481,13.87,21,0,307.3,1
73369,3482,-0.43,12,0,97.3,1
73380,3483,5.03,11,0,177.1,1
73393,3484,5.75,13,0,187.9,1
73412,3485,11.20,19,0,268.0,1
73432,3486,16.89,20,1,350.4,1
73443,3487,5.18,11,0,179.7,1
73463,3488,14.90,20,0,322.8,1
73475,3489,2.84,12,0,145.0,1
73495,3490,17.89,20,0,367.1,1
73515,3491,4.30,20,1,166.1,1
73536,3492,16.71,21,0,349.3,1
73557,3493,20.16,21,0,399.5,1
73569,3494,-2.27,12,0,70.0,1
73590,3495,15.85,21,0,336.4,1
73626,3496,50.91,36,2,850.9,1
73639,3497,1.46,13,1,123.8,1
73659,3498,13.45,20,0,301.2,1
73680,3499,17.17,21,1,354.9,1
73703,3500,22.83,23,0,438.7,1
73722,3501,26.66,19,0,495.6,1
73734,3502,2.69,12,0,142.6,1
73747,3503,2.37,13,0,138.3,1
73766,3504,10.62,19,0,259.5,1
73789,3505,23.85,23,1,452.8,1
73809,3506,18.51,20,0,375.2,1
73830,3507,13.23,21,0,297.9,1
73861,3508,37.89,31,1,659.9,1
73872,3509,-1.20,11,0,85.4,1
73893,3510,14.14,21,1,310.1,1
73920,3511,32.19,27,0,576.6,1
73955,3512,51.17,35,2,854.7,1
73976,3513,13.77,21,1,304.9,1
74003,3514,33.30,27,1,592.4,1
74038,3515,51.42,35,2,858.4,1
74051,3516,1.51,13,0,125.5,1
74072,3517,15.19,21,0,326.7,1
74096,3518,26.58,24,0,495.1,1
74108,3519,-1.38,12,0,82.7,1
74129,3520,17.23,21,1,355.8,1
74142,3521,3.00,13,0,147.2,1
74153,3522,2.26,11,0,136.3,1
74180,3523,29.89,27,0,543.2,1
74192,3524,5.06,12,1,177.7,1
74213,3525,17.67,21,2,360.9,1
74225,3526,7.50,12,0,213.3,1
74237,3527,-1.35,12,0,83.1,1
74258,3528,13.50,21,0,301.9,1
74279,3529,17.67,21,1,362.2,1
74298,3530,10.98,19,0,264.8,1
74310,3531,1.47,12,0,125.2,1
74333,3532,18.87,23,1,380.4,1
74344,3533,1.54,11,0,126.0,1
74363,3534,5.61,19,0,185.5,1
74376,3535,-0.42,13,0,97.5,1
74389,3536,6.09,13,0,193.0,1
74402,3537,6.25,13,0,195.0,1
74423,3538,14.46,21,0,316.0,1
74443,3539,8.95,20,0,235.0,1
74466,3540,27.46,23,1,506.2,1
74497,3541,37.22,31,1,649.4,1
74509,3542,-0.39,12,0,97.6,1
74528,3543,9.41,19,0,241.7,1
74562,3544,48.10,34,1,809.7,1
74585,3545,22.69,23,0,436.7,1
74596,3546,1.00,11,0,117.8,1
74618,3547,25.05,22,0,471.7,1
74639,3548,16.37,21,2,341.8,1
74660,3549,10.25,21,0,254.1,1
74673,3550,5.50,13,0,183.9,1
74694,3551,13.89,21,0,307.5,1
74715,3552,12.97,21,0,294.4,1
74736,3553,17.30,21,2,355.5,1
74773,3554,51.36,37,1,857.7,1
74786,3555,3.46,13,0,153.9,1
74797,3556,1.27,11,0,121.7,1
74809,3557,4.60,12,0,170.7,1
74821,3558,0.17,12,0,105.9,1
74834,3559,-0.30,13,0,99.5,1
74853,3560,9.86,19,0,248.4,1
74874,3561,17.65,21,1,361.9,1
74895,3562,16.21,21,2,339.4,1
74915,3563,10.69,20,0,261.2,1
74936,3564,7.80,21,0,217.7,1
74955,3565,11.99,19,0,279.7,1
74968,3566,-1.29,13,0,84.9,1
74981,3567,-2.16,13,0,72.5,1
74994,3568,5.19,13,0,179.4,1
75011,3569,13.54,17,0,302.7,1
75033,3570,24.31,22,0,461.2,1
75045,3571,6.07,12,0,193.2,1
75067,3572,22.57,22,1,434.3,1
75090,3573,22.29,23,0,430.9,1
75121,3574,36.99,31,1,646.1,1
75140,3575,9.07,19,0,236.7,1
75153,3576,3.00,13,0,147.2,1
75173,3577,16.72,20,0,349.0,1
75192,3578,12.80,19,0,291.3,1
75211,3579,13.42,19,0,300.6,1
75223,3580,9.16,12,0,238.1,1
75244,3581,17.42,21,1,358.8,1
75268,3582,26.46,24,0,493.0,1
75281,3583,4.32,13,0,166.6,1
75293,3584,5.77,12,0,188.5,1
75312,3585,13.33,19,0,299.3,1
75333,3586,10.74,21,0,261.8,1
75354,3587,16.37,21,2,341.8,1
75366,3588,5.93,12,0,190.6,1
75377,3589,3.07,11,0,148.1,1
75390,3590,6.25,13,0,195.0,1
75401,3591,2.03,11,0,134.0,1
75421,3592,11.61,20,0,274.1,1
75440,3593,26.88,19,0,498.3,1
75461,3594,17.14,21,2,353.2,1
75482,3595,17.10,21,1,353.9,1
75503,3596,16.98,21,0,352.8,1
75524,3597,11.36,21,1,269.5,1
75535,3598,2.77,11,1,142.7,1
75548,3599,3.16,13,1,148.6,1
75560,3600,0.93,12,0,117.0,1
75581,3601,8.53,21,0,228.8,1
75592,3602,-0.82,11,0,91.8,1
75605,3603,1.37,13,0,123.5,1
75626,3604,14.58,21,0,317.7,1
75638,3605,8.83,12,0,233.2,1
75659,3606,15.50,21,1,330.3,1
75679,3607,12.57,20,0,288.2,1
75692,3608,6.25,13,0,195.0,1
75705,3609,7.03,13,0,207.3,1
75717,3610,-0.49,12,0,96.4,1
75738,3611,13.66,21,0,304.2,1
75749,3612,-0.15,11,0,101.1,1
75761,3613,-2.57,12,0,65.8,1
75782,3614,14.59,21,1,317.5,1
75803,3615,14.62,21,0,319.0,1
75815,3616,2.98,12,0,148.0,1
75827,3617,0.34,12,0,108.1,1
75846,3618,20.69,19,0,407.6,1
75867,3619,17.17,21,1,354.9,1
75880,3620,4.32,13,0,166.6,1
75900,3621,16.59,20,1,346.3,1
75924,3622,26.58,24,0,495.1,1
75943,3623,20.01,19,0,397.6,1
75958,3624,17.28,15,0,357.4,1
75976,3625,24.00,18,0,456.6,1
76000,3626,21.84,24,1,424.3,1
76005,3627,-5.45,5,0,27.7,1
76018,3628,4.61,13,0,171.4,1
76049,3629,35.79,31,1,628.9,1
76080,3630,35.79,31,1,628.9,1
76092,3631,1.60,12,0,126.9,1
76105,3632,7.01,13,0,206.4,1
76118,3633,-0.49,13,0,96.7,1
76136,3634,19.98,18,0,398.1,1
76157,3635,19.52,21,1,389.5,1
76168,3636,2.90,11,0,145.9,1
76206,3637,52.07,38,2,868.0,1
76219,3638,4.49,13,0,169.9,1
76240,3639,16.13,21,1,339.5,1
76252,3640,0.15,12,0,105.2,1
76265,3641,2.60,13,0,141.3,1
76286,3642,17.76,21,1,363.8,1
76297,3643,-1.54,11,0,80.7,1
76316,3644,10.86,19,0,263.1,1
76349,3645,46.87,33,1,791.3,1
76362,3646,2.52,13,0,140.3,1
76375,3647,5.19,13,0,179.4,1
76386,3648,3.45,11,0,153.8,1
76411,3649,22.95,25,0,440.8,1
76431,3650,12.60,20,0,288.7,1
76460,3651,25.88,29,2,481.6,1
76473,3652,6.25,13,0,195.0,1
76504,3653,37.59,31,1,654.8,1
76528,3654,26.58,24,0,495.1,1
76540,3655,3.71,12,0,158.2,1
76561,3656,15.32,21,0,329.3,1
76582,3657,14.77,21,0,320.5,1
76595,3658,1.66,13,0,128.0,1
76616,3659,17.14,21,1,354.4,1
76637,3660,13.76,21,1,304.7,1
76658,3661,11.93,21,1,277.5,1
76679,3662,17.70,21,1,362.6,1
76704,3663,25.77,25,2,480.0,1
76729,3664,30.11,25,0,546.8,1
76748,3665,12.92,19,0,293.4,1
76772,3666,26.46,24,0,493.0,1
76785,3667,4.39,13,0,167.6,1
76798,3668,2.42,13,0,138.7,1
76811,3669,4.40,13,0,167.8,1
76822,3670,-0.84,11,0,90.7,1
76834,3671,-1.25,12,0,84.6,1
76858,3672,27.38,24,1,505.3,1
76871,3673,-1.43,13,0,82.3,1
76893,3674,18.74,22,0,378.9,1
76914,3675,14.70,21,1,318.2,1
76935,3676,10.51,21,0,257.9,1
76956,3677,14.97,21,1,322.5,1
76980,3678,25.10,24,0,472.7,1
76993,3679,3.09,13,0,148.5,1
77013,3680,28.77,20,0,526.7,1
77032,3681,10.72,19,0,261.0,1
77055,3682,24.92,23,1,468.6,1
77074,3683,8.67,19,0,230.9,1
77095,3684,15.19,21,0,326.7,1
77108,3685,5.67,13,0,186.4,1
77127,3686,10.68,19,0,260.9,1
77139,3687,5.52,12,0,184.5,1
77160,3688,25.20,21,0,474.0,1
77185,3689,25.69,25,0,481.7,1
77206,3690,13.12,21,0,296.3,1
77227,3691,14.00,21,0,309.2,1
77252,3692,30.83,25,0,556.7,1
77283,3693,37.54,31,1,654.5,1
77302,3694,12.04,19,0,280.1,1
77315,3695,8.29,13,0,225.3,1
77337,3696,19.25,22,1,385.4,1
77349,3697,4.94,12,0,176.3,1
77380,3698,38.21,31,1,664.5,1
77393,3699,-2.03,13,0,74.3,1
77416,3700,30.76,23,1,555.0,1
77428,3701,-0.09,12,0,102.5,1
77451,3702,22.11,23,0,428.2,1
77472,3703,14.93,21,1,321.6,1
77507,3704,46.04,35,2,778.1,1
77520,3705,7.05,13,0,207.0,1
77532,3706,-0.90,12,0,90.1,1
77545,3707,6.25,13,0,195.0,1
77557,3708,3.28,12,0,151.6,1
77570,3709,6.25,13,0,195.0,1
77582,3710,7.15,12,0,208.2,1
77603,3711,16.38,21,2,341.9,1
77628,3712,24.33,25,0,461.2,1
77648,3713,14.77,20,1,319.5,1
77673,3714,24.58,25,2,462.5,1
77693,3715,13.10,20,0,296.3,1
77706,3716,3.87,13,0,159.9,1
77741,3717,51.61,35,2,861.2,1
77777,3718,51.73,36,2,862.9,1
77800,3719,22.97,23,1,440.5,1
77819,3720,13.35,19,0,299.6,1
77838,3721,10.27,19,0,255.2,1
77857,3722,7.93,19,0,219.7,1
77870,3723,3.00,13,0,147.2,1
77882,3724,-1.15,12,0,86.5,1
77894,3725,3.04,12,0,147.8,1
77915,3726,17.81,21,2,363.0,1
77935,3727,17.14,20,0,355.2,1
77956,3728,15.62,21,2,331.6,1
77993,3729,52.27,37,3,869.9,1
78014,3730,6.00,21,0,191.3,1
78037,3731,25.91,23,1,483.1,1
78049,3732,7.01,12,0,206.1,1
78081,3733,32.01,32,1,573.7,1
78101,3734,24.11,20,1,456.7,1
78122,3735,15.73,21,0,334.7,1
78134,3736,0.34,12,0,109.0,1
78146,3737,0.79,12,0,115.6,1
78181,3738,51.42,35,2,858.4,1
78202,3739,15.03,21,1,323.3,1
78225,3740,20.85,23,0,410.2,1
78236,3741,-1.78,11,0,77.2,1
78260,3742,29.16,24,1,531.2,1
78271,3743,-3.90,11,0,46.6,1
78292,3744,16.10,21,0,340.6,1
78314,3745,22.79,22,1,437.5,1
78333,3746,6.71,19,0,202.6,1
78354,3747,10.01,21,0,250.5,1
78377,3748,23.31,23,1,444.9,1
78390,3749,1.89,13,0,131.1,1
78403,3750,-3.42,13,0,53.3,1
78423,3751,13.35,20,0,299.4,1
78436,3752,2.41,13,0,138.8,1
78455,3753,11.64,19,1,274.2,1
78476,3754,12.40,21,1,284.7,1
78496,3755,22.22,20,0,430.1,1
78508,3756,4.10,12,0,163.3,1
78520,3757,-1.20,12,0,85.3,1
78542,3758,22.70,22,1,436.5,1
78563,3759,16.91,21,0,352.1,1
78584,3760,11.62,21,1,273.3,1
78597,3761,3.00,13,0,147.2,1
78616,3762,6.25,19,0,195.5,1
78629,3763,1.63,13,0,127.1,1
78648,3764,9.41,19,0,241.7,1
78667,3765,11.14,19,0,267.2,1
78686,3766,10.14,19,0,252.4,1
78707,3767,18.22,21,0,371.2,1
78728,3768,10.95,21,0,264.3,1
78748,3769,12.08,20,0,281.3,1
78767,3770,12.33,19,0,284.6,1
78788,3771,17.81,21,2,363.0,1
78801,3772,-0.01,13,0,103.4,1
78822,3773,8.34,21,0,226.0,1
78841,3774,11.34,19,0,270.1,1
78864,3775,22.10,23,0,428.3,1
78885,3776,21.42,21,1,418.2,1
78920,3777,51.24,35,2,855.7,1
78945,3778,29.48,25,1,535.9,1
78958,3779,6.25,13,0,195.0,1
78969,3780,-0.47,11,0,96.7,1
78982,3781,2.20,13,0,135.7,1
79002,3782,5.08,20,0,177.8,1
79014,3783,1.17,12,0,120.3,1
79035,3784,16.38,21,2,341.9,1
79046,3785,0.84,11,0,115.7,1
79064,3786,17.06,18,0,354.9,1
79097,3787,46.78,33,2,789.0,1
79118,3788,14.05,21,0,310.3,1
79139,3789,12.49,21,1,286.4,1
79152,3790,6.25,13,0,195.0,1
79171,3791,10.85,19,0,262.8,1
79190,3792,14.56,19,0,317.7,1
79203,3793,4.19,13,0,164.6,1
79223,3794,14.86,20,1,320.9,1
79243,3795,17.76,20,1,363.5,1
79266,3796,23.21,23,0,445.0,1
79284,3797,10.23,18,0,254.3,1
79308,3798,22.68,24,1,436.7,1
79320,3799,4.39,12,0,168.2,1
79332,3800,-1.93,12,0,75.2,1
79351,3801,13.70,19,0,304.9,1
79368,3802,18.16,17,0,370.3,1
79381,3803,6.93,13,0,204.9,1
79400,3804,12.24,19,0,283.4,1
79413,3805,0.04,13,0,103.7,1
79434,3806,14.16,21,0,311.6,1
79456,3807,22.70,22,1,436.5,1
79478,3808,22.76,22,0,437.7,1
79499,3809,17.17,21,1,354.9,1
79524,3810,23.77,25,0,453.5,1
79543,3811,11.21,19,0,268.2,1
79556,3812,5.19,13,0,179.4,1
79577,3813,16.41,21,2,342.4,1
79590,3814,1.76,13,0,128.9,1
79609,3815,26.16,19,0,488.0,1
79630,3816,9.07,21,0,236.4,1
79643,3817,1.79,13,0,130.2,1
79655,3818,4.06,12,0,163.4,1
79668,3819,6.25,13,0,195.0,1
79680,3820,-3.35,12,0,54.1,1
79698,3821,5.66,18,0,187.4,1
79718,3822,16.96,20,1,352.3,1
79738,3823,17.02,20,1,352.4,1
79757,3824,12.80,19,0,291.6,1
79777,3825,26.51,20,0,493.5,1
79798,3826,12.24,21,1,282.3,1
79817,3827,5.87,19,0,189.7,1
79838,3828,14.05,21,0,309.9,1
79873,3829,50.86,35,1,850.3,1
79886,3830,3.09,13,0,148.5,1
79905,3831,13.29,19,0,298.8,1
79929,3832,24.35,24,0,462.2,1
79953,3833,29.54,24,1,536.8,1
79974,3834,12.07,21,1,280.2,1
79985,3835,0.20,11,0,106.5,1
80004,3836,11.51,19,0,272.6,1
80017,3837,3.46,13,0,153.9,1
80035,3838,8.91,18,0,234.1,1
80048,3839,8.47,13,0,227.9,1
80070,3840,22.44,22,1,432.6,1
80089,3841,12.82,19,0,292.1,1
80107,3842,13.12,18,0,295.9,1
80120,3843,4.79,13,0,173.5,1
80138,3844,11.71,18,0,275.8,1
80159,3845,11.11,21,0,266.8,1
80178,3846,9.12,19,0,237.4,1
80208,3847,41.59,30,1,714.0,1
80221,3848,0.30,13,0,107.8,1
80240,3849,16.81,19,0,350.3,1
80253,3850,5.19,13,0,179.4,1
80274,3851,17.67,21,1,362.2,1
80292,3852,18.39,18,0,374.4,1
80313,3853,19.11,21,0,384.0,1
80325,3854,-1.95,12,0,75.2,1
80346,3855,14.78,21,1,319.4,1
80371,3856,25.77,25,2,480.0,1
80392,3857,14.45,21,1,314.6,1
80414,3858,22.96,22,0,440.7,1
80433,3859,11.27,19,0,269.1,1
80444,3860,2.14,11,0,135.1,1
80457,3861,-1.46,13,0,81.5,1
80469,3862,0.74,12,0,114.2,1
80494,3863,30.11,25,0,546.8,1
80507,3864,6.25,13,0,195.0,1
80528,3865,12.62,21,1,288.3,1
80547,3866,9.35,19,0,240.8,1
80567,3867,25.58,20,0,479.5,1
80588,3868,14.97,21,0,323.8,1
80609,3869,14.37,21,0,314.7,1
80630,3870,15.64,21,1,332.0,1
80651,3871,13.54,21,0,302.4,1
80669,3872,11.14,18,0,267.7,1
80690,3873,13.56,21,0,302.7,1
80714,3874,26.53,24,0,493.8,1
80735,3875,14.75,21,0,320.3,1
80754,3876,9.48,19,0,242.7,1
80785,3877,38.69,31,1,671.3,1
80806,3878,14.21,21,0,312.3,1
80818,3879,3.02,12,1,146.8,1
80839,3880,15.30,21,0,328.3,1
80862,3881,24.05,23,1,456.3,1
80882,3882,10.47,20,0,257.0,1
80894,3883,6.48,12,0,198.3,1
80913,3884,11.78,19,0,276.6,1
80925,3885,2.09,12,0,134.3,1
80938,3886,3.94,13,1,160.3,1
80962,3887,29.54,24,1,536.8,1
80974,3888,3.76,12,1,157.7,1
80993,3889,9.17,19,0,237.9,1
81005,3890,2.42,12,0,139.0,1
81029,3891,25.46,24,0,477.5,1
81040,3892,-0.04,11,0,103.0,1
81053,3893,6.25,13,0,195.0,1
81071,3894,14.04,18,0,310.1,1
81084,3895,3.08,13,0,148.4,1
81096,3896,6.77,12,0,202.5,1
81133,3897,51.61,37,1,861.9,1
81153,3898,9.02,20,0,236.2,1
81174,3899,14.66,21,0,319.0,1
81193,3900,25.70,19,1,480.6,1
81214,3901,15.69,21,0,334.9,1
81249,3902,53.18,35,2,883.1,1
81262,3903,4.19,13,0,164.6,1
81275,3904,5.19,13,0,179.4,1
81296,3905,16.69,21,0,348.5,1
81309,3906,2.74,13,1,142.9,1
81330,3907,13.50,21,0,301.9,1
81350,3908,27.52,20,0,507.7,1
81374,3909,27.22,24,1,503.3,1
81393,3910,10.89,19,0,263.4,1
81414,3911,17.76,21,1,363.8,1
81424,3912,-2.35,10,0,68.5,1
81436,3913,3.00,12,0,147.1,1
81449,3914,7.90,13,0,220.2,1
81470,3915,17.12,21,0,355.1,1
81491,3916,16.34,21,1,342.7,1
81512,3917,14.74,21,1,318.8,1
81531,3918,7.00,19,0,206.2,1
81551,3919,13.61,20,1,303.4,1
81582,3920,38.92,31,1,674.5,1
81603,3921,15.83,21,0,336.2,1
81627,3922,28.49,24,0,523.2,1
81648,3923,25.84,21,1,482.4,1
81660,3924,-0.69,12,0,93.8,1
81678,3925,20.38,18,0,403.7,1
81701,3926,30.35,23,1,548.7,1
81714,3927,6.25,13,0,195.0,1
81727,3928,4.86,13,0,174.8,1
81744,3929,20.55,17,0,405.5,1
81779,3930,51.42,35,2,858.4,1
81813,3931,49.24,34,2,825.4,1
81824,3932,0.28,11,0,107.2,1
81836,3933,1.03,12,0,118.5,1
81847,3934,2.12,11,0,134.2,1
81868,3935,14.98,21,0,323.9,1
81887,3936,11.56,19,0,273.3,1
81899,3937,-0.30,12,0,99.0,1
81911,3938,5.28,12,0,180.8,1
81923,3939,-0.18,12,0,100.3,1
81935,3940,1.66,12,0,128.3,1
81966,3941,35.51,31,1,624.8,1
81987,3942,17.30,21,2,355.5,1
81999,3943,1.63,12,0,127.5,1
82011,3944,1.01,12,0,117.9,1
82029,3945,10.78,18,0,261.6,1
82049,3946,20.28,20,1,400.3,1
82061,3947,1.74,12,0,128.6,1
82080,3948,13.52,19,0,302.1,1
82101,3949,14.68,21,1,318.0,1
82122,3950,16.81,21,1,350.1,1
82143,3951,16.87,21,1,350.4,1
82166,3952,29.18,23,1,531.5,1
82191,3953,33.32,25,2,591.4,1
82212,3954,13.66,21,0,304.2,1
82233,3955,17.39,21,2,356.9,1
82245,3956,-0.38,12,0,97.5,1
82263,3957,9.99,18,0,250.0,1
82282,3958,12.08,19,0,281.0,1
82301,3959,11.51,19,0,272.6,1
82313,3960,5.21,12,0,180.6,1
82334,3961,17.30,21,2,355.5,1
82355,3962,14.17,21,0,311.7,1
82382,3963,32.72,27,1,584.2,1
82401,3964,22.87,19,0,439.3,1
82414,3965,5.98,13,0,191.6,1
82427,3966,0.77,13,0,114.9,1
82440,3967,6.07,13,0,192.9,1
82463,3968,24.63,23,0,465.2,1
82482,3969,9.60,19,0,244.5,1
82503,3970,17.23,21,1,355.8,1
82524,3971,9.41,21,0,241.4,1
82537,3972,4.39,13,0,167.6,1
82558,3973,10.47,21,0,257.3,1
82581,3974,24.63,23,0,465.2,1
82594,3975,9.50,13,0,242.7,1
82615,3976,17.60,21,1,361.4,1
82636,3977,27.37,21,1,505.8,1
82649,3978,2.42,13,0,138.7,1
82661,3979,0.90,12,0,116.3,1
82684,3980,27.12,23,0,501.8,1
82697,3981,2.66,13,1,142.3,1
82716,3982,13.67,19,0,304.4,1
82728,3983,1.12,12,0,119.6,1
82748,3984,25.60,20,1,479.1,1
82761,3985,5.38,13,0,183.1,1
82773,3986,-0.61,12,0,94.1,1
82786,3987,5.82,13,0,189.6,1
82807,3988,23.85,21,0,454.9,1
82819,3989,2.00,12,0,133.3,1
82840,3990,15.99,21,1,337.5,1
82861,3991,13.81,21,1,305.2,1
82874,3992,4.30,13,0,166.5,1
82895,3993,15.55,21,1,330.8,1
82907,3994,2.11,12,0,134.0,1
82926,3995,8.81,19,0,232.9,1
82948,3996,27.83,22,0,512.6,1
82984,3997,50.26,36,2,841.3,1
83003,3998,9.21,19,0,238.8,1
83016,3999,1.09,13,0,119.0,1
83035,4000,11.15,19,0,267.3,1
83048,4001,4.19,13,0,164.6,1
83069,4002,14.90,21,0,322.4,1
83090,4003,11.93,21,1,277.5,1
83111,4004,16.19,21,0,341.8,1
83124,4005,6.25,13,0,195.0,1
83136,4006,2.68,12,0,142.5,1
83149,4007,6.25,13,0,195.0,1
83162,4008,6.25,13,0,195.0,1
83174,4009,-0.66,12,0,93.9,1
83195,4010,17.30,21,2,355.5,1
83218,4011,34.42,23,0,609.5,1
83237,4012,11.05,19,0,265.9,1
83268,4013,35.51,31,1,624.8,1
83287,4014,26.34,19,0,490.3,1
83298,4015,2.33,11,0,137.4,1
83321,4016,27.12,23,0,501.8,1
83332,4017,2.63,11,0,142.6,1
83353,4018,17.81,21,2,363.0,1
83366,4019,1.89,13,1,130.5,1
83400,4020,48.10,34,1,809.7,1
83428,4021,33.19,28,2,589.2,1
83448,4022,15.99,20,0,338.5,1
83469,4023,16.72,21,1,348.2,1
83488,4024,10.97,19,0,264.6,1
83500,4025,0.55,12,0,111.2,1
83521,4026,15.50,21,1,330.0,1
83534,4027,3.00,13,0,147.2,1
83555,4028,27.62,21,0,509.5,1
83566,4029,1.72,11,0,129.2,1
83585,4030,13.41,19,0,300.6,1
83597,4031,3.94,12,0,161.3,1
83618,4032,16.18,21,1,340.2,1
83639,4033,13.87,21,0,307.3,1
83651,4034,1.59,12,0,126.4,1
83671,4035,18.36,20,2,371.4,1
83704,4036,51.13,33,2,853.6,1
83723,4037,12.10,19,0,281.2,1
83736,4038,3.63,13,0,156.4,1
83749,4039,3.23,13,0,150.8,1
83771,4040,24.89,22,1,469.2,1
83792,4041,16.59,21,1,346.3,1
83813,4042,10.69,21,0,260.6,1
83825,4043,2.61,12,0,142.3,1
83859,4044,48.10,34,1,809.7,1
83880,4045,14.22,21,0,312.5,1
83893,4046,4.28,13,0,166.5,1
83914,4047,17.68,21,2,361.0,1
83927,4048,4.26,13,0,165.7,1
83948,4049,11.34,21,2,269.1,1
83969,4050,23.66,21,0,451.6,1
83980,4051,-1.45,11,0,82.9,1
83993,4052,1.47,13,0,124.7,1
84006,4053,3.16,13,0,149.5,1
84032,4054,24.05,26,1,456.7,1
84050,4055,11.86,18,0,278.6,1
84069,4056,15.12,19,0,325.3,1
84082,4057,2.15,13,0,134.7,1
84095,4058,5.19,13,0,179.4,1
84119,4059,28.23,24,0,518.1,1
84132,4060,6.00,13,0,191.6,1
84144,4061,-0.16,12,0,100.7,1
84157,4062,4.26,13,0,165.7,1
84169,4063,3.25,12,1,150.2,1
84182,4064,4.32,13,0,166.6,1
84195,4065,4.56,13,1,169.1,1
84215,4066,23.34,20,1,445.6,1
84247,4067,31.93,32,1,571.7,1
84259,4068,1.21,12,0,121.5,1
84272,4069,6.25,13,0,195.0,1
84293,4070,14.43,21,0,315.6,1
84314,4071,21.97,21,0,426.2,1
84338,4072,26.46,24,0,493.0,1
84351,4073,5.04,13,0,177.1,1
84363,4074,1.86,12,0,130.6,1
84376,4075,5.95,13,0,190.8,1
84389,4076,3.09,13,0,148.5,1
84420,4077,38.62,31,1,670.6,1
84432,4078,2.95,12,0,146.7,1
84456,4079,36.65,24,1,641.0,1
84477,4080,14.66,21,1,317.7,1
84498,4081,14.81,21,0,321.1,1
84535,4082,51.17,37,3,853.8,1
84558,4083,20.96,23,1,411.1,1
84579,4084,16.75,21,0,349.4,1
84603,4085,27.45,24,1,506.1,1
84615,4086,-0.32,12,0,98.6,1
84636,4087,16.65,21,2,345.9,1
84651,4088,17.50,15,0,360.4,1
84664,4089,1.98,13,0,132.5,1
84682,4090,13.89,18,0,308.2,1
84706,4091,26.53,24,0,493.2,1
84730,4092,23.05,24,0,442.9,1
84743,4093,-0.94,13,0,89.5,1
84764,4094,9.68,21,0,245.4,1
84777,4095,3.02,13,0,147.5,1
84795,4096,25.39,18,0,477.3,1
84807,4097,2.45,12,0,139.4,1
84841,4098,48.10,34,1,809.7,1
84872,4099,35.84,31,1,629.7,1
84893,4100,16.37,21,2,341.8,1
84906,4101,6.25,13,0,195.0,1
84918,4102,2.30,12,0,136.9,1
84930,4103,0.58,12,0,112.2,1
84955,4104,30.11,25,0,546.8,1
84968,4105,4.79,13,0,173.5,1
84980,4106,-2.32,12,0,69.3,1
85001,4107,16.47,21,0,345.5,1
85020,4108,13.64,19,0,303.9,1
85041,4109,12.66,21,1,288.8,1
85061,4110,16.57,20,0,347.1,1
85082,4111,15.64,21,1,332.0,1
85095,4112,5.04,13,0,177.1,1
85107,4113,-1.13,12,0,87.0,1
85131,4114,27.45,24,1,506.1,1
85144,4115,3.87,13,0,159.9,1
85156,4116,1.12,12,0,119.8,1
85177,4117,15.20,21,1,325.6,1
85195,4118,14.45,18,0,315.5,1
85215,4119,25.52,20,0,478.9,1
85227,4120,4.13,12,0,163.8,1
85238,4121,2.65,11,0,142.3,1
85251,4122,6.25,13,0,195.0,1
85264,4123,1.76,13,0,128.9,1
85289,4124,25.77,25,2,480.0,1
85302,4125,1.72,13,0,129.1,1
85321,4126,22.37,19,0,432.1,1
85334,4127,2.13,13,0,135.0,1
85347,4128,5.19,13,0,179.4,1
85360,4129,6.47,13,0,198.5,1
85373,4130,2.51,13,0,140.8,1
85386,4131,5.85,13,0,189.7,1
85399,4132,4.33,13,0,166.8,1
85412,4133,4.32,13,0,166.6,1
85416,4134,-5.99,4,0,14.9,1
85450,4135,48.10,34,1,809.7,1
85463,4136,4.33,13,0,166.8,1
85485,4137,23.01,22,1,441.7,1
85510,4138,29.85,25,0,542.9,1
85531,4139,14.98,21,0,323.3,1
85544,4140,6.18,13,0,194.8,1
85556,4141,1.89,12,1,130.2,1
85569,4142,5.15,13,0,178.8,1
85580,4143,1.67,11,0,127.9,1
85602,4144,27.76,22,1,511.2,1
85619,4145,18.45,17,0,374.4,1
85632,4146,8.38,13,0,226.3,1
85652,4147,27.31,20,1,503.7,1
85686,4148,48.10,34,1,809.7,1
85711,4149,30.11,25,0,546.8,1
85733,4150,32.81,22,0,586.5,1
85745,4151,5.14,12,0,178.9,1
85764,4152,19.02,19,0,383.0,1
85777,4153,1.68,13,0,129.0,1
85789,4154,3.99,12,0,161.7,1
85802,4155,6.25,13,0,195.0,1
85823,4156,12.45,21,1,285.7,1
85842,4157,24.43,19,0,462.3,1
85854,4158,0.34,12,0,108.1,1
85888,4159,57.35,34,1,945.4,1
85907,4160,10.04,19,0,251.0,1
85920,4161,4.26,13,0,165.7,1
85941,4162,13.44,21,0,301.0,1
85954,4163,5.25,13,0,181.1,1
85985,4164,38.69,31,1,671.3,1
85997,4165,6.49,12,0,198.5,1
86009,4166,6.53,12,0,199.4,1
86034,4167,32.79,25,1,584.8,1
86059,4168,28.37,25,1,519.5,1
86078,4169,12.86,19,1,291.2,1
86099,4170,16.65,21,2,345.9,1
86118,4171,14.70,19,0,319.5,1
86129,4172,3.25,11,0,151.7,1
86149,4173,18.98,20,1,381.5,1
86162,4174,6.25,13,0,195.0,1
86189,4175,38.63,27,2,669.4,1
86210,4176,14.48,21,0,316.2,1
86223,4177,2.19,13,0,135.3,1
86236,4178,1.51,13,0,125.2,1
86257,4179,24.88,21,1,468.0,1
86277,4180,12.94,20,0,294.6,1
86289,4181,4.22,12,1,164.1,1
86310,4182,17.01,21,1,352.5,1
86331,4183,12.60,21,1,288.0,1
86343,4184,2.47,12,0,139.4,1
86355,4185,-3.39,12,0,54.4,1
86368,4186,6.25,13,0,195.0,1
86390,4187,30.98,22,0,558.7,1
86402,4188,-0.31,12,0,98.8,1
86414,4189,4.99,12,0,177.0,1
86438,4190,30.11,24,0,546.7,1
86451,4191,6.25,13,0,195.0,1
86463,4192,4.72,12,1,171.5,1
86499,4193,50.28,36,2,841.7,1
86511,4194,5.57,12,0,186.2,1
86523,4195,1.68,12,1,127.0,1
86554,4196,35.59,31,1,626.0,1
86567,4197,4.19,13,0,164.6,1
86588,4198,17.40,21,0,359.5,1
86613,4199,31.73,25,1,569.5,1
86637,4200,26.46,24,0,493.0,1
86658,4201,21.97,21,0,426.2,1
86694,4202,52.63,36,2,876.2,1
86706,4203,6.89,12,0,204.4,1
86719,4204,6.25,13,0,195.0,1
86740,4205,17.64,21,2,360.5,1
86771,4206,39.46,31,1,683.0,1
86792,4207,12.74,21,0,291.0,1
86813,4208,17.41,21,1,358.4,1
86826,4209,6.25,13,0,195.0,1
86838,4210,-0.37,12,0,98.1,1
86850,4211,3.08,12,0,148.9,1
86870,4212,13.10,20,0,296.3,1
86881,4213,0.94,11,0,117.5,1
86902,4214,16.21,21,2,339.4,1
86922,4215,18.51,20,0,375.2,1
86935,4216,3.63,13,0,156.4,1
86948,4217,4.66,13,0,171.5,1
86969,4218,20.88,21,0,410.4,1
86981,4219,3.02,12,0,148.4,1
86993,4220,5.44,12,0,183.4,1
87011,4221,10.18,18,0,253.0,1
87032,4222,28.82,21,0,527.2,1
87045,4223,5.19,13,0,179.4,1
87071,4224,22.54,26,0,434.8,1
87096,4225,33.30,25,0,593.9,1
87109,4226,9.46,13,0,242.1,1
87122,4227,3.46,13,0,153.9,1
87147,4228,21.31,25,1,416.6,1
87177,4229,30.57,30,1,552.4,1
87196,4230,11.95,19,0,279.0,1
87209,4231,6.25,13,0,195.0,1
87225,4232,18.53,16,0,376.4,1
87248,4233,27.12,23,0,501.8,1
87260,4234,5.51,12,0,184.0,1
87272,4235,5.06,12,0,177.8,1
87293,4236,12.66,21,0,289.6,1
87306,4237,8.74,13,0,232.5,1
87340,4238,48.10,34,1,809.7,1
87351,4239,1.76,11,1,127.9,1
87362,4240,-0.13,11,0,101.8,1
87374,4241,0.71,12,0,113.8,1
87387,4242,6.25,13,0,195.0,1
87409,4243,22.47,22,0,434.0,1
87420,4244,5.78,11,0,188.7,1
87455,4245,51.42,35,2,858.4,1
87472,4246,18.59,17,0,376.7,1
87485,4247,3.00,13,0,147.1,1
87506,4248,14.68,21,1,318.0,1
87519,4249,4.19,13,0,164.6,1
87550,4250,38.04,31,1,662.1,1
87562,4251,-0.55,12,0,94.9,1
87586,4252,26.58,24,0,495.1,1
87605,4253,14.97,19,0,324.0,1
87624,4254,11.97,19,0,279.1,1
87645,4255,17.39,21,2,356.9,1
87666,4256,15.50,21,1,330.0,1
87678,4257,4.11,12,1,162.8,1
87691,4258,3.60,13,0,156.3,1
87711,4259,9.24,20,0,238.9,1
87737,4260,24.48,26,1,462.7,1
87750,4261,6.25,13,0,195.0,1
87774,4262,26.53,24,0,493.2,1
87809,4263,52.39,35,2,872.7,1
87822,4264,0.88,13,0,116.8,1
87842,4265,12.53,20,0,287.3,1
87855,4266,3.03,13,0,147.7,1
87876,4267,14.66,21,1,317.7,1
87910,4268,48.10,34,1,809.7,1
87929,4269,13.65,19,0,304.1,1
87953,4270,37.21,24,2,648.3,1
87974,4271,16.47,21,0,345.5,1
87987,4272,5.15,13,0,178.8,1
87991,4273,-8.08,4,0,0.8,1
88004,4274,6.25,13,0,195.0,1
88023,4275,13.65,19,0,304.1,1
88048,4276,29.40,25,2,533.7,1
88061,4277,4.26,13,0,165.7,1
88074,4278,8.96,13,0,235.4,1
88087,4279,6.25,13,0,195.0,1
88111,4280,28.32,24,1,518.8,1
88124,4281,5.19,13,0,179.4,1
88145,4282,15.55,21,1,330.8,1
88166,4283,15.17,21,1,325.1,1
88187,4284,24.50,21,0,463.4,1
88206,4285,13.64,19,0,303.9,1
88219,4286,6.25,13,0,195.0,1
88232,4287,7.34,13,0,211.0,1
88245,4288,6.25,13,0,195.0,1
88258,4289,4.32,13,0,166.6,1
88271,4290,3.56,13,0,156.3,1
88283,4291,1.92,12,0,131.6,1
88296,4292,5.19,13,0,179.4,1
88308,4293,2.96,12,0,146.5,1
88326,4294,24.42,18,0,463.3,1
88339,4295,6.25,13,0,195.0,1
88351,4296,3.57,12,0,156.1,1
88370,4297,22.71,19,0,437.2,1
88383,4298,4.39,13,0,167.6,1
88396,4299,2.42,13,1,137.9,1
88427,4300,37.00,31,1,646.8,1
88448,4301,16.09,21,1,338.9,1
88486,4302,47.76,38,1,805.7,1
88499,4303,6.25,13,0,195.0,1
88510,4304,2.47,11,0,139.7,1
88522,4305,4.65,12,0,171.7,1
88535,4306,3.03,13,0,147.7,1
88559,4307,26.89,24,1,498.4,1
88572,4308,4.07,13,0,162.9,1
88607,4309,51.59,35,2,861.0,1
88626,4310,25.46,19,0,477.7,1
88660,4311,48.10,34,1,809.7,1
88673,4312,5.19,13,0,179.4,1
88686,4313,2.42,13,0,138.7,1
88720,4314,48.10,34,1,809.7,1
88733,4315,5.15,13,0,178.8,1
88746,4316,7.17,13,0,209.0,1
88759,4317,4.39,13,0,167.6,1
88778,4318,11.00,19,0,265.1,1
88791,4319,6.25,13,0,195.0,1
88804,4320,0.21,13,0,106.1,1
88817,4321,6.25,13,0,195.0,1
88830,4322,6.25,13,0,195.0,1
88855,4323,30.11,25,0,546.8,1
88866,4324,0.46,11,0,110.5,1
88879,4325,1.83,13,0,130.9,1
88891,4326,6.51,12,0,199.0,1
88904,4327,6.25,13,0,195.0,1
88917,4328,7.59,13,0,214.6,1
88929,4329,5.08,12,0,178.6,1
88942,4330,3.03,13,0,147.7,1
88955,4331,6.25,13,0,195.0,1
88968,4332,6.25,13,0,195.0,1
88981,4333,6.25,13,0,195.0,1
88994,4334,6.25,13,0,195.0,1
89007,4335,6.25,13,0,195.0,1
89018,4336,1.60,11,0,126.6,1
89037,4337,17.96,19,1,367.1,1
89049,4338,-1.06,12,0,87.5,1
89074,4339,30.11,25,0,546.8,1
89087,4340,5.99,13,0,191.2,1
89100,4341,4.13,13,0,163.8,1
89113,4342,6.25,13,0,195.0,1
89134,4343,15.10,21,0,325.3,1
89158,4344,26.58,24,0,495.1,1
89184,4345,42.33,26,2,724.5,1
89207,4346,28.22,23,0,518.6,1
89219,4347,4.16,12,0,164.2,1
89242,4348,28.76,23,1,526.2,1
89255,4349,6.25,13,0,195.0,1
89268,4350,8.17,13,0,223.1,1
89293,4351,29.67,25,1,538.7,1
89306,4352,6.25,13,0,195.0,1
89319,4353,3.59,13,0,155.8,1
89332,4354,6.25,13,0,195.0,1
89353,4355,12.05,21,1,279.5,1
89369,4356,21.23,16,0,415.3,1
89390,4357,17.39,21,2,356.9,1
89415,4358,28.45,25,0,522.2,1
89428,4359,6.34,13,0,196.9,1
89449,4360,17.64,21,2,360.5,1
89470,4361,12.63,21,1,288.1,1
89486,4362,14.13,16,0,310.8,1
89498,4363,5.06,12,0,177.7,1
89511,4364,3.00,13,0,147.1,1
89532,4365,17.81,21,2,363.0,1
89558,4366,29.48,26,1,536.5,1
89579,4367,22.50,21,0,434.2,1
89614,4368,47.11,35,1,795.2,1
89627,4369,5.85,13,0,189.4,1
89652,4370,25.77,25,2,480.0,1
89677,4371,28.68,25,1,524.1,1
89689,4372,5.75,12,0,187.9,1
89702,4373,3.70,13,0,157.8,1
89723,4374,13.60,21,0,303.6,1
89747,4375,27.16,24,0,502.5,1
89760,4376,6.25,13,0,195.0,1
89771,4377,4.35,11,1,166.0,1
89784,4378,6.25,13,0,195.0,1
89796,4379,6.50,12,0,199.9,1
89821,4380,30.11,25,0,546.8,1
89846,4381,25.80,25,2,480.5,1
89859,4382,5.10,13,0,178.9,1
89877,4383,21.52,18,0,420.2,1
89897,4384,30.09,20,0,545.8,1
89910,4385,4.33,13,0,166.8,1
89923,4386,2.88,13,1,144.4,1
89944,4387,16.21,21,2,339.4,1
89966,4388,28.67,22,0,524.7,1
90000,4389,48.10,34,1,809.7,1
90012,4390,5.70,12,0,187.8,1
90033,4391,14.79,21,1,319.6,1
90046,4392,6.25,13,0,195.0,1
90065,4393,9.43,19,0,242.1,1
90077,4394,3.17,12,0,149.9,1
90098,4395,17.46,21,1,359.4,1
90109,4396,2.12,11,0,134.2,1
90122,4397,4.39,13,0,167.6,1
90134,4398,5.72,12,0,187.1,1
90157,4399,25.44,23,1,477.0,1
90170,4400,6.25,13,0,195.0,1
90191,4401,15.03,21,1,323.7,1
90204,4402,6.25,13,0,195.0,1
90217,4403,6.25,13,0,195.0,1
90229,4404,8.64,12,0,230.3,1
90242,4405,6.10,13,0,192.8,1
90255,4406,4.39,13,0,167.6,1
90268,4407,5.19,13,0,179.4,1
90280,4408,0.97,12,0,118.5,1
90300,4409,22.47,20,1,433.1,1
90327,4410,35.15,27,2,618.6,1
90340,4411,8.86,13,0,234.3,1
90352,4412,3.50,12,0,155.0,1
90371,4413,17.61,19,0,362.9,1
90383,4414,3.26,12,0,152.1,1
90396,4415,4.19,13,0,164.6,1
90416,4416,28.51,20,1,521.6,1
90435,4417,23.88,19,1,453.3,1
90448,4418,5.19,13,0,179.4,1
90460,4419,4.03,12,0,163.2,1
90472,4420,2.97,12,0,147.3,1
90491,4421,13.22,19,0,297.8,1
90504,4422,5.19,13,0,179.4,1
90524,4423,17.68,20,1,362.4,1
90537,4424,6.25,13,0,195.0,1
90558,4425,15.52,21,0,331.6,1
90579,4426,15.17,21,1,325.1,1
90591,4427,1.44,12,0,124.6,1
90604,4428,4.19,13,0,164.6,1
90622,4429,22.69,18,0,437.7,1
90640,4430,10.05,18,0,250.9,1
90662,4431,25.90,22,0,484.5,1
90673,4432,4.19,11,1,163.7,1
90707,4433,48.10,34,1,809.7,1
90732,4434,30.11,25,0,546.8,1
90752,4435,24.05,20,0,457.0,1
90773,4436,23.74,21,0,452.4,1
90785,4437,7.86,12,0,219.5,1
90798,4438,6.25,13,0,195.0,1
90821,4439,33.04,23,0,588.9,1
90846,4440,30.11,25,0,546.8,1
90859,4441,4.32,13,0,166.6,1
90870,4442,1.23,11,0,121.7,1
90900,4443,27.85,30,1,511.6,1
90935,4444,51.24,35,2,855.7,1
90960,4445,30.11,25,0,546.8,1
90996,4446,52.63,36,2,876.2,1
91017,4447,14.74,21,1,318.8,1
91030,4448,4.19,13,0,164.6,1
91042,4449,4.18,12,1,163.5,1
91061,4450,13.64,19,0,303.9,1
91073,4451,3.99,12,1,161.3,1
91098,4452,30.11,25,0,546.8,1
91111,4453,4.19,13,0,164.6,1
91124,4454,9.02,13,0,236.6,1
91137,4455,5.19,13,0,179.4,1
91162,4456,30.11,25,0,546.8,1
91197,4457,50.86,35,1,850.3,1
91210,4458,6.25,13,0,195.0,1
91232,4459,27.98,22,0,514.5,1
91243,4460,3.73,11,0,157.8,1
91254,4461,2.08,11,0,134.0,1
91273,4462,13.70,19,0,304.9,1
91286,4463,4.97,13,0,176.2,1
91299,4464,6.25,13,0,195.0,1
91312,4465,6.25,13,0,195.0,1
91323,4466,3.39,11,1,152.0,1
91343,4467,21.06,20,1,411.7,1
91364,4468,14.15,21,0,311.7,1
91377,4469,6.25,13,0,195.0,1
91402,4470,32.85,25,1,586.4,1
91423,4471,30.43,21,1,549.5,1
91436,4472,6.25,13,0,195.0,1
91457,4473,14.59,21,0,317.9,1
91480,4474,28.67,23,0,525.0,1
91493,4475,4.19,13,0,164.6,1
91527,4476,48.10,34,1,809.7,1
91547,4477,22.97,20,1,439.8,1
91559,4478,2.99,12,0,147.9,1
91580,4479,17.39,21,2,356.9,1
91592,4480,4.67,12,0,172.1,1
91605,4481,6.25,13,0,195.0,1
91626,4482,17.17,21,1,354.9,1
91639,4483,4.39,13,0,167.6,1
91652,4484,5.19,13,0,179.4,1
91675,4485,26.23,23,0,488.8,1
91699,4486,28.14,24,1,516.4,1
91720,4487,19.40,21,1,387.7,1
91744,4488,34.96,24,1,616.2,1
91756,4489,2.46,12,0,139.5,1
91769,4490,0.71,13,0,113.5,1
91782,4491,5.19,13,0,179.4,1
91795,4492,6.25,13,0,195.0,1
91815,4493,22.24,20,1,429.1,1
91828,4494,6.25,13,0,195.0,1
91841,4495,6.25,13,0,195.0,1
91860,4496,20.31,19,0,401.7,1
91872,4497,1.70,12,0,128.9,1
91891,4498,20.04,19,0,398.4,1
91903,4499,9.54,12,0,243.6,1
91937,4500,48.10,34,1,809.7,1
91956,4501,7.94,19,0,219.8,1
91981,4502,30.11,25,0,546.8,1
91994,4503,6.25,13,0,195.0,1
92006,4504,-0.70,12,0,93.0,1
92019,4505,6.25,13,0,195.0,1
92032,4506,4.09,13,1,162.5,1
92064,4507,52.97,32,2,881.0,1
92076,4508,3.55,12,0,155.6,1
92088,4509,5.97,12,0,191.1,1
92100,4510,5.85,12,0,189.1,1
92113,4511,4.64,13,0,171.2,1
92134,4512,17.39,21,2,356.9,1
92160,4513,30.56,26,1,552.4,1
92173,4514,6.25,13,0,195.0,1
92207,4515,49.24,34,2,825.4,1
92220,4516,4.39,13,0,167.6,1
92233,4517,6.85,13,0,204.0,1
92252,4518,14.41,19,0,316.2,1
92276,4519,25.03,24,0,471.7,1
92289,4520,6.25,13,0,195.0,1
92302,4521,6.25,13,0,195.0,1
92323,4522,17.76,21,1,363.8,1
92336,4523,5.47,13,0,184.7,1
92370,4524,48.10,34,1,809.7,1
92383,4525,6.25,13,0,195.0,1
92396,4526,6.25,13,0,195.0,1
92409,4527,6.25,13,0,195.0,1
92440,4528,35.58,31,1,625.9,1
92453,4529,6.25,13,0,195.0,1
92466,4530,6.25,13,0,195.0,1
92479,4531,6.25,13,0,195.0,1
92492,4532,6.25,13,0,195.0,1
92502,4533,-2.54,10,0,66.5,1
92524,4534,32.33,22,0,578.4,1
92537,4535,6.25,13,0,195.0,1
92549,4536,5.83,12,0,188.8,1
92562,4537,6.25,13,0,195.0,1
92574,4538,4.33,12,1,165.7,1
92587,4539,5.19,13,0,179.4,1
92600,4540,8.50,13,0,228.1,1
92618,4541,25.16,18,0,473.0,1
92631,4542,7.28,13,0,210.1,1
92657,4543,31.15,26,0,562.3,1
92668,4544,0.29,11,0,107.3,1
92691,4545,27.54,23,1,507.1,1
92711,4546,23.32,20,0,446.3,1
92716,4547,-4.02,5,0,44.2,1
92729,4548,6.25,13,0,195.0,1
92742,4549,6.25,13,0,195.0,1
92762,4550,25.07,20,1,470.8,1
92775,4551,6.25,13,0,195.0,1
92787,4552,5.45,12,0,183.5,1
92800,4553,3.53,13,1,154.3,1
92825,4554,30.11,25,0,546.8,1
92845,4555,25.16,20,0,473.0,1
92879,4556,48.10,34,1,809.7,1
92913,4557,48.10,34,1,809.7,1
92925,4558,2.50,12,0,140.1,1
92946,4559,23.49,21,1,447.5,1
92958,4560,4.71,12,1,171.6,1
92971,4561,4.80,13,0,174.5,1
92992,4562,17.30,21,2,355.5,1
93004,4563,4.51,12,0,169.9,1
93023,4564,15.88,19,1,336.5,1
93042,4565,24.23,19,0,459.9,1
93055,4566,4.26,13,0,165.7,1
93067,4567,5.90,12,0,189.9,1
93095,4568,47.40,28,2,798.5,1
93130,4569,51.59,35,2,861.0,1
93143,4570,5.15,13,0,179.9,1
93163,4571,22.72,20,2,436.1,1
93185,4572,33.18,22,1,591.1,1
93204,4573,24.62,19,0,465.1,1
93216,4574,2.62,12,0,142.5,1
93229,4575,6.25,13,0,195.0,1
93248,4576,24.48,19,1,462.0,1
93260,4577,4.73,12,0,172.6,1
93273,4578,5.19,13,0,179.4,1
93286,4579,7.06,13,0,207.8,1
93307,4580,28.93,21,1,528.0,1
93320,4581,6.25,13,0,195.0,1
93356,4582,51.88,36,2,865.2,1
93369,4583,6.25,13,0,195.0,1
93403,4584,48.10,34,1,809.7,1
93415,4585,5.14,12,0,178.6,1
93436,4586,16.59,21,1,346.3,1
93457,4587,16.34,21,0,343.7,1
93470,4588,2.43,13,0,139.0,1
93481,4589,3.19,11,0,149.9,1
93494,4590,5.19,13,0,179.4,1
93507,4591,5.70,13,0,187.1,1
93518,4592,3.84,11,0,159.6,1
93538,4593,24.32,20,1,460.1,1
93559,4594,21.98,21,0,426.6,1
93577,4595,18.15,18,0,370.2,1
93609,4596,54.78,32,1,908.3,1
93622,4597,6.25,13,0,195.0,1
93635,4598,6.25,13,0,195.0,1
93656,4599,17.39,21,2,356.9,1
93668,4600,1.26,12,0,122.5,1
93691,4601,22.87,23,1,439.0,1
93712,4602,14.74,21,1,318.8,1
93725,4603,4.26,13,0,165.7,1
93736,4604,2.00,11,0,133.0,1
93749,4605,6.25,13,0,195.0,1
93762,4606,5.19,13,0,179.4,1
93787,4607,30.11,25,0,546.8,1
93812,4608,29.67,25,1,538.7,1
93833,4609,17.39,21,2,356.9,1
93853,4610,22.83,20,0,439.4,1
93866,4611,6.25,13,0,195.0,1
93879,4612,4.66,13,0,171.5,1
93891,4613,3.82,12,0,159.2,1
93904,4614,6.60,13,0,200.4,1
93924,4615,16.17,20,0,341.7,1
93937,4616,6.25,13,0,195.0,1
93957,4617,23.91,20,0,455.5,1
93970,4618,6.25,13,0,195.0,1
93995,4619,30.11,25,0,546.8,1
94026,4620,35.79,31,1,628.9,1
94046,4621,20.00,20,0,397.2,1
94059,4622,9.31,13,0,240.6,1
94072,4623,6.25,13,0,195.0,1
94082,4624,0.62,10,0,112.4,1
94102,4625,26.53,20,0,494.3,1
94120,4626,16.51,18,0,346.1,1
94141,4627,16.38,21,2,341.9,1
94154,4628,4.76,13,1,172.0,1
94165,4629,1.46,11,0,125.7,1
94178,4630,4.26,13,0,165.7,1
94202,4631,27.45,24,1,506.1,1
94215,4632,6.25,13,0,195.0,1
94228,4633,1.28,13,0,122.4,1
94241,4634,6.25,13,0,195.0,1
94264,4635,33.21,23,2,590.1,1
94277,4636,5.19,13,0,179.4,1
94288,4637,1.91,11,0,131.1,1
94301,4638,6.25,13,0,195.0,1
94314,4639,6.25,13,0,195.0,1
94334,4640,20.97,20,0,411.8,1
94349,4641,16.30,15,0,343.9,1
94370,4642,31.97,21,0,573.2,1
94391,4643,15.64,21,1,332.0,1
94425,4644,48.10,34,1,809.7,1
94449,4645,26.58,24,0,495.1,1
94467,4646,26.29,18,0,490.0,1
94480,4647,6.25,13,0,195.0,1
94491,4648,2.92,11,0,146.5,1
94502,4649,3.83,11,0,159.3,1
94515,4650,4.32,13,0,166.6,1
94527,4651,2.28,12,0,136.6,1
94538,4652,3.23,11,1,149.5,1
94551,4653,5.30,13,0,181.6,1
94570,4654,16.03,19,1,338.0,1
94583,4655,6.25,13,0,195.0,1
94595,4656,7.46,12,0,212.8,1
94608,4657,6.25,13,0,195.0,1
94621,4658,6.25,13,0,195.0,1
94634,4659,6.25,13,0,195.0,1
94647,4660,3.03,13,0,147.7,1
94660,4661,6.25,13,0,195.0,1
94672,4662,6.50,12,0,199.2,1
94694,4663,29.30,22,0,534.5,1
94717,4664,24.76,23,0,467.5,1
94730,4665,6.25,13,0,195.0,1
94743,4666,6.25,13,0,195.0,1
94756,4667,6.25,13,0,195.0,1
94773,4668,23.39,17,0,447.0,1
94786,4669,7.62,13,0,215.1,1
94804,4670,13.29,18,0,298.5,1
94823,4671,19.01,19,0,382.7,1
94835,4672,7.04,12,0,206.8,1
94869,4673,48.10,34,1,809.7,1
94881,4674,1.44,12,0,124.6,1
94894,4675,6.61,13,0,200.8,1
94915,4676,14.68,21,1,318.0,1
94949,4677,48.10,34,1,809.7,1
94962,4678,6.25,13,0,195.0,1
94980,4679,25.19,18,0,473.8,1
95001,4680,16.21,21,2,339.4,1
95019,4681,24.11,18,0,458.2,1
95031,4682,6.20,12,0,194.6,1
95055,4683,26.61,24,1,493.7,1
95066,4684,3.15,11,0,149.4,1
95086,4685,27.06,20,0,501.0,1
95099,4686,6.50,13,0,199.0,1
95112,4687,6.25,13,0,195.0,1
95124,4688,6.35,12,0,196.7,1
95137,4689,6.25,13,0,195.0,1
95150,4690,4.26,13,0,165.7,1
95163,4691,6.25,13,0,195.0,1
95185,4692,29.38,22,1,534.1,1
95198,4693,4.32,13,0,166.6,1
95211,4694,6.25,13,0,195.0,1
95235,4695,32.22,24,0,577.8,1
95248,4696,6.25,13,0,195.0,1
95274,4697,33.57,26,0,597.0,1
95287,4698,6.25,13,0,195.0,1
95300,4699,7.06,13,0,207.2,1
95313,4700,6.25,13,0,195.0,1
95338,4701,30.11,25,0,546.8,1
95351,4702,6.25,13,0,195.0,1
95364,4703,6.25,13,0,195.0,1
95377,4704,6.25,13,0,195.0,1
95390,4705,6.25,13,0,195.0,1
95403,4706,6.76,13,0,202.5,1
95416,4707,6.25,13,0,195.0,1
95441,4708,32.93,25,1,586.7,1
95454,4709,4.32,13,0,166.6,1
95478,4710,29.54,24,1,536.8,1
95500,4711,31.49,22,0,566.1,1
95512,4712,5.77,12,0,187.9,1
95525,4713,7.72,13,0,217.2,1
95538,4714,6.68,13,0,201.5,1
95572,4715,48.10,34,1,809.7,1
95585,4716,6.25,13,0,195.0,1
95598,4717,6.25,13,0,195.0,1
95619,4718,23.74,21,1,451.8,1
95631,4719,7.50,12,0,214.5,1
95644,4720,6.25,13,0,195.0,1
95657,4721,6.25,13,0,195.0,1
95677,4722,19.97,20,0,397.3,1
95690,4723,6.25,13,0,195.0,1
95711,4724,15.17,21,1,325.1,1
95724,4725,6.25,13,0,195.0,1
95736,4726,6.31,12,0,196.1,1
95749,4727,5.19,13,0,179.4,1
95762,4728,6.25,13,0,195.0,1
95773,4729,7.30,11,0,210.3,1
95795,4730,33.01,22,0,588.5,1
95808,4731,6.25,13,0,195.0,1
95820,4732,6.83,12,0,203.5,1
95833,4733,6.25,13,0,195.0,1
95853,4734,22.01,20,0,426.7,1
95866,4735,6.25,13,0,195.0,1
95879,4736,6.25,13,0,195.0,1
95900,4737,27.34,21,0,505.7,1
95934,4738,48.10,34,1,809.7,1
95953,4739,29.15,19,0,532.0,1
95966,4740,7.07,13,0,207.0,1
95979,4741,5.19,13,0,179.4,1
96013,4742,48.10,34,1,809.7,1
96026,4743,6.25,13,0,195.0,1
96038,4744,4.45,12,1,167.4,1
96074,4745,52.63,36,2,876.2,1
96098,4746,26.58,24,0,495.1,1
96118,4747,20.59,20,0,406.8,1
96131,4748,5.19,13,0,179.4,1
96144,4749,6.25,13,0,195.0,1
96156,4750,6.08,12,0,192.7,1
96176,4751,22.26,20,0,431.6,1
96197,4752,28.96,21,2,526.9,1
96210,4753,5.19,13,0,179.4,1
96221,4754,6.14,11,0,193.7,1
96242,4755,14.68,21,1,318.0,1
96253,4756,3.21,11,1,149.9,1
96274,4757,12.30,21,1,283.3,1
96287,4758,6.25,13,0,195.0,1
96313,4759,34.93,26,2,614.8,1
96347,4760,48.10,34,1,809.7,1
96358,4761,2.36,11,1,136.8,1
96370,4762,2.02,12,0,133.1,1
96404,4763,48.10,34,1,809.7,1
96417,4764,4.65,13,1,170.7,1
96442,4765,30.11,25,0,546.8,1
96463,4766,15.64,21,1,332.0,1
96476,4767,1.15,13,0,121.2,1
96489,4768,6.25,13,0,195.0,1
96502,4769,6.25,13,0,195.0,1
96523,4770,15.82,21,1,335.0,1
96543,4771,26.07,20,1,485.8,1
96577,4772,48.10,34,1,809.7,1
96596,4773,27.44,19,0,507.8,1
96609,4774,6.25,13,0,195.0,1
96634,4775,30.11,25,0,546.8,1
96655,4776,26.44,21,1,491.2,1
96690,4777,51.59,35,2,861.0,1
96711,4778,14.78,21,1,319.4,1
96724,4779,6.25,13,0,195.0,1
96737,4780,6.25,13,0,195.0,1
96750,4781,5.19,13,0,179.4,1
96763,4782,7.19,13,0,208.8,1
96776,4783,5.19,13,0,179.4,1
96788,4784,7.43,12,0,212.8,1
96799,4785,2.03,11,0,132.9,1
96833,4786,48.10,34,1,809.7,1
96854,4787,15.89,21,1,336.1,1
96867,4788,6.25,13,0,195.0,1
96886,4789,6.29,19,0,195.9,1
96907,4790,16.21,21,2,339.4,1
96919,4791,3.41,12,0,153.1,1
96942,4792,27.25,23,0,504.4,1
96955,4793,6.25,13,0,195.0,1
96966,4794,4.67,11,0,172.3,1
96989,4795,27.47,23,0,507.8,1
97002,4796,5.19,13,0,179.4,1
97014,4797,3.93,12,1,159.9,1
97045,4798,37.42,31,1,652.9,1
97058,4799,6.64,13,0,200.9,1
97071,4800,6.89,13,0,204.9,1
97092,4801,15.17,21,1,325.1,1
97105,4802,6.25,13,0,195.0,1
97118,4803,6.25,13,0,195.0,1
97130,4804,8.87,12,0,233.5,1
97143,4805,4.21,13,0,165.2,1
97156,4806,2.94,13,1,145.3,1
97169,4807,4.12,13,1,163.2,1
97194,4808,30.11,25,0,546.8,1
97207,4809,6.25,13,0,195.0,1
97241,4810,48.10,34,1,809.7,1
97271,4811,54.87,30,1,909.3,1
97305,4812,49.24,34,2,825.4,1
97316,4813,1.70,11,0,128.0,1
97329,4814,5.19,13,0,179.4,1
97342,4815,6.25,13,0,195.0,1
97355,4816,6.25,13,0,195.0,1
97374,4817,24.15,19,0,459.4,1
97386,4818,-0.29,12,0,98.8,1
97406,4819,28.49,20,1,521.6,1
97419,4820,7.08,13,0,207.8,1
97431,4821,4.51,12,1,169.3,1
97458,4822,36.82,27,1,644.4,1
97480,4823,28.92,22,1,527.3,1
97493,4824,6.25,13,0,195.0,1
97506,4825,5.19,13,0,179.4,1
97519,4826,6.25,13,0,195.0,1
97531,4827,5.02,12,0,177.4,1
97551,4828,27.61,20,0,509.4,1
97563,4829,8.06,12,0,221.8,1
97574,4830,0.27,11,0,107.6,1
97586,4831,3.51,12,0,154.6,1
97607,4832,17.16,21,2,353.4,1
97626,4833,27.11,19,0,503.0,1
97637,4834,1.06,11,0,119.5,1
97659,4835,24.89,22,1,469.2,1
97671,4836,1.52,12,0,126.3,1
97683,4837,3.77,12,0,158.8,1
97704,4838,14.68,21,1,318.0,1
97717,4839,1.76,13,0,128.9,1
97728,4840,2.00,11,0,132.4,1
97749,4841,26.06,21,0,486.9,1
97772,4842,27.12,23,0,501.8,1
97785,4843,6.25,13,0,195.0,1
97796,4844,4.12,11,0,163.7,1
97820,4845,32.49,24,1,580.2,1
97833,4846,6.25,13,0,195.0,1
97867,4847,48.10,34,1,809.7,1
97887,4848,24.24,20,0,459.8,1
97910,4849,23.68,23,1,450.3,1
97923,4850,5.19,13,0,179.4,1
97947,4851,29.00,24,0,530.0,1
97960,4852,6.25,13,0,195.0,1
97976,4853,18.97,16,0,383.1,1
97995,4854,20.82,19,0,409.8,1
98008,4855,6.25,13,0,195.0,1
98027,4856,11.54,19,0,273.1,1
98047,4857,28.01,20,0,514.9,1
98059,4858,-1.04,12,0,87.7,1
98072,4859,6.25,13,0,195.0,1
98084,4860,4.91,12,0,175.6,1
98097,4861,6.25,13,0,195.0,1
98108,4862,-0.71,11,0,93.1,1
98121,4863,1.87,13,0,131.7,1
98134,4864,6.25,13,0,195.0,1
98145,4865,-0.36,11,0,98.6,1
98170,4866,28.49,25,0,522.0,1
98192,4867,24.89,22,1,469.2,1
98205,4868,6.25,13,0,195.0,1
98218,4869,8.84,13,0,233.1,1
98230,4870,3.80,12,1,158.6,1
98243,4871,6.25,13,0,195.0,1
98256,4872,6.25,13,0,195.0,1
98275,4873,13.84,19,1,305.9,1
98296,4874,28.36,21,0,520.1,1
98309,4875,5.19,13,0,179.4,1
98334,4876,30.11,25,0,546.8,1
98365,4877,38.76,31,1,672.1,1
98378,4878,7.55,13,0,214.4,1
98391,4879,6.25,13,0,195.0,1
98413,4880,24.89,22,1,469.2,1
98448,4881,51.59,35,2,861.0,1
98461,4882,2.45,13,1,138.7,1
98474,4883,5.16,13,0,180.1,1
98487,4884,5.19,13,0,179.4,1
98500,4885,6.25,13,0,195.0,1
98513,4886,8.05,13,0,221.7,1
98534,4887,15.82,21,1,335.0,1
98547,4888,7.30,13,0,211.5,1
98559,4889,7.19,12,0,208.8,1
98572,4890,5.65,13,0,186.4,1
98585,4891,7.38,13,0,212.7,1
98605,4892,23.12,20,0,443.4,1
98618,4893,7.30,13,0,210.4,1
98631,4894,6.25,13,0,195.0,1
98652,4895,15.55,21,1,330.8,1
98665,4896,8.74,13,0,231.6,1
98681,4897,19.65,16,0,392.9,1
98706,4898,30.11,25,0,546.8,1
98732,4899,26.78,26,1,496.2,1
98745,4900,5.19,13,0,179.4,1
98758,4901,6.98,13,0,206.9,1
98770,4902,1.87,12,0,130.5,1
98789,4903,24.82,19,0,468.7,1
98825,4904,50.16,36,3,838.9,1
98838,4905,6.25,13,0,195.0,1
98863,4906,30.11,25,0,546.8,1
98875,4907,3.98,12,1,160.6,1
98887,4908,0.20,12,0,106.3,1
98908,4909,15.87,21,1,335.8,1
98921,4910,6.25,13,0,195.0,1
98934,4911,6.25,13,0,195.0,1
98947,4912,4.32,13,0,166.6,1
98978,4913,48.71,31,2,817.5,1
98990,4914,4.90,12,1,174.7,1
99010,4915,23.46,20,0,448.6,1
99023,4916,4.32,13,0,166.6,1
99036,4917,7.80,13,0,218.4,1
99055,4918,21.36,19,0,417.8,1
99068,4919,6.25,13,0,195.0,1
99087,4920,26.14,19,0,487.7,1
99100,4921,6.25,13,0,195.0,1
99121,4922,17.70,21,1,362.6,1
99143,4923,26.85,22,1,497.9,1
99155,4924,1.04,12,0,118.9,1
99168,4925,6.03,13,0,191.7,1
99180,4926,-0.75,12,1,91.0,1
99198,4927,24.16,18,0,458.4,1
99211,4928,6.25,13,0,195.0,1
99234,4929,31.03,23,1,559.0,1
99247,4930,9.89,13,0,249.4,1
99260,4931,6.25,13,0,195.0,1
99283,4932,31.31,23,1,563.1,1
99304,4933,17.79,21,1,364.0,1
99338,4934,48.10,34,1,809.7,1
99351,4935,6.25,13,0,195.0,1
99364,4936,6.25,13,0,195.0,1
99391,4937,24.56,27,0,465.3,1
99404,4938,5.19,13,0,179.4,1
99429,4939,30.96,25,1,557.4,1
99446,4940,17.80,17,0,365.1,1
99459,4941,6.25,13,0,195.0,1
99472,4942,6.25,13,0,195.0,1
99488,4943,19.52,16,0,390.2,1
99510,4944,27.43,22,0,507.2,1
99522,4945,3.70,12,0,157.7,1
99543,4946,15.50,21,1,330.0,1
99568,4947,30.11,25,0,546.8,1
99581,4948,6.25,13,0,195.0,1
99594,4949,4.26,13,0,165.7,1
99628,4950,49.58,34,1,831.4,1
99641,4951,6.25,13,0,195.0,1
99653,4952,5.10,12,0,178.1,1
99666,4953,6.25,13,0,195.0,1
99678,4954,3.79,12,0,159.4,1
99702,4955,26.24,24,0,489.5,1
99715,4956,6.25,13,0,195.0,1
99736,4957,16.52,21,0,346.5,1
99749,4958,6.25,13,0,195.0,1
99772,4959,23.68,23,1,450.3,1
99793,4960,21.97,21,0,426.2,1
99806,4961,6.25,13,0,195.0,1
99819,4962,6.25,13,0,195.0,1
99839,4963,29.07,20,0,531.4,1
99860,4964,15.78,21,0,336.3,1
99873,4965,5.19,13,0,179.4,1
99886,4966,8.03,13,0,221.2,1
99908,4967,31.82,22,0,571.3,1
99929,4968,15.85,21,1,335.4,1
99942,4969,6.25,13,0,195.0,1
99963,4970,24.93,21,0,470.5,1
99979,4971,19.71,16,0,392.9,1
99992,4972,5.19,13,0,179.4,1
100003,4973,3.11,11,0,149.4,1
100028,4974,30.11,25,0,546.8,1
100053,4975,30.11,25,0,546.8,1
100076,4976,23.68,23,1,450.3,1
100094,4977,26.43,18,0,492.2,1
100107,4978,6.58,13,0,200.0,1
100120,4979,4.26,13,0,165.7,1
100141,4980,14.60,21,0,318.0,1
100161,4981,20.96,20,1,410.6,1
100182,4982,17.64,21,2,360.5,1
100195,4983,5.74,13,0,187.8,1
100216,4984,28.15,21,0,517.5,1
100229,4985,5.19,13,0,179.4,1
100249,4986,14.29,20,0,313.8,1
100261,4987,4.39,12,1,167.5,1
100279,4988,10.67,18,0,260.6,1
100292,4989,3.09,13,0,148.5,1
100305,4990,6.25,13,0,195.0,1
100327,4991,14.45,22,1,315.1,1
100340,4992,4.09,13,1,162.8,1
100360,4993,30.67,20,1,553.4,1
100373,4994,6.25,13,0,195.0,1
100386,4995,4.32,13,0,166.6,1
100407,4996,15.87,21,1,335.7,1
100429,4997,33.76,22,0,600.5,1
100450,4998,26.29,21,0,490.5,1
100463,4999,6.25,13,0,195.0,1
100476,5000,1.08,13,0,119.0,1
100497,5001,14.98,21,0,323.9,1
100516,5002,13.03,19,0,294.7,1
100529,5003,5.19,13,0,179.4,1
100550,5004,17.24,21,2,354.5,1
100584,5005,48.10,34,1,809.7,1
100618,5006,49.24,34,2,825.4,1
100629,5007,1.98,11,0,132.1,1
100664,5008,51.24,35,2,855.7,1
100677,5009,6.25,13,0,195.0,1
100702,5010,30.11,25,0,546.8,1
100713,5011,2.48,11,0,140.1,1
100726,5012,4.39,13,0,167.6,1
100747,5013,31.35,21,2,562.1,1
100781,5014,48.10,34,1,809.7,1
100792,5015,1.82,11,0,130.1,1
100817,5016,30.11,25,0,546.8,1
100842,5017,36.62,25,0,642.7,1
100855,5018,6.25,13,0,195.0,1
100868,5019,5.19,13,0,179.4,1
100899,5020,35.84,31,1,629.7,1
100923,5021,33.57,24,1,596.0,1
100941,5022,26.36,18,0,491.6,1
100962,5023,16.39,21,0,344.4,1
100983,5024,24.37,21,1,460.8,1
101002,5025,21.02,19,0,412.7,1
101015,5026,5.19,13,0,179.4,1
101036,5027,16.65,21,2,345.9,1
101060,5028,26.46,24,0,493.0,1
101073,5029,8.75,13,0,232.3,1
101084,5030,2.40,11,0,138.3,1
101097,5031,5.19,13,0,179.4,1
101132,5032,51.24,35,2,855.7,1
101142,5033,0.15,10,0,105.3,1
101155,5034,5.19,13,0,179.4,1
101168,5035,5.19,13,0,179.4,1
101180,5036,2.04,12,0,133.6,1
101193,5037,6.25,13,0,195.0,1
101206,5038,8.90,13,0,233.9,1
101219,5039,5.19,13,0,179.4,1
101238,5040,21.52,19,0,419.6,1
101256,5041,25.82,18,0,483.4,1
101281,5042,30.11,25,0,546.8,1
101312,5043,34.80,31,1,614.4,1
101325,5044,5.15,13,0,178.8,1
101338,5045,6.25,13,0,195.0,1
101362,5046,29.54,24,1,536.8,1
101375,5047,4.39,13,0,167.6,1
101394,5048,26.78,19,0,497.2,1
101415,5049,17.64,21,2,360.5,1
101428,5050,4.39,13,0,167.6,1
101441,5051,5.19,13,0,179.4,1
101462,5052,17.60,21,2,359.9,1
101475,5053,8.90,13,0,234.5,1
101496,5054,17.44,21,1,358.8,1
101519,5055,26.86,23,0,498.3,1
101532,5056,5.76,13,0,187.8,1
101545,5057,5.19,13,0,179.4,1
101576,5058,35.51,31,1,624.8,1
101589,5059,6.25,13,0,195.0,1
101602,5060,4.32,13,0,166.6,1
101615,5061,6.25,13,0,195.0,1
101626,5062,3.40,11,0,153.3,1
101647,5063,17.64,21,2,360.5,1
101665,5064,17.08,18,0,354.5,1
101678,5065,6.25,13,0,195.0,1
101712,5066,48.10,34,1,809.7,1
101725,5067,6.25,13,0,195.0,1
101738,5068,6.25,13,0,195.0,1
101772,5069,49.24,34,2,825.4,1
101785,5070,4.32,13,0,166.6,1
101798,5071,6.25,13,0,195.0,1
101811,5072,6.25,13,0,195.0,1
101824,5073,9.64,13,0,244.9,1
101837,5074,6.65,13,0,201.1,1
101850,5075,6.25,13,0,195.0,1
101875,5076,30.11,25,0,546.8,1
101895,5077,19.04,20,0,383.0,1
101908,5078,6.25,13,0,195.0,1
101921,5079,6.25,13,0,195.0,1
101940,5080,15.60,19,0,332.5,1
101953,5081,10.15,13,0,252.6,1
101978,5082,30.11,25,0,546.8,1
101991,5083,6.25,13,0,195.0,1
102009,5084,19.08,18,0,384.2,1
102022,5085,6.25,13,0,195.0,1
102047,5086,26.59,25,1,494.0,1
102071,5087,26.58,24,0,495.1,1
102089,5088,27.45,18,0,506.7,1
102116,5089,35.68,27,2,626.1,1
102140,5090,29.77,24,0,541.4,1
102160,5091,17.75,20,1,363.1,1
102173,5092,6.25,13,0,195.0,1
102186,5093,6.25,13,0,195.0,1
102206,5094,22.18,20,0,429.2,1
102219,5095,6.25,13,0,195.0,1
102231,5096,3.43,12,1,152.4,1
102243,5097,5.18,12,1,178.6,1
102255,5098,7.11,12,0,207.9,1
102268,5099,5.19,13,0,179.4,1
102293,5100,32.61,25,2,581.5,1
102306,5101,5.34,13,0,182.5,1
102327,5102,15.50,21,1,330.0,1
102340,5103,6.25,13,0,195.0,1
102376,5104,52.63,36,2,876.2,1
102398,5105,28.69,22,0,525.0,1
102411,5106,6.25,13,0,195.0,1
102424,5107,6.42,13,0,198.0,1
102437,5108,7.21,13,0,209.4,1
102462,5109,30.11,25,0,546.8,1
102483,5110,24.78,21,0,468.0,1
102496,5111,6.25,13,0,195.0,1
102508,5112,1.80,12,0,129.5,1
102530,5113,27.24,22,1,502.7,1
102555,5114,30.11,25,0,546.8,1
102568,5115,4.19,13,0,164.6,1
102597,5116,50.44,29,2,843.1,1
102610,5117,6.25,13,0,195.0,1
102622,5118,10.04,12,0,250.9,1
102643,5119,15.70,21,1,333.2,1
102654,5120,2.31,11,1,136.6,1
102667,5121,5.19,13,0,179.4,1
102688,5122,17.39,21,2,356.9,1
102708,5123,26.01,20,2,483.9,1
102721,5124,6.25,13,0,195.0,1
102734,5125,5.19,13,0,179.4,1
102747,5126,5.19,13,0,179.4,1
102758,5127,0.75,11,0,114.9,1
102770,5128,6.21,12,0,195.5,1
102783,5129,6.25,13,0,195.0,1
102804,5130,24.58,21,0,465.1,1
102835,5131,50.22,31,1,840.8,1
102855,5132,25.59,20,0,479.4,1
102868,5133,6.25,13,0,195.0,1
102902,5134,48.10,34,1,809.7,1
102923,5135,17.39,21,2,356.9,1
102936,5136,5.19,13,0,179.4,1
102949,5137,6.25,13,0,195.0,1
102961,5138,3.37,12,0,153.5,1
102973,5139,6.76,12,0,202.4,1
102993,5140,24.38,20,0,462.4,1
103006,5141,5.19,13,0,179.4,1
103017,5142,3.90,11,1,160.4,1
103037,5143,27.90,20,0,513.9,1
103050,5144,6.25,13,0,195.0,1
103076,5145,32.70,26,1,583.6,1
103088,5146,3.12,12,1,148.2,1
103107,5147,26.67,19,0,495.5,1
103128,5148,23.28,21,0,445.4,1
103145,5149,18.15,17,0,370.0,1
103158,5150,8.62,13,0,230.6,1
103171,5151,6.25,13,0,195.0,1
103192,5152,15.55,21,1,330.8,1
103205,5153,6.25,13,0,195.0,1
103218,5154,6.25,13,0,195.0,1
103231,5155,7.45,13,0,212.6,1
103244,5156,6.25,13,0,195.0,1
103256,5157,7.18,12,0,208.9,1
103269,5158,6.25,13,0,195.0,1
103282,5159,6.25,13,0,195.0,1
103302,5160,18.72,20,0,378.7,1
103321,5161,27.60,19,1,508.3,1
103355,5162,48.10,34,1,809.7,1
103374,5163,28.97,19,0,529.1,1
103395,5164,17.30,21,2,355.5,1
103406,5165,2.84,11,0,145.4,1
103418,5166,3.05,12,0,147.9,1
103431,5167,4.32,13,0,166.6,1
103444,5168,8.03,13,0,221.7,1
103457,5169,4.24,13,1,165.0,1
103470,5170,6.25,13,0,195.0,1
103495,5171,30.22,25,0,547.8,1
103508,5172,6.25,13,0,195.0,1
103520,5173,7.56,12,0,214.5,1
103537,5174,23.43,17,1,447.1,1
103549,5175,5.12,12,0,179.5,1
103562,5176,6.25,13,0,195.0,1
103575,5177,6.25,13,0,195.0,1
103596,5178,17.39,21,2,356.9,1
103609,5179,6.25,13,0,195.0,1
103620,5180,3.61,11,0,157.2,1
103633,5181,6.25,13,0,195.0,1
103646,5182,6.25,13,0,195.0,1
103665,5183,30.32,19,0,548.9,1
103699,5184,48.10,34,1,809.7,1
103733,5185,48.10,34,1,809.7,1
103768,5186,51.42,35,2,858.4,1
103778,5187,0.76,10,0,114.3,1
103791,5188,5.15,13,0,178.8,1
103804,5189,6.25,13,0,195.0,1
103817,5190,6.15,13,0,194.0,1
103830,5191,6.25,13,0,195.0,1
103843,5192,6.25,13,0,195.0,1
103856,5193,6.25,13,0,195.0,1
103869,5194,6.25,13,0,195.0,1
103882,5195,12.00,13,0,279.5,1
103895,5196,1.76,13,0,128.9,1
103913,5197,23.36,18,0,447.1,1
103932,5198,25.06,19,0,471.8,1
103944,5199,5.46,12,0,183.4,1
103957,5200,8.47,13,0,227.9,1
103975,5201,14.72,18,0,320.5,1
103999,5202,26.58,24,0,495.1,1
104012,5203,6.25,13,0,195.0,1
104024,5204,7.89,12,0,219.4,1
104045,5205,26.72,21,0,496.3,1
104066,5206,14.74,21,1,318.8,1
104085,5207,22.92,19,0,440.7,1
104109,5208,36.31,24,1,636.3,1
104122,5209,6.25,13,0,195.0,1
104135,5210,5.84,13,0,189.2,1
104161,5211,33.18,26,0,591.8,1
104174,5212,6.25,13,0,195.0,1
104187,5213,6.25,13,0,195.0,1
104200,5214,5.19,13,0,179.4,1
104222,5215,27.50,22,0,508.4,1
104235,5216,6.25,13,0,195.0,1
104246,5217,5.75,11,0,187.8,1
104263,5218,21.47,17,0,419.4,1
104276,5219,6.25,13,0,195.0,1
104288,5220,6.84,12,0,204.5,1
104308,5221,25.49,20,0,478.3,1
104320,5222,2.47,12,1,139.2,1
104333,5223,7.82,13,0,218.6,1
104356,5224,30.91,23,0,557.6,1
104369,5225,6.25,13,0,195.0,1
104382,5226,6.25,13,0,195.0,1
104395,5227,6.25,13,0,195.0,1
104406,5228,-0.20,11,0,101.0,1
104418,5229,4.23,12,0,166.2,1
104437,5230,27.30,19,1,503.8,1
104450,5231,6.25,13,0,195.0,1
104470,5232,27.23,20,0,504.1,1
104483,5233,8.35,13,0,225.8,1
104496,5234,8.09,13,0,222.0,1
104509,5235,6.25,13,0,195.0,1
104522,5236,6.25,13,0,195.0,1
104533,5237,3.31,11,1,150.7,1
104546,5238,10.34,13,0,255.1,1
104559,5239,5.19,13,0,179.4,1
104572,5240,6.25,13,0,195.0,1
104588,5241,20.83,16,0,409.3,1
104601,5242,6.25,13,0,195.0,1
104614,5243,5.19,13,0,179.4,1
104627,5244,6.25,13,0,195.0,1
104662,5245,51.42,35,2,858.4,1
104682,5246,18.69,20,1,377.1,1
104697,5247,20.83,15,0,410.6,1
104718,5248,30.08,21,0,546.5,1
104753,5249,51.42,35,2,858.4,1
104766,5250,6.25,13,0,195.0,1
104785,5251,25.13,19,0,472.9,1
104802,5252,20.29,17,0,402.6,1
104825,5253,21.17,23,1,413.5,1
104838,5254,5.19,13,0,179.4,1
104858,5255,29.56,20,0,538.3,1
104870,5256,4.56,12,1,170.0,1
104883,5257,6.33,13,0,196.5,1
104896,5258,6.25,13,0,195.0,1
104915,5259,27.05,19,1,499.9,1
104928,5260,6.25,13,0,195.0,1
104941,5261,8.32,13,0,225.5,1
104954,5262,5.19,13,0,179.4,1
104966,5263,4.86,12,1,173.5,1
104979,5264,6.25,13,0,195.0,1
104998,5265,23.61,19,1,449.9,1
105011,5266,6.25,13,0,195.0,1
105023,5267,9.12,12,0,237.2,1
105036,5268,6.25,13,0,195.0,1
105061,5269,30.11,25,0,546.8,1
105074,5270,5.19,13,0,179.4,1
105101,5271,33.34,27,1,592.7,1
105114,5272,6.25,13,0,195.0,1
105127,5273,6.25,13,0,195.0,1
105140,5274,7.37,13,0,211.7,1
105164,5275,34.82,24,1,614.2,1
105185,5276,17.64,21,2,360.5,1
105205,5277,22.79,20,0,438.8,1
105218,5278,6.25,13,0,195.0,1
105245,5279,32.48,27,1,579.7,1
105258,5280,6.25,13,0,195.0,1
105271,5281,5.19,13,0,179.4,1
105284,5282,4.08,13,1,162.1,1
105318,5283,48.10,34,1,809.7,1
105342,5284,34.37,24,0,609.0,1
105378,5285,52.63,36,2,876.2,1
105391,5286,6.25,13,0,195.0,1
105404,5287,6.25,13,0,195.0,1
105416,5288,4.69,12,1,171.4,1
105436,5289,23.15,20,0,444.1,1
105449,5290,6.25,13,0,195.0,1
105461,5291,6.52,12,0,198.9,1
105472,5292,5.78,11,0,188.4,1
105492,5293,20.30,20,0,402.2,1
105504,5294,7.65,12,0,215.8,1
105529,5295,30.11,25,0,546.8,1
105542,5296,5.19,13,0,179.4,1
105555,5297,6.25,13,0,195.0,1
105568,5298,5.19,13,0,179.4,1
105581,5299,10.21,13,0,253.5,1
105615,5300,48.10,34,1,809.7,1
105628,5301,6.25,13,0,195.0,1
105641,5302,10.39,13,0,255.9,1
105652,5303,4.66,11,0,171.5,1
105665,5304,6.25,13,0,195.0,1
105678,5305,2.75,13,0,144.3,1
105690,5306,4.92,12,1,174.7,1
105702,5307,6.13,12,1,192.9,1
105714,5308,6.36,12,0,197.2,1
105725,5309,7.86,11,0,218.9,1
105737,5310,7.38,12,0,212.1,1
105771,5311,48.10,34,1,809.7,1
105784,5312,6.25,13,0,195.0,1
105797,5313,6.25,13,0,195.0,1
105810,5314,6.25,13,0,195.0,1
105829,5315,26.86,19,1,497.1,1
105842,5316,6.25,13,0,195.0,1
105863,5317,24.80,21,1,466.8,1
105875,5318,4.54,12,0,170.6,1
105888,5319,6.25,13,0,195.0,1
105911,5320,26.09,23,0,487.0,1
105935,5321,32.82,24,0,586.3,1
105969,5322,48.10,34,1,809.7,1
105981,5323,4.76,12,0,173.3,1
105994,5324,6.25,13,0,195.0,1
106007,5325,6.25,13,0,195.0,1
106019,5326,2.33,12,1,136.3,1
106031,5327,6.97,12,0,205.8,1
106044,5328,6.25,13,0,195.0,1
106064,5329,22.14,20,1,428.0,1
106085,5330,20.83,21,0,410.0,1
106107,5331,24.12,22,0,458.6,1
106120,5332,6.25,13,0,195.0,1
106133,5333,6.73,13,0,202.1,1
106146,5334,6.20,13,0,195.1,1
106164,5335,19.54,18,0,391.0,1
106185,5336,17.64,21,2,360.5,1
106198,5337,3.03,13,0,147.7,1
106211,5338,6.25,13,0,195.0,1
106224,5339,5.19,13,0,179.4,1
106245,5340,20.96,21,2,409.3,1
106258,5341,6.25,13,0,195.0,1
106271,5342,6.25,13,0,195.0,1
106284,5343,6.25,13,0,195.0,1
106297,5344,6.25,13,0,195.0,1
106310,5345,6.25,13,0,195.0,1
106326,5346,16.75,16,0,349.4,1
106339,5347,6.25,13,0,195.0,1
106350,5348,2.81,11,0,145.3,1
106363,5349,6.25,13,0,195.0,1
106388,5350,30.11,25,0,546.8,1
106401,5351,6.25,13,0,195.0,1
106422,5352,29.50,21,0,536.8,1
106433,5353,4.24,11,1,164.4,1
106445,5354,2.63,12,0,142.0,1
106464,5355,22.32,19,0,431.3,1
106489,5356,30.17,25,0,546.8,1
106500,5357,-0.29,11,0,98.8,1
106513,5358,6.69,13,0,201.5,1
106526,5359,3.64,13,1,155.6,1
106551,5360,35.35,25,1,622.2,1
106564,5361,6.25,13,0,195.0,1
106576,5362,5.28,12,0,180.7,1
106589,5363,6.25,13,0,195.0,1
106610,5364,17.70,21,1,362.6,1
106631,5365,15.99,21,1,337.5,1
106644,5366,6.25,13,0,195.0,1
106657,5367,9.60,13,0,244.5,1
106670,5368,3.01,13,0,147.9,1
106691,5369,15.55,21,1,330.8,1
106703,5370,6.77,12,0,203.5,1
106716,5371,6.25,13,0,195.0,1
106737,5372,16.76,21,1,348.9,1
106773,5373,52.63,36,2,876.2,1
106786,5374,6.25,13,0,195.0,1
106810,5375,26.58,24,0,495.1,1
106823,5376,6.25,13,0,195.0,1
106844,5377,15.55,21,1,330.8,1
106857,5378,6.25,13,0,195.0,1
106869,5379,-0.02,12,0,102.8,1
106890,5380,16.89,21,1,350.8,1
106901,5381,3.72,11,1,157.1,1
106914,5382,5.82,13,0,188.9,1
106933,5383,17.58,19,0,361.6,1
106951,5384,17.12,18,0,355.4,1
106971,5385,20.62,20,0,406.6,1
106992,5386,17.39,21,2,356.9,1
107005,5387,6.25,13,0,195.0,1
107008,5388,-6.56,3,0,7.1,1
107039,5389,38.76,31,1,672.1,1
107052,5390,5.19,13,0,179.4,1
107073,5391,16.65,21,2,345.9,1
107094,5392,13.85,21,0,307.0,1
107113,5393,11.47,19,0,271.7,1
107143,5394,37.45,30,1,653.0,1
107155,5395,3.71,12,1,157.4,1
107176,5396,27.35,21,1,504.2,1
107189,5397,6.25,13,0,195.0,1
107202,5398,5.56,13,0,185.2,1
107236,5399,49.24,34,2,825.4,1
107248,5400,4.96,12,0,177.2,1
107261,5401,5.21,13,0,179.7,1
107273,5402,2.98,12,0,146.9,1
107286,5403,5.19,13,0,179.4,1
107307,5404,15.55,21,1,330.8,1
107320,5405,8.87,13,0,234.1,1
107333,5406,5.19,13,0,179.4,1
107346,5407,6.25,13,0,195.0,1
107359,5408,6.25,13,0,195.0,1
107372,5409,6.25,13,0,195.0,1
107384,5410,7.90,12,0,220.4,1
107397,5411,5.19,13,0,179.4,1
107415,5412,12.60,18,0,289.5,1
107435,5413,19.65,20,0,392.9,1
107454,5414,19.66,19,1,391.7,1
107475,5415,18.23,21,1,370.4,1
107510,5416,49.18,35,3,824.5,1
107522,5417,1.24,12,0,121.5,1
107535,5418,3.34,13,0,152.4,1
107557,5419,27.43,22,0,506.7,1
107581,5420,31.98,24,0,573.9,1
107594,5421,5.19,13,0,179.4,1
107615,5422,16.43,21,1,343.9,1
107628,5423,6.37,13,0,196.8,1
107651,5424,23.68,23,1,450.3,1
107663,5425,1.87,12,0,131.2,1
107676,5426,7.76,13,0,217.5,1
107709,5427,55.48,33,2,917.5,1
107728,5428,12.05,19,0,280.5,1
107741,5429,4.39,13,0,167.6,1
107754,5430,6.25,13,0,195.0,1
107767,5431,6.25,13,0,195.0,1
107780,5432,6.25,13,0,195.0,1
107791,5433,-0.23,11,0,100.5,1
107804,5434,4.39,13,0,167.6,1
107817,5435,5.93,13,0,190.2,1
107830,5436,8.01,13,0,221.7,1
107841,5437,1.88,11,0,130.9,1
107862,5438,17.53,21,1,360.2,1
107897,5439,49.18,35,3,824.5,1
107918,5440,16.18,21,1,340.2,1
107939,5441,16.15,21,1,339.9,1
107956,5442,14.94,17,0,323.3,1
107969,5443,6.25,13,0,195.0,1
107990,5444,15.72,21,1,333.5,1
108011,5445,16.43,21,1,343.9,1
108024,5446,6.25,13,0,195.0,1
108037,5447,6.25,13,0,195.0,1
108048,5448,-2.52,11,0,66.0,1
108061,5449,4.19,13,0,164.6,1
108074,5450,6.25,13,0,195.0,1
108087,5451,6.25,13,0,195.0,1
108098,5452,2.84,11,0,145.5,1
108111,5453,6.25,13,0,195.0,1
108124,5454,-1.64,13,0,79.5,1
108137,5455,5.19,13,0,179.4,1
108150,5456,6.25,13,0,195.0,1
108168,5457,24.49,18,0,464.1,1
108181,5458,6.25,13,0,195.0,1
108201,5459,26.06,20,0,486.9,1
108214,5460,6.25,13,0,195.0,1
108226,5461,1.06,12,0,118.7,1
108247,5462,17.01,21,1,352.5,1
108260,5463,6.25,13,0,195.0,1
108273,5464,4.48,13,0,169.7,1
108285,5465,2.30,12,0,136.8,1
108306,5466,17.39,21,2,356.9,1
108318,5467,5.86,12,1,188.8,1
108337,5468,23.99,19,0,456.8,1
108357,5469,21.30,20,0,416.3,1
108370,5470,6.25,13,0,195.0,1
108392,5471,30.27,22,0,549.3,1
108412,5472,23.78,20,0,453.9,1
108425,5473,5.19,13,0,179.4,1
108438,5474,6.78,13,0,202.8,1
108459,5475,17.44,21,1,358.8,1
108480,5476,16.89,21,1,350.7,1
108497,5477,12.81,17,0,291.8,1
108510,5478,6.25,13,0,195.0,1
108545,5479,51.42,35,2,858.4,1
108566,5480,12.53,21,0,287.6,1
108587,5481,15.36,21,0,329.2,1
108608,5482,16.82,21,1,349.7,1
108633,5483,33.39,25,0,594.7,1
108646,5484,4.32,13,0,166.6,1
108667,5485,11.90,21,1,277.4,1
108679,5486,4.71,12,0,172.5,1
108699,5487,22.64,20,0,436.5,1
108720,5488,16.67,21,0,348.8,1
108732,5489,1.88,12,0,131.0,1
108745,5490,6.25,13,0,195.0,1
108763,5491,21.15,18,0,414.1,1
108787,5492,26.46,24,0,493.0,1
108800,5493,3.33,13,1,151.7,1
108813,5494,2.41,13,0,139.0,1
108826,5495,6.25,13,0,195.0,1
108837,5496,2.00,11,0,132.4,1
108854,5497,21.66,17,0,422.1,1
108875,5498,16.99,21,1,352.2,1
108895,5499,16.10,20,1,339.5,1
108908,5500,4.26,13,0,165.7,1
108921,5501,5.14,13,0,178.9,1
108952,5502,38.76,31,1,672.1,1
108965,5503,2.40,13,0,138.9,1
108977,5504,1.57,12,0,126.5,1
108990,5505,3.21,13,0,150.5,1
109001,5506,3.69,11,0,158.5,1
109014,5507,4.19,13,0,164.6,1
109035,5508,16.97,21,2,350.7,1
109047,5509,2.89,12,0,145.5,1
109068,5510,16.37,21,1,343.1,1
109081,5511,6.36,13,0,196.6,1
109102,5512,16.65,21,2,345.9,1
109115,5513,6.25,13,0,195.0,1
109136,5514,14.68,21,1,318.0,1
109159,5515,26.93,23,0,499.1,1
109184,5516,30.11,25,0,546.8,1
109196,5517,5.66,12,0,187.2,1
109209,5518,6.25,13,0,195.0,1
109222,5519,5.19,13,0,179.4,1
109235,5520,6.25,13,0,195.0,1
109266,5521,35.43,31,1,623.7,1
109288,5522,24.89,22,1,469.2,1
109309,5523,14.74,21,1,318.8,1
109320,5524,-0.77,11,0,92.3,1
109341,5525,14.75,21,0,320.2,1
109354,5526,6.25,13,0,195.0,1
109367,5527,3.52,13,1,154.7,1
109378,5528,0.33,11,0,108.4,1
109399,5529,16.21,21,2,339.4,1
109412,5530,4.87,13,1,173.6,1
109436,5531,26.58,24,0,495.1,1
109449,5532,6.25,13,0,195.0,1
109470,5533,27.51,21,1,507.5,1
109483,5534,5.19,13,0,179.4,1
109496,5535,4.32,13,0,166.6,1
109509,5536,6.25,13,0,195.0,1
109522,5537,5.19,13,0,179.4,1
109543,5538,26.68,21,1,495.3,1
109564,5539,13.61,21,0,303.5,1
109577,5540,3.00,13,0,147.2,1
109600,5541,22.01,23,0,427.0,1
109613,5542,8.17,13,0,223.5,1
109625,5543,0.60,12,0,112.4,1
109645,5544,19.83,20,1,394.2,1
109658,5545,6.25,13,0,195.0,1
109681,5546,22.69,23,0,436.7,1
109702,5547,12.38,21,1,284.4,1
109724,5548,26.75,22,1,496.6,1
109745,5549,16.87,21,1,350.4,1
109770,5550,26.50,25,0,493.9,1
109783,5551,6.76,13,0,202.8,1
109800,5552,20.03,17,0,398.2,1
109831,5553,38.95,31,1,675.2,1
109862,5554,34.86,31,1,615.3,1
109883,5555,19.60,21,1,390.3,1
109907,5556,25.90,24,0,484.2,1
109935,5557,29.57,28,1,537.2,1
109959,5558,26.58,24,0,495.1,1
109971,5559,3.59,12,1,155.4,1
109992,5560,22.39,21,1,431.7,1
110004,5561,-2.88,12,0,60.7,1
110040,5562,52.63,36,2,876.2,1
110061,5563,14.23,21,0,312.7,1
110074,5564,6.25,13,0,195.0,1
110095,5565,12.28,21,1,282.9,1
110107,5566,8.01,12,0,221.1,1
110120,5567,6.25,13,0,195.0,1
110133,5568,5.19,13,0,179.4,1
110145,5569,1.13,12,0,120.5,1
110158,5570,6.25,13,0,195.0,1
110171,5571,1.89,13,0,130.8,1
110202,5572,35.58,31,1,625.9,1
110214,5573,3.11,12,1,148.7,1
110225,5574,1.68,11,0,127.7,1
110261,5575,52.41,36,1,874.0,1
110282,5576,13.64,21,0,303.9,1
110295,5577,6.25,13,0,195.0,1
110308,5578,2.73,13,1,142.6,1
110327,5579,10.62,19,0,259.5,1
110348,5580,17.30,21,2,355.5,1
110369,5581,16.83,21,1,350.5,1
110391,5582,28.18,22,1,517.1,1
110404,5583,6.25,13,0,195.0,1
110417,5584,0.04,13,0,104.5,1
110429,5585,5.32,12,0,181.3,1
110442,5586,6.25,13,0,195.0,1
110455,5587,5.19,13,0,179.4,1
110466,5588,2.04,11,1,133.3,1
110478,5589,0.69,12,0,113.5,1
110491,5590,6.25,13,0,195.0,1
110503,5591,-0.13,12,0,101.4,1
110516,5592,6.25,13,0,195.0,1
110528,5593,1.69,12,0,128.5,1
110541,5594,3.95,13,0,161.4,1
110561,5595,21.46,20,2,417.0,1
110574,5596,4.54,13,0,170.4,1
110585,5597,1.65,11,0,127.5,1
110596,5598,0.27,11,0,107.3,1
110609,5599,7.14,13,0,208.9,1
110632,5600,25.77,23,0,482.1,1
110650,5601,20.69,18,0,407.9,1
110662,5602,2.00,12,0,132.7,1
110675,5603,5.63,13,0,186.4,1
110695,5604,21.45,20,0,418.4,1
110707,5605,1.08,12,0,119.3,1
110719,5606,5.56,12,0,185.1,1
110732,5607,7.23,13,0,209.3,1
110744,5608,5.54,12,0,185.4,1
110757,5609,7.53,13,0,214.9,1
110780,5610,29.18,23,1,532.3,1
110816,5611,52.48,36,2,874.0,1
110829,5612,6.25,13,0,195.0,1
110842,5613,6.25,13,0,195.0,1
110855,5614,11.53,13,0,272.6,1
110866,5615,3.27,11,1,151.0,1
110893,5616,45.80,27,1,776.5,1
110917,5617,26.58,24,0,495.1,1
110935,5618,18.25,18,0,371.4,1
110948,5619,6.25,13,0,195.0,1
110961,5620,6.25,13,0,195.0,1
110974,5621,6.25,13,0,195.0,1
110987,5622,5.19,13,0,179.4,1
111000,5623,0.87,13,0,116.8,1
111013,5624,6.25,13,0,195.0,1
111034,5625,14.68,21,1,318.0,1
111047,5626,7.19,13,0,208.8,1
111066,5627,11.70,19,0,275.4,1
111079,5628,2.79,13,0,145.2,1
111092,5629,6.25,13,0,195.0,1
111105,5630,6.20,13,0,194.8,1
111126,5631,17.14,21,2,353.2,1
111139,5632,6.25,13,0,195.0,1
111173,5633,48.10,34,1,809.7,1
111192,5634,13.32,19,0,299.2,1
111205,5635,2.59,13,0,141.8,1
111225,5636,19.42,20,0,389.2,1
111238,5637,6.25,13,0,195.0,1
111251,5638,6.25,13,0,195.0,1
111264,5639,6.25,13,0,195.0,1
111277,5640,6.22,13,0,194.5,1
111290,5641,6.25,13,0,195.0,1
111309,5642,11.55,19,0,273.2,1
111322,5643,6.25,13,0,195.0,1
111343,5644,19.81,21,1,393.3,1
111364,5645,17.30,21,2,355.5,1
111385,5646,12.24,21,1,282.3,1
111396,5647,2.90,11,0,145.7,1
111409,5648,5.19,13,0,179.4,1
111428,5649,29.15,19,1,531.0,1
111441,5650,6.25,13,0,195.0,1
111466,5651,30.11,25,0,546.8,1
111491,5652,30.11,25,0,546.8,1
111504,5653,5.19,13,0,179.4,1
111515,5654,1.65,11,0,127.6,1
111528,5655,6.25,13,0,195.0,1
111541,5656,6.25,13,0,195.0,1
111553,5657,1.50,12,0,125.0,1
111589,5658,50.85,36,2,850.1,1
111601,5659,3.94,12,0,161.0,1
111621,5660,16.47,20,0,346.1,1
111640,5661,7.72,19,0,216.8,1
111661,5662,15.50,21,1,330.0,1
111673,5663,2.68,12,0,143.0,1
111694,5664,17.30,21,2,355.5,1
111706,5665,3.99,12,0,161.7,1
111731,5666,30.11,25,0,546.8,1
111744,5667,5.65,13,0,186.7,1
111757,5668,6.25,13,0,195.0,1
111794,5669,59.67,37,2,979.1,1
111816,5670,28.41,22,2,519.5,1
111846,5671,41.63,30,2,713.9,1
111866,5672,26.94,20,0,499.9,1
111878,5673,1.13,12,0,119.6,1
111890,5674,3.19,12,1,149.9,1
111903,5675,5.19,13,0,179.4,1
111924,5676,16.29,21,1,341.9,1
111937,5677,6.25,13,0,195.0,1
111950,5678,5.19,13,0,179.4,1
111963,5679,6.25,13,0,195.0,1
111997,5680,60.07,34,1,985.4,1
112009,5681,1.57,12,0,126.4,1
112027,5682,17.06,18,0,354.2,1
112040,5683,7.22,13,0,209.2,1
112059,5684,13.64,19,0,303.9,1
112079,5685,21.84,20,0,425.4,1
112091,5686,0.76,12,0,114.2,1
112126,5687,50.86,35,1,850.3,1
112138,5688,2.88,12,1,145.6,1
112160,5689,32.67,22,1,583.0,1
112172,5690,5.89,12,0,190.5,1
112194,5691,30.29,22,1,547.5,1
112214,5692,19.68,20,0,392.5,1
112226,5693,7.98,12,0,221.2,1
112239,5694,5.15,13,0,179.0,1
112252,5695,5.61,13,0,185.9,1
112286,5696,46.53,34,2,785.4,1
112305,5697,28.39,19,0,521.4,1
112317,5698,5.96,12,1,190.1,1
112336,5699,12.08,19,0,280.9,1
112349,5700,6.25,13,0,195.0,1
112362,5701,6.25,13,0,195.0,1
112375,5702,6.25,13,0,195.0,1
112388,5703,5.67,13,0,187.0,1
112401,5704,6.25,13,0,195.0,1
112432,5705,36.24,31,1,635.6,1
112453,5706,14.74,21,1,318.8,1
112465,5707,0.20,12,0,105.9,1
112476,5708,1.81,11,0,130.2,1
112495,5709,10.89,19,0,263.5,1
112508,5710,6.25,13,0,195.0,1
112529,5711,14.37,21,0,314.6,1
112542,5712,6.25,13,0,195.0,1
112580,5713,53.11,38,2,883.2,1
112599,5714,13.65,19,0,304.1,1
112611,5715,4.15,12,0,164.9,1
112624,5716,6.25,13,0,195.0,1
112637,5717,6.25,13,0,195.0,1
112661,5718,29.93,24,0,543.2,1
112695,5719,49.24,34,2,825.4,1
112715,5720,20.51,20,0,405.9,1
112728,5721,6.25,13,0,195.0,1
112741,5722,6.25,13,0,195.0,1
112759,5723,10.45,18,0,256.7,1
112794,5724,51.42,35,2,858.4,1
112807,5725,6.25,13,0,195.0,1
112827,5726,22.20,20,1,428.5,1
112839,5727,6.25,12,0,195.2,1
112851,5728,5.81,12,0,188.8,1
112864,5729,6.25,13,0,195.0,1
112883,5730,24.67,19,0,466.4,1
112896,5731,6.32,13,0,196.1,1
112909,5732,6.25,13,0,195.0,1
112929,5733,13.41,20,0,300.2,1
112952,5734,30.14,23,0,546.6,1
112963,5735,-1.11,11,0,87.9,1
112976,5736,6.25,13,0,195.0,1
112988,5737,1.76,12,0,129.9,1
113009,5738,26.48,21,1,491.8,1
113021,5739,7.99,12,0,220.5,1
113042,5740,16.34,21,0,343.6,1
113055,5741,6.25,13,0,195.0,1
113082,5742,41.76,27,1,716.1,1
113094,5743,0.52,12,0,111.8,1
113107,5744,6.25,13,0,195.0,1
113126,5745,15.30,19,0,328.3,1
113139,5746,4.19,13,0,164.6,1
113152,5747,6.25,13,0,195.0,1
113165,5748,5.19,13,0,179.4,1
113181,5749,18.64,16,0,378.1,1
113194,5750,6.25,13,0,195.0,1
113215,5751,15.17,21,1,325.1,1
113228,5752,6.25,13,0,195.0,1
113241,5753,9.10,13,0,237.1,1
113253,5754,2.10,12,0,133.9,1
113278,5755,29.27,25,1,532.8,1
113299,5756,24.05,21,0,457.7,1
113312,5757,6.25,13,0,195.0,1
113325,5758,4.45,13,1,167.5,1
113338,5759,5.19,13,0,179.4,1
113357,5760,24.15,19,0,459.3,1
113381,5761,28.38,24,0,520.7,1
113394,5762,6.25,13,0,195.0,1
113406,5763,1.20,12,0,121.5,1
113418,5764,-1.01,12,0,88.2,1
113431,5765,8.52,13,0,228.6,1
113449,5766,25.11,18,0,473.5,1
113462,5767,5.19,13,0,179.4,1
113475,5768,6.25,13,0,195.0,1
113511,5769,52.63,36,2,876.2,1
113530,5770,12.97,19,0,294.1,1
113565,5771,49.18,35,3,824.5,1
113577,5772,6.62,12,0,200.7,1
113589,5773,5.66,12,1,185.3,1
113620,5774,37.74,31,1,657.7,1
113633,5775,6.25,13,0,195.0,1
113658,5776,30.11,25,0,546.8,1
113671,5777,8.34,13,0,226.3,1
113684,5778,5.19,13,0,179.4,1
113697,5779,6.25,13,0,195.0,1
113715,5780,21.48,18,0,419.8,1
113733,5781,28.39,18,0,521.7,1
113754,5782,24.31,21,0,460.5,1
113767,5783,7.00,13,0,206.0,1
113780,5784,3.85,13,1,159.0,1
113801,5785,17.67,21,1,362.2,1
113814,5786,6.25,13,0,195.0,1
113835,5787,15.17,21,1,325.1,1
113846,5788,2.50,11,0,140.1,1
113859,5789,6.25,13,0,195.0,1
113871,5790,3.57,12,0,155.6,1
113892,5791,15.71,21,0,335.2,1
113905,5792,6.25,13,0,195.0,1
113918,5793,6.25,13,0,195.0,1
113931,5794,7.04,13,0,206.5,1
113952,5795,17.64,21,2,360.5,1
113965,5796,6.25,13,0,195.0,1
113978,5797,6.25,13,0,195.0,1
113991,5798,7.79,13,0,217.6,1
114004,5799,6.25,13,0,195.0,1
114017,5800,6.25,13,0,195.0,1
114029,5801,4.88,12,0,174.7,1
114041,5802,5.47,12,0,184.4,1
114054,5803,5.19,13,0,179.4,1
114067,5804,5.19,13,0,179.4,1
114080,5805,3.02,13,1,147.6,1
114092,5806,4.43,12,1,168.1,1
114114,5807,26.76,22,0,496.9,1
114150,5808,52.63,36,2,876.2,1
114162,5809,4.88,12,0,174.8,1
114175,5810,6.96,13,0,205.4,1
114187,5811,6.98,12,0,206.3,1
114208,5812,15.55,21,1,330.8,1
114221,5813,6.25,13,0,195.0,1
114234,5814,5.19,13,0,179.4,1
114255,5815,21.66,21,0,422.1,1
114268,5816,6.25,13,0,195.0,1
114289,5817,28.71,21,0,525.5,1
114300,5818,0.79,11,0,115.0,1
114312,5819,3.45,12,0,153.8,1
114333,5820,26.56,21,1,492.7,1
114357,5821,26.58,24,0,495.1,1
114375,5822,15.35,18,0,328.7,1
114388,5823,6.25,13,0,195.0,1
114400,5824,4.14,12,1,162.9,1
114421,5825,15.50,21,1,330.0,1
114445,5826,29.92,24,1,542.4,1
114466,5827,25.70,21,1,480.1,1
114488,5828,26.87,22,1,497.6,1
114519,5829,35.43,31,1,623.7,1
114532,5830,6.25,13,0,195.0,1
114553,5831,24.06,21,0,456.9,1
114566,5832,6.25,13,0,195.0,1
114587,5833,13.72,21,0,305.2,1
114608,5834,17.39,21,2,356.9,1
114620,5835,5.10,12,0,178.0,1
114641,5836,24.66,21,0,466.0,1
114662,5837,13.69,21,0,304.6,1
114674,5838,1.43,12,0,125.0,1
114708,5839,48.10,34,1,809.7,1
114728,5840,27.08,20,0,502.1,1
114741,5841,6.25,13,0,195.0,1
114754,5842,5.19,13,0,179.4,1
114776,5843,28.26,22,0,518.9,1
114789,5844,6.25,13,0,195.0,1
114801,5845,2.51,12,0,140.0,1
114821,5846,22.27,20,0,430.8,1
114842,5847,15.76,21,1,334.1,1
114864,5848,31.10,22,1,560.5,1
114877,5849,6.25,13,0,195.0,1
114890,5850,6.25,13,0,195.0,1
114903,5851,5.19,13,0,179.4,1
114924,5852,14.08,21,1,309.1,1
114937,5853,6.25,13,0,195.0,1
114950,5854,6.25,13,0,195.0,1
114985,5855,49.18,35,3,824.5,1
115016,5856,37.56,31,1,655.0,1
115047,5857,34.85,31,1,615.1,1
115059,5858,2.37,12,0,137.8,1
115071,5859,5.86,12,0,189.1,1
115084,5860,6.25,13,0,195.0,1
115097,5861,3.18,13,1,150.0,1
115110,5862,3.00,13,0,147.2,1
115123,5863,6.25,13,0,195.0,1
115136,5864,6.25,13,0,195.0,1
115157,5865,17.53,21,1,360.2,1
115168,5866,0.35,11,0,108.5,1
115192,5867,31.10,24,0,561.3,1
115223,5868,38.95,31,1,675.2,1
115248,5869,30.11,25,0,546.8,1
115265,5870,18.44,17,0,375.3,1
115283,5871,24.24,18,0,460.4,1
115302,5872,24.80,19,0,468.9,1
115323,5873,16.97,21,1,351.9,1
115342,5874,16.84,19,0,351.2,1
115366,5875,24.61,24,0,464.9,1
115386,5876,22.93,20,0,440.5,1
115398,5877,1.58,12,0,127.1,1
115415,5878,19.11,17,0,384.0,1
115444,5879,32.27,29,2,575.6,1
115465,5880,15.51,21,1,330.2,1
115478,5881,5.38,13,0,182.4,1
115499,5882,17.19,21,1,355.2,1
115512,5883,0.64,13,0,112.7,1
115533,5884,14.12,21,0,311.3,1
115544,5885,1.69,11,1,127.2,1
115557,5886,6.25,13,0,195.0,1
115583,5887,36.92,26,1,645.9,1
115596,5888,5.19,13,0,179.4,1
115609,5889,6.25,13,0,195.0,1
115622,5890,6.25,13,0,195.0,1
115635,5891,7.80,13,0,219.0,1
115648,5892,6.25,13,0,195.0,1
115667,5893,18.43,19,0,374.6,1
115678,5894,2.84,11,0,144.8,1
115699,5895,13.62,21,0,303.7,1
115720,5896,17.53,21,1,360.2,1
115733,5897,6.25,13,0,195.0,1
115764,5898,38.21,31,1,664.5,1
115785,5899,16.14,21,1,339.7,1
115805,5900,17.80,20,1,363.9,1
115836,5901,38.21,31,1,664.5,1
115857,5902,14.72,21,0,319.8,1
115877,5903,15.06,20,1,324.1,1
115890,5904,5.19,13,0,179.4,1
115902,5905,5.28,12,0,181.3,1
115923,5906,15.64,21,1,332.0,1
115934,5907,1.84,11,0,130.4,1
115947,5908,5.19,13,0,179.4,1
115959,5909,1.78,12,0,129.3,1
115980,5910,12.88,21,0,293.1,1
116001,5911,15.17,21,1,325.1,1
116022,5912,15.82,21,1,335.0,1
116046,5913,26.58,24,0,495.1,1
116057,5914,2.76,11,1,142.7,1
116069,5915,1.58,12,0,126.5,1
116090,5916,15.82,21,1,335.0,1
116103,5917,2.77,13,1,142.7,1
116115,5918,1.96,12,0,131.9,1
116139,5919,26.58,24,0,495.1,1
116152,5920,5.88,13,0,189.7,1
116164,5921,3.29,12,0,152.6,1
116177,5922,1.25,13,0,122.3,1
116189,5923,1.56,12,0,126.0,1
116219,5924,37.15,30,1,648.6,1
116239,5925,13.05,20,0,294.9,1
116252,5926,6.25,13,0,195.0,1
116264,5927,2.34,12,0,137.5,1
116276,5928,3.64,12,0,157.7,1
116297,5929,16.31,21,1,342.2,1
116321,5930,28.13,24,1,516.7,1
116334,5931,1.65,13,0,127.3,1
116347,5932,0.72,13,0,114.2,1
116367,5933,24.26,20,1,459.4,1
116380,5934,4.54,13,0,169.8,1
116391,5935,2.06,11,0,133.9,1
116404,5936,2.97,13,0,146.7,1
116435,5937,38.21,31,1,664.5,1
116456,5938,15.80,21,1,334.8,1
116476,5939,25.88,20,0,483.6,1
116511,5940,50.86,35,1,850.3,1
116524,5941,5.19,13,0,179.4,1
116545,5942,14.98,21,0,323.9,1
116564,5943,24.96,19,0,470.5,1
116577,5944,-0.30,13,0,98.9,1
116599,5945,28.06,22,0,516.6,1
116612,5946,4.15,13,1,163.4,1
116624,5947,3.63,12,0,156.5,1
116646,5948,29.40,22,0,535.9,1
116658,5949,6.24,12,0,195.7,1
116678,5950,22.87,20,0,439.9,1
116690,5951,4.25,12,0,165.6,1
116703,5952,6.25,13,0,195.0,1
116715,5953,2.16,12,0,135.4,1
116736,5954,25.64,21,1,479.1,1
116749,5955,6.25,13,0,195.0,1
116762,5956,6.25,13,0,195.0,1
116786,5957,25.41,24,0,476.8,1
116799,5958,6.25,13,0,195.0,1
116811,5959,5.15,12,0,179.1,1
116823,5960,1.21,12,0,120.8,1
116844,5961,16.13,21,1,339.5,1
116856,5962,1.31,12,0,123.1,1
116877,5963,14.52,21,0,316.9,1
116889,5964,1.23,12,0,121.2,1
116910,5965,16.21,21,2,339.4,1
116923,5966,6.25,13,0,195.0,1
116935,5967,4.48,12,1,167.9,1
116956,5968,23.15,21,0,443.6,1
116977,5969,26.90,21,0,499.0,1
117008,5970,37.44,31,1,653.2,1
117020,5971,6.35,12,0,197.3,1
117044,5972,26.58,24,0,495.1,1
117057,5973,6.25,13,0,195.0,1
117078,5974,14.75,21,0,320.2,1
117090,5975,3.21,12,0,151.2,1
117121,5976,38.62,31,1,670.6,1
117134,5977,6.25,13,0,195.0,1
117157,5978,28.78,23,0,526.8,1
117169,5979,2.17,12,0,134.9,1
117190,5980,30.54,21,0,552.1,1
117203,5981,4.34,13,1,165.9,1
117234,5982,37.42,31,1,652.9,1
117246,5983,5.21,12,1,178.9,1
117259,5984,6.25,13,0,195.0,1
117271,5985,5.02,12,0,177.4,1
117284,5986,6.25,13,0,195.0,1
117303,5987,26.89,19,0,498.8,1
117316,5988,6.25,13,0,195.0,1
117329,5989,6.25,13,0,195.0,1
117342,5990,6.25,13,0,195.0,1
117355,5991,4.23,13,0,165.6,1
117367,5992,2.76,12,0,143.6,1
117398,5993,37.24,31,1,650.3,1
117411,5994,6.25,13,0,195.0,1
117432,5995,25.14,21,0,473.0,1
117454,5996,26.13,22,0,487.6,1
117467,5997,4.26,13,0,165.7,1
117486,5998,13.49,19,0,301.8,1
117507,5999,16.84,21,1,350.1,1
117530,6000,23.68,23,1,450.3,1
117543,6001,7.59,13,0,215.3,1
117564,6002,12.62,21,1,288.3,1
117577,6003,7.37,13,0,211.7,1
117588,6004,4.67,11,0,172.3,1
117608,6005,17.55,20,0,361.2,1
117629,6006,18.49,21,0,375.8,1
117642,6007,8.69,13,0,231.8,1
117667,6008,28.84,25,2,525.7,1
117694,6009,30.84,27,0,556.9,1
117707,6010,3.07,13,1,147.3,1
117738,6011,38.76,31,1,672.1,1
117751,6012,6.25,13,0,195.0,1
117764,6013,4.60,13,0,170.7,1
117779,6014,11.45,15,0,271.5,1
117792,6015,6.25,13,0,195.0,1
117805,6016,6.75,13,0,202.5,1
117818,6017,5.19,13,0,179.4,1
117839,6018,15.64,21,1,332.0,1
117843,6019,-6.15,4,0,13.2,1
117856,6020,7.63,13,0,215.3,1
117869,6021,4.39,13,0,167.6,1
117889,6022,21.62,20,0,421.2,1
117902,6023,6.22,13,0,194.5,1
117938,6024,52.63,36,2,876.2,1
117960,6025,31.00,22,0,558.9,1
117973,6026,5.19,13,0,179.4,1
117985,6027,4.59,12,0,170.5,1
117997,6028,6.87,12,0,204.1,1
118009,6029,1.30,12,0,122.2,1
118029,6030,20.63,20,1,405.7,1
118042,6031,6.25,13,0,195.0,1
118055,6032,4.39,13,0,167.6,1
118068,6033,6.25,13,0,195.0,1
118089,6034,12.99,21,2,292.1,1
118120,6035,38.95,31,1,675.2,1
118133,6036,6.25,13,0,195.0,1
118153,6037,28.84,20,0,527.7,1
118166,6038,4.65,13,0,171.4,1
118179,6039,4.19,13,0,164.6,1
118192,6040,3.03,13,0,147.7,1
118217,6041,37.43,25,0,654.7,1
118230,6042,6.25,13,0,195.0,1
118242,6043,4.47,12,0,168.8,1
118255,6044,6.25,13,0,195.0,1
118286,6045,36.25,31,1,635.8,1
118299,6046,6.25,13,0,195.0,1
118321,6047,27.52,22,1,507.4,1
118341,6048,22.16,20,0,429.2,1
118364,6049,23.68,23,1,450.3,1
118385,6050,17.30,21,2,355.5,1
118397,6051,8.01,12,0,221.5,1
118409,6052,7.67,12,0,215.9,1
118435,6053,33.04,26,1,589.2,1
118448,6054,5.19,13,0,179.4,1
118483,6055,49.08,35,2,824.0,1
118504,6056,28.12,21,0,516.9,1
118526,6057,25.96,22,1,484.4,1
118539,6058,6.25,13,0,195.0,1
118551,6059,1.36,12,0,123.3,1
118563,6060,1.40,12,0,124.0,1
118583,6061,25.17,20,0,473.5,1
118604,6062,17.16,21,1,354.7,1
118617,6063,6.25,13,0,195.0,1
118629,6064,6.28,12,0,195.4,1
118642,6065,4.32,13,0,166.6,1
118663,6066,15.57,21,1,331.0,1
118694,6067,38.76,31,1,672.1,1
118715,6068,15.64,21,1,332.0,1
118738,6069,24.23,23,0,459.4,1
118758,6070,18.82,20,0,379.8,1
118777,6071,20.75,19,0,408.4,1
118790,6072,6.25,13,0,195.0,1
118803,6073,6.25,13,0,195.0,1
118816,6074,6.25,13,0,195.0,1
118829,6075,5.32,13,1,180.9,1
118842,6076,5.16,13,0,179.8,1
118873,6077,38.95,31,1,675.2,1
118894,6078,26.57,21,0,494.1,1
118928,6079,48.10,34,1,809.7,1
118940,6080,5.51,12,0,184.1,1
118952,6081,5.10,12,0,178.4,1
118965,6082,6.25,13,0,195.0,1
118977,6083,2.87,12,0,145.9,1
118998,6084,17.30,21,2,355.5,1
119020,6085,25.76,22,0,482.4,1
119033,6086,6.25,13,0,195.0,1
119055,6087,19.67,22,0,392.6,1
119089,6088,48.10,34,1,809.7,1
119114,6089,30.11,25,0,546.8,1
119139,6090,30.11,25,0,546.8,1
119152,6091,5.15,13,1,178.4,1
119169,6092,21.60,17,0,421.9,1
119182,6093,3.87,13,1,159.8,1
119202,6094,27.50,20,1,506.8,1
119215,6095,7.20,13,0,209.6,1
119228,6096,6.25,13,0,195.0,1
119241,6097,6.25,13,0,195.0,1
119254,6098,5.19,13,0,179.4,1
119285,6099,38.21,31,1,664.5,1
119315,6100,37.45,30,1,653.0,1
119328,6101,6.25,13,0,195.0,1
119341,6102,5.19,13,0,179.4,1
119354,6103,6.25,13,0,195.0,1
119376,6104,28.72,22,0,525.4,1
119397,6105,31.20,21,0,562.1,1
119410,6106,6.25,13,0,195.0,1
119422,6107,3.05,12,0,147.9,1
119435,6108,6.25,13,0,195.0,1
119463,6109,34.96,28,2,615.3,1
119474,6110,3.66,11,0,157.7,1
119499,6111,30.11,25,0,546.8,1
119512,6112,6.25,13,0,195.0,1
119525,6113,6.25,13,0,195.0,1
119538,6114,5.19,13,0,179.4,1
119560,6115,23.42,22,0,448.3,1
119571,6116,3.51,11,0,155.6,1
119593,6117,26.38,22,0,491.6,1
119606,6118,7.06,13,0,208.1,1
119619,6119,6.25,13,0,195.0,1
119632,6120,4.07,13,0,162.9,1
119645,6121,6.25,13,0,195.0,1
119668,6122,26.88,23,0,499.0,1
119681,6123,11.33,13,0,270.6,1
119702,6124,17.39,21,2,356.9,1
119721,6125,26.77,19,0,497.0,1
119734,6126,6.25,13,0,195.0,1
119761,6127,36.68,27,1,641.4,1
119774,6128,4.94,13,1,175.0,1
119786,6129,4.87,12,0,174.9,1
119799,6130,8.49,13,0,228.5,1
119812,6131,6.25,13,0,195.0,1
119833,6132,24.62,21,0,465.4,1
119846,6133,7.76,13,0,217.8,1
119858,6134,2.68,12,0,142.5,1
119870,6135,2.56,12,1,140.0,1
119883,6136,6.25,13,0,195.0,1
119895,6137,7.33,12,0,211.2,1
119908,6138,6.25,13,0,195.0,1
119921,6139,5.19,13,0,179.4,1
119942,6140,16.21,21,2,339.4,1
119955,6141,6.25,13,0,195.0,1
119968,6142,6.25,13,0,195.0,1
120002,6143,48.10,34,1,809.7,1
120015,6144,6.25,13,0,195.0,1
120049,6145,48.10,34,1,809.7,1
120062,6146,6.25,13,0,195.0,1
120075,6147,6.25,13,0,195.0,1
120088,6148,6.25,13,0,195.0,1
120101,6149,6.25,13,0,195.0,1
120114,6150,6.03,13,0,192.3,1
120127,6151,6.25,13,0,195.0,1
120140,6152,6.25,13,0,195.0,1
120175,6153,51.42,35,2,858.4,1
120188,6154,6.25,13,0,195.0,1
120201,6155,6.25,13,0,195.0,1
120235,6156,48.10,34,1,809.7,1
120248,6157,6.25,13,0,195.0,1
120261,6158,7.53,13,0,214.3,1
120274,6159,6.25,13,0,195.0,1
120293,6160,18.49,19,2,373.5,1
120306,6161,6.25,13,0,195.0,1
120326,6162,30.74,20,1,554.1,1
120349,6163,25.95,23,0,485.8,1
120362,6164,3.32,13,1,151.8,1
120382,6165,15.82,20,1,334.7,1
120395,6166,6.54,13,0,200.1,1
120406,6167,3.16,11,0,149.8,1
120419,6168,6.25,13,0,195.0,1
120431,6169,3.53,12,1,154.0,1
120444,6170,5.19,13,0,179.4,1
120457,6171,6.25,13,0,195.0,1
120477,6172,26.13,20,0,487.4,1
120498,6173,17.64,21,2,360.5,1
120511,6174,6.25,13,0,195.0,1
120523,6175,6.42,12,0,197.4,1
120542,6176,17.04,19,0,354.2,1
120555,6177,6.25,13,0,195.0,1
120568,6178,6.25,13,0,195.0,1
120581,6179,6.68,13,0,201.5,1
120594,6180,6.25,13,0,195.0,1
120607,6181,6.76,13,0,202.4,1
120620,6182,6.25,13,0,195.0,1
120633,6183,7.44,13,0,213.4,1
120664,6184,35.51,31,1,624.8,1
120677,6185,8.36,13,0,226.6,1
120690,6186,6.25,13,0,195.0,1
120702,6187,6.15,12,0,193.8,1
120715,6188,6.25,13,0,195.0,1
120728,6189,6.25,13,0,195.0,1
120741,6190,6.25,13,0,195.0,1
120753,6191,5.35,12,0,181.8,1
120766,6192,6.25,13,0,195.0,1
120802,6193,52.63,36,2,876.2,1
120823,6194,17.64,21,2,360.5,1
120836,6195,6.25,13,0,195.0,1
120858,6196,27.95,22,0,514.3,1
120871,6197,6.25,13,0,195.0,1
120884,6198,6.25,13,0,195.0,1
120897,6199,6.25,13,0,195.0,1
120910,6200,5.19,13,0,179.4,1
120923,6201,5.57,13,0,185.6,1
120936,6202,5.19,13,0,179.4,1
120954,6203,18.52,18,0,375.3,1
120985,6204,38.36,31,1,666.8,1
120997,6205,4.92,12,0,175.4,1
121018,6206,15.17,21,1,325.1,1
121031,6207,3.58,13,1,155.6,1
121050,6208,24.81,19,0,469.1,1
121062,6209,4.05,12,1,161.7,1
121075,6210,6.25,13,0,195.0,1
121088,6211,5.19,13,0,179.4,1
121101,6212,7.06,13,0,207.5,1
121125,6213,27.84,24,0,512.4,1
121138,6214,6.25,13,0,195.0,1
121173,6215,49.18,35,3,824.5,1
121191,6216,24.35,18,0,461.4,1
121213,6217,27.27,22,0,504.6,1
121226,6218,6.25,13,0,195.0,1
121245,6219,22.55,19,0,435.6,1
121266,6220,14.42,21,0,315.4,1
121279,6221,6.25,13,0,195.0,1
121299,6222,28.64,20,0,524.6,1
121312,6223,6.25,13,0,195.0,1
121325,6224,6.25,13,0,195.0,1
121337,6225,3.47,12,0,154.6,1
121350,6226,4.43,13,0,168.5,1
121363,6227,6.25,13,0,195.0,1
121376,6228,5.19,13,0,179.4,1
121410,6229,49.24,34,2,825.4,1
121431,6230,17.30,21,2,355.5,1
121462,6231,36.25,31,1,635.8,1
121480,6232,14.90,18,0,322.4,1
121492,6233,4.24,12,0,165.4,1
121505,6234,6.25,13,0,195.0,1
121518,6235,7.86,13,0,218.6,1
121530,6236,5.30,12,0,181.0,1
121543,6237,5.51,13,0,185.0,1
121577,6238,49.24,34,2,825.4,1
121589,6239,4.88,12,0,174.8,1
121602,6240,6.25,13,0,195.0,1
121615,6241,6.25,13,0,195.0,1
121636,6242,29.21,21,0,532.7,1
121657,6243,16.96,21,2,350.6,1
121670,6244,6.25,13,0,195.0,1
121683,6245,6.25,13,0,195.0,1
121707,6246,32.93,24,0,587.3,1
121720,6247,6.25,13,0,195.0,1
121733,6248,6.25,13,0,195.0,1
121752,6249,24.90,19,0,469.3,1
121764,6250,4.95,12,1,174.8,1
121785,6251,17.17,21,1,354.9,1
121803,6252,24.37,18,0,462.1,1
121815,6253,3.99,12,1,161.3,1
121834,6254,18.77,19,0,379.3,1
121846,6255,1.28,12,0,122.1,1
121858,6256,7.51,12,0,213.8,1
121870,6257,3.85,12,0,160.5,1
121883,6258,6.25,13,0,195.0,1
121908,6259,38.80,25,1,672.7,1
121921,6260,4.39,13,0,167.6,1
121934,6261,6.25,13,0,195.0,1
121947,6262,6.25,13,0,195.0,1
121960,6263,4.96,13,1,175.6,1
121971,6264,6.74,11,0,202.2,1
121984,6265,6.25,13,0,195.0,1
121997,6266,6.25,13,0,195.0,1
122010,6267,6.25,13,0,195.0,1
122023,6268,6.25,13,0,195.0,1
122036,6269,6.25,13,0,195.0,1
122056,6270,24.21,20,0,459.0,1
122069,6271,6.25,13,0,195.0,1
122082,6272,6.25,13,0,195.0,1
122102,6273,21.16,20,1,413.8,1
122125,6274,31.63,23,0,568.1,1
122138,6275,6.25,13,0,195.0,1
122151,6276,8.82,13,0,233.0,1
122171,6277,25.52,20,0,478.3,1
122182,6278,4.65,11,1,170.7,1
122202,6279,22.90,20,0,440.1,1
122215,6280,6.25,13,0,195.0,1
122235,6281,25.71,20,0,481.2,1
122254,6282,27.20,19,0,503.9,1
122266,6283,3.60,12,1,155.0,1
122284,6284,26.30,18,0,490.6,1
122295,6285,1.51,11,0,125.2,1
122308,6286,6.25,13,0,195.0,1
122337,6287,47.05,29,1,794.0,1
122349,6288,1.42,12,0,124.6,1
122360,6289,0.63,11,0,112.9,1
122377,6290,22.61,17,0,435.5,1
122390,6291,6.57,13,0,199.6,1
122403,6292,6.25,13,0,195.0,1
122416,6293,6.25,13,0,195.0,1
122429,6294,6.25,13,0,195.0,1
122442,6295,6.25,13,0,195.0,1
122463,6296,27.40,21,1,505.9,1
122475,6297,3.98,12,1,161.5,1
122488,6298,6.25,13,0,195.0,1
122491,6299,-7.49,3,0,0.8,1
122503,6300,6.84,12,0,203.9,1
122516,6301,7.75,13,0,217.0,1
122529,6302,6.25,13,0,195.0,1
122542,6303,5.19,13,0,179.4,1
122563,6304,15.64,21,1,332.0,1
122576,6305,5.63,13,0,185.9,1
122588,6306,5.28,12,0,180.8,1
122609,6307,19.29,21,0,387.5,1
122633,6308,29.06,24,0,530.6,1
122646,6309,5.19,13,0,179.4,1
122659,6310,5.60,13,0,186.1,1
122670,6311,5.66,11,0,186.6,1
122683,6312,6.25,13,0,195.0,1
122704,6313,23.85,21,1,453.0,1
122717,6314,5.19,13,0,179.4,1
122730,6315,6.25,13,0,195.0,1
122743,6316,6.59,13,0,199.9,1
122763,6317,27.23,20,1,502.5,1
122784,6318,26.82,21,1,496.5,1
122807,6319,29.37,23,1,534.9,1
122820,6320,6.25,13,0,195.0,1
122841,6321,16.35,21,1,342.8,1
122854,6322,6.25,13,0,195.0,1
122867,6323,6.25,13,0,195.0,1
122887,6324,21.35,20,0,417.4,1
122900,6325,7.14,13,0,208.3,1
122912,6326,3.80,12,0,158.9,1
122935,6327,35.37,23,1,622.2,1
122948,6328,6.25,13,0,195.0,1
122961,6329,6.25,13,0,195.0,1
122982,6330,16.65,21,2,345.9,1
122993,6331,5.68,11,0,186.6,1
123015,6332,29.87,22,0,542.5,1
123028,6333,6.25,13,0,195.0,1
123054,6334,39.85,26,2,688.0,1
123079,6335,30.11,25,0,546.8,1
123100,6336,17.01,21,1,352.5,1
123104,6337,-7.88,4,0,1.4,1
123117,6338,6.25,13,0,195.0,1
123128,6339,2.30,11,0,137.7,1
123141,6340,2.24,13,0,137.1,1
123154,6341,6.25,13,0,195.0,1
123167,6342,8.84,13,0,233.9,1
123180,6343,6.25,13,0,195.0,1
123192,6344,-4.97,12,0,30.5,1
123205,6345,6.25,13,0,195.0,1
123218,6346,6.25,13,0,195.0,1
123229,6347,3.97,11,0,161.5,1
123240,6348,4.67,11,0,172.5,1
123253,6349,5.19,13,0,179.4,1
123266,6350,3.90,13,1,160.0,1
123286,6351,20.07,20,1,398.1,1
123299,6352,6.25,13,0,195.0,1
123312,6353,6.25,13,0,195.0,1
123325,6354,6.25,13,0,195.0,1
123348,6355,32.74,23,0,585.1,1
123360,6356,3.92,12,0,160.7,1
123373,6357,6.25,13,0,195.0,1
123386,6358,6.25,13,0,195.0,1
123399,6359,6.25,13,0,195.0,1
123412,6360,10.00,13,0,250.1,1
123446,6361,48.10,34,1,809.7,1
123458,6362,4.71,12,0,172.8,1
123471,6363,6.25,13,0,195.0,1
123496,6364,30.11,25,0,546.8,1
123509,6365,6.25,13,0,195.0,1
123522,6366,6.25,13,0,195.0,1
123535,6367,6.25,13,0,195.0,1
123548,6368,6.25,13,0,195.0,1
123561,6369,8.62,13,0,230.4,1
123573,6370,4.16,12,0,164.4,1
123593,6371,24.40,20,0,462.7,1
123610,6372,14.21,17,0,312.9,1
123623,6373,6.25,13,0,195.0,1
123643,6374,22.65,20,0,436.5,1
123661,6375,22.19,18,0,429.4,1
123674,6376,6.25,13,0,195.0,1
123692,6377,21.57,18,0,420.2,1
123705,6378,6.25,13,0,195.0,1
123718,6379,6.25,13,0,195.0,1
123739,6380,26.70,21,0,495.7,1
123760,6381,16.21,21,2,339.4,1
123782,6382,25.18,22,0,473.8,1
123801,6383,24.00,19,0,456.6,1
123812,6384,3.20,11,0,150.1,1
123825,6385,6.25,13,0,195.0,1
123838,6386,6.25,13,0,195.0,1
123851,6387,6.25,13,0,195.0,1
123880,6388,40.48,29,1,698.5,1
123900,6389,16.25,20,1,341.7,1
123920,6390,28.17,20,0,517.5,1
123933,6391,6.25,13,0,195.0,1
123945,6392,6.91,12,0,204.9,1
123958,6393,7.04,13,0,206.9,1
123980,6394,28.07,22,1,515.5,1
123993,6395,8.78,13,0,233.0,1
124011,6396,20.40,18,0,403.1,1
124024,6397,6.25,13,0,195.0,1
124037,6398,6.25,13,0,195.0,1
124050,6399,1.76,13,0,128.9,1
124063,6400,6.25,13,0,195.0,1
124076,6401,11.25,13,0,268.4,1
124109,6402,54.70,33,1,906.5,1
124128,6403,20.81,19,1,408.7,1
124149,6404,16.21,21,2,339.4,1
124162,6405,7.50,13,0,213.4,1
124173,6406,1.94,11,1,131.2,1
124185,6407,10.25,12,0,254.7,1
124198,6408,6.25,13,0,195.0,1
124211,6409,6.25,13,0,195.0,1
124231,6410,25.21,20,0,473.8,1
124244,6411,6.25,13,0,195.0,1
124264,6412,24.27,20,0,460.0,1
124275,6413,-1.17,11,0,85.9,1
124294,6414,28.92,19,0,529.2,1
124307,6415,5.19,13,0,179.4,1
124320,6416,6.25,13,0,195.0,1
124333,6417,6.25,13,0,195.0,1
124353,6418,26.42,20,0,491.6,1
124364,6419,5.35,11,1,180.8,1
124382,6420,22.73,18,0,437.9,1
124406,6421,31.08,24,0,560.6,1
124429,6422,31.43,23,1,564.9,1
124442,6423,6.25,13,0,195.0,1
124455,6424,6.25,13,0,195.0,1
124468,6425,7.87,13,0,219.3,1
124481,6426,5.19,13,0,179.4,1
124494,6427,6.25,13,0,195.0,1
124507,6428,6.25,13,0,195.0,1
124520,6429,6.25,13,0,195.0,1
124533,6430,6.25,13,0,195.0,1
124552,6431,22.19,19,0,429.7,1
124565,6432,6.25,13,0,195.0,1
124581,6433,13.23,16,1,297.2,1
124594,6434,6.25,13,0,195.0,1
124607,6435,6.25,13,0,195.0,1
124620,6436,6.25,13,0,195.0,1
124633,6437,0.28,13,0,108.0,1
124644,6438,4.61,11,0,170.8,1
124657,6439,6.25,13,0,195.0,1
124670,6440,6.25,13,0,195.0,1
124683,6441,6.25,13,0,195.0,1
124696,6442,6.25,13,0,195.0,1
124731,6443,51.42,35,2,858.4,1
124752,6444,26.13,21,0,488.1,1
124764,6445,5.80,12,0,188.3,1
124777,6446,5.19,13,0,179.4,1
124790,6447,6.25,13,0,195.0,1
124803,6448,6.25,13,0,195.0,1
124815,6449,8.81,12,0,233.1,1
124827,6450,1.86,12,0,130.9,1
124840,6451,6.25,13,0,195.0,1
124858,6452,24.17,18,0,459.4,1
124870,6453,5.23,12,0,180.0,1
124883,6454,6.25,13,0,195.0,1
124896,6455,6.25,13,0,195.0,1
124908,6456,2.54,12,0,140.6,1
124921,6457,6.25,13,0,195.0,1
124946,6458,30.11,25,0,546.8,1
124959,6459,6.25,13,0,195.0,1
124971,6460,2.93,12,0,146.4,1
124983,6461,7.15,12,0,208.7,1
124996,6462,6.25,13,0,195.0,1
125016,6463,27.06,20,0,501.0,1
125029,6464,6.25,13,0,195.0,1
125050,6465,28.29,21,0,519.0,1
125063,6466,3.89,13,1,160.4,1
125076,6467,4.32,13,0,166.6,1
125089,6468,6.25,13,0,195.0,1
125107,6469,25.38,18,0,477.2,1
125119,6470,8.50,12,0,229.3,1
125140,6471,24.98,21,0,470.7,1
125160,6472,29.57,20,1,536.9,1
125173,6473,5.19,13,0,179.4,1
125186,6474,6.25,13,0,195.0,1
125199,6475,6.25,13,0,195.0,1
125224,6476,30.11,25,0,546.8,1
125237,6477,8.35,13,0,225.9,1
125250,6478,6.25,13,0,195.0,1
125263,6479,1.70,13,0,128.9,1
125297,6480,48.10,34,1,809.7,1
125310,6481,5.00,13,1,175.6,1
125335,6482,30.11,25,0,546.8,1
125356,6483,16.21,21,2,339.4,1
125387,6484,55.34,31,1,916.2,1
125400,6485,6.25,13,0,195.0,1
125413,6486,5.19,13,0,179.4,1
125437,6487,26.58,24,0,495.1,1
125458,6488,29.35,21,0,534.9,1
125471,6489,8.71,13,0,231.4,1
125484,6490,6.25,13,0,195.0,1
125497,6491,6.25,13,0,195.0,1
125532,6492,51.42,35,2,858.4,1
125544,6493,4.47,12,1,168.7,1
125557,6494,6.25,13,0,195.0,1
125570,6495,6.25,13,0,195.0,1
125583,6496,6.25,13,0,195.0,1
125596,6497,5.43,13,0,183.2,1
125632,6498,52.63,36,2,876.2,1
125662,6499,52.71,30,1,878.4,1
125675,6500,6.25,13,0,195.0,1
125696,6501,26.66,21,1,494.7,1
125709,6502,7.83,13,0,218.5,1
125722,6503,6.25,13,0,195.0,1
125735,6504,6.25,13,0,195.0,1
125748,6505,6.25,13,0,195.0,1
125761,6506,6.25,13,0,195.0,1
125774,6507,6.25,13,0,195.0,1
125787,6508,5.19,13,0,179.4,1
125799,6509,-0.23,12,0,100.2,1
125819,6510,23.32,20,1,445.0,1
125832,6511,6.25,13,0,195.0,1
125845,6512,6.65,13,0,201.1,1
125858,6513,6.25,13,0,195.0,1
125871,6514,6.25,13,0,195.0,1
125884,6515,6.25,13,0,195.0,1
125895,6516,0.85,11,0,115.5,1
125908,6517,6.25,13,0,195.0,1
125921,6518,6.25,13,0,195.0,1
125942,6519,12.60,21,1,288.0,1
125955,6520,6.25,13,0,195.0,1
125986,6521,36.24,31,1,635.6,1
126008,6522,27.32,22,1,503.8,1
126020,6523,4.53,12,1,168.7,1
126033,6524,6.14,13,0,193.4,1
126046,6525,8.50,13,0,228.1,1
126059,6526,7.74,13,0,216.9,1
126072,6527,6.25,13,0,195.0,1
126085,6528,5.19,13,0,179.4,1
126119,6529,48.10,34,1,809.7,1
126131,6530,5.79,12,1,187.1,1
126144,6531,3.27,13,0,152.3,1
126156,6532,1.92,12,1,130.8,1
126180,6533,29.54,24,1,536.8,1
126205,6534,30.11,25,0,546.8,1
126218,6535,10.75,13,0,262.0,1
126241,6536,26.70,23,0,496.2,1
126254,6537,7.66,13,0,215.6,1
126277,6538,30.51,23,0,552.5,1
126289,6539,6.00,12,0,192.5,1
126314,6540,30.11,25,0,546.8,1
126333,6541,22.68,19,0,436.6,1
126352,6542,19.70,19,0,393.6,1
126365,6543,4.96,13,0,176.5,1
126378,6544,5.19,13,0,179.4,1
126390,6545,4.50,12,0,169.3,1
126403,6546,6.25,13,0,195.0,1
126416,6547,6.25,13,0,195.0,1
126434,6548,24.87,18,0,469.1,1
126447,6549,6.25,13,0,195.0,1
126460,6550,6.25,13,0,195.0,1
126473,6551,6.25,13,0,195.0,1
126493,6552,17.92,20,2,364.6,1
126506,6553,6.25,13,0,195.0,1
126542,6554,52.63,36,2,876.2,1
126563,6555,17.39,21,2,356.9,1
126583,6556,21.42,20,0,418.0,1
126595,6557,2.75,12,1,142.5,1
126618,6558,28.62,23,1,523.2,1
126640,6559,31.85,22,1,570.5,1
126652,6560,7.47,12,0,212.8,1
126664,6561,6.06,12,0,192.5,1
126685,6562,27.69,21,0,511.1,1
126696,6563,1.43,11,0,124.7,1
126708,6564,5.04,12,0,177.2,1
126729,6565,16.21,21,2,339.4,1
126750,6566,20.34,21,1,401.2,1
126763,6567,6.25,13,0,195.0,1
126776,6568,6.25,13,0,195.0,1
126801,6569,30.11,25,0,546.8,1
126821,6570,18.01,20,0,368.2,1
126834,6571,6.25,13,0,195.0,1
126850,6572,22.05,16,0,427.6,1
126863,6573,6.25,13,0,195.0,1
126875,6574,4.42,12,1,167.1,1
126894,6575,23.94,19,0,455.4,1
126907,6576,8.03,13,0,221.4,1
126918,6577,4.27,11,0,166.2,1
126938,6578,21.68,20,1,420.9,1
126958,6579,23.40,20,0,447.7,1
126971,6580,6.25,13,0,195.0,1
126983,6581,6.07,12,0,192.6,1
127014,6582,51.06,31,1,853.6,1
127026,6583,5.66,12,1,185.3,1
127038,6584,2.25,12,0,136.1,1
127061,6585,29.47,23,1,535.7,1
127087,6586,29.30,26,0,534.5,1
127100,6587,6.25,13,0,195.0,1
127113,6588,6.25,13,0,195.0,1
127126,6589,6.25,13,0,195.0,1
127139,6590,6.25,13,0,195.0,1
127152,6591,6.25,13,0,195.0,1
127165,6592,6.25,13,0,195.0,1
127178,6593,6.25,13,0,195.0,1
127189,6594,3.00,11,0,147.5,1
127202,6595,10.76,13,0,261.6,1
127214,6596,5.89,12,0,189.9,1
127227,6597,6.25,13,0,195.0,1
127240,6598,6.25,13,0,195.0,1
127253,6599,8.80,13,0,233.0,1
127266,6600,8.84,13,0,233.3,1
127279,6601,6.25,13,0,195.0,1
127292,6602,6.25,13,0,195.0,1
127305,6603,6.25,13,0,195.0,1
127325,6604,23.56,20,1,448.5,1
127338,6605,6.25,13,0,195.0,1
127351,6606,6.25,13,0,195.0,1
127364,6607,6.25,13,0,195.0,1
127377,6608,6.25,13,0,195.0,1
127408,6609,52.41,31,1,873.9,1
127421,6610,6.25,13,0,195.0,1
127434,6611,6.25,13,0,195.0,1
127447,6612,5.19,13,0,179.4,1
127465,6613,25.97,18,0,486.2,1
127478,6614,6.25,13,0,195.0,1
127491,6615,6.25,13,0,195.0,1
127503,6616,2.50,12,0,139.8,1
127523,6617,28.66,20,1,524.6,1
127536,6618,6.25,13,0,195.0,1
127549,6619,6.25,13,0,195.0,1
127567,6620,21.24,18,0,416.0,1
127580,6621,6.25,13,0,195.0,1
127593,6622,8.49,13,0,227.9,1
127606,6623,6.25,13,0,195.0,1
127619,6624,7.57,13,0,214.3,1
127632,6625,6.25,13,0,195.0,1
127662,6626,46.86,30,1,791.8,1
127673,6627,3.09,11,0,148.5,1
127686,6628,6.25,13,0,195.0,1
127705,6629,19.69,19,0,393.5,1
127717,6630,4.51,12,0,170.0,1
127728,6631,1.84,11,0,130.1,1
127740,6632,4.22,12,0,166.3,1
127765,6633,32.98,25,1,587.7,1
127778,6634,8.07,13,0,221.8,1
127791,6635,6.25,13,0,195.0,1
127802,6636,3.16,11,1,148.5,1
127827,6637,30.11,25,0,546.8,1
127839,6638,8.49,12,0,227.9,1
127852,6639,6.25,13,0,195.0,1
127865,6640,6.25,13,0,195.0,1
127878,6641,6.25,13,0,195.0,1
127891,6642,7.46,13,0,213.4,1
127911,6643,28.98,20,2,527.3,1
127924,6644,6.25,13,0,195.0,1
127937,6645,6.25,13,0,195.0,1
127949,6646,3.87,12,1,160.2,1
127962,6647,5.19,13,0,179.4,1
127975,6648,6.20,13,0,195.3,1
127988,6649,6.25,13,0,195.0,1
128017,6650,47.95,29,2,806.2,1
128030,6651,6.25,13,0,195.0,1
128043,6652,6.25,13,0,195.0,1
128056,6653,6.60,13,0,201.3,1
128069,6654,8.26,13,0,224.4,1
128082,6655,8.73,13,0,232.0,1
128103,6656,15.50,21,1,330.0,1
128116,6657,6.25,13,0,195.0,1
128129,6658,6.25,13,0,195.0,1
128142,6659,6.25,13,0,195.0,1
128161,6660,16.69,19,0,349.4,1
128174,6661,5.19,13,0,179.4,1
128185,6662,1.60,11,1,126.2,1
128217,6663,55.53,32,1,919.5,1
128240,6664,30.81,23,1,555.2,1
128252,6665,4.12,12,0,163.7,1
128265,6666,6.25,13,0,195.0,1
128278,6667,6.25,13,0,195.0,1
128305,6668,39.82,27,1,688.6,1
128318,6669,6.25,13,0,195.0,1
128331,6670,4.32,13,0,166.6,1
128352,6671,30.00,21,1,543.2,1
128370,6672,15.63,18,0,332.9,1
128405,6673,51.42,35,2,858.4,1
128418,6674,6.25,13,0,195.0,1
128431,6675,7.70,13,0,216.9,1
128454,6676,28.55,23,1,522.6,1
128476,6677,26.15,22,0,487.5,1
128489,6678,6.25,13,0,195.0,1
128502,6679,6.25,13,0,195.0,1
128515,6680,6.25,13,0,195.0,1
128533,6681,15.73,18,0,335.0,1
128546,6682,6.25,13,0,195.0,1
128558,6683,4.40,12,0,168.1,1
128571,6684,7.39,13,0,211.7,1
128583,6685,6.56,12,0,200.1,1
128596,6686,6.25,13,0,195.0,1
128609,6687,6.25,13,0,195.0,1
128622,6688,6.25,13,0,195.0,1
128635,6689,6.25,13,0,195.0,1
128654,6690,22.31,19,0,431.1,1
128667,6691,0.68,13,0,113.0,1
128680,6692,6.25,13,0,195.0,1
128693,6693,6.25,13,0,195.0,1
128706,6694,6.25,13,0,195.0,1
128719,6695,6.25,13,0,195.0,1
128732,6696,6.25,13,0,195.0,1
128753,6697,22.53,21,0,435.3,1
128766,6698,6.25,13,0,195.0,1
128785,6699,22.29,19,0,430.9,1
128798,6700,8.61,13,0,229.7,1
128811,6701,5.34,13,0,182.2,1
128824,6702,6.25,13,0,195.0,1
128858,6703,49.24,34,2,825.4,1
128892,6704,48.10,34,1,809.7,1
128926,6705,52.53,34,1,874.5,1
128939,6706,6.25,13,0,195.0,1
128952,6707,7.83,13,0,218.5,1
128973,6708,17.24,21,1,356.2,1
128997,6709,33.83,24,0,601.8,1
129009,6710,4.19,12,0,165.2,1
129033,6711,27.81,24,0,512.3,1
129053,6712,20.40,20,0,404.2,1
129066,6713,7.36,13,0,212.2,1
129079,6714,6.25,13,0,195.0,1
129092,6715,6.25,13,0,195.0,1
129105,6716,6.25,13,0,195.0,1
129141,6717,52.63,36,2,876.2,1
129154,6718,6.25,13,0,195.0,1
129167,6719,6.25,13,0,195.0,1
129201,6720,48.10,34,1,809.7,1
129222,6721,22.43,21,1,431.9,1
129235,6722,6.25,13,0,195.0,1
129248,6723,6.25,13,0,195.0,1
129261,6724,6.25,13,0,195.0,1
129274,6725,6.25,13,0,195.0,1
129286,6726,5.44,12,0,183.1,1
129299,6727,6.25,13,0,195.0,1
129311,6728,5.03,12,0,177.4,1
129342,6729,38.95,31,1,675.2,1
129355,6730,6.25,13,0,195.0,1
129368,6731,6.25,13,0,195.0,1
129381,6732,6.25,13,0,195.0,1
129394,6733,6.25,13,0,195.0,1
129407,6734,6.25,13,0,195.0,1
129427,6735,25.99,20,0,485.5,1
129440,6736,5.19,13,0,179.4,1
129464,6737,32.04,24,0,574.8,1
129476,6738,7.40,12,0,211.9,1
129489,6739,6.25,13,0,195.0,1
129502,6740,6.25,13,0,195.0,1
129527,6741,30.11,25,0,546.8,1
129538,6742,-0.13,11,0,101.1,1
129550,6743,5.38,12,0,182.8,1
129563,6744,6.25,13,0,195.0,1
129576,6745,6.25,13,0,195.0,1
129588,6746,4.11,12,0,164.1,1
129612,6747,26.46,24,0,493.0,1
129625,6748,9.30,13,0,239.8,1
129644,6749,17.08,19,0,354.5,1
129657,6750,6.25,13,0,195.0,1
129670,6751,6.25,13,0,195.0,1
129682,6752,6.35,12,0,196.8,1
129701,6753,26.26,19,0,490.1,1
129719,6754,24.32,18,0,461.2,1
129732,6755,6.25,13,0,195.0,1
129745,6756,6.25,13,0,195.0,1
129756,6757,4.10,11,0,163.4,1
129769,6758,7.95,13,0,220.2,1
129780,6759,5.10,11,0,178.1,1
129793,6760,6.25,13,0,195.0,1
129815,6761,27.62,22,0,510.1,1
129828,6762,8.51,13,0,228.2,1
129839,6763,6.60,11,0,200.4,1
129852,6764,9.36,13,0,241.0,1
129871,6765,24.17,19,0,458.5,1
129884,6766,7.02,13,0,206.6,1
129897,6767,6.25,13,0,195.0,1
129926,6768,50.18,29,1,840.0,1
129939,6769,6.25,13,0,195.0,1
129952,6770,6.25,13,0,195.0,1
129965,6771,6.25,13,0,195.0,1
129978,6772,6.25,13,0,195.0,1
129991,6773,6.25,13,0,195.0,1
130004,6774,4.39,13,0,167.6,1
130017,6775,6.25,13,0,195.0,1
130046,6776,45.79,29,1,775.7,1
130059,6777,5.19,13,0,179.4,1
130093,6778,48.10,34,1,809.7,1
130113,6779,19.20,20,1,384.7,1
130134,6780,19.91,21,0,396.4,1
130153,6781,28.41,19,0,521.1,1
130166,6782,6.40,13,0,197.1,1
130179,6783,6.25,13,0,195.0,1
130200,6784,29.86,21,0,542.5,1
130213,6785,6.25,13,0,195.0,1
130234,6786,25.70,21,1,480.3,1
130253,6787,21.07,19,0,413.2,1
130265,6788,7.47,12,0,212.9,1
130277,6789,5.03,12,0,177.6,1
130287,6790,-3.16,10,0,57.7,1
130298,6791,-1.83,11,0,76.8,1
130311,6792,5.19,13,0,179.4,1
130346,6793,49.18,35,3,824.5,1
130366,6794,22.95,20,0,441.2,1
130387,6795,16.53,21,1,345.7,1
130400,6796,7.32,13,0,210.6,1
130422,6797,23.45,22,0,448.7,1
130432,6798,2.08,10,0,134.2,1
130467,6799,51.42,35,2,858.4,1
130488,6800,11.15,21,1,266.0,1
130500,6801,0.66,12,0,113.0,1
130521,6802,14.64,21,1,317.3,1
130534,6803,6.47,13,0,199.1,1
130552,6804,15.05,18,1,323.4,1
130565,6805,5.19,13,0,179.4,1
130589,6806,26.58,24,0,495.1,1
130610,6807,16.97,21,1,351.9,1
130623,6808,5.19,13,0,179.4,1
130658,6809,51.42,35,2,858.4,1
130682,6810,26.58,24,0,495.1,1
130694,6811,5.60,12,0,185.4,1
130714,6812,27.43,20,0,506.7,1
130735,6813,17.19,21,1,355.1,1
130756,6814,14.45,21,0,315.8,1
130769,6815,6.25,13,0,195.0,1
130800,6816,38.93,31,1,674.6,1
130813,6817,6.25,13,0,195.0,1
130826,6818,6.25,13,0,195.0,1
130837,6819,4.13,11,0,164.3,1
130850,6820,6.25,13,0,195.0,1
130863,6821,6.25,13,0,195.0,1
130876,6822,6.25,13,0,195.0,1
130897,6823,14.68,21,1,318.0,1
130908,6824,1.11,11,0,119.7,1
130939,6825,38.30,31,1,665.6,1
130960,6826,26.22,21,0,489.7,1
130971,6827,4.07,11,1,162.8,1
130983,6828,4.53,12,1,168.7,1
131004,6829,15.64,21,1,332.0,1
131026,6830,30.12,22,0,546.2,1
131047,6831,16.46,21,1,345.0,1
131060,6832,6.25,13,0,195.0,1
131073,6833,6.05,13,0,192.3,1
131098,6834,30.11,25,0,546.8,1
131118,6835,22.20,20,2,428.1,1
131130,6836,9.06,12,0,236.3,1
131152,6837,27.02,22,0,501.5,1
131163,6838,1.82,11,0,130.4,1
131185,6839,25.42,22,1,476.5,1
131198,6840,6.80,13,0,203.6,1
131211,6841,8.11,13,0,222.4,1
131224,6842,6.25,13,0,195.0,1
131237,6843,6.46,13,0,198.6,1
131250,6844,6.25,13,0,195.0,1
131281,6845,38.69,31,1,671.3,1
131294,6846,8.98,13,0,236.0,1
131307,6847,4.32,13,0,166.6,1
131320,6848,6.25,13,0,195.0,1
131333,6849,5.19,13,0,179.4,1
131346,6850,7.62,13,0,215.4,1
131363,6851,21.93,17,0,425.6,1
131376,6852,6.25,13,0,195.0,1
131389,6853,6.25,13,0,195.0,1
131402,6854,6.25,13,0,195.0,1
131430,6855,49.01,28,1,823.1,1
131442,6856,5.70,12,0,187.2,1
131455,6857,6.25,13,0,195.0,1
131468,6858,5.19,13,0,179.4,1
131487,6859,24.87,19,0,468.8,1
131500,6860,5.19,13,0,179.4,1
131513,6861,6.25,13,0,195.0,1
131526,6862,5.19,13,0,179.4,1
131547,6863,25.96,21,1,484.1,1
131569,6864,22.09,22,0,427.9,1
131604,6865,49.18,35,3,824.5,1
131616,6866,5.65,12,1,186.0,1
131629,6867,6.25,13,0,195.0,1
131650,6868,16.40,21,1,343.5,1
131674,6869,28.58,24,0,523.7,1
131687,6870,3.11,13,0,148.8,1
131699,6871,4.45,12,1,168.1,1
131712,6872,6.25,13,0,195.0,1
131725,6873,6.25,13,0,195.0,1
131736,6874,2.00,11,0,132.4,1
131749,6875,6.25,13,0,195.0,1
131762,6876,6.25,13,0,195.0,1
131775,6877,5.20,13,0,180.3,1
131788,6878,5.19,13,0,179.4,1
131801,6879,6.25,13,0,195.0,1
131814,6880,4.21,13,0,166.1,1
131826,6881,4.96,12,0,175.9,1
131844,6882,23.51,18,0,449.1,1
131857,6883,6.08,13,1,192.0,1
131870,6884,6.56,13,0,199.9,1
131891,6885,28.03,21,0,516.1,1
131904,6886,3.76,13,1,157.3,1
131935,6887,35.51,31,1,624.8,1
131947,6888,1.09,12,0,120.3,1
131963,6889,16.27,16,0,343.5,1
131976,6890,5.51,13,0,184.0,1
132012,6891,52.63,36,2,876.2,1
132032,6892,16.25,20,1,341.4,1
132043,6893,3.74,11,0,159.0,1
132056,6894,6.67,13,1,201.3,1
132068,6895,0.49,12,0,110.3,1
132099,6896,34.85,31,1,615.1,1
132119,6897,24.39,20,1,461.3,1
132141,6898,28.23,22,1,517.8,1
132154,6899,0.67,13,0,113.3,1
132175,6900,17.14,21,1,354.4,1
132210,6901,51.42,35,2,858.4,1
132221,6902,6.32,11,0,196.6,1
132234,6903,5.36,13,0,182.2,1
132255,6904,14.66,21,1,317.6,1
132268,6905,5.19,13,0,179.4,1
132289,6906,15.23,21,0,327.3,1
132310,6907,16.43,21,1,343.9,1
132328,6908,21.27,18,0,415.9,1
132341,6909,6.25,13,0,195.0,1
132364,6910,28.73,23,0,525.9,1
132385,6911,16.34,21,1,342.7,1
132389,6912,-7.31,4,0,2.1,1
132410,6913,15.64,21,1,332.0,1
132431,6914,14.95,21,0,323.2,1
132444,6915,4.79,13,0,173.8,1
132456,6916,-1.21,12,0,85.8,1
132469,6917,2.13,13,1,133.4,1
132482,6918,6.25,13,0,195.0,1
132503,6919,15.62,21,0,333.0,1
132516,6920,6.25,13,0,195.0,1
132537,6921,16.13,21,1,339.5,1
132548,6922,3.02,11,0,147.4,1
132579,6923,36.24,31,1,635.6,1
132614,6924,53.14,35,1,883.6,1
132626,6925,3.53,12,0,154.9,1
132639,6926,4.86,13,1,173.5,1
132652,6927,5.15,13,0,178.8,1
132673,6928,15.21,21,0,327.3,1
132686,6929,6.25,13,0,195.0,1
132707,6930,12.28,21,2,281.7,1
132720,6931,3.71,13,1,156.8,1
132757,6932,49.25,37,1,827.5,1
132770,6933,7.73,13,0,217.6,1
132781,6934,2.04,11,0,133.0,1
132794,6935,3.91,13,1,160.7,1
132815,6936,15.76,21,1,334.1,1
132828,6937,5.19,13,0,179.4,1
132853,6938,30.11,25,0,546.8,1
132877,6939,28.82,24,0,526.8,1
132898,6940,13.02,21,0,294.5,1
132919,6941,14.54,21,0,317.2,1
132940,6942,17.41,21,1,358.4,1
132953,6943,5.19,13,0,179.4,1
132971,6944,16.29,18,1,342.5,1
132984,6945,6.25,13,0,195.0,1
133010,6946,29.03,26,1,529.8,1
133022,6947,5.92,12,0,190.5,1
133035,6948,5.19,13,0,179.4,1
133055,6949,19.32,20,0,388.0,1
133073,6950,20.56,18,0,406.2,1
133086,6951,6.25,13,0,195.0,1
133107,6952,16.13,21,1,339.5,1
133120,6953,6.25,13,0,195.0,1
133141,6954,16.06,21,1,338.9,1
133162,6955,16.53,21,0,346.2,1
133186,6956,25.82,24,0,483.0,1
133206,6957,13.85,20,0,307.1,1
133229,6958,30.80,23,0,556.0,1
133242,6959,6.25,13,0,195.0,1
133260,6960,8.11,18,0,223.5,1
133271,6961,1.04,11,0,118.3,1
133283,6962,1.00,12,0,117.8,1
133304,6963,17.80,21,1,364.4,1
133325,6964,13.12,21,0,296.3,1
133336,6965,3.83,11,0,160.3,1
133348,6966,0.02,12,0,103.9,1
133366,6967,21.65,18,0,421.4,1
133379,6968,4.32,13,0,166.6,1
133400,6969,10.37,21,0,255.8,1
133430,6970,36.21,30,1,634.8,1
133451,6971,17.03,21,1,352.7,1
133472,6972,17.88,21,1,365.4,1
133484,6973,-0.45,12,0,96.4,1
133507,6974,32.15,23,0,576.8,1
133526,6975,15.31,19,0,328.8,1
133547,6976,16.34,21,1,342.7,1
133560,6977,2.32,13,0,137.7,1
133571,6978,-0.00,11,0,103.0,1
133584,6979,5.19,13,0,179.4,1
133597,6980,5.19,13,0,179.4,1
133618,6981,15.82,21,1,335.0,1
133639,6982,16.86,21,1,350.4,1
133660,6983,14.98,21,0,323.9,1
133681,6984,13.77,21,0,306.2,1
133694,6985,2.49,13,0,139.7,1
133707,6986,2.07,13,0,133.5,1
133719,6987,-0.35,12,0,98.2,1
133732,6988,6.25,13,0,195.0,1
133745,6989,6.25,13,0,195.0,1
133758,6990,7.39,13,0,211.8,1
133779,6991,17.88,21,1,365.4,1
133790,6992,0.58,11,0,112.2,1
133825,6993,50.86,35,1,850.3,1
133838,6994,6.25,13,0,195.0,1
133851,6995,4.32,13,0,166.6,1
133882,6996,35.51,31,1,624.8,1
133894,6997,-1.60,12,0,80.7,1
133907,6998,6.25,13,0,195.0,1
133920,6999,5.19,13,0,179.4,1
133933,7000,8.01,13,0,221.5,1
133953,7001,23.10,20,1,442.6,1
133972,7002,21.84,19,0,424.6,1
134003,7003,35.76,31,1,628.5,1
134024,7004,12.31,21,0,284.6,1
134045,7005,14.67,21,0,319.1,1
134058,7006,6.25,13,0,195.0,1
134071,7007,4.19,13,0,164.6,1
134092,7008,10.80,21,1,260.9,1
134113,7009,23.56,21,1,448.6,1
134134,7010,12.63,21,0,289.0,1
134155,7011,14.82,21,0,321.2,1
134167,7012,-0.46,12,0,96.8,1
134179,7013,2.91,12,1,144.9,1
134200,7014,23.56,21,0,450.1,1
134221,7015,16.99,21,1,352.2,1
134242,7016,16.37,21,1,343.1,1
134263,7017,14.05,21,0,310.3,1
134275,7018,1.89,12,0,130.8,1
134293,7019,10.38,18,0,256.6,1
134314,7020,14.12,21,0,311.0,1
134335,7021,16.50,21,1,345.0,1
134347,7022,4.23,12,0,165.8,1
134368,7023,12.43,21,1,285.1,1
134389,7024,15.23,21,0,327.2,1
134427,7025,51.30,38,2,855.5,1
134448,7026,14.52,21,0,316.9,1
134461,7027,5.34,13,0,181.5,1
134474,7028,2.30,13,0,136.9,1
134486,7029,-0.03,12,0,103.5,1
134511,7030,29.89,25,0,543.2,1
134532,7031,16.40,21,1,343.5,1
134545,7032,6.25,13,0,195.0,1
134558,7033,2.72,13,0,143.6,1
134589,7034,36.79,31,1,643.6,1
134610,7035,13.58,21,0,303.0,1
134623,7036,6.25,13,0,195.0,1
134636,7037,5.19,13,0,179.4,1
134657,7038,15.45,21,0,330.9,1
134678,7039,12.40,21,1,284.8,1
134691,7040,6.25,13,0,195.0,1
134726,7041,48.51,35,1,816.6,1
134739,7042,0.58,13,0,111.6,1
134760,7043,17.07,21,1,353.3,1
134780,7044,12.73,20,0,291.1,1
134801,7045,14.78,21,0,320.7,1
134814,7046,4.34,13,0,166.8,1
134835,7047,14.52,21,0,316.8,1
134847,7048,-0.89,12,0,90.2,1
134860,7049,1.26,13,0,121.5,1
134888,7050,31.63,28,1,567.8,1
134909,7051,16.05,21,1,338.3,1
134928,7052,8.96,19,0,235.1,1
134948,7053,11.08,20,0,266.0,1
134959,7054,3.20,11,0,150.0,1
134980,7055,15.90,21,1,336.2,1
134992,7056,0.28,12,0,107.5,1
135013,7057,16.99,21,1,352.2,1
135024,7058,-1.03,11,0,87.9,1
135042,7059,13.66,18,0,303.9,1
135062,7060,18.06,20,1,368.2,1
135074,7061,2.62,12,0,142.5,1
135109,7062,51.91,35,2,865.7,1
135114,7063,-7.16,5,0,0.0,1
135135,7064,22.78,21,0,438.1,1
135165,7065,35.19,30,1,619.6,1
135186,7066,17.56,21,1,360.6,1
135206,7067,13.03,20,1,294.6,1
135225,7068,10.99,19,0,265.3,1
135262,7069,53.13,37,2,882.4,1
135280,7070,5.51,18,0,184.6,1
135301,7071,11.52,21,1,271.8,1
135322,7072,11.80,21,1,275.9,1
135342,7073,10.39,20,0,256.2,1
135362,7074,8.29,20,0,224.9,1
135374,7075,-0.05,12,0,102.7,1
135398,7076,24.73,24,0,467.1,1
135419,7077,15.33,21,0,328.7,1
135443,7078,27.42,24,0,507.4,1
135464,7079,13.39,21,0,300.2,1
135485,7080,15.20,21,0,326.9,1
135506,7081,8.85,21,0,233.5,1
135518,7082,0.64,12,0,113.3,1
135530,7083,-0.04,12,0,103.0,1
135554,7084,26.58,24,0,495.1,1
135574,7085,11.12,20,0,266.5,1
135595,7086,11.20,21,1,267.1,1
135614,7087,9.59,19,0,244.1,1
135627,7088,1.55,13,0,126.4,1
135647,7089,11.80,20,0,277.1,1
135659,7090,3.39,12,1,152.8,1
135678,7091,8.59,19,0,230.3,1
135699,7092,21.33,21,0,417.0,1
135722,7093,24.75,23,0,467.5,1
135743,7094,10.30,21,0,254.9,1
135764,7095,14.83,21,1,320.2,1
135776,7096,4.18,12,0,164.8,1
135789,7097,5.19,13,0,179.4,1
135810,7098,13.15,21,0,297.0,1
135830,7099,19.95,20,0,396.8,1
135842,7100,1.52,12,1,125.0,1
135853,7101,-1.26,11,0,84.6,1
135871,7102,12.94,18,0,293.9,1
135892,7103,15.36,21,0,329.2,1
135905,7104,1.70,13,0,128.3,1
135926,7105,16.37,21,1,343.1,1
135948,7106,16.13,22,1,339.9,1
135969,7107,15.71,21,1,333.4,1
135990,7108,12.47,21,0,286.4,1
136001,7109,1.48,11,0,126.0,1
136022,7110,13.31,21,0,299.0,1
136041,7111,13.32,19,0,299.2,1
136059,7112,5.95,18,0,191.5,1
136071,7113,2.13,12,0,134.4,1
136082,7114,-1.17,11,0,85.8,1
136100,7115,6.28,18,0,195.6,1
136119,7116,6.97,19,0,205.5,1
136140,7117,14.78,21,0,320.7,1
136161,7118,14.82,21,0,321.2,1
136182,7119,14.52,21,0,316.8,1
136203,7120,17.84,21,1,364.5,1
136224,7121,12.37,21,1,284.3,1
136245,7122,7.01,21,0,206.5,1
136264,7123,5.41,19,0,182.6,1
136277,7124,1.42,13,0,123.9,1
136290,7125,0.85,13,0,115.5,1
136311,7126,16.56,21,1,345.8,1
136324,7127,-1.11,13,0,87.6,1
136366,7128,49.95,42,1,837.4,1
136378,7129,-0.14,12,0,101.3,1
136399,7130,13.99,21,1,308.1,1
136420,7131,13.15,21,0,296.4,1
136444,7132,24.52,24,1,462.9,1
136465,7133,12.61,21,0,288.7,1
136486,7134,13.00,21,0,294.3,1
136513,7135,32.50,27,0,581.0,1
136534,7136,17.50,21,0,360.7,1
136555,7137,14.52,21,0,316.8,1
136576,7138,11.81,21,1,276.0,1
136600,7139,21.27,24,0,416.2,1
136612,7140,2.29,12,0,136.7,1
136625,7141,6.25,13,0,195.0,1
136645,7142,4.57,20,1,169.8,1
136665,7143,14.85,20,0,322.4,1
136686,7144,16.37,21,1,343.1,1
136699,7145,-0.84,13,0,90.9,1
136720,7146,10.38,21,0,256.0,1
136741,7147,4.14,21,1,163.0,1
136760,7148,14.83,19,0,321.5,1
136781,7149,0.10,21,0,104.6,1
136802,7150,14.08,21,0,310.3,1
136823,7151,9.75,21,0,246.5,1
136844,7152,14.66,21,0,318.9,1
136865,7153,16.19,21,1,340.4,1
136884,7154,9.91,19,0,249.1,1
136896,7155,1.19,12,0,120.6,1
136907,7156,3.75,11,1,157.8,1
136920,7157,-2.99,13,0,59.0,1
136932,7158,-3.75,12,0,48.5,1
136952,7159,14.96,20,0,323.9,1
136965,7160,-1.33,13,0,83.8,1
136978,7161,2.23,13,0,135.8,1
136999,7162,5.70,21,0,187.1,1
137018,7163,11.71,19,0,275.2,1
137039,7164,11.98,21,1,278.5,1
137060,7165,4.40,21,0,167.8,1
137072,7166,-1.98,12,0,73.9,1
137092,7167,15.67,20,1,333.0,1
137103,7168,-0.63,11,0,94.1,1
137116,7169,0.76,13,0,114.6,1
137137,7170,5.37,21,0,182.0,1
137158,7171,3.60,21,1,155.1,1
137179,7172,5.66,21,0,186.2,1
137205,7173,22.17,26,1,428.6,1
137226,7174,13.04,21,0,295.1,1
137247,7175,14.80,21,0,320.9,1
137268,7176,14.16,21,0,311.5,1
137279,7177,0.04,11,0,103.6,1
137290,7178,1.05,11,0,118.8,1
137311,7179,12.70,21,0,290.0,1
137324,7180,2.44,13,0,139.6,1
137343,7181,12.53,19,0,288.0,1
137372,7182,34.69,29,1,612.3,1
137392,7183,11.31,20,1,268.9,1
137413,7184,15.62,21,0,333.0,1
137432,7185,10.62,19,0,259.5,1
137445,7186,3.54,13,1,155.3,1
137466,7187,14.08,21,0,310.3,1
137479,7188,4.32,13,0,166.6,1
137500,7189,10.21,21,0,253.5,1
137513,7190,2.88,13,0,145.7,1
137525,7191,2.89,12,1,144.5,1
137546,7192,12.45,21,1,285.5,1
137567,7193,16.97,21,1,351.9,1
137588,7194,12.68,21,0,289.8,1
137607,7195,13.87,19,0,307.0,1
137628,7196,14.80,21,0,320.9,1
137649,7197,13.13,21,0,296.2,1
137670,7198,23.65,21,0,451.7,1
137682,7199,-1.44,12,0,82.2,1
137705,7200,22.14,23,0,428.6,1
137724,7201,7.29,19,0,210.2,1
137736,7202,3.13,12,1,148.9,1
137746,7203,-3.31,10,0,54.4,1
137759,7204,4.43,13,1,167.5,1
137779,7205,20.96,20,0,412.2,1
137800,7206,9.65,21,0,245.0,1
137813,7207,1.42,13,0,124.2,1
137834,7208,8.71,21,0,231.1,1
137860,7209,28.27,26,0,519.1,1
137881,7210,9.81,21,0,247.5,1
137902,7211,15.84,21,1,335.3,1
137923,7212,10.04,21,0,251.0,1
137944,7213,10.18,21,0,253.0,1
137963,7214,5.91,19,0,190.8,1
137994,7215,42.52,31,2,726.7,1
138015,7216,7.95,21,0,220.0,1
138036,7217,14.07,21,0,310.2,1
138048,7218,-0.21,12,0,100.5,1
138069,7219,11.91,21,1,277.5,1
138090,7220,11.84,21,1,276.5,1
138108,7221,13.00,18,0,294.5,1
138129,7222,17.70,21,0,363.3,1
138150,7223,9.90,21,0,248.9,1
138171,7224,13.99,21,0,309.0,1
138196,7225,27.80,25,0,512.2,1
138208,7226,1.91,12,0,131.5,1
138226,7227,8.84,18,0,233.0,1
138249,7228,25.01,23,0,470.8,1
138270,7229,14.45,21,0,315.8,1
138291,7230,15.20,21,1,325.6,1
138321,7231,36.76,30,1,643.5,1
138342,7232,12.11,21,1,280.5,1
138352,7233,0.30,10,0,107.5,1
138383,7234,36.79,31,1,643.6,1
138396,7235,4.34,13,0,167.4,1
138409,7236,6.49,13,0,198.4,1
138422,7237,5.87,13,0,190.0,1
138443,7238,12.21,21,1,282.0,1
138466,7239,18.46,23,1,374.7,1
138486,7240,13.22,20,0,297.8,1
138507,7241,16.85,21,1,350.1,1
138528,7242,13.84,21,0,306.9,1
138540,7243,-2.34,12,0,69.2,1
138561,7244,13.72,21,1,304.1,1
138573,7245,2.65,12,0,142.0,1
138599,7246,19.86,26,1,394.2,1
138620,7247,14.93,21,1,322.0,1
138632,7248,0.86,12,0,116.0,1
138653,7249,13.55,21,0,302.5,1
138683,7250,38.06,30,1,661.8,1
138695,7251,2.10,12,0,134.2,1
138716,7252,6.55,21,0,199.4,1
138729,7253,5.26,13,0,180.3,1
138741,7254,4.77,12,0,173.8,1
138754,7255,6.25,13,0,195.0,1
138773,7256,11.21,19,0,268.5,1
138786,7257,1.33,13,0,122.6,1
138807,7258,13.51,21,0,302.0,1
138828,7259,15.49,21,0,331.1,1
138849,7260,16.13,21,1,339.5,1
138873,7261,27.54,24,0,509.2,1
138886,7262,5.19,13,0,179.4,1
138907,7263,10.33,21,0,255.3,1
138919,7264,4.64,12,0,171.8,1
138938,7265,8.60,19,0,230.4,1
138951,7266,3.10,13,0,148.6,1
138972,7267,16.93,21,0,352.2,1
138993,7268,13.83,21,0,306.7,1
139016,7269,22.69,23,1,436.1,1
139037,7270,15.72,21,1,333.5,1
139058,7271,17.68,21,1,362.3,1
139077,7272,12.27,19,0,283.7,1
139098,7273,17.23,21,1,355.8,1
139119,7274,14.03,21,0,309.7,1
139131,7275,-0.29,12,0,98.8,1
139162,7276,35.60,31,1,626.2,1
139198,7277,50.68,36,2,847.5,1
139219,7278,15.77,21,1,334.2,1
139240,7279,10.64,21,0,259.8,1
139253,7280,6.34,13,0,197.1,1
139274,7281,14.54,21,0,317.2,1
139295,7282,13.77,21,0,306.2,1
139307,7283,4.59,12,0,170.6,1
139328,7284,16.34,21,1,342.7,1
139350,7285,17.00,22,1,352.4,1
139375,7286,25.77,25,2,480.0,1
139410,7287,49.00,35,1,823.0,1
139428,7288,13.13,18,0,296.7,1
139439,7289,1.82,11,0,130.1,1
139452,7290,5.19,13,0,179.4,1
139471,7291,21.40,19,1,417.4,1
139482,7292,-0.13,11,0,102.0,1
139495,7293,2.78,13,0,144.8,1
139514,7294,17.94,19,0,367.2,1
139526,7295,-0.72,12,0,92.8,1
139547,7296,13.03,21,0,294.6,1
139560,7297,5.46,13,0,183.3,1
139581,7298,16.21,21,2,339.4,1
139592,7299,0.26,11,0,108.1,1
139613,7300,15.64,21,1,332.0,1
139626,7301,4.52,13,0,169.6,1
139648,7302,22.09,22,0,427.9,1
139669,7303,12.56,21,1,287.4,1
139682,7304,5.17,13,0,179.1,1
139693,7305,1.20,11,0,120.7,1
139713,7306,21.84,20,1,423.2,1
139732,7307,9.43,19,0,242.0,1
139759,7308,34.55,27,1,610.1,1
139772,7309,5.19,13,0,179.4,1
139793,7310,14.66,21,0,319.0,1
139814,7311,15.66,21,1,332.6,1
139827,7312,0.75,13,0,114.4,1
139848,7313,14.50,21,2,314.6,1
139869,7314,17.02,21,1,353.0,1
139893,7315,27.67,24,0,509.9,1
139914,7316,14.22,21,0,312.5,1
139927,7317,1.41,13,0,124.1,1
139940,7318,4.19,13,0,164.6,1
139953,7319,4.19,13,0,164.7,1
139974,7320,24.58,21,1,463.6,1
139995,7321,14.74,21,1,318.8,1
140015,7322,20.74,20,0,408.6,1
140034,7323,8.28,19,0,225.1,1
140047,7324,5.14,13,0,178.9,1
140090,7325,53.90,43,3,893.0,1
140120,7326,30.71,30,0,554.6,1
140133,7327,1.04,13,0,118.9,1
140145,7328,3.65,12,0,157.2,1
140166,7329,12.57,21,1,287.5,1
140197,7330,37.59,31,1,654.8,1
140209,7331,-0.93,12,0,89.4,1
140230,7332,17.74,21,1,363.3,1
140243,7333,3.00,13,0,147.1,1
140264,7334,13.59,21,0,303.2,1
140277,7335,4.34,13,0,166.9,1
140299,7336,31.16,22,0,562.2,1
140318,7337,9.82,19,0,247.7,1
140331,7338,5.19,13,0,179.4,1
140351,7339,10.87,20,0,263.2,1
140364,7340,6.25,13,0,195.0,1
140376,7341,0.95,12,0,117.6,1
140397,7342,15.09,21,0,325.3,1
140408,7343,0.62,11,0,112.1,1
140421,7344,3.86,13,1,159.4,1
140433,7345,3.73,12,0,157.9,1
140446,7346,2.15,13,0,135.0,1
140467,7347,14.84,21,1,320.2,1
140488,7348,17.57,21,1,360.7,1
140500,7349,4.20,12,0,164.8,1
140519,7350,9.02,19,0,235.9,1
140540,7351,17.76,21,1,363.5,1
140553,7352,3.28,13,0,151.3,1
140574,7353,13.23,21,1,297.0,1
140597,7354,23.81,23,1,452.9,1
140620,7355,25.25,23,1,473.3,1
140633,7356,6.25,13,0,195.0,1
140665,7357,54.31,32,1,901.3,1
140690,7358,26.39,25,0,491.5,1
140710,7359,15.00,20,0,324.5,1
140723,7360,5.15,13,0,178.8,1
140736,7361,1.91,13,0,131.1,1
140757,7362,15.14,21,0,326.5,1
140770,7363,6.25,13,0,195.0,1
140783,7364,4.32,13,0,166.6,1
140796,7365,6.25,13,0,195.0,1
140817,7366,16.68,21,2,347.0,1
140838,7367,13.15,21,0,296.7,1
140859,7368,11.24,21,1,267.6,1
140879,7369,23.36,20,1,445.8,1
140902,7370,23.49,23,1,448.0,1
140915,7371,2.46,13,0,139.5,1
140927,7372,-0.62,12,0,94.0,1
140946,7373,11.73,19,0,275.8,1
140967,7374,14.57,21,0,317.6,1
140988,7375,13.67,21,0,304.4,1
141001,7376,3.80,13,0,159.6,1
141014,7377,4.32,13,0,166.6,1
141026,7378,1.03,12,0,118.5,1
141047,7379,16.56,21,1,345.9,1
141060,7380,5.19,13,0,179.4,1
141081,7381,17.44,21,2,357.6,1
141094,7382,-1.24,13,0,85.4,1
141112,7383,7.41,18,0,212.6,1
141133,7384,17.64,21,2,360.5,1
141146,7385,6.25,13,0,195.0,1
141165,7386,9.72,19,0,246.0,1
141186,7387,26.39,21,0,491.7,1
141204,7388,26.86,18,0,498.3,1
141217,7389,2.80,13,0,144.2,1
141238,7390,14.22,21,0,312.5,1
141251,7391,4.32,13,0,166.6,1
141270,7392,17.95,19,0,367.0,1
141282,7393,2.68,12,0,143.1,1
141295,7394,7.76,13,0,217.5,1
141316,7395,16.29,21,1,341.9,1
141337,7396,12.62,21,1,288.3,1
141358,7397,16.65,21,2,345.9,1
141379,7398,16.41,21,1,344.0,1
141392,7399,6.25,13,0,195.0,1
141414,7400,23.23,22,0,445.3,1
141435,7401,17.68,21,1,362.3,1
141466,7402,35.84,31,1,629.8,1
141479,7403,-0.93,13,0,89.9,1
141490,7404,2.09,11,0,134.4,1
141511,7405,17.87,21,2,363.9,1
141532,7406,17.83,21,2,363.3,1
141557,7407,30.11,25,0,546.8,1
141569,7408,6.61,12,0,200.2,1
141582,7409,7.07,13,0,207.0,1
141594,7410,1.00,12,0,118.1,1
141623,7411,37.19,29,1,649.0,1
141634,7412,0.47,11,0,110.0,1
141639,7413,-6.49,5,0,10.4,1
141652,7414,6.25,13,0,195.0,1
141664,7415,-1.17,12,0,85.8,1
141677,7416,6.25,13,0,195.0,1
141697,7417,12.80,20,1,290.3,1
141710,7418,5.19,13,0,179.4,1
141723,7419,6.25,13,0,195.0,1
141736,7420,6.57,13,0,199.6,1
141767,7421,35.60,31,1,626.2,1
141788,7422,15.50,21,1,330.0,1
141822,7423,49.24,34,2,825.4,1
141842,7424,21.09,20,0,413.7,1
141866,7425,26.39,24,1,490.4,1
141885,7426,12.63,19,0,289.0,1
141908,7427,29.69,23,1,538.7,1
141927,7428,15.29,19,1,327.8,1
141948,7429,25.11,21,1,471.8,1
141971,7430,28.38,23,0,521.1,1
141996,7431,30.11,25,0,546.8,1
142007,7432,1.67,11,0,127.6,1
142032,7433,30.11,25,0,546.8,1
142045,7434,4.53,13,0,169.6,1
142068,7435,29.01,23,0,529.7,1
142091,7436,27.12,23,0,501.8,1
142112,7437,26.19,21,0,489.1,1
142124,7438,0.95,12,0,117.2,1
142136,7439,3.20,12,0,150.4,1
142161,7440,30.11,25,0,546.8,1
142196,7441,51.42,35,2,858.4,1
142207,7442,1.41,11,0,124.0,1
142220,7443,4.06,13,0,164.0,1
142231,7444,0.62,11,0,112.2,1
142250,7445,19.75,19,0,393.5,1
142276,7446,24.04,26,0,457.2,1
142295,7447,23.36,19,0,446.9,1
142315,7448,10.35,20,0,255.6,1
142335,7449,18.59,20,1,376.0,1
142347,7450,0.19,12,0,106.2,1
142360,7451,6.26,13,0,195.5,1
142379,7452,10.66,19,0,260.1,1
142390,7453,0.05,11,0,103.7,1
142401,7454,0.96,11,0,118.1,1
142414,7455,5.19,13,0,179.4,1
142427,7456,4.32,13,0,166.6,1
142461,7457,51.05,34,1,853.9,1
142474,7458,6.25,13,0,195.0,1
142498,7459,29.59,24,0,538.5,1
142521,7460,23.68,23,1,450.3,1
142542,7461,17.03,21,1,352.7,1
142555,7462,-2.97,13,0,59.9,1
142576,7463,15.27,21,1,326.7,1
142595,7464,20.36,19,0,402.7,1
142608,7465,1.13,13,0,120.3,1
142629,7466,13.56,21,2,300.5,1
142654,7467,30.11,25,0,546.8,1
142680,7468,22.85,26,1,438.9,1
142699,7469,12.75,19,0,290.9,1
142711,7470,2.87,12,1,144.5,1
142723,7471,-0.05,12,0,102.9,1
142736,7472,4.32,13,0,166.6,1
142757,7473,16.89,21,1,350.7,1
142769,7474,1.70,12,0,128.6,1
142794,7475,30.11,25,0,546.8,1
142818,7476,22.49,24,1,433.3,1
142831,7477,5.19,13,0,179.4,1
142856,7478,28.76,25,1,525.3,1
142886,7479,37.45,30,1,653.0,1
142909,7480,26.82,23,1,496.8,1
142922,7481,7.92,13,0,219.8,1
142935,7482,2.73,13,0,143.4,1
142948,7483,4.08,13,1,162.0,1
142969,7484,12.67,21,0,289.6,1
142974,7485,-8.11,5,0,10.4,1
143005,7486,36.25,31,1,635.8,1
143029,7487,26.58,24,0,495.1,1
143049,7488,12.57,20,0,288.3,1
143070,7489,17.70,21,1,362.6,1
143083,7490,6.25,13,0,195.0,1
143096,7491,7.33,13,0,211.8,1
143117,7492,15.45,21,0,330.9,1
143129,7493,0.32,12,0,108.3,1
143141,7494,1.03,12,0,118.8,1
143154,7495,4.39,13,0,167.6,1
143166,7496,1.53,12,0,126.5,1
143187,7497,17.14,21,2,353.2,1
143208,7498,15.87,21,1,336.3,1
143221,7499,4.32,13,1,166.2,1
143239,7500,12.69,18,0,290.2,1
143251,7501,1.49,12,0,125.2,1
143264,7502,2.20,13,1,134.6,1
143285,7503,12.20,21,1,282.1,1
143306,7504,17.39,21,1,358.1,1
143325,7505,8.74,19,0,232.1,1
143344,7506,18.09,19,1,368.7,1
143357,7507,1.65,13,0,127.6,1
143378,7508,15.23,21,0,327.2,1
143397,7509,12.35,19,0,284.7,1
143418,7510,17.78,21,2,362.5,1
143431,7511,0.21,13,0,106.2,1
143452,7512,17.04,21,1,352.7,1
143473,7513,10.30,21,0,254.8,1
143494,7514,14.78,21,0,320.7,1
143525,7515,34.85,31,1,615.1,1
143556,7516,34.85,31,1,615.1,1
143577,7517,13.67,21,0,304.4,1
143590,7518,4.32,13,0,166.6,1
143602,7519,2.05,12,1,132.5,1
143623,7520,14.90,21,0,322.4,1
143635,7521,-0.61,12,0,94.0,1
143656,7522,15.79,21,1,334.6,1
143677,7523,21.63,21,1,420.2,1
143697,7524,12.92,20,0,293.0,1
143718,7525,14.67,21,0,319.1,1
143739,7526,16.37,21,1,343.1,1
143762,7527,28.41,23,0,521.1,1
143774,7528,1.46,12,0,124.5,1
143795,7529,15.45,21,0,330.9,1
143816,7530,12.58,21,0,289.1,1
143837,7531,14.97,21,1,322.4,1
143858,7532,14.35,21,0,314.3,1
143878,7533,16.87,20,1,350.1,1
143889,7534,-0.46,11,0,96.2,1
143907,7535,20.14,18,0,399.8,1
143919,7536,0.44,12,0,109.5,1
143940,7537,15.17,21,1,325.1,1
143952,7538,-3.24,12,0,55.4,1
143973,7539,17.37,21,2,356.5,1
143994,7540,17.30,21,2,355.5,1
144012,7541,8.95,18,0,235.0,1
144032,7542,9.20,20,0,239.5,1
144045,7543,5.19,13,0,179.4,1
144065,7544,11.53,20,0,273.0,1
144078,7545,5.19,13,0,179.4,1
144090,7546,3.25,12,0,151.1,1
144113,7547,23.31,23,3,442.9,1
144134,7548,15.99,21,1,337.2,1
144145,7549,1.82,11,0,130.1,1
144166,7550,14.74,21,1,318.8,1
144187,7551,14.90,21,0,322.4,1
144208,7552,14.17,21,0,311.6,1
144227,7553,17.90,19,0,366.2,1
144248,7554,15.68,21,1,332.6,1
144261,7555,3.93,13,1,160.2,1
144291,7556,38.54,30,1,669.4,1
144315,7557,26.97,24,1,498.9,1
144336,7558,14.80,21,0,320.9,1
144349,7559,1.61,13,0,127.0,1
144362,7560,6.25,13,0,195.0,1
144373,7561,-0.12,11,0,101.5,1
144385,7562,2.08,12,0,133.9,1
144416,7563,38.76,31,1,672.1,1
144437,7564,11.66,21,1,273.8,1
144450,7565,3.95,13,1,160.8,1
144461,7566,0.40,11,0,109.2,1
144474,7567,6.70,13,0,201.6,1
144495,7568,17.60,21,2,359.9,1
144508,7569,0.70,13,0,114.3,1
144527,7570,8.90,19,0,234.1,1
144548,7571,16.38,21,1,343.6,1
144561,7572,6.25,13,0,195.0,1
144582,7573,21.97,21,0,426.2,1
144595,7574,5.19,13,0,179.4,1
144616,7575,17.80,21,1,364.4,1
144635,7576,9.31,19,0,240.2,1
144648,7577,3.00,13,0,147.2,1
144667,7578,20.74,19,0,408.7,1
144685,7579,7.69,18,0,216.5,1
144716,7580,37.44,31,1,653.2,1
144728,7581,6.04,12,0,192.4,1
144740,7582,-2.99,12,0,59.7,1
144751,7583,2.83,11,0,145.8,1
144764,7584,5.19,13,0,179.4,1
144777,7585,6.25,13,0,195.0,1
144801,7586,27.43,24,1,506.3,1
144812,7587,1.64,11,0,127.1,1
144833,7588,17.03,21,0,354.6,1
144846,7589,2.13,13,0,135.2,1
144867,7590,17.64,21,2,360.5,1
144891,7591,28.77,24,0,526.7,1
144912,7592,31.25,21,0,562.8,1
144925,7593,6.47,13,0,198.1,1
144937,7594,2.88,12,0,145.4,1
144958,7595,12.33,21,1,283.7,1
144979,7596,15.80,21,1,334.8,1
145000,7597,17.18,21,1,355.0,1
145020,7598,16.07,20,1,339.6,1
145041,7599,17.30,21,2,355.5,1
145058,7600,18.36,17,0,373.1,1
145089,7601,36.24,31,1,635.6,1
145102,7602,5.54,13,0,185.1,1
145123,7603,14.95,21,0,323.1,1
145154,7604,38.76,31,1,672.1,1
145176,7605,23.19,22,0,444.7,1
145189,7606,6.25,13,0,195.0,1
145210,7607,17.24,21,2,354.5,1
145229,7608,11.17,19,0,267.5,1
145249,7609,15.63,20,0,333.2,1
145269,7610,15.67,20,1,332.8,1
145282,7611,4.25,13,0,165.8,1
145294,7612,1.62,12,0,127.5,1
145315,7613,17.39,21,1,358.1,1
145336,7614,16.56,21,1,345.9,1
145355,7615,14.19,19,0,312.0,1
145367,7616,0.23,12,0,106.7,1
145387,7617,21.75,20,0,423.4,1
145409,7618,31.86,22,0,572.4,1
145433,7619,30.59,24,1,552.5,1
145444,7620,-1.84,11,0,76.3,1
145465,7621,25.32,21,0,475.9,1
145487,7622,19.08,22,2,381.9,1
145521,7623,48.10,34,1,809.7,1
145534,7624,-0.21,13,0,100.3,1
145553,7625,13.83,19,0,307.1,1
145566,7626,5.19,13,0,179.4,1
145587,7627,17.63,21,1,361.6,1
145608,7628,16.34,21,2,341.4,1
145633,7629,30.11,25,0,546.8,1
145654,7630,17.88,21,1,365.4,1
145666,7631,4.62,12,0,171.0,1
145678,7632,1.68,12,0,128.0,1
145702,7633,28.95,24,1,528.1,1
145726,7634,26.58,24,0,495.1,1
145738,7635,0.72,12,0,114.2,1
145751,7636,1.70,13,0,129.0,1
145785,7637,49.24,34,2,825.4,1
145809,7638,27.78,24,1,510.9,1
145822,7639,5.19,13,0,179.4,1
145835,7640,6.25,13,0,195.0,1
145859,7641,26.58,24,0,495.1,1
145872,7642,3.62,13,0,156.9,1
145884,7643,0.77,12,0,115.2,1
145896,7644,2.81,12,1,143.7,1
145917,7645,15.34,21,0,328.9,1
145939,7646,23.85,22,0,453.7,1
145952,7647,6.25,13,0,195.0,1
145976,7648,29.21,24,0,533.1,1
145997,7649,17.30,21,2,355.5,1
146010,7650,6.25,13,0,195.0,1
146046,7651,52.63,36,2,876.2,1
146067,7652,15.55,21,1,330.8,1
146080,7653,2.41,13,0,138.4,1
146105,7654,30.11,25,0,546.8,1
146140,7655,51.59,35,2,861.0,1
146161,7656,17.14,21,1,354.4,1
146173,7657,3.64,12,0,156.8,1
146192,7658,17.85,19,0,365.6,1
146216,7659,26.46,24,0,493.0,1
146229,7660,6.25,13,0,195.0,1
146260,7661,35.67,31,1,627.3,1
146281,7662,21.86,21,0,425.4,1
146294,7663,1.68,13,0,127.7,1
146307,7664,6.25,13,0,195.0,1
146319,7665,1.85,12,0,130.6,1
146330,7666,1.87,11,1,129.8,1
146351,7667,16.38,21,2,341.9,1
146364,7668,5.19,13,0,179.4,1
146385,7669,17.15,21,0,355.9,1
146406,7670,18.08,21,1,368.6,1
146431,7671,30.11,25,0,546.8,1
146444,7672,6.25,13,0,195.0,1
146456,7673,0.49,12,0,110.3,1
146468,7674,6.42,12,0,197.5,1
146480,7675,7.41,12,0,212.3,1
146493,7676,6.25,13,0,195.0,1
146527,7677,48.10,34,1,809.7,1
146548,7678,20.34,21,0,402.7,1
146561,7679,6.25,13,0,195.0,1
146573,7680,4.28,12,0,166.8,1
146604,7681,35.79,31,1,628.9,1
146616,7682,3.68,12,1,156.2,1
146647,7683,38.76,31,1,672.1,1
146660,7684,5.19,13,0,179.4,1
146673,7685,6.25,13,0,195.0,1
146685,7686,2.27,12,0,137.6,1
146698,7687,5.19,13,0,179.4,1
146711,7688,4.41,13,0,168.7,1
146724,7689,5.19,13,0,179.4,1
146737,7690,0.36,13,0,108.9,1
146750,7691,6.25,13,0,195.0,1
146769,7692,16.32,19,0,343.6,1
146788,7693,27.88,19,0,513.3,1
146801,7694,6.25,13,0,195.0,1
146814,7695,6.25,13,0,195.0,1
146827,7696,5.93,13,0,190.3,1
146840,7697,6.25,13,0,195.0,1
146853,7698,6.25,13,0,195.0,1
146865,7699,4.94,12,0,176.5,1
146878,7700,5.19,13,0,179.4,1
146890,7701,3.53,12,1,155.1,1
146903,7702,6.25,13,0,195.0,1
146916,7703,6.25,13,0,195.0,1
146937,7704,28.01,21,0,515.8,1
146963,7705,39.16,26,0,679.1,1
146976,7706,5.15,13,0,178.8,1
146989,7707,6.25,13,0,195.0,1
147002,7708,8.44,13,0,227.4,1
147015,7709,6.25,13,0,195.0,1
147049,7710,48.10,34,1,809.7,1
147060,7711,2.14,11,1,133.6,1
147073,7712,6.25,13,0,195.0,1
147086,7713,5.22,13,0,180.1,1
147098,7714,5.27,12,0,181.1,1
147111,7715,6.25,13,0,195.0,1
147124,7716,6.25,13,0,195.0,1
147147,7717,28.86,23,1,527.0,1
147172,7718,30.11,25,0,546.8,1
147191,7719,24.42,19,0,462.7,1
147204,7720,4.32,13,0,166.6,1
147215,7721,2.93,11,1,145.2,1
147236,7722,17.56,21,1,360.7,1
147249,7723,6.25,13,0,195.0,1
147260,7724,4.13,11,0,164.9,1
147273,7725,6.25,13,0,195.0,1
147293,7726,26.11,20,0,487.7,1
147314,7727,24.91,21,0,469.9,1
147340,7728,32.38,26,1,578.2,1
147353,7729,6.25,13,0,195.0,1
147366,7730,6.25,13,0,195.0,1
147379,7731,5.19,13,0,179.4,1
147391,7732,1.79,12,0,129.4,1
147404,7733,6.92,13,0,205.5,1
147417,7734,7.71,13,0,216.7,1
147443,7735,30.31,26,2,547.3,1
147456,7736,6.25,13,0,195.0,1
147469,7737,6.25,13,0,195.0,1
147486,7738,14.16,17,0,311.6,1
147499,7739,8.77,13,0,232.8,1
147511,7740,1.01,12,0,118.8,1
147529,7741,26.84,18,1,498.0,1
147542,7742,6.25,13,0,195.0,1
147554,7743,7.32,12,0,211.2,1
147567,7744,6.25,13,0,195.0,1
147578,7745,2.74,11,0,144.0,1
147591,7746,8.12,13,0,223.0,1
147604,7747,10.56,13,0,258.4,1
147623,7748,26.28,19,0,489.6,1
147636,7749,6.25,13,0,195.0,1
147649,7750,6.25,13,0,195.0,1
147662,7751,6.25,13,0,195.0,1
147675,7752,6.25,13,0,195.0,1
147697,7753,24.71,22,0,467.0,1
147710,7754,6.25,13,0,195.0,1
147722,7755,6.06,12,0,192.4,1
147735,7756,6.25,13,0,195.0,1
147748,7757,6.25,13,0,195.0,1
147764,7758,19.82,16,0,394.8,1
147777,7759,6.25,13,0,195.0,1
147789,7760,5.23,12,0,180.2,1
147802,7761,6.25,13,0,195.0,1
147813,7762,4.50,11,0,170.1,1
147836,7763,33.75,23,0,599.7,1
147849,7764,6.25,13,0,195.0,1
147862,7765,8.66,13,0,230.7,1
147875,7766,6.25,13,0,195.0,1
147888,7767,6.25,13,0,195.0,1
147901,7768,6.25,13,0,195.0,1
147912,7769,3.32,11,0,153.1,1
147936,7770,24.84,24,1,468.2,1
147949,7771,6.25,13,0,195.0,1
147961,7772,8.60,12,0,230.1,1
147974,7773,6.25,13,0,195.0,1
147987,7774,6.25,13,0,195.0,1
148000,7775,7.86,13,0,218.9,1
148013,7776,6.25,13,0,195.0,1
148042,7777,47.71,29,1,804.2,1
148063,7778,24.69,21,1,466.0,1
148074,7779,4.47,11,1,169.0,1
148095,7780,29.54,21,0,537.5,1
148108,7781,6.25,13,0,195.0,1
148124,7782,19.58,16,0,391.2,1
148137,7783,8.40,13,0,226.8,1
148150,7784,6.25,13,0,195.0,1
148163,7785,6.25,13,0,195.0,1
148176,7786,6.25,13,0,195.0,1
148189,7787,6.90,13,0,205.1,1
148202,7788,6.25,13,0,195.0,1
148215,7789,6.25,13,0,195.0,1
148228,7790,6.25,13,0,195.0,1
148249,7791,29.06,21,0,530.6,1
148262,7792,6.25,13,0,195.0,1
148275,7793,6.25,13,0,195.0,1
148288,7794,9.97,13,0,249.7,1
148301,7795,6.25,13,0,195.0,1
148313,7796,6.00,12,0,191.5,1
148340,7797,40.33,27,2,695.1,1
148353,7798,6.25,13,0,195.0,1
148374,7799,27.98,21,0,515.7,1
148387,7800,6.25,13,0,195.0,1
148400,7801,5.19,13,0,179.4,1
148413,7802,6.25,13,0,195.0,1
148426,7803,6.25,13,0,195.0,1
148439,7804,6.25,13,0,195.0,1
148460,7805,24.74,21,0,467.8,1
148473,7806,6.25,13,0,195.0,1
148486,7807,6.25,13,0,195.0,1
148499,7808,6.25,13,0,195.0,1
148524,7809,34.45,25,1,609.2,1
148537,7810,6.25,13,0,195.0,1
148550,7811,7.11,13,0,208.8,1
148563,7812,6.25,13,0,195.0,1
148576,7813,7.68,13,0,216.0,1
148589,7814,7.55,13,0,214.1,1
148601,7815,7.75,12,0,217.3,1
148614,7816,6.25,13,0,195.0,1
148627,7817,8.81,13,0,232.9,1
148640,7818,6.25,13,0,195.0,1
148651,7819,1.78,11,1,129.1,1
148664,7820,6.25,13,0,195.0,1
148688,7821,29.73,24,1,540.1,1
148701,7822,6.25,13,0,195.0,1
148716,7823,16.74,15,0,349.5,1
148727,7824,5.51,11,0,184.0,1
148747,7825,29.89,20,1,541.9,1
148760,7826,6.25,13,0,195.0,1
148773,7827,6.25,13,0,195.0,1
148793,7828,23.43,20,0,447.9,1
148812,7829,26.89,19,0,499.0,1
148825,7830,4.96,13,0,176.5,1
148845,7831,24.37,20,0,461.7,1
148858,7832,5.97,13,0,190.8,1
148871,7833,6.25,13,0,195.0,1
148883,7834,5.32,12,0,181.3,1
148896,7835,6.25,13,0,195.0,1
148909,7836,6.25,13,0,195.0,1
148945,7837,52.63,36,2,876.2,1
148967,7838,29.35,22,1,534.0,1
148980,7839,6.25,13,0,195.0,1
148993,7840,6.25,13,0,195.0,1
149005,7841,6.64,12,0,200.9,1
149025,7842,28.24,20,0,518.6,1
149038,7843,6.25,13,0,195.0,1
149057,7844,25.73,19,1,481.1,1
149070,7845,5.19,13,0,179.4,1
149083,7846,6.25,13,0,195.0,1
149096,7847,6.25,13,0,195.0,1
149109,7848,6.25,13,0,195.0,1
149128,7849,24.57,19,0,464.9,1
149141,7850,6.25,13,0,195.0,1
149154,7851,6.25,13,0,195.0,1
149172,7852,22.37,18,0,432.9,1
149185,7853,9.42,13,0,241.9,1
149198,7854,8.59,13,0,230.2,1
149211,7855,6.25,13,0,195.0,1
149230,7856,26.11,19,0,487.6,1
149243,7857,6.25,13,0,195.0,1
149264,7858,24.84,21,0,469.0,1
149277,7859,6.18,13,0,194.3,1
149290,7860,6.25,13,0,195.0,1
149303,7861,6.87,13,0,204.4,1
149316,7862,6.25,13,0,195.0,1
149327,7863,1.55,11,0,126.1,1
149340,7864,6.25,13,0,195.0,1
149353,7865,10.92,13,0,264.3,1
149366,7866,6.25,13,0,195.0,1
149384,7867,27.14,18,0,502.7,1
149397,7868,6.26,13,0,195.2,1
149410,7869,5.20,13,0,180.7,1
149431,7870,29.15,21,0,531.7,1
149444,7871,6.25,13,0,195.0,1
149457,7872,6.25,13,0,195.0,1
149468,7873,3.29,11,0,152.0,1
149481,7874,6.25,13,0,195.0,1
149494,7875,6.25,13,0,195.0,1
149507,7876,6.25,13,0,195.0,1
149520,7877,6.25,13,0,195.0,1
149533,7878,7.36,13,0,211.3,1
149546,7879,5.06,13,1,176.4,1
149559,7880,5.19,13,0,179.4,1
149572,7881,6.25,13,0,195.0,1
149593,7882,29.18,21,0,533.4,1
149605,7883,5.89,12,0,190.5,1
149617,7884,5.98,12,0,191.3,1
149630,7885,6.25,13,0,195.0,1
149643,7886,6.25,13,0,195.0,1
149656,7887,6.25,13,0,195.0,1
149669,7888,6.25,13,0,195.0,1
149682,7889,6.25,13,0,195.0,1
149695,7890,6.25,13,0,195.0,1
149713,7891,17.04,18,0,354.7,1
149726,7892,6.25,13,0,195.0,1
149739,7893,7.52,13,0,214.0,1
149752,7894,6.25,13,0,195.0,1
149765,7895,6.25,13,0,195.0,1
149778,7896,7.50,13,0,214.3,1
149798,7897,19.56,20,0,391.6,1
149821,7898,30.67,23,0,554.1,1
149837,7899,18.10,16,0,370.1,1
149850,7900,6.25,13,0,195.0,1
149863,7901,8.89,13,0,233.7,1
149876,7902,6.25,13,0,195.0,1
149887,7903,4.66,11,0,171.6,1
149900,7904,6.25,13,0,195.0,1
149913,7905,6.25,13,0,195.0,1
149925,7906,5.00,12,1,175.9,1
149937,7907,6.35,12,0,196.4,1
149949,7908,3.59,12,1,155.4,1
149962,7909,6.25,13,0,195.0,1
149974,7910,2.29,12,0,137.0,1
149987,7911,6.25,13,0,195.0,1
149999,7912,6.83,12,0,204.1,1
150021,7913,29.13,22,1,530.8,1
150033,7914,1.60,12,0,126.6,1
150046,7915,6.25,13,0,195.0,1
150057,7916,4.59,11,0,171.4,1
150070,7917,6.25,13,0,195.0,1
150083,7918,6.25,13,0,195.0,1
150104,7919,27.24,21,1,503.0,1
150117,7920,6.25,13,0,195.0,1
150148,7921,53.54,31,1,889.8,1
150161,7922,6.25,13,0,195.0,1
150174,7923,6.25,13,0,195.0,1
150187,7924,6.25,13,0,195.0,1
150207,7925,25.62,20,1,479.5,1
150220,7926,6.25,13,0,195.0,1
150232,7927,7.97,12,0,220.6,1
150245,7928,6.25,13,0,195.0,1
150275,7929,51.06,30,1,852.9,1
150288,7930,6.25,13,0,195.0,1
150301,7931,6.25,13,0,195.0,1
150313,7932,1.93,12,1,130.5,1
150326,7933,5.19,13,0,179.4,1
150338,7934,6.87,12,0,204.1,1
150367,7935,47.39,29,2,798.8,1
150380,7936,6.25,13,0,195.0,1
150393,7937,6.25,13,0,195.0,1
150406,7938,6.25,13,0,195.0,1
150419,7939,8.09,13,0,222.3,1
150430,7940,1.48,11,0,124.8,1
150443,7941,6.25,13,0,195.0,1
150454,7942,6.14,11,0,193.3,1
150467,7943,6.25,13,0,195.0,1
150480,7944,7.28,13,0,211.0,1
150493,7945,6.25,13,0,195.0,1
150506,7946,6.25,13,0,195.0,1
150519,7947,7.48,13,0,214.2,1
150532,7948,6.25,13,0,195.0,1
150545,7949,6.25,13,0,195.0,1
150566,7950,26.15,21,2,486.5,1
150579,7951,6.25,13,0,195.0,1
150596,7952,27.47,17,0,507.9,1
150609,7953,6.25,13,0,195.0,1
150622,7954,6.25,13,0,195.0,1
150635,7955,3.53,13,0,156.2,1
150648,7956,6.25,13,0,195.0,1
150678,7957,47.15,30,1,796.7,1
150691,7958,6.25,13,0,195.0,1
150704,7959,9.01,13,0,235.5,1
150717,7960,6.25,13,0,195.0,1
150730,7961,6.25,13,0,195.0,1
150743,7962,6.25,13,0,195.0,1
150762,7963,27.21,19,0,503.1,1
150787,7964,30.11,25,0,546.8,1
150809,7965,28.08,22,0,517.1,1
150822,7966,6.25,13,0,195.0,1
150834,7967,6.02,12,0,191.9,1
150846,7968,4.21,12,1,164.0,1
150859,7969,5.19,13,0,179.4,1
150881,7970,25.86,22,0,483.9,1
150894,7971,6.25,13,0,195.0,1
150917,7972,30.03,23,0,545.2,1
150929,7973,4.43,12,1,167.2,1
150942,7974,6.25,13,0,195.0,1
150955,7975,6.25,13,0,195.0,1
150967,7976,6.42,12,0,197.7,1
150979,7977,3.99,12,1,160.7,1
150992,7978,6.25,13,0,195.0,1
151005,7979,6.25,13,0,195.0,1
151018,7980,6.25,13,0,195.0,1
151031,7981,6.25,13,0,195.0,1
151055,7982,29.48,24,1,535.9,1
151068,7983,6.25,13,0,195.0,1
151081,7984,6.25,13,0,195.0,1
151094,7985,5.09,13,0,178.1,1
151113,7986,25.49,19,1,476.9,1
151126,7987,6.61,13,0,200.9,1
151139,7988,7.59,13,0,214.9,1
151152,7989,6.25,13,0,195.0,1
151165,7990,6.25,13,0,195.0,1
151176,7991,-1.15,11,0,86.4,1
151187,7992,2.03,11,0,132.9,1
151200,7993,6.25,13,0,195.0,1
151215,7994,22.07,15,0,428.2,1
151228,7995,6.25,13,0,195.0,1
151241,7996,6.25,13,0,195.0,1
151259,7997,26.52,18,0,493.6,1
151272,7998,7.31,13,0,210.8,1
151291,7999,16.73,19,0,349.0,1
151304,8000,6.25,13,0,195.0,1
151317,8001,6.25,13,0,195.0,1
151330,8002,6.25,13,0,195.0,1
151343,8003,6.85,13,0,203.8,1
151356,8004,6.25,13,0,195.0,1
151368,8005,5.92,12,0,191.0,1
151381,8006,6.25,13,0,195.0,1
151394,8007,6.25,13,0,195.0,1
151406,8008,6.78,12,0,202.7,1
151427,8009,27.03,21,1,499.6,1
151446,8010,19.20,19,0,385.5,1
151459,8011,6.25,13,0,195.0,1
151482,8012,32.84,23,1,585.7,1
151493,8013,5.58,11,0,186.3,1
151506,8014,6.25,13,0,195.0,1
151518,8015,5.04,12,0,177.2,1
151531,8016,6.25,13,0,195.0,1
151566,8017,51.37,35,1,857.8,1
151579,8018,4.90,13,1,174.1,1
151598,8019,30.32,19,1,547.9,1
151611,8020,6.25,13,0,195.0,1
151624,8021,6.25,13,0,195.0,1
151637,8022,6.25,13,0,195.0,1
151650,8023,6.25,13,0,195.0,1
151663,8024,6.25,13,0,195.0,1
151676,8025,6.25,13,0,195.0,1
151689,8026,6.25,13,0,195.0,1
151700,8027,4.70,11,0,172.2,1
151712,8028,7.41,12,0,212.6,1
151730,8029,16.82,18,0,351.0,1
151742,8030,3.37,12,0,153.2,1
151761,8031,22.86,19,0,439.5,1
151774,8032,6.25,13,0,195.0,1
151787,8033,6.25,13,0,195.0,1
151799,8034,3.43,12,1,152.8,1
151812,8035,6.25,13,0,195.0,1
151825,8036,3.70,13,1,156.7,1
151836,8037,5.28,11,0,180.7,1
151849,8038,6.72,13,0,202.2,1
151866,8039,19.33,17,0,387.3,1
151879,8040,6.25,13,0,195.0,1
151892,8041,6.25,13,0,195.0,1
151912,8042,24.85,20,0,469.0,1
151925,8043,5.03,13,1,176.1,1
151938,8044,9.86,13,0,249.3,1
151950,8045,5.39,12,0,182.6,1
151972,8046,27.47,22,0,507.4,1
151984,8047,5.16,12,0,179.0,1
151997,8048,6.25,13,0,195.0,1
152018,8049,25.64,21,1,479.2,1
152031,8050,6.25,13,0,195.0,1
152044,8051,6.25,13,0,195.0,1
152063,8052,20.26,19,1,400.4,1
152076,8053,6.25,13,0,195.0,1
152089,8054,6.25,13,0,195.0,1
152109,8055,23.34,20,0,446.6,1
152122,8056,9.38,13,0,241.6,1
152144,8057,32.61,22,0,583.7,1
152157,8058,6.25,13,0,195.0,1
152170,8059,6.25,13,0,195.0,1
152183,8060,6.25,13,0,195.0,1
152203,8061,24.04,20,1,455.6,1
152215,8062,6.80,12,0,204.2,1
152232,8063,13.95,17,0,309.1,1
152245,8064,6.25,13,0,195.0,1
152258,8065,6.25,13,0,195.0,1
152270,8066,3.94,12,0,161.5,1
152289,8067,27.16,19,0,503.0,1
152302,8068,8.33,13,0,226.8,1
152315,8069,6.25,13,0,195.0,1
152335,8070,23.67,20,0,452.3,1
152346,8071,0.78,11,0,115.1,1
152359,8072,3.03,13,0,147.7,1
152372,8073,6.25,13,0,195.0,1
152385,8074,6.25,13,0,195.0,1
152397,8075,5.35,12,0,182.6,1
152410,8076,6.25,13,0,195.0,1
152427,8077,22.19,17,0,430.0,1
152440,8078,6.25,13,0,195.0,1
152463,8079,29.09,23,0,531.4,1
152476,8080,6.83,13,0,203.4,1
152488,8081,5.79,12,0,189.1,1
152512,8082,31.64,24,0,568.7,1
152524,8083,8.60,12,0,230.3,1
152537,8084,6.25,13,0,195.0,1
152549,8085,4.24,12,1,164.7,1
152562,8086,8.05,13,0,221.4,1
152574,8087,4.02,12,1,162.4,1
152585,8088,3.29,11,0,152.3,1
152604,8089,13.80,19,0,306.3,1
152615,8090,1.84,11,0,130.7,1
152627,8091,6.63,12,0,200.6,1
152652,8092,30.11,25,0,546.8,1
152665,8093,6.25,13,0,195.0,1
152678,8094,6.25,13,0,195.0,1
152690,8095,4.38,12,1,167.6,1
152703,8096,6.25,13,0,195.0,1
152706,8097,-6.30,3,0,10.4,1
152719,8098,6.25,13,0,195.0,1
152731,8099,8.05,12,0,222.1,1
152744,8100,6.25,13,0,195.0,1
152757,8101,7.24,13,0,210.7,1
152770,8102,6.25,13,0,195.0,1
152783,8103,6.25,13,0,195.0,1
152796,8104,6.25,13,0,195.0,1
152809,8105,6.25,13,0,195.0,1
152822,8106,7.45,13,0,212.7,1
152841,8107,22.53,19,1,433.4,1
152854,8108,6.25,13,0,195.0,1
152867,8109,6.25,13,0,195.0,1
152879,8110,4.61,12,1,169.8,1
152891,8111,4.81,12,1,173.4,1
152904,8112,6.25,13,0,195.0,1
152917,8113,9.38,13,0,242.1,1
152930,8114,6.25,13,0,195.0,1
152943,8115,6.25,13,0,195.0,1
152962,8116,21.03,19,0,412.6,1
152984,8117,24.04,22,0,456.6,1
152997,8118,6.25,13,0,195.0,1
153016,8119,28.65,19,1,524.5,1
153029,8120,7.48,13,0,213.3,1
153041,8121,4.14,12,1,163.8,1
153052,8122,4.18,11,0,165.4,1
153065,8123,5.19,13,0,179.4,1
153085,8124,19.15,20,0,384.7,1
153107,8125,30.88,22,1,556.5,1
153120,8126,7.97,13,0,220.9,1
153138,8127,26.08,18,0,487.1,1
153150,8128,6.11,12,0,192.9,1
153163,8129,6.25,13,0,195.0,1
153187,8130,30.84,24,0,556.8,1
153206,8131,20.42,19,0,404.2,1
153219,8132,6.25,13,0,195.0,1
153232,8133,6.25,13,0,195.0,1
153245,8134,6.25,13,0,195.0,1
153258,8135,6.25,13,0,195.0,1
153271,8136,11.79,13,0,276.4,1
153284,8137,6.25,13,0,195.0,1
153303,8138,16.40,19,0,345.1,1
153316,8139,5.19,13,0,179.4,1
153328,8140,5.02,12,0,177.2,1
153341,8141,6.25,13,0,195.0,1
153352,8142,3.20,11,0,150.4,1
153364,8143,3.64,12,1,155.6,1
153377,8144,6.25,13,0,195.0,1
153397,8145,27.88,20,0,513.0,1
153415,8146,19.15,18,0,385.5,1
153428,8147,4.52,13,1,168.5,1
153441,8148,6.25,13,0,195.0,1
153454,8149,6.25,13,0,195.0,1
153466,8150,5.03,12,0,177.9,1
153477,8151,1.36,11,0,123.0,1
153511,8152,48.10,34,1,809.7,1
153524,8153,6.25,13,0,195.0,1
153537,8154,6.25,13,0,195.0,1
153549,8155,6.35,12,0,197.2,1
153582,8156,53.29,33,1,886.1,1
153616,8157,48.10,34,1,809.7,1
153629,8158,6.25,13,0,195.0,1
153642,8159,6.25,13,0,195.0,1
153661,8160,27.17,19,1,501.9,1
153674,8161,6.25,13,0,195.0,1
153697,8162,29.10,23,1,530.2,1
153710,8163,6.25,13,0,195.0,1
153723,8164,6.25,13,0,195.0,1
153736,8165,6.25,13,0,195.0,1
153758,8166,28.50,22,0,522.4,1
153771,8167,8.61,13,0,229.6,1
153784,8168,6.25,13,0,195.0,1
153800,8169,18.65,16,0,377.3,1
153813,8170,8.66,13,0,231.2,1
153832,8171,27.50,19,1,506.5,1
153862,8172,46.71,30,2,788.0,1
153875,8173,6.25,13,0,195.0,1
153895,8174,27.81,20,0,512.7,1
153913,8175,25.07,18,0,472.3,1
153926,8176,6.25,13,0,195.0,1
153938,8177,4.86,12,0,175.7,1
153951,8178,6.25,13,0,195.0,1
153964,8179,6.25,13,0,195.0,1
153976,8180,4.85,12,0,175.0,1
153989,8181,6.25,13,0,195.0,1
154007,8182,23.83,18,1,452.8,1
154018,8183,2.02,11,0,132.7,1
154030,8184,4.94,12,0,175.7,1
154043,8185,6.25,13,0,195.0,1
154056,8186,6.25,13,0,195.0,1
154078,8187,29.27,22,1,533.7,1
154091,8188,6.25,13,0,195.0,1
154103,8189,3.87,12,1,159.2,1
154121,8190,19.29,18,0,386.7,1
154141,8191,28.11,20,1,515.4,1
154153,8192,6.08,12,0,193.0,1
154166,8193,6.25,13,0,195.0,1
154185,8194,19.67,19,0,392.3,1
154198,8195,5.19,13,0,179.4,1
154211,8196,5.40,13,0,183.3,1
154231,8197,29.68,20,1,539.1,1
154244,8198,6.25,13,0,195.0,1
154265,8199,15.17,21,1,325.1,1
154278,8200,6.25,13,0,195.0,1
154291,8201,6.25,13,0,195.0,1
154304,8202,6.25,13,0,195.0,1
154317,8203,6.25,13,0,195.0,1
154328,8204,2.24,11,0,136.5,1
154346,8205,21.72,18,0,422.4,1
154359,8206,6.25,13,0,195.0,1
154372,8207,6.25,13,0,195.0,1
154385,8208,6.25,13,0,195.0,1
154398,8209,6.25,13,0,195.0,1
154411,8210,6.25,13,0,195.0,1
154424,8211,6.25,13,0,195.0,1
154437,8212,8.55,13,0,228.7,1
154455,8213,26.04,18,0,485.9,1
154473,8214,26.68,18,0,496.2,1
154485,8215,3.22,12,0,150.4,1
154498,8216,4.56,13,0,170.7,1
154510,8217,5.85,12,1,189.2,1
154531,8218,31.68,21,0,568.8,1
154543,8219,6.80,12,0,204.0,1
154560,8220,19.78,17,0,394.3,1
154573,8221,6.25,13,0,195.0,1
154592,8222,25.69,19,0,480.8,1
154605,8223,6.25,13,0,195.0,1
154624,8224,28.41,19,0,521.1,1
154645,8225,25.62,21,0,480.4,1
154658,8226,6.25,13,0,195.0,1
154678,8227,26.40,20,0,491.3,1
154690,8228,4.74,12,0,173.4,1
154711,8229,28.11,21,0,516.4,1
154731,8230,22.98,20,2,439.5,1
154744,8231,6.25,13,0,195.0,1
154762,8232,21.72,18,0,422.7,1
154774,8233,9.32,12,0,240.0,1
154787,8234,6.25,13,0,195.0,1
154800,8235,6.03,13,0,191.7,1
154813,8236,6.25,13,0,195.0,1
154825,8237,6.56,12,0,199.5,1
154838,8238,6.25,13,0,195.0,1
154861,8239,31.88,23,1,571.2,1
154874,8240,6.25,13,0,195.0,1
154886,8241,8.66,12,0,230.3,1
154899,8242,6.25,13,0,195.0,1
154912,8243,6.25,13,0,195.0,1
154925,8244,6.25,13,0,195.0,1
154938,8245,6.25,13,0,195.0,1
154951,8246,6.25,13,0,195.0,1
154964,8247,6.25,13,0,195.0,1
154977,8248,6.72,13,0,202.2,1
154988,8249,2.80,11,0,145.1,1
155004,8250,17.28,16,0,357.5,1
155025,8251,25.68,21,0,481.3,1
155044,8252,20.11,19,0,398.7,1
155057,8253,8.48,13,0,227.7,1
155069,8254,5.74,12,0,187.4,1
155089,8255,22.62,20,0,436.0,1
155100,8256,2.92,11,0,146.5,1
155113,8257,6.25,13,0,195.0,1
155135,8258,32.22,22,1,575.8,1
155165,8259,46.70,30,2,788.1,1
155177,8260,6.43,12,0,198.5,1
155190,8261,6.25,13,0,195.0,1
155203,8262,4.13,13,0,163.8,1
155216,8263,6.25,13,0,195.0,1
155229,8264,6.25,13,0,195.0,1
155242,8265,6.25,13,0,195.0,1
155255,8266,6.25,13,0,195.0,1
155268,8267,6.25,13,0,195.0,1
155280,8268,4.75,12,1,171.9,1
155293,8269,6.25,13,0,195.0,1
155306,8270,6.25,13,0,195.0,1
155319,8271,6.25,13,0,195.0,1
155332,8272,6.25,13,0,195.0,1
155345,8273,6.25,13,0,195.0,1
155358,8274,6.25,13,0,195.0,1
155380,8275,29.72,22,1,539.2,1
155393,8276,6.25,13,0,195.0,1
155406,8277,6.25,13,0,195.0,1
155419,8278,6.25,13,0,195.0,1
155438,8279,16.33,19,0,343.2,1
155451,8280,6.25,13,0,195.0,1
155464,8281,6.25,13,0,195.0,1
155477,8282,7.46,13,0,212.7,1
155490,8283,6.25,13,0,195.0,1
155503,8284,6.25,13,0,195.0,1
155516,8285,6.25,13,0,195.0,1
155529,8286,6.25,13,0,195.0,1
155542,8287,6.25,13,0,195.0,1
