step,episode,ep_reward,ep_length,ep_kills,ep_max_x,died
35,1,-3.64,35,0,51.2,1
70,2,-7.96,35,1,30.8,1
99,3,0.45,29,1,129.2,1
147,4,-8.27,48,0,19.1,1
188,5,-5.01,41,0,43.8,1
222,6,-7.16,34,0,13.7,1
256,7,-4.10,34,1,45.3,1
283,8,-5.44,27,1,40.3,1
338,9,-8.37,55,0,34.5,1
375,10,-8.04,37,0,20.6,1
425,11,-3.86,50,1,49.4,1
455,12,-5.95,30,1,41.2,1
489,13,-5.77,34,0,33.0,1
529,14,-8.14,40,1,53.8,1
614,15,-5.88,85,1,106.7,1
664,16,-7.71,50,0,14.9,1
742,17,-6.01,78,1,17.4,1
896,18,10.00,154,3,410.0,1
1116,19,-8.86,220,1,79.2,1
1162,20,-8.27,46,1,104.8,1
1196,21,-5.50,34,1,30.2,1
1236,22,-8.15,40,0,29.3,1
1292,23,-4.07,56,1,73.0,1
1331,24,-6.32,39,0,41.5,1
1400,25,-5.87,69,0,33.1,1
1535,26,16.51,135,2,352.5,1
1569,27,-2.33,34,0,70.9,1
1714,28,12.61,145,1,329.6,1
1752,29,-8.34,38,0,31.6,1
1850,30,-6.60,98,1,20.2,1
2005,31,11.10,155,2,268.8,1
63,1,-4.54,63,1,39.2,1
226,2,7.90,163,1,239.2,1
272,3,-4.16,46,1,46.0,1
370,4,-5.50,98,1,114.9,1
424,5,-8.28,54,1,37.5,1
949,6,7.75,525,2,157.1,0
1474,7,5.69,525,2,162.1,0
1516,8,-6.85,42,1,16.4,1
1555,9,-7.96,39,1,84.4,1
1571,10,-5.00,16,1,29.5,1
1669,11,-0.80,98,1,101.7,1
1890,12,-8.75,221,1,91.1,1
1931,13,-3.60,41,0,68.9,1
1972,14,0.92,41,0,120.4,1
2006,15,-3.07,34,0,58.7,1
2060,16,-0.29,54,1,101.0,1
2094,17,-4.71,34,0,37.7,1
2309,18,-3.63,215,1,183.1,1
2343,19,-7.77,34,1,15.8,1
2405,20,-6.20,62,1,17.6,1
2455,21,-0.68,50,1,94.3,1
2841,22,14.77,386,2,343.6,1
2892,23,-6.88,51,0,26.0,1
2941,24,-7.11,49,1,45.6,1
2976,25,-4.03,35,1,44.8,1
3018,26,-6.63,42,0,23.5,1
3155,27,-8.12,137,1,74.5,1
3184,28,-6.26,29,1,12.2,1
3259,29,-2.68,75,1,86.7,1
3361,30,-6.70,102,1,53.5,1
3886,31,-1.86,525,2,374.7,0
3944,32,-8.26,58,0,15.6,1
3980,33,-8.24,36,0,41.4,1
4019,34,-8.22,39,1,15.6,1
4039,35,-6.51,20,0,20.2,1
4073,36,-5.99,34,1,29.1,1
4119,37,-0.84,46,1,93.7,1
4153,38,-7.93,34,0,15.6,1
4231,39,-7.45,78,1,76.1,1
4316,40,-7.10,85,1,84.8,1
4342,41,-7.73,26,0,30.3,1
4379,42,-4.40,37,1,39.6,1
4418,43,-8.17,39,1,3.2,1
4451,44,-7.50,33,1,11.8,1
4492,45,4.58,41,1,188.8,1
14,1,-7.83,14,0,10.9,1
53,2,2.11,39,0,170.0,1
92,3,-7.93,39,0,12.1,1
213,4,3.24,121,1,212.0,1
253,5,-9.08,40,0,15.6,1
582,6,-8.71,329,1,95.5,1
707,7,-7.14,125,1,80.9,1
741,8,-4.14,34,0,55.9,1
783,9,-8.17,42,0,41.2,1
860,10,0.96,77,1,106.3,1
894,11,-1.89,34,1,65.6,1
940,12,-1.70,46,1,62.8,1
1047,13,-7.15,107,1,150.3,1
1087,14,-9.18,40,0,16.1,1
1134,15,-7.37,47,1,51.4,1
1172,16,-1.01,38,2,45.5,1
1200,17,-8.73,28,0,24.2,1
1725,18,21.97,525,2,319.9,0
1771,19,-6.93,46,0,113.2,1
1817,20,-7.59,46,0,104.5,1
1852,21,-5.59,35,1,31.7,1
1904,22,0.83,52,1,98.1,1
1946,23,-9.05,42,0,36.1,1
2072,24,-2.24,126,1,95.4,1
2106,25,-8.62,34,0,38.9,1
2147,26,-6.98,41,0,41.9,1
2181,27,-5.09,34,1,22.8,1
2227,28,-8.28,46,0,19.1,1
2272,29,-7.77,45,0,84.5,1
2331,30,-1.47,59,1,72.9,1
2388,31,-2.70,57,1,48.0,1
2429,32,-6.91,41,0,40.1,1
2458,33,-6.92,29,0,24.6,1
2493,34,-6.48,35,0,22.2,1
2537,35,-7.04,44,1,81.7,1
2602,36,7.88,65,1,252.6,1
2747,37,0.48,145,1,213.2,1
2793,38,-6.08,46,0,111.0,1
2827,39,-6.89,34,0,107.0,1
2870,40,-6.86,43,0,27.4,1
2905,41,-8.90,35,0,38.6,1
3430,42,5.74,525,3,205.2,0
3955,43,8.45,525,2,339.5,0
3994,44,-8.52,39,0,29.3,1
4055,45,2.07,61,1,124.4,1
4107,46,-5.51,52,1,57.6,1
4157,47,-8.78,50,0,31.4,1
4276,48,-6.48,119,1,81.2,1
4318,49,-6.16,42,0,31.1,1
4352,50,-5.17,34,0,57.7,1
4393,51,-8.94,41,0,19.4,1
4470,52,-0.90,77,1,87.1,1
4511,53,-4.35,41,1,26.3,1
4555,54,-7.95,44,0,22.6,1
4589,55,2.00,34,1,120.2,1
4630,56,-6.65,41,0,51.2,1
5155,57,15.53,525,2,251.1,0
5218,58,0.25,63,1,94.0,1
5275,59,1.47,57,1,111.1,1
5300,60,-0.44,25,0,110.1,1
5336,61,-6.50,36,0,39.1,1
5372,62,-4.05,36,1,69.1,1
5413,63,-8.93,41,0,46.6,1
5447,64,-5.62,34,1,106.7,1
5528,65,-5.29,81,1,89.1,1
5555,66,-8.81,27,0,0.5,1
5598,67,-2.70,43,1,50.8,1
5682,68,5.17,84,1,172.3,1
5723,69,-6.50,41,1,13.9,1
6087,70,14.63,364,2,315.4,1
6133,71,-3.95,46,1,34.7,1
6377,72,-4.62,244,1,59.3,1
6410,73,-4.80,33,1,73.4,1
6442,74,-8.91,32,0,12.3,1
6477,75,-6.85,35,1,0.7,1
6511,76,0.56,34,1,116.7,1
6545,77,-5.36,34,1,13.7,1
6573,78,-8.07,28,0,20.6,1
6608,79,-6.57,35,0,24.0,1
6819,80,12.19,211,1,276.8,1
6846,81,-8.75,27,0,19.0,1
6889,82,-0.32,43,1,81.1,1
6954,83,-1.46,65,1,84.9,1
7095,84,2.00,141,1,122.5,1
7124,85,-8.39,29,0,59.8,1
7154,86,-8.91,30,0,46.8,1
7679,87,6.83,525,2,281.4,0
7714,88,-9.07,35,0,26.6,1
7748,89,-1.41,34,0,98.1,1
7797,90,-7.56,49,0,19.1,1
7854,91,-2.89,57,1,80.5,1
7902,92,-7.42,48,0,38.4,1
7953,93,-5.45,51,0,38.4,1
7987,94,-7.98,34,0,52.5,1
8028,95,-5.45,41,1,67.2,1
8092,96,-3.97,64,1,36.1,1
8182,97,-3.13,90,1,71.5,1
8217,98,-5.23,35,1,13.5,1
8434,99,13.67,217,2,282.0,1
8463,100,-8.34,29,0,36.5,1
8502,101,1.87,39,1,119.8,1
8542,102,-5.08,40,1,23.4,1
8574,103,-3.61,32,0,65.5,1
8609,104,5.04,35,1,162.7,1
8650,105,4.66,41,1,160.0,1
8689,106,1.85,39,1,118.3,1
8767,107,6.34,78,1,183.3,1
8926,108,5.16,159,1,172.6,1
8996,109,3.21,70,1,163.0,1
9028,110,-9.10,32,0,29.6,1
9053,111,1.15,25,1,103.6,1
9121,112,-1.59,68,1,85.9,1
9251,113,15.51,130,1,333.2,1
9325,114,19.77,74,1,480.4,1
9423,115,6.58,98,1,192.2,1
9516,116,22.32,93,2,394.4,1
9550,117,-3.10,34,1,56.8,1
9613,118,-0.75,63,1,93.8,1
9651,119,-0.77,38,0,105.1,1
9684,120,5.12,33,1,163.6,1
9878,121,30.52,194,3,491.6,1
9913,122,-2.52,35,0,103.7,1
9975,123,5.97,62,1,184.4,1
10021,124,-2.54,46,1,50.1,1
10069,125,2.02,48,1,129.3,1
10126,126,-6.23,57,1,29.2,1
10154,127,-6.04,28,0,50.6,1
10184,128,4.86,30,0,187.2,1
10267,129,0.38,83,1,166.7,1
10310,130,-1.46,43,0,98.5,1
10343,131,0.37,33,1,93.7,1
10389,132,-0.85,46,1,99.2,1
10434,133,-5.86,45,0,66.6,1
10460,134,-9.02,26,0,4.4,1
10497,135,16.10,37,0,357.9,1
10536,136,-2.37,39,0,93.8,1
10577,137,-0.32,41,0,113.2,1
10619,138,-7.86,42,0,24.3,1
10702,139,-1.04,83,1,85.5,1
10820,140,6.14,118,1,198.6,1
10854,141,-7.84,34,0,57.4,1
10904,142,5.28,50,1,166.3,1
10950,143,-3.20,46,1,103.9,1
10984,144,-1.01,34,1,74.8,1
11041,145,0.97,57,1,104.2,1
11113,146,6.01,72,1,196.1,1
11163,147,2.00,50,1,127.6,1
11264,148,3.57,101,1,144.2,1
11298,149,7.39,34,1,199.8,1
11333,150,4.28,35,1,150.8,1
11494,151,53.46,161,3,831.1,1
11531,152,-1.81,37,0,90.3,1
11572,153,12.93,41,0,310.0,1
11649,154,3.71,77,1,149.7,1
11729,155,23.61,80,1,474.9,1
11758,156,-4.02,29,0,56.6,1
11804,157,-6.75,46,1,59.6,1
11834,158,-3.44,30,0,68.8,1
11896,159,-0.70,62,1,99.1,1
11952,160,-4.33,56,1,89.6,1
11989,161,-5.19,37,1,89.5,1
12035,162,12.55,46,1,273.3,1
12096,163,4.76,61,1,160.3,1
12227,164,24.41,131,2,426.4,1
12341,165,0.22,114,1,285.7,1
12375,166,0.99,34,1,103.7,1
12409,167,-1.52,34,1,66.6,1
12444,168,-4.30,35,0,54.5,1
12473,169,-5.82,29,0,29.3,1
12515,170,-0.24,42,0,145.6,1
12573,171,2.06,58,1,134.2,1
13098,172,5.25,525,2,311.8,0
13135,173,4.70,37,1,159.2,1
13211,174,-1.50,76,1,90.6,1
13250,175,-5.75,39,1,5.9,1
13285,176,-2.58,35,0,122.8,1
13317,177,-4.41,32,1,26.0,1
13346,178,-1.17,29,0,107.2,1
13376,179,6.00,30,0,202.9,1
13427,180,-6.24,51,1,17.9,1
13461,181,-3.78,34,0,94.1,1
13502,182,-9.13,41,0,33.8,1
13527,183,0.00,25,0,114.8,1
13581,184,-7.39,54,1,33.5,1
13611,185,-4.18,30,0,69.8,1
13637,186,-1.50,26,0,102.6,1
13714,187,10.59,77,1,245.8,1
13749,188,-1.39,35,1,118.2,1
13778,189,0.08,29,0,123.7,1
13822,190,1.79,44,1,115.5,1
13960,191,-7.52,138,1,180.0,1
14133,192,6.85,173,1,201.3,1
14196,193,7.08,63,1,197.2,1
14230,194,9.46,34,1,230.3,1
14253,195,-7.63,23,0,62.6,1
14323,196,16.49,70,1,332.2,1
14362,197,-4.74,39,0,67.2,1
14396,198,-9.01,34,0,57.3,1
14430,199,-3.11,34,0,69.4,1
14462,200,12.30,32,1,273.3,1
14533,201,18.59,71,2,354.2,1
14568,202,2.87,35,1,147.2,1
14631,203,8.80,63,1,220.1,1
14664,204,2.77,33,1,143.0,1
14690,205,-1.49,26,1,71.9,1
14736,206,5.02,46,1,163.0,1
14792,207,-8.13,56,0,30.0,1
14833,208,-1.39,41,0,99.1,1
14867,209,4.19,34,1,148.0,1
14892,210,-3.38,25,0,66.0,1
14933,211,2.46,41,1,126.9,1
14979,212,7.31,46,0,225.8,1
15033,213,5.77,54,1,196.5,1
15067,214,4.83,34,1,158.0,1
15102,215,7.44,35,1,199.0,1
15132,216,5.24,30,0,192.8,1
15174,217,9.96,42,1,232.1,1
15210,218,1.13,36,1,114.5,1
15262,219,12.66,52,1,279.4,1
15287,220,4.59,25,0,183.8,1
15312,221,-4.86,25,0,49.2,1
15388,222,0.06,76,1,94.6,1
15431,223,4.15,43,1,147.2,1
15467,224,7.81,36,1,202.4,1
15530,225,8.97,63,1,221.4,1
15604,226,13.24,74,1,287.4,1
15639,227,0.25,35,0,130.2,1
15770,228,52.45,131,3,811.2,1
15811,229,3.59,41,1,142.5,1
15845,230,-4.38,34,0,56.6,1
15878,231,3.82,33,0,173.0,1
15919,232,-0.87,41,0,106.4,1
15964,233,12.00,45,1,268.7,1
16011,234,8.91,47,1,221.0,1
16046,235,-5.30,35,0,46.5,1
16080,236,3.41,34,0,167.9,1
16111,237,6.12,31,1,177.3,1
16145,238,3.77,34,0,172.2,1
16170,239,-0.96,25,0,124.6,1
16224,240,7.68,54,0,235.3,1
16241,241,-1.31,17,0,112.0,1
16284,242,-5.13,43,0,94.7,1
16306,243,-0.10,22,0,115.1,1
16340,244,-3.77,34,0,74.9,1
16403,245,15.48,63,1,314.6,1
16430,246,-2.02,27,0,85.6,1
16526,247,6.31,96,1,215.1,1
16551,248,-7.46,25,0,46.9,1
16584,249,5.64,33,1,172.1,1
16625,250,10.17,41,0,271.8,1
16657,251,-4.31,32,0,75.9,1
16698,252,4.93,41,1,190.9,1
16766,253,18.53,68,1,366.2,1
16801,254,3.95,35,0,186.0,1
16826,255,-0.64,25,0,106.1,1
16891,256,12.73,65,1,296.5,1
16936,257,19.32,45,1,378.6,1
17036,258,15.07,100,1,328.2,1
17073,259,16.65,37,0,384.2,1
17139,260,18.19,66,1,361.0,1
17194,261,4.36,55,1,173.5,1
17219,262,-3.05,25,1,41.1,1
17252,263,5.38,33,1,164.7,1
17311,264,21.17,59,1,404.1,1
17352,265,5.15,41,1,164.8,1
17425,266,25.16,73,2,444.6,1
17458,267,-5.77,33,1,63.6,1
17492,268,6.43,34,0,209.3,1
17555,269,5.56,63,1,170.1,1
17589,270,14.86,34,0,338.8,1
17678,271,22.11,89,2,397.9,1
17755,272,15.67,77,1,344.1,1
17789,273,-1.18,34,0,101.5,1
17824,274,-0.95,35,1,80.9,1
17849,275,0.08,25,0,119.5,1
17994,276,26.66,145,2,490.2,1
18040,277,3.05,46,1,134.5,1
18081,278,4.59,41,0,192.9,1
18204,279,45.12,123,2,731.3,1
18237,280,4.61,33,0,196.4,1
18268,281,-1.62,31,0,91.7,1
18329,282,25.54,61,1,467.4,1
18370,283,7.19,41,1,196.7,1
18409,284,18.32,39,1,355.9,1
18442,285,5.77,33,1,190.8,1
18475,286,-2.93,33,0,80.9,1
18515,287,-5.43,40,0,41.7,1
18556,288,-1.35,41,1,135.1,1
18600,289,4.15,44,1,149.3,1
18662,290,21.43,62,1,414.7,1
18749,291,19.20,87,2,350.0,1
18782,292,6.84,33,1,188.4,1
18807,293,-2.89,25,0,82.3,1
18866,294,24.47,59,2,433.5,1
18907,295,-3.30,41,1,91.0,1
18948,296,5.46,41,1,166.4,1
18994,297,7.03,46,0,232.7,1
19068,298,4.44,74,1,176.7,1
19093,299,1.00,25,0,129.0,1
19129,300,5.77,36,1,180.9,1
19163,301,3.45,34,1,137.7,1
19212,302,20.83,49,2,366.8,1
19253,303,-2.13,41,0,87.1,1
19275,304,-9.07,22,0,6.1,1
19312,305,4.53,37,0,183.2,1
19340,306,-3.14,28,0,76.6,1
19406,307,21.39,66,2,374.4,1
19543,308,18.83,137,2,342.2,1
19589,309,-0.10,46,1,87.3,1
19630,310,-1.16,41,0,119.0,1
19665,311,-0.11,35,0,117.0,1
19691,312,-4.26,26,1,48.0,1
19837,313,24.21,146,2,434.7,1
19878,314,-6.95,41,0,79.2,1
19972,315,18.04,94,1,354.9,1
20018,316,-0.50,46,0,112.1,1
20140,317,8.37,122,2,282.0,1
20176,318,-6.83,36,1,6.2,1
20290,319,22.87,114,2,412.0,1
20319,320,2.73,29,1,127.3,1
20360,321,-5.48,41,1,72.3,1
20396,322,-0.79,36,1,76.7,1
20440,323,-8.48,44,0,80.0,1
20479,324,10.28,39,1,243.2,1
20514,325,-0.49,35,1,89.1,1
20582,326,1.44,68,0,146.8,1
20636,327,-5.25,54,1,49.0,1
20663,328,-4.42,27,0,67.9,1
20705,329,0.29,42,0,147.0,1
20739,330,-3.11,34,0,112.2,1
20795,331,2.27,56,1,124.5,1
20892,332,6.70,97,1,195.7,1
20963,333,-3.83,71,1,83.7,1
21004,334,-4.00,41,1,46.5,1
21063,335,-4.19,59,1,46.2,1
21095,336,-7.56,32,0,33.6,1
21122,337,-5.43,27,0,44.9,1
21156,338,-1.20,34,0,104.5,1
21213,339,-5.44,57,0,48.0,1
21254,340,-5.35,41,0,40.7,1
21317,341,-0.72,63,1,80.3,1
21352,342,9.80,35,0,262.0,1
21376,343,-5.65,24,0,35.2,1
21498,344,-7.27,122,1,141.3,1
21591,345,17.74,93,1,362.8,1
21637,346,-0.08,46,0,114.4,1
21671,347,-4.46,34,0,92.6,1
21710,348,-2.08,39,1,60.3,1
21753,349,5.41,43,1,169.6,1
21815,350,-4.09,62,1,50.6,1
21908,351,17.77,93,1,356.9,1
21929,352,-6.40,21,0,67.5,1
22069,353,18.91,140,2,345.2,1
22110,354,-5.41,41,1,28.2,1
22180,355,5.57,70,1,179.3,1
22215,356,-0.72,35,0,108.9,1
22256,357,-2.17,41,0,89.8,1
22307,358,-1.55,51,0,94.3,1
22346,359,-1.63,39,1,64.6,1
22422,360,0.82,76,1,117.4,1
22458,361,-3.88,36,0,63.1,1
22495,362,-1.42,37,1,65.1,1
22523,363,-2.36,28,0,101.7,1
22557,364,-2.49,34,0,84.2,1
22632,365,3.52,75,1,174.1,1
22662,366,-5.14,30,0,42.1,1
22690,367,-6.61,28,1,6.6,1
22763,368,-2.99,73,1,114.0,1
22793,369,6.37,30,0,213.7,1
22827,370,-0.67,34,0,107.9,1
22883,371,-2.35,56,1,59.9,1
23140,372,15.28,257,2,298.6,1
23294,373,18.66,154,2,437.0,1
23317,374,2.68,23,0,160.8,1
23367,375,-3.51,50,1,53.5,1
23390,376,-4.65,23,0,103.0,1
23431,377,-0.11,41,0,119.0,1
23466,378,-1.98,35,0,90.3,1
23500,379,-6.91,34,0,23.3,1
23535,380,-7.63,35,0,50.7,1
23641,381,-1.73,106,2,137.9,1
23722,382,-1.05,81,1,86.1,1
23747,383,-6.81,25,0,62.9,1
23952,384,13.71,205,2,320.6,1
23992,385,-3.46,40,0,94.4,1
24059,386,-3.59,67,1,58.7,1
24102,387,11.71,43,1,275.2,1
24165,388,8.87,63,1,220.4,1
24331,389,13.95,166,1,309.8,1
24377,390,-3.83,46,0,86.8,1
24494,391,13.62,117,1,342.1,1
24528,392,-8.60,34,0,72.0,1
24611,393,5.06,83,1,176.3,1
24657,394,-1.61,46,1,65.8,1
24716,395,-3.89,59,0,83.9,1
24838,396,22.17,122,1,418.1,1
24895,397,-6.38,57,1,96.6,1
24931,398,4.80,36,1,160.2,1
24981,399,-3.11,50,1,67.9,1
25023,400,-4.74,42,0,58.9,1
25057,401,-9.30,34,0,53.9,1
25094,402,0.19,37,1,93.0,1
25135,403,8.01,41,0,241.2,1
25180,404,-3.56,45,0,68.3,1
25222,405,4.39,42,1,154.2,1
25262,406,-8.21,40,0,65.6,1
25298,407,-3.85,36,0,123.2,1
25352,408,-3.77,54,1,94.1,1
25398,409,-5.47,46,0,39.4,1
25538,410,2.17,140,1,152.5,1
25586,411,4.77,48,1,161.9,1
25627,412,9.81,41,0,264.5,1
25671,413,-1.10,44,0,104.9,1
25711,414,-2.78,40,0,122.1,1
25786,415,22.81,75,2,396.6,1
25820,416,0.38,34,1,95.6,1
25866,417,-4.21,46,1,67.2,1
25939,418,5.95,73,1,221.9,1
25974,419,5.89,35,1,176.1,1
26029,420,13.86,55,1,328.1,1
26127,421,10.92,98,1,269.6,1
26198,422,24.09,71,2,415.2,1
26309,423,25.63,111,3,414.5,1
26350,424,-3.18,41,0,73.7,1
26426,425,31.46,76,1,558.5,1
26461,426,14.73,35,1,306.4,1
26491,427,-0.20,30,0,111.3,1
26532,428,16.13,41,1,338.5,1
26572,429,4.96,40,1,171.6,1
26613,430,5.78,41,0,212.2,1
26643,431,4.94,30,0,188.4,1
26674,432,-0.12,31,1,86.7,1
26707,433,-3.61,33,1,60.5,1
26738,434,4.56,31,1,154.4,1
26772,435,3.24,34,1,133.3,1
26825,436,17.67,53,0,383.2,1
26857,437,5.41,32,0,198.6,1
26882,438,4.69,25,1,173.4,1
26921,439,4.90,39,1,159.3,1
26975,440,-1.54,54,1,70.6,1
27021,441,-0.75,46,1,95.5,1
27047,442,2.95,26,0,160.7,1
27088,443,-3.23,41,0,111.7,1
27134,444,8.12,46,0,242.9,1
27175,445,15.63,41,0,348.1,1
27288,446,18.69,113,2,359.1,1
27357,447,22.13,69,1,417.3,1
27377,448,1.38,20,0,139.5,1
27417,449,5.54,40,1,170.7,1
27441,450,-1.90,24,0,90.9,1
27488,451,7.26,47,1,199.1,1
27529,452,4.33,41,0,183.2,1
27557,453,-6.95,28,0,55.9,1
27593,454,13.29,36,0,315.9,1
27635,455,-1.30,42,0,132.0,1
27665,456,2.77,30,1,129.8,1
27689,457,-1.56,24,0,92.0,1
27715,458,-6.01,26,0,82.6,1
27745,459,5.03,30,0,189.7,1
27784,460,18.10,39,2,323.8,1
27823,461,24.60,39,2,419.6,1
27848,462,2.97,25,0,159.8,1
27866,463,-4.00,18,0,123.2,1
27891,464,0.45,25,0,132.1,1
27933,465,18.75,42,1,365.9,1
27975,466,16.34,42,1,327.3,1
28026,467,28.61,51,1,512.1,1
28067,468,15.45,41,1,314.4,1
28102,469,3.73,35,1,143.3,1
28136,470,2.44,34,1,121.9,1
28171,471,5.49,35,1,170.7,1
28241,472,18.47,70,1,364.1,1
28294,473,23.64,53,1,437.9,1
28356,474,14.02,62,1,297.4,1
28390,475,18.74,34,2,336.7,1
28536,476,159.80,146,4,1277.6,0
28567,477,19.83,31,1,385.2,1
28601,478,4.02,34,1,148.8,1
28642,479,13.26,41,2,259.9,1
28667,480,3.16,25,0,163.2,1
28691,481,7.09,24,2,162.7,1
28753,482,23.25,62,1,432.6,1
28852,483,47.21,99,1,791.5,1
28885,484,20.12,33,1,384.6,1
28915,485,9.46,30,0,255.5,1
28949,486,5.31,34,0,193.8,1
28977,487,4.07,28,0,177.1,1
29005,488,0.42,28,0,123.1,1
29040,489,8.53,35,1,216.7,1
29059,490,3.06,19,0,162.6,1
29088,491,14.16,29,1,295.7,1
29129,492,13.15,41,0,310.3,1
29164,493,17.14,35,1,342.6,1
29197,494,21.55,33,0,435.8,1
29248,495,10.22,51,1,241.5,1
29268,496,2.56,20,0,152.0,1
29309,497,26.00,41,0,502.2,1
29333,498,0.61,24,0,125.0,1
29358,499,6.73,25,1,187.7,1
29451,500,56.96,93,3,876.2,1
29476,501,-2.48,25,0,81.2,1
29528,502,28.53,52,1,513.0,1
29577,503,26.28,49,0,506.2,1
29656,504,26.16,79,2,445.9,1
29690,505,4.43,34,0,184.7,1
29729,506,24.66,39,0,485.2,1
29773,507,22.92,44,0,458.3,1
29819,508,26.61,46,1,480.3,1
29867,509,17.86,48,0,383.1,1
29906,510,10.97,39,1,248.6,1
29965,511,47.15,59,1,785.9,1
29995,512,6.85,30,0,216.0,1
30030,513,3.53,35,1,138.0,1
30072,514,33.09,42,2,545.8,1
30113,515,18.32,41,1,363.0,1
30175,516,27.07,62,2,460.1,1
30235,517,24.03,60,1,441.0,1
30275,518,37.84,40,0,675.8,1
30317,519,24.02,42,2,414.8,1
30355,520,24.91,38,1,456.0,1
30388,521,14.47,33,2,273.4,1
30412,522,3.21,24,0,161.6,1
30459,523,28.36,47,1,513.5,1
30509,524,20.56,50,1,393.1,1
30572,525,11.74,63,1,272.3,1
30631,526,36.09,59,1,622.4,1
30668,527,13.24,37,1,285.3,1
30698,528,8.34,30,0,239.1,1
30724,529,18.49,26,0,390.9,1
30748,530,6.14,24,0,206.7,1
30795,531,24.06,47,1,446.3,1
30845,532,20.13,50,1,385.4,1
30871,533,9.22,26,0,253.1,1
30896,534,5.89,25,0,202.4,1
30922,535,11.04,26,0,279.8,1
30960,536,23.49,38,2,403.9,1
30989,537,11.74,29,0,287.7,1
31026,538,20.14,37,2,421.7,1
31097,539,59.06,71,3,904.4,1
31141,540,21.07,44,2,369.7,1
31175,541,32.94,34,1,574.7,1
31209,542,17.79,34,1,351.1,1
31254,543,25.09,45,1,466.0,1
31288,544,24.51,34,0,482.3,1
31319,545,16.77,31,0,363.4,1
31375,546,30.11,56,1,535.6,1
31400,547,1.54,25,0,136.9,1
31434,548,6.85,34,0,216.6,1
31472,549,22.19,38,0,442.7,1
31483,550,-4.53,11,0,82.5,1
31507,551,4.54,24,0,183.9,1
31531,552,2.53,24,0,155.2,1
31563,553,5.89,32,0,202.4,1
31607,554,31.63,44,1,554.1,1
31634,555,8.21,27,0,236.1,1
31663,556,26.17,29,0,502.1,1
31686,557,0.12,23,0,116.9,1
31702,558,6.13,16,0,207.4,1
31734,559,10.55,32,0,274.2,1
31806,560,53.17,72,2,847.0,1
31863,561,53.68,57,2,852.3,1
31888,562,14.82,25,1,306.5,1
31933,563,59.15,45,2,930.5,1
31956,564,0.72,23,0,126.0,1
31990,565,13.38,34,0,313.7,1
32016,566,9.35,26,0,255.1,1
32058,567,21.48,42,0,434.3,1
32087,568,21.17,29,1,402.3,1
32115,569,28.03,28,1,501.2,1
32155,570,23.81,40,0,469.6,1
32197,571,27.57,42,0,525.4,1
32224,572,26.71,27,0,511.0,1
32296,573,55.10,72,1,905.4,1
32328,574,27.56,32,0,522.1,1
32356,575,14.29,28,0,326.2,1
32391,576,14.90,35,0,337.9,1
32429,577,26.87,38,2,453.8,1
32459,578,29.37,30,2,489.7,1
32492,579,30.38,33,0,565.8,1
32542,580,19.75,50,1,377.7,1
32577,581,28.04,35,1,502.0,1
32615,582,22.78,38,0,454.7,1
32643,583,8.96,28,0,247.8,1
32673,584,24.04,30,2,414.5,1
32689,585,0.45,16,0,122.8,1
32750,586,52.97,61,1,868.6,1
32791,587,5.98,41,0,207.6,1
32817,588,23.17,26,0,460.7,1
32847,589,33.82,30,1,585.3,1
32879,590,22.14,32,0,442.3,1
32912,591,29.83,33,0,557.3,1
32937,592,25.30,25,1,460.1,1
33004,593,56.26,67,1,921.3,1
33034,594,17.25,30,0,372.3,1
33062,595,8.85,28,0,246.8,1
33100,596,20.95,38,0,425.0,1
33137,597,24.35,37,2,416.1,1
33177,598,36.25,40,2,596.2,1
33209,599,33.63,32,1,584.6,1
33235,600,11.52,26,0,285.4,1
33266,601,35.04,31,0,632.0,1
33300,602,20.50,34,1,410.8,1
33324,603,28.30,24,1,504.6,1
33359,604,32.39,35,2,537.3,1
33395,605,29.04,36,0,545.7,1
33456,606,52.64,61,2,839.9,1
33484,607,25.47,28,0,492.1,1
33506,608,11.56,22,0,284.5,1
33543,609,25.48,37,1,463.3,1
33571,610,28.81,28,1,514.5,1
33608,611,22.28,37,0,447.3,1
33638,612,24.70,30,0,484.5,1
33677,613,42.65,39,0,749.9,1
33709,614,36.02,32,1,618.1,1
33732,615,26.93,23,1,484.6,1
33763,616,32.83,31,0,600.9,1
33798,617,40.40,35,1,684.9,1
33852,618,46.82,54,2,748.2,1
33883,619,23.89,31,1,441.2,1
33947,620,55.84,64,3,854.3,1
33977,621,29.29,30,0,551.2,1
34000,622,16.67,23,0,361.8,1
34030,623,22.05,30,0,443.0,1
34061,624,25.99,31,0,501.0,1
34091,625,32.40,30,0,595.1,1
34165,626,68.01,74,2,1062.3,1
34203,627,39.43,38,1,669.7,1
34281,628,75.40,78,2,1173.4,1
34311,629,25.48,30,0,491.0,1
34349,630,26.51,38,1,481.7,1
34380,631,23.11,31,1,435.5,1
34416,632,27.01,36,2,456.1,1
34456,633,23.55,40,0,467.2,1
34476,634,12.37,20,0,300.5,1
34509,635,27.01,33,2,455.8,1
34546,636,19.19,37,0,399.0,1
34569,637,7.99,23,0,233.5,1
34595,638,28.22,26,0,533.9,1
34621,639,25.30,26,2,429.0,1
34666,640,55.31,45,1,903.4,1
34708,641,22.62,42,0,464.4,1
34745,642,23.49,37,1,433.9,1
34782,643,33.75,37,1,587.3,1
34821,644,33.29,39,0,607.6,1
34842,645,20.65,21,0,418.8,1
34863,646,17.20,21,1,340.7,1
34887,647,1.13,24,0,133.6,1
34918,648,24.21,31,0,473.4,1
34951,649,27.35,33,0,518.0,1
34978,650,34.34,27,0,622.6,1
35003,651,21.32,25,0,429.8,1
35051,652,46.07,48,1,766.4,1
35081,653,35.83,30,0,644.6,1
35113,654,29.84,32,1,528.1,1
35143,655,38.10,30,0,679.3,1
35160,656,3.04,17,0,160.0,1
35195,657,36.52,35,1,624.9,1
35225,658,34.50,30,0,625.3,1
35255,659,38.73,30,0,686.8,1
35285,660,31.69,30,0,582.8,1
35317,661,23.48,32,1,433.5,1
35351,662,33.95,34,0,615.9,1
35379,663,35.77,28,0,642.3,1
35420,664,36.80,41,0,660.9,1
35447,665,20.83,27,0,425.2,1
35490,666,38.06,43,1,649.8,1
35519,667,36.04,29,0,648.6,1
35547,668,34.58,28,0,626.0,1
35574,669,25.76,27,0,496.1,1
35604,670,31.64,30,0,581.2,1
35641,671,27.79,37,1,497.7,1
35668,672,29.33,27,0,548.0,1
35707,673,23.93,39,0,472.2,1
35731,674,13.69,24,0,318.6,1
35765,675,33.76,34,2,554.9,1
35805,676,36.89,40,0,662.9,1
35839,677,34.59,34,1,598.5,1
35867,678,13.80,28,0,320.8,1
35895,679,23.55,28,0,465.2,1
35923,680,23.59,28,1,442.1,1
35954,681,32.77,31,1,570.8,1
35992,682,35.55,38,0,642.9,1
36014,683,13.46,22,0,313.2,1
36048,684,26.99,34,1,490.8,1
36081,685,28.63,33,1,511.4,1
36118,686,26.61,37,1,479.9,1
36150,687,37.84,32,1,645.6,1
36167,688,3.75,17,0,170.3,1
36198,689,28.42,31,1,507.1,1
36224,690,17.88,26,1,350.1,1
36258,691,25.17,34,0,489.7,1
36277,692,9.25,19,0,250.9,1
36304,693,34.82,27,0,629.7,1
36339,694,27.31,35,1,506.6,1
36371,695,29.33,32,1,520.1,1
36403,696,39.66,32,0,701.8,1
36431,697,34.49,28,1,597.9,1
36461,698,45.22,30,0,784.1,1
36515,699,60.22,54,1,975.7,1
36545,700,38.00,30,1,647.1,1
36577,701,38.36,32,1,654.0,1
36618,702,37.40,41,1,637.4,1
36651,703,31.66,33,0,584.8,1
36682,704,36.71,31,0,658.5,1
36714,705,34.63,32,1,597.2,1
36758,706,53.14,44,1,870.5,1
36789,707,33.76,31,0,616.7,1
36823,708,39.93,34,0,703.7,1
36866,709,61.42,43,2,964.3,1
36913,710,55.00,47,2,869.7,1
36951,711,28.16,38,1,505.9,1
36982,712,32.80,31,1,569.4,1
36999,713,6.52,17,0,210.5,1
37041,714,51.16,42,1,842.2,1
37077,715,28.64,36,2,485.1,1
37111,716,30.20,34,2,511.6,1
37148,717,35.84,37,1,616.7,1
37190,718,41.36,42,0,728.1,1
37220,719,36.50,30,0,657.7,1
37256,720,40.36,36,1,682.6,1
37285,721,31.49,29,1,552.4,1
37324,722,30.89,39,0,573.6,1
37353,723,36.78,29,0,657.7,1
37381,724,28.68,28,0,541.5,1
37411,725,30.95,30,0,572.5,1
37434,726,27.06,23,0,515.0,1
37471,727,42.71,37,0,749.2,1
37494,728,25.66,23,0,494.9,1
37555,729,59.25,61,2,932.3,1
37577,730,22.68,22,0,449.6,1
37602,731,32.25,25,0,593.4,1
37630,732,23.68,28,0,465.5,1
37657,733,38.66,27,0,686.4,1
37681,734,19.43,24,1,376.5,1
37715,735,35.84,34,1,615.5,1
37745,736,30.18,30,1,534.8,1
37768,737,23.52,23,0,462.7,1
37845,738,156.19,77,2,1279.0,0
37872,739,40.92,27,0,719.2,1
37895,740,22.04,23,0,441.9,1
37921,741,27.79,26,1,497.4,1
37953,742,33.68,32,1,581.7,1
37986,743,34.61,33,1,595.5,1
38013,744,34.88,27,0,630.6,1
38040,745,30.34,27,0,562.9,1
38065,746,24.38,25,0,476.0,1
38090,747,24.79,25,1,453.6,1
38125,748,32.01,35,2,530.8,1
38157,749,42.23,32,1,709.7,1
38185,750,32.71,28,0,598.5,1
38213,751,24.53,28,0,479.7,1
38241,752,33.48,28,1,580.9,1
38279,753,26.47,38,1,485.8,1
38310,754,26.52,31,0,510.2,1
38335,755,26.06,25,0,501.3,1
38352,756,5.37,17,1,164.0,1
38391,757,41.82,39,1,703.8,1
38422,758,33.06,31,0,606.9,1
38445,759,26.24,23,1,474.8,1
38472,760,33.90,27,0,615.7,1
38531,761,53.86,59,1,882.9,1
38569,762,28.37,38,2,476.7,1
38591,763,25.66,22,0,494.3,1
38626,764,26.51,35,0,507.8,1
38660,765,34.73,34,0,627.5,1
38695,766,36.93,35,0,660.3,1
38723,767,23.99,28,1,440.1,1
38748,768,23.90,25,0,468.8,1
38778,769,28.08,30,1,500.8,1
38810,770,28.16,32,0,531.0,1
38841,771,28.10,31,0,532.1,1
38875,772,27.99,34,1,509.0,1
38917,773,51.37,42,1,846.7,1
38970,774,43.40,53,1,729.5,1
39005,775,31.33,35,0,580.7,1
39033,776,26.60,28,1,481.3,1
39069,777,32.86,36,0,601.6,1
39093,778,22.19,24,0,443.1,1
39128,779,33.65,35,0,611.5,1
39159,780,33.59,31,1,583.1,1
39195,781,33.13,36,2,549.4,1
39220,782,26.93,25,0,514.2,1
39247,783,31.93,27,1,557.1,1
39274,784,32.20,27,0,591.8,1
39305,785,30.75,31,1,542.3,1
39338,786,32.34,33,0,592.4,1
39363,787,22.82,25,0,452.4,1
39391,788,31.21,28,1,547.9,1
39421,789,35.57,30,0,640.8,1
39451,790,35.67,30,0,641.6,1
39482,791,24.42,31,0,476.6,1
39511,792,40.92,29,0,718.3,1
39529,793,5.52,18,0,196.4,1
39557,794,36.08,28,0,646.8,1
39586,795,21.38,29,1,403.2,1
39642,796,50.99,56,2,811.2,1
39665,797,16.00,23,0,352.2,1
39695,798,25.08,30,0,490.7,1
39728,799,36.97,33,0,665.0,1
39795,800,60.85,67,3,928.6,1
39829,801,33.45,34,1,580.4,1
39858,802,27.90,29,1,497.5,1
39901,803,64.78,43,1,1042.6,1
39929,804,29.36,28,1,522.4,1
39960,805,39.17,31,0,694.6,1
40004,806,26.19,44,1,475.3,1
40029,807,37.02,25,1,632.7,1
40061,808,29.56,32,1,522.4,1
40097,809,36.10,36,1,620.5,1
40123,810,20.91,26,0,424.5,1
40157,811,46.65,34,1,775.5,1
40187,812,30.08,30,0,559.0,1
40213,813,29.69,26,0,555.0,1
40240,814,37.90,27,0,675.7,1
40277,815,37.14,37,1,633.5,1
40321,816,60.50,44,1,979.9,1
40354,817,26.61,33,2,453.1,1
40384,818,35.91,30,0,647.6,1
40418,819,60.63,34,1,980.7,1
40449,820,30.74,31,0,572.0,1
40470,821,13.88,21,0,319.9,1
40500,822,29.43,30,0,552.7,1
40536,823,22.96,36,1,425.5,1
40567,824,23.48,31,0,463.9,1
40597,825,31.95,30,1,561.5,1
40630,826,27.82,33,1,498.7,1
40655,827,28.49,25,0,537.6,1
40689,828,32.64,34,1,569.1,1
40720,829,20.01,31,0,413.4,1
40758,830,27.72,38,1,496.9,1
40794,831,28.25,36,0,532.3,1
40815,832,26.38,21,0,505.8,1
40851,833,34.65,36,2,569.6,1
40884,834,33.85,33,0,615.9,1
40919,835,36.06,35,1,617.5,1
40952,836,31.79,33,0,585.7,1
40981,837,38.53,29,0,683.5,1
41024,838,33.02,43,1,575.1,1
41047,839,27.11,23,0,515.8,1
41086,840,27.79,39,2,466.3,1
41116,841,26.47,30,0,509.0,1
41136,842,3.32,20,0,165.6,1
41174,843,40.16,38,0,711.0,1
41204,844,24.10,30,0,471.8,1
41234,845,34.10,30,0,618.2,1
41289,846,51.19,55,1,841.9,1
41320,847,33.94,31,0,617.3,1
41350,848,42.41,30,0,741.2,1
41384,849,23.84,34,0,470.0,1
41414,850,24.20,30,0,472.8,1
41444,851,31.73,30,1,556.2,1
41478,852,29.54,34,0,556.0,1
41506,853,16.85,28,0,364.1,1
41540,854,25.14,34,0,489.0,1
41575,855,26.51,35,1,478.2,1
41666,856,83.20,91,3,1260.7,1
41693,857,27.83,27,0,526.1,1
41729,858,44.90,36,0,778.9,1
41756,859,24.96,27,0,486.0,1
41788,860,25.77,32,0,498.5,1
41854,861,55.09,66,2,874.8,1
41886,862,22.26,32,1,415.1,1
41912,863,20.67,26,0,420.2,1
41941,864,25.44,29,0,490.1,1
41962,865,11.64,21,0,286.2,1
41991,866,35.51,29,0,640.4,1
42021,867,36.77,30,0,661.4,1
42042,868,0.02,21,0,116.2,1
42068,869,26.85,26,0,515.2,1
42098,870,24.18,30,0,470.9,1
42134,871,29.73,36,0,552.9,1
42164,872,27.66,30,0,523.9,1
42213,873,55.77,49,2,879.5,1
42247,874,28.29,34,2,476.4,1
42268,875,23.93,21,0,467.8,1
42311,876,57.06,43,2,898.9,1
42346,877,27.77,35,1,496.6,1
42373,878,21.55,27,0,433.5,1
42403,879,24.57,30,0,478.7,1
42431,880,30.34,28,1,537.4,1
42463,881,25.18,32,0,486.9,1
42487,882,17.49,24,1,343.5,1
42523,883,26.95,36,0,514.8,1
42551,884,24.87,28,1,457.5,1
42585,885,12.92,34,0,309.3,1
42610,886,24.86,25,0,482.4,1
42637,887,23.21,27,0,458.7,1
42705,888,57.77,68,2,910.6,1
42719,889,1.65,14,0,139.1,1
42749,890,26.60,30,1,482.5,1
42769,891,7.45,20,0,226.1,1
42805,892,22.77,36,1,423.6,1
42846,893,38.42,41,0,685.5,1
42868,894,11.68,22,1,257.3,1
42904,895,26.90,36,1,483.6,1
42968,896,52.74,64,2,841.0,1
42998,897,35.23,30,0,637.5,1
43081,898,55.36,83,2,874.9,1
43109,899,28.90,28,2,492.0,1
43147,900,35.52,38,1,611.6,1
43209,901,160.07,62,4,1279.0,0
43239,902,25.63,30,1,485.0,1
43278,903,48.69,39,2,775.9,1
43351,904,62.65,73,2,984.7,1
43383,905,23.06,32,2,396.5,1
43421,906,37.20,38,2,609.6,1
43452,907,35.96,31,0,645.7,1
43480,908,24.21,28,1,443.3,1
43509,909,5.16,29,1,162.1,1
43537,910,21.39,28,0,432.0,1
43603,911,62.80,66,2,987.6,1
43677,912,53.58,74,1,880.7,1
43704,913,17.45,27,0,375.7,1
43730,914,4.93,26,0,187.0,1
43784,915,57.93,54,4,853.9,1
43816,916,33.22,32,1,580.3,1
43853,917,29.31,37,2,489.9,1
43878,918,26.25,25,0,504.2,1
43940,919,63.90,62,2,1002.7,1
43975,920,46.88,35,1,778.6,1
44001,921,22.03,26,0,443.9,1
44040,922,21.93,39,1,424.3,1
44098,923,54.12,58,2,855.8,1
44136,924,16.90,38,0,366.8,1
44168,925,42.17,32,0,738.9,1
44199,926,31.54,31,0,583.8,1
44227,927,12.28,28,0,297.2,1
44266,928,44.96,39,1,752.6,1
44293,929,15.87,27,0,348.8,1
44326,930,21.71,33,0,439.7,1
44358,931,22.60,32,0,455.9,1
44413,932,54.75,55,1,899.0,1
44483,933,53.50,70,2,853.6,1
44526,934,37.97,43,1,648.4,1
44572,935,56.65,46,1,924.8,1
44599,936,31.87,27,0,586.1,1
44628,937,31.01,29,0,572.5,1
44666,938,31.33,38,0,580.1,1
44707,939,38.35,41,0,682.1,1
44737,940,22.74,30,0,460.6,1
44764,941,20.54,27,0,443.7,1
44784,942,4.71,20,0,185.0,1
44817,943,31.45,33,2,522.8,1
44855,944,26.19,38,2,459.8,1
44885,945,28.61,30,1,510.5,1
44908,946,22.52,23,0,447.9,1
44945,947,29.23,37,0,546.7,1
44963,948,6.93,18,0,220.5,1
45026,949,31.13,63,1,548.2,1
45058,950,20.48,32,0,418.5,1
45081,951,29.63,23,1,525.2,1
45113,952,30.01,32,0,560.2,1
45146,953,25.02,33,1,460.7,1
45175,954,6.98,29,0,219.0,1
45194,955,12.06,19,1,263.8,1
45218,956,24.78,24,0,481.9,1
45243,957,6.65,25,0,213.7,1
45259,958,0.84,16,0,132.6,1
45289,959,34.67,30,0,627.5,1
45319,960,23.16,30,0,459.9,1
45374,961,55.86,55,1,912.2,1
45407,962,26.37,33,1,474.6,1
45433,963,25.92,26,1,469.2,1
45467,964,24.72,34,1,454.7,1
45500,965,29.06,33,1,517.1,1
45537,966,26.61,37,0,507.8,1
45557,967,0.57,20,0,125.3,1
45600,968,42.79,43,0,746.0,1
45630,969,22.49,30,1,427.3,1
45669,970,32.31,39,1,563.4,1
45693,971,4.80,24,0,188.3,1
45733,972,20.98,40,2,366.3,1
45796,973,55.96,63,2,885.6,1
45820,974,13.97,24,0,323.8,1
45852,975,43.62,32,0,760.0,1
45869,976,0.90,17,0,127.7,1
45912,977,18.69,43,1,362.9,1
45962,978,39.65,50,1,673.6,1
45996,979,31.80,34,0,585.0,1
46039,980,40.38,43,1,682.8,1
46073,981,25.66,34,0,494.6,1
46111,982,26.97,38,2,458.9,1
46134,983,16.40,23,1,328.4,1
46173,984,21.34,39,1,408.5,1
46204,985,24.98,31,1,458.0,1
46235,986,31.38,31,0,580.9,1
46267,987,15.13,32,0,339.9,1
46308,988,51.37,41,1,846.7,1
46334,989,22.21,26,0,444.2,1
46357,990,8.84,23,0,246.4,1
46390,991,21.03,33,1,397.5,1
46421,992,26.97,31,0,514.2,1
46457,993,30.21,36,1,534.4,1
46487,994,36.83,30,0,659.3,1
46526,995,34.89,39,1,603.5,1
46565,996,19.01,39,0,398.6,1
46624,997,64.49,59,3,980.6,1
46657,998,16.28,33,0,358.6,1
46688,999,28.29,31,1,505.0,1
46711,1000,33.60,23,0,612.3,1
46733,1001,6.61,22,0,211.2,1
46758,1002,27.65,25,0,524.5,1
46791,1003,35.61,33,0,642.5,1
46817,1004,37.11,26,0,662.6,1
46847,1005,22.42,30,0,447.0,1
46885,1006,25.54,38,1,470.9,1
46937,1007,41.22,52,2,666.6,1
46974,1008,15.60,37,0,347.4,1
47001,1009,11.69,27,0,287.6,1
47037,1010,34.76,36,1,600.7,1
47067,1011,28.50,30,0,536.8,1
47106,1012,19.57,39,0,406.7,1
47138,1013,28.08,32,1,501.3,1
47159,1014,17.68,21,0,378.1,1
47206,1015,29.46,47,1,523.2,1
47260,1016,31.52,54,1,556.4,1
47290,1017,16.89,30,0,365.8,1
47321,1018,30.72,31,0,571.2,1
47353,1019,23.67,32,1,438.5,1
47383,1020,22.65,30,0,450.7,1
47419,1021,20.98,36,0,428.1,1
47461,1022,42.89,42,1,720.6,1
47497,1023,27.83,36,1,498.3,1
47551,1024,57.84,54,1,938.8,1
47575,1025,29.38,24,0,551.3,1
47613,1026,47.57,38,1,788.6,1
47647,1027,28.72,34,1,513.8,1
47669,1028,11.49,22,1,255.0,1
47711,1029,30.82,42,1,543.1,1
47741,1030,24.13,30,0,470.2,1
47771,1031,28.79,30,0,540.5,1
47799,1032,4.58,28,0,181.8,1
47837,1033,29.28,38,0,548.7,1
47862,1034,17.60,25,0,376.3,1
47890,1035,29.73,28,1,534.6,1
47911,1036,9.34,21,1,222.7,1
47941,1037,25.39,30,0,490.3,1
47975,1038,24.23,34,0,474.6,1
48007,1039,31.00,32,1,546.9,1
48025,1040,6.64,18,0,213.0,1
48053,1041,34.67,28,1,599.1,1
48078,1042,5.96,25,0,204.1,1
48105,1043,25.28,27,0,488.1,1
48135,1044,26.19,30,1,474.7,1
48169,1045,31.17,34,1,549.5,1
48201,1046,32.16,32,0,592.6,1
48231,1047,27.22,30,0,517.9,1
48266,1048,16.58,35,1,332.0,1
48292,1049,23.60,26,0,463.6,1
48310,1050,9.09,18,0,250.0,1
48340,1051,29.54,30,1,523.0,1
48374,1052,27.76,34,0,528.6,1
48405,1053,28.00,31,1,499.3,1
48441,1054,28.44,36,2,479.2,1
48496,1055,58.37,55,1,952.2,1
48538,1056,44.01,42,1,735.7,1
48569,1057,34.34,31,1,595.1,1
48617,1058,43.56,48,2,705.0,1
48644,1059,34.11,27,0,618.6,1
48677,1060,23.77,33,1,436.8,1
48704,1061,28.85,27,1,513.1,1
48720,1062,15.79,16,0,348.4,1
48748,1063,30.19,28,0,561.5,1
48784,1064,40.02,36,0,705.5,1
48812,1065,8.55,28,0,242.4,1
48843,1066,31.77,31,0,586.3,1
48916,1067,65.71,73,3,1000.6,1
48942,1068,26.79,26,1,481.5,1
48981,1069,23.01,39,0,458.3,1
49010,1070,35.32,29,0,638.9,1
49039,1071,33.92,29,0,614.8,1
49069,1072,29.41,30,0,553.3,1
49097,1073,27.50,28,0,522.3,1
49131,1074,31.70,34,0,583.6,1
49165,1075,34.91,34,2,576.2,1
49240,1076,54.08,75,2,856.4,1
49265,1077,26.59,25,0,508.0,1
49290,1078,13.47,25,1,286.4,1
49323,1079,25.92,33,1,472.5,1
49387,1080,49.20,64,1,817.4,1
49457,1081,63.15,70,3,963.5,1
49486,1082,31.33,29,1,549.8,1
49524,1083,39.87,38,0,706.4,1
49551,1084,25.24,27,1,459.1,1
49584,1085,29.30,33,1,526.7,1
49611,1086,27.44,27,0,521.2,1
49639,1087,31.97,28,0,587.3,1
49666,1088,25.81,27,2,437.3,1
49691,1089,22.77,25,0,452.7,1
49814,1090,22.32,123,2,776.0,1
49844,1091,25.89,30,0,501.2,1
49877,1092,30.11,33,1,532.5,1
49928,1093,57.30,51,2,903.3,1
49965,1094,26.10,37,1,472.7,1
49991,1095,8.64,26,1,214.7,1
50036,1096,41.80,45,1,704.4,1
50067,1097,26.49,31,0,507.7,1
50123,1098,63.19,56,2,992.7,1
50159,1099,32.43,36,0,595.2,1
50195,1100,25.43,36,1,465.7,1
50219,1101,22.92,24,0,453.2,1
50246,1102,29.44,27,0,549.5,1
50279,1103,27.75,33,1,498.3,1
50306,1104,27.46,27,1,493.1,1
50339,1105,30.40,33,0,563.5,1
50372,1106,28.33,33,0,537.6,1
50394,1107,28.02,22,1,500.3,1
50429,1108,28.81,35,1,515.3,1
50454,1109,38.25,25,0,680.3,1
50487,1110,33.18,33,1,575.9,1
50516,1111,19.86,29,0,412.1,1
50562,1112,40.90,46,1,693.2,1
50591,1113,35.70,29,0,641.7,1
50619,1114,9.78,28,0,260.4,1
50652,1115,14.96,33,0,337.7,1
50683,1116,43.87,31,1,736.5,1
50718,1117,23.81,35,1,453.6,1
50749,1118,27.86,31,0,528.3,1
50777,1119,32.66,28,0,596.7,1
50805,1120,16.98,28,0,368.6,1
50835,1121,29.26,30,0,548.7,1
50879,1122,43.66,44,2,700.9,1
50907,1123,27.54,28,0,522.7,1
50931,1124,15.05,24,0,339.8,1
50961,1125,34.18,30,0,618.7,1
50992,1126,33.56,31,0,611.4,1
51016,1127,24.94,24,1,456.7,1
51046,1128,19.89,30,0,409.9,1
51077,1129,30.10,31,0,563.1,1
51107,1130,30.00,30,1,528.8,1
51157,1131,60.07,50,1,976.5,1
51187,1132,26.45,30,0,506.6,1
51210,1133,23.37,23,0,467.6,1
51236,1134,18.94,26,2,336.5,1
51263,1135,29.37,27,0,549.0,1
51306,1136,56.71,43,2,894.3,1
51338,1137,36.25,32,1,622.5,1
51360,1138,12.47,22,0,299.3,1
51390,1139,37.98,30,2,616.9,1
51420,1140,40.05,30,0,706.9,1
51443,1141,23.03,23,1,427.9,1
51472,1142,26.04,29,0,500.2,1
51505,1143,36.29,33,1,624.5,1
51535,1144,29.52,30,0,554.6,1
51562,1145,21.07,27,0,426.5,1
51588,1146,16.35,26,0,355.8,1
51627,1147,25.52,39,0,492.5,1
51695,1148,57.32,68,2,908.1,1
51720,1149,21.44,25,1,405.3,1
51753,1150,23.75,33,0,469.8,1
51783,1151,30.61,30,1,538.4,1
51812,1152,27.82,29,1,497.5,1
51832,1153,11.64,20,0,290.0,1
51861,1154,31.52,29,0,579.4,1
51915,1155,61.48,54,2,965.5,1
51945,1156,28.09,30,0,529.6,1
51962,1157,11.74,17,0,287.6,1
51996,1158,31.91,34,0,589.9,1
52025,1159,25.91,29,1,468.6,1
52069,1160,53.74,44,1,881.8,1
52096,1161,25.55,27,0,492.9,1
52121,1162,6.66,25,0,212.6,1
52169,1163,49.10,48,1,811.4,1
52209,1164,37.40,40,1,638.8,1
52236,1165,34.66,27,0,627.3,1
52268,1166,35.00,32,0,633.5,1
52299,1167,25.30,31,1,460.0,1
52329,1168,35.51,30,0,641.0,1
52355,1169,2.60,26,0,154.4,1
52400,1170,33.48,45,1,581.1,1
52440,1171,23.26,40,1,429.2,1
52467,1172,32.88,27,0,600.3,1
52491,1173,10.90,24,0,277.6,1
52521,1174,35.79,30,0,644.0,1
52551,1175,25.74,30,0,496.7,1
52580,1176,37.14,29,0,663.8,1
52613,1177,23.79,33,1,440.1,1
52639,1178,23.69,26,0,464.2,1
52666,1179,38.30,27,0,680.1,1
52698,1180,32.36,32,1,562.3,1
52738,1181,28.46,40,1,507.6,1
52764,1182,21.70,26,0,438.3,1
52782,1183,1.83,18,0,142.4,1
52814,1184,25.65,32,2,439.4,1
52848,1185,28.37,34,1,507.4,1
52870,1186,11.05,22,0,278.7,1
52909,1187,18.62,39,0,392.3,1
52958,1188,57.98,49,2,917.2,1
52988,1189,27.19,30,0,518.7,1
53013,1190,14.71,25,1,303.2,1
53047,1191,23.09,34,1,428.6,1
53077,1192,25.09,30,0,485.8,1
53099,1193,19.32,22,0,400.3,1
53129,1194,30.38,30,1,534.8,1
53162,1195,40.86,33,1,690.6,1
53200,1196,31.78,38,0,585.3,1
53233,1197,33.49,33,0,612.9,1
53268,1198,21.24,35,0,429.3,1
53300,1199,27.10,32,1,488.7,1
53335,1200,30.64,35,0,569.0,1
53366,1201,27.67,31,0,526.1,1
53393,1202,13.00,27,1,277.4,1
53420,1203,25.21,27,0,491.7,1
53444,1204,13.21,24,0,310.8,1
53466,1205,11.97,22,1,265.4,1
53502,1206,26.00,36,0,502.0,1
53566,1207,58.94,64,1,960.1,1
53599,1208,26.11,33,0,501.6,1
53629,1209,36.99,30,0,662.0,1
53669,1210,29.18,40,1,517.3,1
53725,1211,53.97,56,2,857.4,1
53752,1212,31.55,27,0,581.1,1
53784,1213,22.59,32,1,419.7,1
53810,1214,29.50,26,0,553.7,1
53847,1215,35.86,37,0,646.5,1
53876,1216,23.32,29,0,460.6,1
53900,1217,22.95,24,0,455.9,1
53929,1218,25.42,29,2,432.4,1
53977,1219,50.95,48,1,842.6,1
54012,1220,30.23,35,0,573.9,1
54043,1221,33.17,31,0,606.7,1
54073,1222,29.86,30,0,556.7,1
54106,1223,27.09,33,0,516.0,1
54137,1224,33.40,31,0,611.6,1
54171,1225,28.28,34,1,506.4,1
54197,1226,30.37,26,0,562.4,1
54226,1227,32.67,29,0,596.5,1
54258,1228,43.13,32,0,754.9,1
54330,1229,46.12,72,2,773.1,1
54362,1230,23.79,32,1,438.0,1
54392,1231,39.34,30,0,696.4,1
54426,1232,31.43,34,1,550.7,1
54456,1233,26.37,30,0,505.7,1
54477,1234,8.90,21,0,245.1,1
54502,1235,27.74,25,1,496.0,1
54536,1236,32.56,34,1,567.8,1
54572,1237,36.67,36,0,655.6,1
54596,1238,16.85,24,0,363.2,1
54625,1239,40.82,29,0,716.9,1
54665,1240,24.20,40,1,447.6,1
54703,1241,33.63,38,1,582.3,1
54734,1242,22.33,31,0,448.5,1
54767,1243,21.40,33,0,431.1,1
54797,1244,27.32,30,0,523.3,1
54827,1245,35.89,30,0,644.9,1
54870,1246,56.74,43,1,928.4,1
54897,1247,23.66,27,0,466.2,1
54918,1248,7.08,21,1,189.8,1
54942,1249,34.69,24,0,627.4,1
54975,1250,37.88,33,1,646.7,1
55039,1251,52.08,64,1,857.7,1
55079,1252,45.58,40,2,730.2,1
55102,1253,13.44,23,0,316.1,1
55137,1254,25.18,35,1,458.5,1
55175,1255,53.93,38,1,884.3,1
55205,1256,37.85,30,0,676.9,1
55237,1257,31.64,32,1,554.8,1
55275,1258,35.04,38,1,603.3,1
55303,1259,25.32,28,0,489.5,1
55342,1260,35.92,39,0,645.8,1
55387,1261,17.78,45,2,372.2,1
55425,1262,44.54,38,0,773.9,1
55454,1263,30.13,29,1,531.7,1
55508,1264,31.17,54,1,549.7,1
55564,1265,67.77,56,2,1059.9,1
55626,1266,50.56,62,1,833.3,1
55661,1267,28.76,35,2,486.1,1
55699,1268,26.06,38,1,471.3,1
55733,1269,27.88,34,0,526.8,1
55764,1270,27.57,31,0,523.7,1
55794,1271,44.51,30,0,772.3,1
55820,1272,14.94,26,0,335.6,1
55859,1273,33.75,39,0,617.0,1
55892,1274,27.60,33,0,525.4,1
55917,1275,22.58,25,0,448.8,1
55940,1276,31.29,23,0,578.1,1
55966,1277,28.87,26,0,542.0,1
55996,1278,26.43,30,0,510.0,1
56025,1279,25.57,29,1,463.3,1
56054,1280,21.12,29,0,428.6,1
56078,1281,24.19,24,1,443.1,1
56111,1282,21.80,33,0,440.0,1
56138,1283,26.48,27,0,505.9,1
56163,1284,29.46,25,0,550.5,1
56189,1285,21.39,26,0,432.6,1
56218,1286,33.61,29,0,610.9,1
56255,1287,45.85,37,1,764.3,1
56282,1288,30.35,27,0,564.9,1
56330,1289,58.80,48,1,955.6,1
56357,1290,27.84,27,1,497.5,1
56384,1291,34.06,27,0,617.8,1
56415,1292,30.54,31,0,566.9,1
56441,1293,13.88,26,0,320.5,1
56468,1294,41.48,27,0,729.3,1
56493,1295,28.55,25,0,537.8,1
56520,1296,24.76,27,0,481.3,1
56553,1297,31.54,33,0,582.7,1
56587,1298,38.73,34,0,687.4,1
56615,1299,24.82,28,0,482.5,1
56651,1300,40.49,36,1,686.5,1
56675,1301,18.19,24,0,383.9,1
56707,1302,16.93,32,0,367.4,1
56740,1303,29.44,33,1,519.8,1
56770,1304,26.57,30,0,510.0,1
56797,1305,22.96,27,0,453.5,1
56818,1306,11.49,21,0,284.0,1
56843,1307,7.90,25,1,203.5,1
56875,1308,25.27,32,0,489.1,1
56907,1309,29.97,32,0,556.5,1
56941,1310,39.34,34,1,667.9,1
56967,1311,21.66,26,1,406.5,1
56985,1312,8.43,18,0,238.6,1
57013,1313,32.45,28,0,594.3,1
57030,1314,-0.10,17,0,114.7,1
57057,1315,27.89,27,1,497.3,1
57087,1316,36.94,30,1,632.1,1
57114,1317,39.94,27,0,705.3,1
57143,1318,33.82,29,0,614.0,1
57172,1319,31.16,29,0,576.5,1
57202,1320,32.85,30,0,601.7,1
57231,1321,33.56,29,0,613.6,1
57253,1322,17.28,22,1,339.5,1
57276,1323,22.86,23,0,453.5,1
57298,1324,12.97,22,0,308.0,1
57366,1325,56.55,68,2,894.6,1
57396,1326,24.72,30,0,483.0,1
57451,1327,55.35,55,2,875.2,1
57484,1328,24.07,33,0,472.5,1
57519,1329,26.27,35,2,457.3,1
57558,1330,23.16,39,1,430.5,1
57588,1331,25.77,30,0,497.0,1
57614,1332,24.56,26,0,479.1,1
57649,1333,28.61,35,0,538.2,1
57678,1334,15.87,29,0,352.2,1
57718,1335,22.45,40,1,420.8,1
57766,1336,51.01,48,1,843.5,1
57800,1337,38.18,34,0,677.9,1
57824,1338,10.59,24,0,271.0,1
57886,1339,62.20,62,3,949.4,1
57904,1340,5.84,18,0,202.0,1
57931,1341,33.33,27,0,607.7,1
57963,1342,28.98,32,0,546.6,1
57988,1343,24.59,25,1,449.9,1
58012,1344,26.02,24,0,501.7,1
58031,1345,8.15,19,0,236.2,1
58058,1346,23.72,27,0,466.2,1
58088,1347,28.83,30,0,541.7,1
58110,1348,32.44,22,0,594.5,1
58140,1349,28.99,30,1,515.4,1
58171,1350,32.16,31,1,562.5,1
58198,1351,23.54,27,0,462.9,1
58223,1352,32.17,25,1,562.1,1
58241,1353,11.92,18,0,292.7,1
58278,1354,21.62,37,0,434.9,1
58322,1355,52.93,44,2,837.3,1
58365,1356,27.70,43,1,496.0,1
58392,1357,35.74,27,0,643.2,1
58417,1358,28.78,25,0,540.5,1
58456,1359,22.91,39,1,425.0,1
58485,1360,19.01,29,0,396.0,1
58512,1361,30.29,27,0,564.2,1
58530,1362,4.76,18,1,156.7,1
58558,1363,32.57,28,0,597.6,1
58585,1364,34.20,27,0,620.5,1
58613,1365,35.06,28,0,633.8,1
58639,1366,34.55,26,0,624.2,1
58673,1367,18.27,34,0,386.0,1
58706,1368,29.10,33,1,518.8,1
58733,1369,28.25,27,1,515.0,1
58765,1370,38.32,32,0,680.5,1
58797,1371,25.83,32,0,498.9,1
58822,1372,31.36,25,1,551.1,1
58852,1373,33.66,30,0,613.2,1
58910,1374,71.69,58,1,1147.3,1
58971,1375,58.84,61,2,926.4,1
58991,1376,-0.83,20,0,107.2,1
59018,1377,17.72,27,0,379.7,1
59050,1378,30.31,32,1,533.2,1
59079,1379,33.77,29,0,612.6,1
59108,1380,34.17,29,0,620.9,1
59134,1381,18.62,26,0,395.8,1
59157,1382,12.49,23,1,269.2,1
59188,1383,29.61,31,0,553.0,1
59219,1384,26.67,31,2,453.4,1
59255,1385,39.85,36,0,703.1,1
59285,1386,27.05,30,0,514.8,1
59310,1387,24.29,25,0,483.1,1
59344,1388,27.31,34,0,521.3,1
59371,1389,33.54,27,0,610.1,1
59401,1390,36.93,30,0,660.2,1
59424,1391,6.51,23,0,210.7,1
59453,1392,20.42,29,1,388.7,1
59504,1393,43.34,51,1,728.6,1
59534,1394,32.10,30,2,533.0,1
59563,1395,32.56,29,0,595.7,1
59595,1396,45.16,32,0,783.1,1
59622,1397,32.64,27,0,596.9,1
59655,1398,45.07,33,0,781.3,1
59699,1399,30.53,44,1,537.9,1
59732,1400,39.08,33,0,693.8,1
59763,1401,24.37,31,0,477.8,1
59790,1402,31.63,27,0,582.5,1
59818,1403,31.76,28,0,586.0,1
59879,1404,54.85,61,1,899.1,1
59952,1405,62.49,73,1,1010.6,1
59989,1406,24.17,37,1,443.6,1
60014,1407,29.26,25,0,548.7,1
60038,1408,26.04,24,0,503.7,1
60077,1409,27.04,39,0,517.3,1
60106,1410,26.44,29,1,477.0,1
60146,1411,41.38,40,0,726.8,1
60182,1412,48.93,36,1,809.2,1
60221,1413,53.08,39,0,899.8,1
60271,1414,48.16,50,1,799.9,1
60298,1415,29.94,27,0,558.1,1
60323,1416,28.12,25,0,531.3,1
60359,1417,32.89,36,2,541.7,1
60392,1418,31.56,33,1,553.4,1
60444,1419,59.41,52,3,906.8,1
60467,1420,17.35,23,1,342.5,1
60497,1421,24.45,30,0,477.0,1
60527,1422,15.94,30,1,321.1,1
60557,1423,29.27,30,0,550.9,1
60582,1424,31.76,25,0,585.7,1
60611,1425,37.16,29,0,666.0,1
60644,1426,23.70,33,1,461.2,1
60669,1427,23.04,25,0,456.8,1
60697,1428,27.55,28,0,522.2,1
60732,1429,32.25,35,1,563.0,1
60778,1430,58.75,46,2,922.6,1
60811,1431,26.73,33,0,515.2,1
60841,1432,34.05,30,0,621.5,1
60864,1433,22.55,23,0,450.1,1
60895,1434,25.58,31,0,495.5,1
60924,1435,31.02,29,0,573.7,1
60957,1436,33.38,33,2,552.6,1
60986,1437,20.36,29,0,415.1,1
61011,1438,21.98,25,0,439.1,1
61045,1439,31.18,34,0,576.4,1
61073,1440,26.73,28,0,509.8,1
61118,1441,50.85,45,2,810.0,1
61145,1442,31.96,27,0,587.5,1
61188,1443,41.04,43,1,694.1,1
61218,1444,29.18,30,0,552.4,1
61252,1445,45.02,34,0,779.0,1
61288,1446,44.62,36,0,773.0,1
61320,1447,34.47,32,0,625.4,1
61357,1448,30.84,37,2,514.4,1
61390,1449,27.51,33,0,524.5,1
61423,1450,25.00,33,1,464.0,1
61443,1451,5.83,20,0,200.9,1
61474,1452,33.44,31,0,608.9,1
61505,1453,33.73,31,0,616.5,1
61555,1454,58.01,50,1,944.9,1
61587,1455,35.78,32,1,614.5,1
61619,1456,33.76,32,0,614.6,1
61666,1457,54.25,47,1,887.9,1
61693,1458,28.91,27,1,517.2,1
61716,1459,26.35,23,0,505.0,1
61768,1460,59.30,52,3,905.4,1
61798,1461,29.15,30,0,549.2,1
61826,1462,28.65,28,1,510.2,1
61858,1463,18.48,32,0,389.7,1
61911,1464,55.83,53,2,887.2,1
61944,1465,32.69,33,0,598.8,1
61971,1466,29.65,27,1,523.7,1
62010,1467,54.47,39,2,861.4,1
62040,1468,33.57,30,1,582.2,1
62073,1469,37.05,33,0,663.2,1
62118,1470,69.40,45,2,1080.1,1
62151,1471,12.88,33,0,305.1,1
62186,1472,19.28,35,0,401.2,1
62220,1473,23.30,34,1,434.9,1
62257,1474,44.19,37,1,739.1,1
62314,1475,57.46,57,2,909.6,1
62344,1476,28.04,30,0,530.3,1
62371,1477,30.98,27,0,573.5,1
62400,1478,33.18,29,0,605.6,1
62429,1479,34.33,29,0,624.7,1
62456,1480,29.43,27,0,550.0,1
62487,1481,35.37,31,1,608.9,1
62525,1482,32.45,38,0,595.5,1
62547,1483,16.54,22,0,358.9,1
62580,1484,26.69,33,0,509.5,1
62613,1485,23.57,33,0,466.6,1
62670,1486,59.02,57,2,928.4,1
62700,1487,33.93,30,1,587.6,1
62729,1488,31.82,29,0,586.2,1
62785,1489,58.45,56,2,924.3,1
62829,1490,55.66,44,2,879.7,1
62867,1491,60.20,38,2,946.2,1
62894,1492,35.27,27,0,636.2,1
62916,1493,14.91,22,0,335.4,1
62961,1494,52.94,45,1,871.7,1
62988,1495,27.88,27,0,527.7,1
63022,1496,33.52,34,0,612.5,1
63057,1497,41.21,35,0,723.8,1
63094,1498,25.55,37,0,492.9,1
63138,1499,28.77,44,1,511.2,1
63165,1500,28.63,27,0,537.3,1
63205,1501,69.94,40,1,1121.0,1
63239,1502,17.45,34,1,344.3,1
63263,1503,22.62,24,0,449.9,1
63296,1504,36.23,33,0,650.2,1
63324,1505,26.11,28,1,473.6,1
63360,1506,24.55,36,0,479.9,1
63378,1507,20.81,18,1,395.7,1
63393,1508,7.49,15,0,224.3,1
63438,1509,52.78,45,2,840.2,1
63457,1510,8.12,19,0,234.1,1
63492,1511,20.71,35,1,394.2,1
63523,1512,17.09,31,0,367.3,1
63555,1513,30.49,32,1,535.9,1
63591,1514,35.82,36,1,615.5,1
63626,1515,29.36,35,1,521.2,1
63656,1516,43.16,30,0,752.3,1
63686,1517,35.91,30,0,646.3,1
63733,1518,43.29,47,1,726.4,1
63764,1519,22.96,31,0,458.2,1
63807,1520,46.01,43,1,766.9,1
63819,1521,-1.31,12,0,99.9,1
63840,1522,24.14,21,0,473.9,1
63867,1523,32.06,27,0,589.4,1
63901,1524,18.32,34,1,360.2,1
63935,1525,26.90,34,0,516.4,1
63966,1526,29.98,31,0,558.1,1
63995,1527,41.34,29,0,727.2,1
64029,1528,34.96,34,0,631.8,1
64060,1529,30.39,31,0,565.4,1
64091,1530,26.87,31,0,510.7,1
64119,1531,33.60,28,1,583.9,1
64154,1532,31.84,35,1,559.4,1
64179,1533,31.07,25,0,574.8,1
64214,1534,31.66,35,0,583.6,1
64235,1535,33.06,21,0,603.6,1
64261,1536,29.45,26,0,552.6,1
64288,1537,33.81,27,0,614.7,1
64318,1538,38.02,30,0,675.5,1
64346,1539,16.84,28,0,363.6,1
64375,1540,37.70,29,0,670.8,1
64405,1541,34.18,30,0,619.6,1
64424,1542,11.93,19,0,289.8,1
64452,1543,32.01,28,0,586.7,1
64481,1544,34.64,29,0,626.1,1
64530,1545,56.66,49,1,924.0,1
64557,1546,26.51,27,1,478.5,1
64583,1547,25.51,26,0,493.2,1
64641,1548,53.03,58,2,843.7,1
64669,1549,39.05,28,0,692.1,1
64705,1550,32.74,36,1,571.4,1
64723,1551,3.69,18,0,171.6,1
64749,1552,28.85,26,0,540.9,1
64782,1553,27.36,33,1,491.9,1
64808,1554,21.05,26,0,428.8,1
64860,1555,154.37,52,1,1279.5,0
64887,1556,32.65,27,0,598.8,1
64914,1557,31.95,27,0,586.6,1
64943,1558,26.63,29,1,479.8,1
64966,1559,13.39,23,0,314.4,1
64993,1560,31.69,27,1,553.8,1
65025,1561,26.94,32,1,485.8,1
65052,1562,37.72,27,0,672.0,1
65085,1563,29.72,33,0,559.2,1
65117,1564,27.62,32,0,523.8,1
65151,1565,36.44,34,0,654.2,1
65165,1566,7.43,14,0,223.5,1
65187,1567,18.41,22,0,386.2,1
65230,1568,41.70,43,1,704.2,1
65261,1569,21.94,31,0,441.6,1
65302,1570,47.01,41,1,781.1,1
65336,1571,16.51,34,0,359.3,1
65390,1572,66.68,54,2,1042.2,1
65433,1573,60.84,43,1,984.3,1
65454,1574,18.34,21,0,388.4,1
65477,1575,26.86,23,1,487.0,1
65506,1576,34.86,29,0,628.7,1
65538,1577,41.77,32,0,733.6,1
65593,1578,58.82,55,1,959.8,1
65618,1579,21.90,25,0,438.1,1
65650,1580,24.11,32,2,412.0,1
65690,1581,32.19,40,0,590.0,1
65713,1582,26.14,23,0,502.0,1
65745,1583,42.07,32,0,735.3,1
65773,1584,29.73,28,0,555.3,1
65808,1585,28.13,35,0,531.6,1
65842,1586,32.27,34,2,533.1,1
65872,1587,29.51,30,0,549.7,1
65900,1588,34.26,28,0,619.8,1
65927,1589,34.14,27,0,619.0,1
65959,1590,34.30,32,1,591.6,1
66004,1591,37.02,45,1,635.5,1
66036,1592,32.23,32,0,591.3,1
66063,1593,36.91,27,0,659.9,1
66096,1594,26.72,33,2,452.0,1
66128,1595,32.90,32,0,600.4,1
66165,1596,27.80,37,1,496.9,1
66195,1597,29.87,30,0,557.6,1
66239,1598,57.81,44,1,940.2,1
66264,1599,23.33,25,0,459.6,1
66294,1600,23.62,30,0,465.9,1
66323,1601,36.52,29,0,657.5,1
66358,1602,25.10,35,1,459.7,1
66383,1603,20.36,25,0,416.9,1
66407,1604,24.85,24,0,482.9,1
66436,1605,43.25,29,1,723.8,1
66473,1606,23.55,37,1,432.7,1
66503,1607,31.61,30,1,552.7,1
66528,1608,25.55,25,0,493.2,1
66556,1609,31.21,28,0,578.4,1
66591,1610,26.03,35,0,499.8,1
66614,1611,28.38,23,0,534.5,1
66646,1612,33.73,32,1,584.5,1
66678,1613,33.59,32,1,582.5,1
66705,1614,17.37,27,0,373.5,1
66735,1615,21.97,30,0,448.4,1
66770,1616,24.61,35,0,479.1,1
66797,1617,33.03,27,0,602.6,1
66831,1618,36.28,34,1,622.3,1
66856,1619,25.79,25,0,496.2,1
66916,1620,58.82,60,1,956.2,1
66947,1621,36.03,31,1,618.8,1
66971,1622,16.98,24,0,369.0,1
67026,1623,53.18,55,2,843.1,1
67063,1624,51.61,37,2,820.4,1
67090,1625,31.30,27,0,578.2,1
67121,1626,30.18,31,1,531.9,1
67158,1627,40.88,37,1,689.4,1
67190,1628,32.96,32,1,575.2,1
67226,1629,31.25,36,0,575.4,1
67265,1630,31.31,39,0,578.6,1
67288,1631,7.12,23,0,220.9,1
67331,1632,60.81,43,1,985.0,1
67381,1633,44.29,50,1,741.8,1
67409,1634,24.93,28,1,456.6,1
67443,1635,27.56,34,0,522.4,1
67470,1636,36.91,27,0,661.1,1
67502,1637,36.94,32,0,663.3,1
67536,1638,47.75,34,0,820.7,1
67557,1639,16.97,21,1,335.5,1
67585,1640,33.43,28,0,608.3,1
67614,1641,21.93,29,0,442.1,1
67643,1642,18.69,29,0,394.6,1
67680,1643,25.24,37,1,463.1,1
67711,1644,31.29,31,2,520.5,1
67746,1645,31.93,35,1,557.9,1
67770,1646,24.47,24,0,476.7,1
67802,1647,34.70,32,0,627.9,1
67827,1648,33.13,25,0,605.8,1
67857,1649,38.34,30,0,682.0,1
67894,1650,33.69,37,0,613.6,1
67951,1651,58.35,57,2,918.9,1
67985,1652,23.28,34,1,432.9,1
68042,1653,57.69,57,2,910.0,1
68091,1654,56.97,49,1,928.1,1
68118,1655,32.99,27,0,608.0,1
68148,1656,24.61,30,1,459.3,1
68173,1657,19.68,25,0,408.0,1
68204,1658,25.50,31,0,494.0,1
68247,1659,51.48,43,2,821.8,1
68270,1660,26.63,23,0,509.2,1
68307,1661,35.91,37,1,617.1,1
68332,1662,18.04,25,1,353.4,1
68390,1663,60.40,58,2,950.9,1
68417,1664,31.19,27,0,576.0,1
68439,1665,6.04,22,1,177.2,1
68471,1666,35.49,32,1,613.5,1
68503,1667,42.50,32,0,745.0,1
68528,1668,32.13,25,1,560.3,1
68555,1669,27.98,27,0,529.2,1
68589,1670,45.02,34,0,780.3,1
68616,1671,19.65,27,0,405.8,1
68635,1672,4.84,19,0,187.5,1
68668,1673,27.07,33,2,463.7,1
68693,1674,30.00,25,0,558.7,1
68717,1675,23.23,24,0,461.0,1
68747,1676,32.69,30,0,598.2,1
68801,1677,52.61,54,2,834.6,1
68831,1678,34.44,30,0,624.6,1
68865,1679,44.40,34,1,741.1,1
68896,1680,35.31,31,2,579.5,1
68925,1681,31.14,29,0,575.6,1
68955,1682,28.12,30,1,502.3,1
68991,1683,26.05,36,2,443.6,1
69022,1684,26.43,31,0,506.0,1
69056,1685,36.36,34,0,653.3,1
69081,1686,26.72,25,0,511.2,1
69113,1687,28.61,32,0,538.0,1
69137,1688,23.27,24,0,457.5,1
69167,1689,32.19,30,0,589.4,1
69196,1690,23.92,29,0,468.6,1
69219,1691,9.67,23,0,256.4,1
69239,1692,10.47,20,0,270.2,1
69268,1693,29.46,29,0,552.0,1
69295,1694,36.75,27,0,657.2,1
69323,1695,35.69,28,1,613.2,1
69346,1696,28.74,23,0,539.8,1
69376,1697,24.10,30,0,471.6,1
69402,1698,25.91,26,0,499.8,1
69463,1699,59.48,61,2,940.9,1
69493,1700,23.94,30,0,472.4,1
69536,1701,53.67,43,1,879.8,1
69569,1702,35.04,33,1,605.4,1
69596,1703,44.81,27,0,777.3,1
69624,1704,43.57,28,0,759.0,1
69660,1705,27.04,36,1,487.4,1
69707,1706,38.60,47,1,659.2,1
69730,1707,21.15,23,0,429.1,1
69766,1708,25.55,36,1,466.3,1
69799,1709,23.48,33,1,433.9,1
69826,1710,35.77,27,0,644.3,1
69856,1711,30.22,30,0,565.2,1
69890,1712,32.56,34,1,567.3,1
69915,1713,24.68,25,0,479.8,1
69947,1714,31.53,32,0,581.6,1
69975,1715,25.73,28,1,466.3,1
70009,1716,37.00,34,2,604.3,1
70042,1717,31.52,33,0,580.0,1
70072,1718,32.24,30,0,591.1,1
70108,1719,32.37,36,0,593.7,1
70131,1720,27.30,23,0,518.6,1
70164,1721,30.62,33,1,540.1,1
70196,1722,36.79,32,1,630.3,1
70241,1723,56.66,45,1,925.2,1
70270,1724,27.98,29,0,529.4,1
70318,1725,61.37,48,2,963.2,1
70345,1726,34.53,27,0,625.9,1
70380,1727,29.95,35,0,558.8,1
70426,1728,41.85,46,2,674.8,1
70472,1729,56.18,46,1,917.5,1
70506,1730,47.90,34,0,822.9,1
70537,1731,21.11,31,0,429.7,1
70566,1732,21.98,29,0,439.9,1
70591,1733,25.84,25,0,497.6,1
70627,1734,22.57,36,0,452.0,1
70655,1735,27.54,28,0,523.5,1
70691,1736,44.67,36,0,775.9,1
70724,1737,29.85,33,0,559.4,1
70760,1738,28.20,36,1,502.9,1
70791,1739,29.68,31,1,525.3,1
70824,1740,33.69,33,0,612.9,1
70851,1741,32.52,27,0,596.3,1
70874,1742,22.55,23,0,449.0,1
70917,1743,51.63,43,1,849.4,1
70933,1744,3.32,16,0,163.3,1
70973,1745,44.04,40,0,766.0,1
71001,1746,26.80,28,0,510.9,1
71023,1747,8.40,22,0,242.1,1
71061,1748,23.61,38,1,434.8,1
71094,1749,27.82,33,1,511.7,1
71139,1750,54.27,45,2,859.4,1
71172,1751,27.72,33,1,498.4,1
71198,1752,5.71,26,0,200.1,1
71237,1753,38.94,39,1,663.0,1
71267,1754,43.20,30,0,753.0,1
71280,1755,7.74,13,0,228.9,1
71319,1756,36.83,39,0,661.3,1
71342,1757,24.22,23,0,476.6,1
71407,1758,66.46,65,2,1041.6,1
71442,1759,29.79,35,0,557.2,1
71469,1760,36.66,27,0,657.5,1
71515,1761,51.57,46,1,850.9,1
71560,1762,27.87,45,1,497.8,1
71589,1763,34.50,29,0,624.0,1
71617,1764,41.03,28,0,720.8,1
71650,1765,14.65,33,0,331.9,1
71682,1766,23.36,32,0,462.0,1
71715,1767,29.48,33,1,523.8,1
71740,1768,27.10,25,0,515.6,1
71767,1769,29.37,27,0,548.5,1
71794,1770,25.48,27,0,491.6,1
71825,1771,24.61,31,0,482.6,1
71855,1772,36.00,30,0,646.5,1
71884,1773,27.41,29,0,520.1,1
71907,1774,21.83,23,0,437.4,1
71948,1775,43.60,41,0,758.8,1
71984,1776,45.99,36,1,764.9,1
72028,1777,54.73,44,1,896.1,1
72051,1778,32.10,23,0,589.4,1
72109,1779,56.20,58,1,919.3,1
72136,1780,32.24,27,0,591.5,1
72182,1781,52.72,46,1,865.9,1
72213,1782,28.94,31,0,559.2,1
72250,1783,31.91,37,1,559.6,1
72283,1784,28.57,33,1,509.7,1
72310,1785,28.28,27,0,533.0,1
72336,1786,24.17,26,1,443.3,1
72372,1787,31.59,36,0,584.0,1
72420,1788,62.40,48,2,980.8,1
72451,1789,39.98,31,1,675.7,1
72486,1790,38.52,35,0,686.7,1
72514,1791,30.21,28,1,532.0,1
72544,1792,33.34,30,1,578.8,1
72581,1793,36.12,37,0,650.7,1
72622,1794,68.77,41,2,1071.4,1
72659,1795,45.74,37,1,764.4,1
72692,1796,32.52,33,0,594.8,1
72720,1797,34.78,28,0,628.8,1
72747,1798,32.63,27,0,599.4,1
72774,1799,30.04,27,1,530.0,1
72798,1800,24.46,24,0,479.2,1
72857,1801,75.91,59,4,1125.5,1
72891,1802,39.21,34,1,666.7,1
72926,1803,27.14,35,1,486.6,1
72988,1804,68.18,62,2,1063.8,1
73015,1805,22.96,27,0,454.4,1
73040,1806,26.59,25,1,480.2,1
73071,1807,32.17,31,0,591.9,1
73108,1808,28.15,37,0,532.8,1
73141,1809,31.72,33,0,586.8,1
73164,1810,23.36,23,0,460.3,1
73202,1811,35.10,38,0,634.3,1
73235,1812,36.99,33,1,633.3,1
73262,1813,34.78,27,0,629.0,1
73298,1814,37.81,36,0,675.6,1
73323,1815,25.22,25,0,490.6,1
73359,1816,26.15,36,0,501.7,1
73391,1817,29.76,32,0,558.4,1
73425,1818,41.62,34,0,730.8,1
73461,1819,52.10,36,1,857.5,1
73487,1820,22.96,26,0,456.7,1
73524,1821,34.71,37,1,597.6,1
73576,1822,53.09,52,2,842.0,1
73607,1823,25.20,31,2,430.7,1
73638,1824,35.04,31,0,634.7,1
73673,1825,33.69,35,1,584.0,1
73695,1826,23.21,22,0,458.9,1
73747,1827,154.59,52,1,1277.5,0
73772,1828,29.69,25,0,554.5,1
73811,1829,32.97,39,0,604.3,1
73848,1830,32.98,37,1,572.0,1
73892,1831,23.37,44,0,460.4,1
73935,1832,44.44,43,1,742.9,1
73967,1833,28.32,32,1,507.0,1
74014,1834,43.80,47,1,736.7,1
74036,1835,25.53,22,0,494.4,1
74063,1836,35.82,27,0,643.8,1
74099,1837,21.94,36,0,439.7,1
74123,1838,24.47,24,0,478.8,1
74145,1839,18.14,22,1,356.5,1
74171,1840,26.72,26,0,509.6,1
74196,1841,38.99,25,1,661.9,1
74223,1842,37.18,27,0,666.2,1
74242,1843,5.45,19,0,195.3,1
74273,1844,20.99,31,1,405.1,1
74303,1845,24.83,30,0,484.4,1
74332,1846,29.67,29,0,554.4,1
74361,1847,26.01,29,0,500.1,1
74401,1848,31.95,40,1,558.0,1
74457,1849,58.82,56,1,957.0,1
74498,1850,56.71,41,1,925.1,1
74525,1851,30.60,27,0,568.5,1
74561,1852,27.74,36,1,496.6,1
74595,1853,35.47,34,0,639.5,1
74666,1854,158.29,71,3,1279.9,0
74703,1855,29.03,37,0,545.8,1
74721,1856,4.59,18,0,184.6,1
74761,1857,38.42,40,1,656.9,1
74794,1858,35.38,33,0,639.8,1
74834,1859,34.28,40,1,593.2,1
74856,1860,18.15,22,0,382.7,1
74889,1861,25.30,33,1,461.8,1
74936,1862,53.82,47,1,882.1,1
74984,1863,55.57,48,2,878.4,1
75008,1864,22.49,24,0,449.2,1
75037,1865,30.07,29,0,562.6,1
75064,1866,34.69,27,0,627.1,1
75093,1867,26.99,29,1,483.6,1
75121,1868,24.89,28,0,484.6,1
75148,1869,40.61,27,0,715.9,1
75175,1870,26.82,27,0,511.5,1
75199,1871,22.21,24,0,444.8,1
75235,1872,27.36,36,1,492.8,1
75270,1873,28.31,35,1,538.9,1
75305,1874,33.57,35,0,614.7,1
75343,1875,43.76,38,0,761.2,1
75379,1876,48.07,36,0,827.9,1
75407,1877,37.24,28,0,665.5,1
75434,1878,27.52,27,0,524.4,1
75457,1879,23.18,23,0,458.8,1
75486,1880,25.48,29,1,463.9,1
75524,1881,33.19,38,0,605.6,1
75552,1882,28.44,28,0,534.5,1
75579,1883,29.07,27,0,545.8,1
75617,1884,50.54,38,2,804.1,1
75641,1885,22.39,24,0,446.8,1
75668,1886,24.70,27,0,479.4,1
75698,1887,37.01,30,0,662.0,1
75728,1888,48.31,30,1,800.1,1
75755,1889,34.71,27,0,628.0,1
75782,1890,39.51,27,0,699.0,1
75815,1891,30.00,33,0,557.6,1
75843,1892,23.72,28,0,469.2,1
75874,1893,33.12,31,0,606.0,1
75897,1894,22.89,23,0,453.9,1
75921,1895,7.54,24,0,227.6,1
75944,1896,28.35,23,1,503.7,1
75972,1897,33.97,28,0,617.0,1
76007,1898,23.53,35,1,433.5,1
76041,1899,25.43,34,1,463.7,1
76096,1900,60.45,55,2,952.8,1
76128,1901,42.19,32,1,709.1,1
76155,1902,18.11,27,0,387.5,1
76185,1903,39.04,30,0,691.5,1
76210,1904,27.59,25,0,522.8,1
76240,1905,33.04,30,0,605.1,1
76274,1906,32.61,34,1,567.4,1
76308,1907,44.31,34,0,770.1,1
76339,1908,30.51,31,2,507.5,1
76370,1909,33.63,31,1,582.3,1
76408,1910,36.82,38,1,629.6,1
76431,1911,5.62,23,0,203.7,1
76462,1912,37.30,31,0,667.3,1
76498,1913,39.95,36,0,704.0,1
76526,1914,31.84,28,0,585.3,1
76580,1915,80.28,54,1,1273.1,1
76609,1916,17.21,29,0,370.9,1
76640,1917,17.72,31,0,376.0,1
76675,1918,40.86,35,1,689.4,1
76698,1919,26.78,23,0,511.5,1
76725,1920,28.12,27,0,530.6,1
76760,1921,41.22,35,0,724.2,1
76787,1922,38.53,27,0,683.8,1
76814,1923,34.65,27,0,627.7,1
76846,1924,52.36,32,1,857.8,1
76869,1925,24.86,23,0,483.1,1
76905,1926,34.88,36,0,630.5,1
76936,1927,39.66,31,0,701.7,1
76961,1928,14.78,25,0,335.9,1
76987,1929,23.17,26,0,457.7,1
77017,1930,27.41,30,0,524.0,1
77046,1931,18.50,29,0,390.5,1
77068,1932,25.91,22,0,499.5,1
77095,1933,38.14,27,0,679.0,1
77137,1934,51.36,42,1,846.3,1
77167,1935,33.72,30,0,613.9,1
77193,1936,26.56,26,0,506.7,1
77226,1937,50.13,33,0,855.0,1
77254,1938,28.41,28,0,537.3,1
77281,1939,37.09,27,0,662.5,1
77315,1940,28.08,34,1,500.8,1
77345,1941,30.94,30,0,571.7,1
77375,1942,36.22,30,0,653.5,1
77430,1943,62.08,55,2,974.3,1
77466,1944,28.10,36,1,501.7,1
77507,1945,40.73,41,1,690.1,1
77534,1946,25.39,27,0,489.5,1
77579,1947,73.00,45,1,1163.7,1
77606,1948,36.52,27,0,654.2,1
77634,1949,28.76,28,0,541.8,1
77662,1950,33.91,28,0,615.7,1
77694,1951,33.08,32,1,573.4,1
77719,1952,30.36,25,1,536.8,1
77774,1953,60.15,55,2,946.9,1
77805,1954,40.71,31,1,689.8,1
77840,1955,27.71,35,1,497.1,1
77867,1956,21.45,27,0,434.4,1
77901,1957,38.24,34,1,652.7,1
77925,1958,25.59,24,0,493.6,1
77958,1959,43.91,33,1,736.2,1
77982,1960,27.47,24,0,520.7,1
78016,1961,22.74,34,1,422.5,1
78063,1962,154.59,47,1,1281.0,0
78087,1963,24.10,24,0,471.5,1
78117,1964,33.66,30,0,613.1,1
78153,1965,47.76,36,1,790.5,1
78189,1966,59.40,36,2,932.9,1
78226,1967,40.32,37,1,682.0,1
78262,1968,28.67,36,1,516.8,1
78296,1969,28.14,34,1,528.0,1
78330,1970,41.55,34,1,698.0,1
78361,1971,28.39,31,1,506.6,1
78390,1972,27.40,29,0,520.9,1
78420,1973,35.75,30,0,644.3,1
78458,1974,39.96,38,0,705.0,1
78496,1975,41.47,38,1,699.6,1
78523,1976,33.83,27,0,614.4,1
78550,1977,25.15,27,1,457.8,1
78593,1978,56.43,43,2,893.5,1
78617,1979,28.11,24,0,530.2,1
78646,1980,37.73,29,1,641.6,1
78673,1981,36.23,27,0,649.9,1
78695,1982,17.36,22,1,341.5,1
78714,1983,5.85,19,0,201.8,1
78741,1984,43.96,27,0,764.2,1
78763,1985,27.12,22,0,515.9,1
78797,1986,42.27,34,1,711.4,1
78826,1987,32.30,29,0,591.5,1
78848,1988,2.34,22,0,149.1,1
78885,1989,25.08,37,1,454.7,1
78908,1990,20.63,23,0,420.0,1
78943,1991,25.99,35,1,471.3,1
78970,1992,26.92,27,1,483.4,1
79025,1993,57.91,55,1,943.1,1
79053,1994,28.66,28,0,540.1,1
79074,1995,15.00,21,0,336.4,1
79105,1996,21.12,31,0,429.8,1
79136,1997,29.31,31,0,548.5,1
79219,1998,66.10,83,3,1006.7,1
79247,1999,35.71,28,0,644.9,1
79277,2000,31.56,30,0,581.4,1
79338,2001,51.91,61,1,852.9,1
79360,2002,21.46,22,1,401.8,1
79390,2003,34.66,30,0,625.8,1
79422,2004,33.92,32,0,616.7,1
79452,2005,25.92,30,1,470.4,1
79477,2006,21.47,25,0,432.3,1
79496,2007,5.91,19,0,205.6,1
79561,2008,157.97,65,3,1278.3,0
79600,2009,30.32,39,2,505.2,1
79666,2010,52.51,66,2,832.8,1
79696,2011,38.93,30,0,690.1,1
79734,2012,41.86,38,1,704.6,1
79761,2013,35.74,27,1,613.7,1
79792,2014,38.72,31,1,659.2,1
79829,2015,42.51,37,2,684.1,1
79852,2016,24.93,23,0,483.5,1
79875,2017,28.86,23,1,513.8,1
79922,2018,50.13,47,2,803.0,1
79954,2019,36.67,32,1,629.2,1
79977,2020,24.75,23,0,481.5,1
80008,2021,28.47,31,0,535.8,1
80042,2022,60.83,34,0,1014.7,1
80067,2023,27.36,25,0,521.5,1
80094,2024,29.72,27,0,556.0,1
80117,2025,20.23,23,0,425.4,1
80141,2026,25.62,24,0,496.4,1
80164,2027,29.13,23,1,516.0,1
80204,2028,38.00,40,0,678.7,1
80234,2029,39.84,30,0,703.3,1
80286,2030,61.54,52,1,996.1,1
80308,2031,8.74,22,0,245.1,1
80350,2032,56.44,42,1,919.9,1
80385,2033,48.30,35,0,830.0,1
80412,2034,30.97,27,0,573.3,1
80442,2035,44.48,30,0,772.3,1
80479,2036,61.10,37,0,1017.2,1
80515,2037,27.44,36,1,493.6,1
80545,2038,27.45,30,0,523.1,1
80572,2039,37.33,27,0,666.7,1
80606,2040,29.32,34,0,549.6,1
80639,2041,32.05,33,2,532.2,1
80671,2042,49.63,32,2,789.4,1
80689,2043,12.31,18,1,266.8,1
80711,2044,20.94,22,0,423.7,1
80750,2045,37.16,39,0,666.3,1
80784,2046,32.44,34,1,568.2,1
80816,2047,16.46,32,1,339.8,1
80841,2048,28.55,25,0,536.9,1
80868,2049,36.51,27,0,656.1,1
80912,2050,56.62,44,1,923.8,1
80952,2051,55.62,40,2,877.1,1
80979,2052,39.81,27,0,702.8,1
81009,2053,32.79,30,0,600.3,1
81040,2054,28.43,31,1,508.9,1
81060,2055,4.74,20,0,187.6,1
81092,2056,38.88,32,0,688.8,1
81130,2057,48.32,38,0,829.1,1
81160,2058,39.95,30,0,705.5,1
81194,2059,32.48,34,0,596.2,1
81234,2060,24.35,40,1,446.3,1
81271,2061,43.73,37,0,762.1,1
81319,2062,57.21,48,0,959.1,1
81353,2063,39.29,34,0,697.5,1
81404,2064,58.25,51,2,923.5,1
81434,2065,25.64,30,0,497.3,1
81463,2066,27.21,29,1,488.8,1
81511,2067,54.42,48,1,894.1,1
81539,2068,30.63,28,1,541.9,1
81562,2069,24.39,23,0,477.0,1
81592,2070,37.20,30,1,634.4,1
81615,2071,24.93,23,0,483.6,1
81637,2072,16.07,22,0,353.7,1
81670,2073,39.60,33,0,698.8,1
81714,2074,51.89,44,1,854.4,1
81748,2075,29.97,34,0,561.6,1
81771,2076,27.28,23,0,517.7,1
81821,2077,62.72,50,2,984.4,1
81851,2078,33.25,30,0,607.6,1
81884,2079,36.21,33,1,622.7,1
81899,2080,6.25,15,0,207.7,1
81941,2081,32.86,42,0,601.2,1
81963,2082,26.51,22,0,507.4,1
81994,2083,30.28,31,0,564.6,1
82017,2084,24.59,23,0,478.5,1
82047,2085,35.29,30,0,637.5,1
82074,2086,26.76,27,0,510.5,1
82101,2087,27.37,27,0,520.7,1
82131,2088,41.76,30,0,731.7,1
82157,2089,32.68,26,1,570.3,1
82190,2090,35.38,33,0,637.0,1
82220,2091,39.23,30,0,694.8,1
82246,2092,27.30,26,0,521.2,1
82276,2093,25.89,30,0,500.4,1
82303,2094,35.06,27,0,632.3,1
82328,2095,25.19,25,0,489.2,1
82353,2096,28.35,25,0,534.0,1
82378,2097,30.86,25,0,572.3,1
82408,2098,41.69,30,0,730.6,1
82450,2099,30.45,42,1,536.5,1
82475,2100,28.90,25,0,543.9,1
82504,2101,36.83,29,0,657.9,1
82533,2102,31.46,29,0,581.8,1
82560,2103,41.47,27,0,727.4,1
82597,2104,48.50,37,0,833.9,1
82627,2105,34.45,30,1,595.2,1
82654,2106,26.24,27,1,474.7,1
82684,2107,45.71,30,0,790.1,1
82706,2108,24.59,22,0,478.5,1
82737,2109,35.79,31,0,644.5,1
82769,2110,27.58,32,2,464.1,1
82804,2111,51.93,35,2,826.7,1
82835,2112,31.64,31,0,585.3,1
82887,2113,61.90,52,1,1001.4,1
82921,2114,50.98,34,1,842.4,1
82951,2115,28.79,30,0,541.7,1
82981,2116,29.29,30,0,547.9,1
83008,2117,36.95,27,0,661.1,1
83033,2118,26.04,25,0,500.5,1
83056,2119,25.91,23,0,499.1,1
83106,2120,60.30,50,3,917.9,1
83135,2121,39.03,29,0,691.0,1
83158,2122,25.36,23,0,489.8,1
83202,2123,66.93,44,1,1073.7,1
83232,2124,39.81,30,0,703.4,1
83259,2125,27.74,27,0,524.5,1
83292,2126,32.53,33,1,569.5,1
83328,2127,39.56,36,0,700.0,1
83361,2128,44.38,33,0,772.4,1
83388,2129,30.12,27,0,559.8,1
83427,2130,31.92,39,0,588.6,1
83460,2131,31.25,33,1,550.0,1
83479,2132,20.31,19,0,418.4,1
83507,2133,24.35,28,0,475.5,1
83531,2134,29.55,24,0,552.6,1
83555,2135,28.83,24,0,540.8,1
83582,2136,41.44,27,0,727.0,1
83636,2137,75.98,54,2,1177.9,1
83663,2138,37.00,27,0,661.9,1
83683,2139,14.06,20,1,293.2,1
83716,2140,40.81,33,1,688.9,1
83738,2141,11.25,22,0,283.5,1
83763,2142,22.96,25,0,455.0,1
83793,2143,31.17,30,0,577.5,1
83828,2144,31.18,35,0,577.6,1
83845,2145,7.61,17,0,226.9,1
83877,2146,29.56,32,0,551.0,1
83908,2147,43.57,31,1,732.7,1
83936,2148,32.07,28,1,562.0,1
83968,2149,31.87,32,0,586.5,1
83993,2150,30.84,25,0,572.0,1
84020,2151,35.18,27,0,634.4,1
84047,2152,41.99,27,0,735.0,1
84076,2153,32.39,29,0,595.5,1
84105,2154,37.98,29,0,675.5,1
84130,2155,26.79,25,0,511.0,1
84164,2156,31.01,34,0,576.0,1
84215,2157,59.05,51,2,930.4,1
84253,2158,29.48,38,2,491.3,1
84293,2159,56.38,40,2,890.9,1
84323,2160,41.50,30,0,728.4,1
84348,2161,32.40,25,0,595.0,1
84381,2162,39.38,33,0,699.3,1
84417,2163,28.60,36,1,517.1,1
84441,2164,27.92,24,0,529.5,1
84468,2165,38.91,27,0,689.5,1
84491,2166,26.04,23,0,501.6,1
84550,2167,64.16,59,2,1009.2,1
84605,2168,59.87,55,2,942.6,1
84626,2169,9.84,21,0,262.3,1
84652,2170,27.47,26,0,521.0,1
84682,2171,36.84,30,0,658.9,1
84697,2172,3.01,15,0,158.8,1
84724,2173,34.95,27,0,632.1,1
84751,2174,33.64,27,0,611.7,1
84770,2175,10.22,19,1,237.8,1
84795,2176,31.73,25,0,584.3,1
84831,2177,55.15,36,0,928.6,1
84865,2178,30.46,34,3,479.0,1
84901,2179,40.67,36,2,658.8,1
84926,2180,30.87,25,0,570.6,1
84952,2181,7.41,26,0,225.4,1
84982,2182,30.59,30,0,565.7,1
85004,2183,10.18,22,1,238.3,1
85037,2184,27.35,33,0,520.2,1
85053,2185,8.78,16,0,245.0,1
85074,2186,13.53,21,0,316.2,1
85097,2187,24.90,23,0,484.9,1
85128,2188,29.95,31,0,556.2,1
85158,2189,28.40,30,0,534.8,1
85191,2190,34.36,33,0,623.8,1
85242,2191,57.95,51,1,945.6,1
85271,2192,34.26,29,0,620.6,1
85300,2193,29.04,29,1,516.2,1
85333,2194,29.68,33,1,528.2,1
85363,2195,34.40,30,0,622.6,1
85390,2196,27.10,27,0,515.6,1
85423,2197,22.77,33,0,454.8,1
85456,2198,45.98,33,2,735.2,1
85487,2199,28.67,31,1,513.1,1
85514,2200,34.91,27,0,631.6,1
85548,2201,46.01,34,1,766.1,1
85577,2202,37.68,29,0,670.4,1
85604,2203,42.56,27,0,743.4,1
85627,2204,26.39,23,0,505.0,1
85666,2205,45.40,39,0,788.9,1
85698,2206,29.00,32,0,543.7,1
85728,2207,44.69,30,0,774.9,1
85773,2208,58.01,45,1,944.6,1
85801,2209,38.28,28,0,679.3,1
85825,2210,23.11,24,0,457.8,1
85864,2211,35.25,39,0,634.6,1
85897,2212,31.04,33,1,544.2,1
85931,2213,42.22,34,1,710.9,1
85969,2214,30.60,38,0,568.4,1
86027,2215,57.81,58,1,942.6,1
86058,2216,34.17,31,1,593.7,1
86097,2217,50.81,39,1,837.2,1
86144,2218,54.42,47,1,891.5,1
86185,2219,31.49,41,0,583.4,1
86212,2220,27.77,27,2,465.5,1
86260,2221,57.32,48,1,933.5,1
86290,2222,38.17,30,0,679.4,1
86325,2223,38.71,35,1,657.8,1
86352,2224,32.78,27,0,600.0,1
86381,2225,32.79,29,0,599.6,1
86413,2226,24.37,32,0,475.1,1
86460,2227,58.22,47,2,918.9,1
86488,2228,23.32,28,0,461.2,1
86517,2229,33.84,29,0,614.2,1
86544,2230,43.39,27,0,756.3,1
86583,2231,31.88,39,0,587.1,1
86610,2232,34.29,27,1,592.3,1
86640,2233,34.02,30,0,618.1,1
86673,2234,37.12,33,1,634.4,1
86700,2235,26.19,27,0,502.0,1
86727,2236,24.43,27,0,475.5,1
86754,2237,31.11,27,0,574.3,1
86785,2238,22.84,31,0,454.1,1
86823,2239,39.25,38,0,694.5,1
86857,2240,30.53,34,0,566.3,1
86880,2241,25.72,23,1,466.8,1
86910,2242,32.61,30,0,598.7,1
86943,2243,33.89,33,2,561.2,1
86982,2244,44.79,39,0,778.2,1
87009,2245,10.27,27,0,265.4,1
87037,2246,35.59,28,1,611.5,1
87067,2247,28.15,30,0,533.2,1
87094,2248,38.27,27,0,680.0,1
87121,2249,25.28,27,0,503.9,1
87148,2250,35.47,27,0,638.9,1
87187,2251,32.75,39,1,570.9,1
87217,2252,34.67,30,0,627.5,1
87247,2253,27.31,30,1,489.1,1
87277,2254,35.75,30,0,643.4,1
87312,2255,30.50,35,1,537.2,1
87343,2256,29.59,31,0,553.9,1
87373,2257,19.39,30,1,374.4,1
87394,2258,16.51,21,1,328.1,1
87441,2259,58.28,47,1,947.4,1
87476,2260,31.75,35,1,554.7,1
87498,2261,23.26,22,0,459.4,1
87525,2262,38.42,27,0,682.6,1
87552,2263,37.82,27,0,673.8,1
87582,2264,35.72,30,1,614.0,1
87608,2265,28.62,26,1,508.8,1
87640,2266,22.40,32,1,416.2,1
87665,2267,23.00,25,0,454.9,1
87697,2268,40.35,32,0,712.0,1
87727,2269,40.45,30,0,714.9,1
87763,2270,34.70,36,0,629.4,1
87810,2271,62.63,47,2,985.0,1
87835,2272,37.93,25,1,646.1,1
87863,2273,29.15,28,2,486.4,1
87893,2274,34.20,30,1,590.1,1
87924,2275,36.91,31,1,630.9,1
87957,2276,39.70,33,0,702.4,1
87985,2277,26.82,28,0,511.1,1
88017,2278,32.34,32,1,563.2,1
88054,2279,35.00,37,1,603.3,1
88083,2280,40.92,29,0,721.0,1
88131,2281,62.21,48,1,1003.4,1
88153,2282,20.70,22,1,392.3,1
88186,2283,25.26,33,1,458.3,1
88215,2284,30.93,29,0,572.4,1
88243,2285,26.49,28,0,506.5,1
88285,2286,47.59,42,1,787.9,1
88315,2287,34.71,30,1,596.9,1
88336,2288,18.24,21,0,384.9,1
88365,2289,34.74,29,0,627.5,1
88390,2290,8.41,25,1,211.4,1
88431,2291,60.65,41,1,983.3,1
88457,2292,26.37,26,0,504.5,1
88487,2293,44.23,30,0,768.1,1
88527,2294,58.61,40,0,983.2,1
88552,2295,17.40,25,0,370.8,1
88585,2296,34.20,33,1,590.1,1
88609,2297,25.08,24,0,485.7,1
88641,2298,31.20,32,1,546.3,1
88669,2299,34.44,28,0,623.1,1
88702,2300,45.85,33,0,792.7,1
88725,2301,28.92,23,0,542.5,1
88758,2302,50.58,33,1,835.4,1
88781,2303,26.28,23,1,485.4,1
88806,2304,27.46,25,0,523.2,1
88837,2305,30.44,31,0,567.0,1
88864,2306,43.96,27,0,764.2,1
88889,2307,26.53,25,0,508.8,1
88937,2308,69.01,48,1,1104.5,1
88963,2309,33.75,26,0,613.5,1
88996,2310,48.54,33,0,832.5,1
89040,2311,56.10,44,2,887.4,1
89070,2312,41.65,30,0,731.2,1
89097,2313,30.96,27,0,572.7,1
89127,2314,28.71,30,0,537.8,1
89151,2315,28.30,24,0,535.7,1
89181,2316,31.29,30,0,578.7,1
89216,2317,61.92,35,0,1030.4,1
89247,2318,22.50,31,0,447.8,1
89287,2319,53.91,40,1,882.8,1
89320,2320,32.72,33,0,600.7,1
89347,2321,43.58,27,0,759.1,1
89377,2322,29.86,30,0,558.4,1
89402,2323,22.71,25,1,422.6,1
89459,2324,61.17,57,2,960.7,1
89490,2325,40.06,31,1,679.9,1
89528,2326,47.87,38,0,822.8,1
89558,2327,42.93,30,0,748.9,1
89588,2328,37.23,30,0,663.7,1
89615,2329,28.89,27,0,542.0,1
89642,2330,30.88,27,1,541.6,1
89676,2331,28.17,34,1,502.7,1
89706,2332,39.80,30,0,702.3,1
89753,2333,39.83,47,1,677.9,1
89791,2334,43.53,38,1,728.8,1
89817,2335,27.28,26,2,460.3,1
89844,2336,29.30,27,0,548.0,1
89892,2337,61.63,48,1,998.7,1
89923,2338,41.71,31,1,702.8,1
89953,2339,33.05,30,0,603.5,1
89979,2340,27.85,26,0,529.3,1
90003,2341,27.03,24,0,515.4,1
90030,2342,32.36,27,0,593.5,1
90055,2343,27.52,25,0,524.5,1
90081,2344,30.40,26,0,566.4,1
90108,2345,27.11,27,1,486.8,1
90148,2346,62.54,40,1,1012.1,1
90179,2347,32.08,31,1,562.2,1
90207,2348,26.02,28,1,470.7,1
90232,2349,32.09,25,0,590.6,1
90265,2350,52.20,33,1,860.3,1
90289,2351,18.83,24,0,394.5,1
90332,2352,60.12,43,0,1006.2,1
90384,2353,59.65,52,1,966.5,1
90408,2354,25.02,24,0,487.8,1
90435,2355,31.18,27,1,546.1,1
90459,2356,22.73,24,0,451.6,1
90489,2357,42.20,30,0,738.1,1
90519,2358,18.62,30,0,391.5,1
90554,2359,48.37,35,0,831.2,1
90581,2360,29.29,27,0,548.6,1
90612,2361,30.02,31,0,560.1,1
90639,2362,29.61,27,0,554.2,1
90666,2363,38.35,27,0,680.3,1
90704,2364,63.94,38,2,1000.6,1
90728,2365,21.55,24,1,404.0,1
90758,2366,31.63,30,1,553.2,1
90785,2367,27.55,27,1,494.5,1
90823,2368,56.75,38,1,923.3,1
90855,2369,26.16,32,0,502.9,1
90882,2370,33.39,27,0,610.4,1
90910,2371,33.28,28,1,580.3,1
90944,2372,30.92,34,1,542.4,1
90971,2373,26.27,27,0,502.7,1
91008,2374,40.66,37,1,686.1,1
91038,2375,45.25,30,0,783.7,1
91068,2376,26.75,30,0,511.9,1
91094,2377,28.76,26,0,541.8,1
91130,2378,45.96,36,0,796.0,1
91157,2379,24.33,27,1,446.3,1
91182,2380,25.05,25,0,484.4,1
91209,2381,32.46,27,0,595.3,1
91240,2382,37.29,31,0,667.7,1
91288,2383,48.62,48,2,775.6,1
91314,2384,26.80,26,0,512.9,1
91344,2385,22.32,30,0,446.4,1
91369,2386,30.79,25,0,570.6,1
91392,2387,24.38,23,0,475.3,1
91419,2388,31.60,27,0,582.7,1
91449,2389,30.88,30,0,572.2,1
91472,2390,33.83,23,0,615.0,1
91508,2391,44.07,36,0,768.2,1
91541,2392,38.90,33,1,661.3,1
91574,2393,25.29,33,1,461.9,1
91607,2394,46.18,33,1,766.6,1
91634,2395,28.89,27,0,541.4,1
91669,2396,51.60,35,2,820.0,1
91698,2397,31.46,29,1,550.1,1
91722,2398,25.92,24,1,469.2,1
91743,2399,25.37,21,0,490.9,1
91776,2400,50.06,33,1,827.9,1
91819,2401,49.61,43,1,819.6,1
91847,2402,28.11,28,0,531.1,1
91888,2403,36.89,41,0,663.5,1
91915,2404,41.27,27,0,725.0,1
91945,2405,33.06,30,0,604.2,1
91974,2406,41.92,29,0,736.4,1
92034,2407,66.28,60,2,1039.4,1
92069,2408,36.90,35,1,630.5,1
92102,2409,22.42,33,0,445.8,1
92125,2410,23.96,23,0,469.2,1
92152,2411,37.18,27,0,663.9,1
92187,2412,35.70,35,0,642.3,1
92211,2413,26.77,24,1,482.5,1
92243,2414,44.82,32,0,777.5,1
92277,2415,30.59,34,0,567.1,1
92307,2416,24.25,30,1,445.4,1
92331,2417,5.93,24,0,203.3,1
92354,2418,31.26,23,1,548.1,1
92384,2419,40.57,30,0,714.0,1
92412,2420,33.14,28,0,605.1,1
92439,2421,26.79,27,0,510.4,1
92475,2422,39.11,36,0,692.2,1
92505,2423,35.05,30,0,633.6,1
92531,2424,26.61,26,0,508.9,1
92569,2425,41.90,38,0,734.3,1
92607,2426,58.55,38,2,922.1,1
92634,2427,38.92,27,0,689.7,1
92665,2428,25.96,31,1,470.7,1
92699,2429,30.37,34,1,534.4,1
92725,2430,37.75,26,0,673.2,1
92753,2431,29.89,28,0,556.9,1
92780,2432,43.28,27,0,754.1,1
92806,2433,27.63,26,0,523.1,1
92840,2434,29.01,34,2,487.3,1
92876,2435,25.66,36,1,469.1,1
92908,2436,48.34,32,1,800.0,1
92942,2437,22.31,34,0,447.4,1
92969,2438,36.61,27,0,656.6,1
93001,2439,51.69,32,0,879.8,1
93034,2440,52.32,33,0,886.8,1
93069,2441,34.62,35,0,625.8,1
93123,2442,61.89,54,1,1001.9,1
93146,2443,28.24,23,0,532.4,1
93169,2444,22.98,23,0,455.3,1
93198,2445,32.98,29,0,601.0,1
93234,2446,37.05,36,1,633.4,1
93265,2447,29.90,31,1,527.1,1
93288,2448,32.57,23,0,595.0,1
93315,2449,37.71,27,0,671.8,1
93345,2450,36.46,30,0,653.3,1
93368,2451,31.32,23,1,548.4,1
93401,2452,26.64,33,1,487.9,1
93429,2453,30.10,28,0,561.1,1
93457,2454,35.21,28,0,633.9,1
93490,2455,41.95,33,0,737.2,1
93525,2456,26.75,35,1,483.6,1
93555,2457,31.73,30,1,555.0,1
93584,2458,38.98,29,0,690.3,1
93627,2459,49.43,43,1,816.0,1
93653,2460,33.88,26,0,615.8,1
93691,2461,55.87,38,1,910.5,1
93722,2462,44.99,31,0,781.5,1
93765,2463,51.17,43,2,812.0,1
93796,2464,32.66,31,0,596.8,1
93821,2465,32.13,25,0,592.3,1
93847,2466,28.81,26,1,511.3,1
93894,2467,63.51,47,1,1025.9,1
93921,2468,38.52,27,0,684.9,1
93955,2469,42.56,34,0,745.7,1
93979,2470,22.66,24,0,453.3,1
94010,2471,28.17,31,0,532.0,1
94040,2472,31.49,30,0,581.7,1
94069,2473,34.92,29,0,629.6,1
94096,2474,29.88,27,0,556.0,1
94125,2475,43.27,29,0,754.9,1
94154,2476,36.27,29,1,621.6,1
94179,2477,20.72,25,1,392.3,1
94199,2478,6.63,20,0,213.4,1
94235,2479,36.80,36,1,630.3,1
94262,2480,29.28,27,0,548.4,1
94298,2481,60.12,36,0,1002.6,1
94338,2482,54.56,40,2,862.0,1
94367,2483,33.43,29,0,607.7,1
94390,2484,29.70,23,1,524.4,1
94418,2485,32.63,28,0,595.8,1
94443,2486,26.03,25,0,499.8,1
94480,2487,50.82,37,1,836.3,1
94510,2488,36.05,30,0,648.6,1
94534,2489,34.90,24,0,630.9,1
94574,2490,51.83,40,1,851.5,1
94620,2491,60.65,46,2,954.0,1
94655,2492,60.84,35,1,984.3,1
94679,2493,27.73,24,1,496.2,1
94709,2494,41.81,30,0,732.9,1
94744,2495,33.75,35,1,584.3,1
94771,2496,41.85,27,0,734.1,1
94804,2497,26.33,33,0,505.0,1
94840,2498,36.65,36,0,656.7,1
94868,2499,31.13,28,0,579.0,1
94897,2500,46.87,29,0,808.7,1
94927,2501,29.59,30,0,555.1,1
94950,2502,30.01,23,0,559.2,1
94980,2503,45.88,30,0,793.1,1
95010,2504,29.65,30,0,556.5,1
95029,2505,15.72,19,1,318.7,1
95068,2506,64.80,39,0,1075.3,1
95095,2507,29.57,27,0,551.4,1
95125,2508,39.18,30,0,693.8,1
95147,2509,9.33,22,0,252.6,1
95191,2510,53.85,44,1,885.8,1
95216,2511,24.16,25,0,474.1,1
95258,2512,50.88,42,1,838.3,1
95285,2513,31.51,27,0,580.2,1
95316,2514,36.81,31,0,660.8,1
95349,2515,30.17,33,1,532.3,1
95389,2516,49.89,40,1,823.0,1
95420,2517,31.02,31,0,575.5,1
95447,2518,39.63,27,0,700.2,1
95507,2519,64.07,60,3,976.5,1
95534,2520,24.37,27,0,477.1,1
95564,2521,40.88,30,0,720.9,1
95599,2522,52.88,35,1,868.5,1
95634,2523,24.50,35,1,447.3,1
95661,2524,34.05,27,0,618.8,1
95706,2525,62.26,45,2,978.1,1
95733,2526,39.05,27,0,692.2,1
95761,2527,28.49,28,0,538.5,1
95788,2528,27.82,27,0,525.6,1
95824,2529,31.83,36,1,556.8,1
95862,2530,38.39,38,0,681.9,1
95906,2531,59.05,44,1,959.9,1
95933,2532,44.66,27,0,774.5,1
95961,2533,38.86,28,0,690.5,1
95993,2534,41.17,32,2,664.4,1
96014,2535,12.41,21,0,297.5,1
96043,2536,24.17,29,0,472.2,1
96080,2537,19.77,37,1,383.0,1
96113,2538,52.30,33,1,858.1,1
96140,2539,32.23,27,0,590.7,1
96198,2540,156.59,58,2,1282.2,0
96221,2541,13.67,23,0,317.4,1
96254,2542,24.94,33,0,482.8,1
96284,2543,31.53,30,0,579.5,1
96314,2544,33.28,30,0,606.0,1
96335,2545,23.08,21,0,458.3,1
96369,2546,21.18,34,0,428.3,1
96421,2547,63.59,52,1,1025.6,1
96451,2548,33.75,30,0,614.4,1
96484,2549,27.60,33,1,495.4,1
96520,2550,39.07,36,0,692.8,1
96538,2551,6.91,18,1,187.4,1
96577,2552,51.68,39,2,820.8,1
96607,2553,42.97,30,0,750.1,1
96633,2554,36.79,26,0,658.7,1
96683,2555,154.60,50,1,1276.1,0
96704,2556,23.61,21,0,465.5,1
96745,2557,45.95,41,1,764.9,1
96778,2558,32.17,33,0,592.3,1
96815,2559,53.15,37,0,901.5,1
96847,2560,22.28,32,0,445.8,1
96874,2561,36.78,27,0,658.0,1
96908,2562,44.91,34,0,777.3,1
96929,2563,22.86,21,0,452.7,1
96959,2564,27.62,30,1,492.8,1
96993,2565,34.12,34,2,561.9,1
97019,2566,31.85,26,0,584.3,1
97046,2567,42.56,27,1,714.5,1
97076,2568,30.73,30,0,570.7,1
97110,2569,33.22,34,0,607.5,1
97137,2570,34.49,27,0,624.2,1
97161,2571,25.58,24,0,495.2,1
97189,2572,35.12,28,0,632.6,1
97228,2573,53.54,39,1,876.7,1
97270,2574,46.96,42,1,782.7,1
97297,2575,24.46,27,0,476.8,1
97339,2576,58.15,42,1,945.7,1
97367,2577,26.27,28,1,475.5,1
97398,2578,44.94,31,0,780.1,1
97422,2579,25.31,24,1,458.7,1
97458,2580,39.70,36,0,702.6,1
97490,2581,28.90,32,0,540.7,1
97527,2582,41.44,37,1,696.5,1
97554,2583,33.84,27,0,614.6,1
97589,2584,35.09,35,0,633.0,1
97620,2585,31.74,31,0,584.1,1
97650,2586,29.46,30,0,551.0,1
97677,2587,43.64,27,1,730.4,1
97707,2588,30.30,30,0,563.7,1
97738,2589,31.38,31,0,577.3,1
97767,2590,41.03,29,0,722.3,1
97796,2591,37.52,29,0,668.7,1
97849,2592,154.17,53,1,1276.9,0
97879,2593,48.59,30,0,832.6,1
97911,2594,51.67,32,0,877.2,1
97957,2595,55.71,46,2,878.7,1
97984,2596,36.75,27,0,658.2,1
98011,2597,29.94,27,1,528.0,1
98040,2598,37.39,29,0,667.4,1
98071,2599,41.07,31,0,723.7,1
98105,2600,29.47,34,0,550.5,1
98157,2601,154.30,52,1,1280.3,0
98190,2602,40.55,33,0,713.5,1
98217,2603,37.73,27,0,674.8,1
98244,2604,45.13,27,0,781.5,1
98274,2605,26.30,30,1,474.5,1
98301,2606,25.36,27,0,490.2,1
98337,2607,36.40,36,0,653.3,1
98367,2608,31.73,30,1,553.9,1
98400,2609,25.52,33,1,464.3,1
98440,2610,47.73,40,0,822.0,1
98476,2611,36.84,36,0,658.7,1
98509,2612,42.09,33,1,708.8,1
98556,2613,60.77,47,0,1015.8,1
98592,2614,36.33,36,1,623.6,1
98619,2615,37.10,27,0,662.7,1
98645,2616,31.62,26,0,581.8,1
98670,2617,35.37,25,0,638.4,1
98716,2618,54.19,46,1,887.5,1
98743,2619,38.14,27,0,678.7,1
98777,2620,41.15,34,1,694.8,1
98816,2621,38.47,39,1,654.3,1
98843,2622,31.51,27,0,580.8,1
98879,2623,44.71,36,0,777.0,1
98906,2624,43.96,27,0,764.2,1
98943,2625,29.46,37,0,551.4,1
98971,2626,30.81,28,0,570.7,1
98983,2627,4.59,12,0,181.4,1
98998,2628,4.17,15,0,175.9,1
99025,2629,38.09,27,0,677.3,1
99053,2630,29.32,28,1,519.7,1
99092,2631,60.79,39,1,986.9,1
99118,2632,36.12,26,0,650.4,1
99140,2633,29.55,22,0,552.4,1
99167,2634,27.01,27,0,513.7,1
99197,2635,30.75,30,0,570.7,1
99226,2636,39.40,29,0,695.9,1
99262,2637,27.95,36,0,528.2,1
99293,2638,27.64,31,0,525.9,1
99321,2639,24.14,28,0,471.0,1
99348,2640,37.63,27,0,670.7,1
99377,2641,30.15,29,0,562.4,1
99414,2642,62.11,37,2,973.0,1
99436,2643,20.66,22,0,420.4,1
99484,2644,78.35,48,1,1243.7,1
99513,2645,43.34,29,1,724.5,1
99540,2646,24.77,27,0,481.1,1
99565,2647,28.80,25,0,539.9,1
99607,2648,48.38,42,1,799.6,1
99637,2649,31.51,30,0,580.2,1
99664,2650,32.23,27,0,591.4,1
99699,2651,45.57,35,1,760.7,1
99717,2652,11.18,18,0,280.0,1
99752,2653,32.52,35,0,597.1,1
99780,2654,31.38,28,0,579.1,1
99803,2655,27.61,23,0,524.0,1
99833,2656,32.51,30,0,595.0,1
99861,2657,27.19,28,0,516.0,1
99891,2658,44.05,30,0,766.1,1
99919,2659,29.23,28,0,545.5,1
99952,2660,37.65,33,0,673.6,1
99985,2661,31.22,33,0,575.5,1
100015,2662,24.54,30,1,450.9,1
100040,2663,25.14,25,0,486.6,1
100061,2664,16.39,21,0,357.7,1
100110,2665,63.72,49,2,997.3,1
100146,2666,35.80,36,0,645.7,1
100178,2667,29.70,32,0,556.4,1
100224,2668,63.31,46,2,992.5,1
100257,2669,29.74,33,2,497.5,1
100284,2670,43.92,27,0,764.2,1
100311,2671,30.62,27,1,538.1,1
100339,2672,37.31,28,0,666.8,1
100373,2673,44.81,34,1,747.7,1
100403,2674,41.97,30,0,734.8,1
100442,2675,51.34,39,1,847.2,1
100465,2676,25.63,23,0,495.0,1
100508,2677,63.22,43,1,1019.5,1
100526,2678,9.22,18,0,251.3,1
100555,2679,29.93,29,0,557.7,1
100583,2680,45.20,28,1,755.5,1
100606,2681,24.30,23,0,476.8,1
100636,2682,38.88,30,0,689.7,1
100666,2683,31.85,30,1,556.2,1
100699,2684,31.24,33,2,520.9,1
100758,2685,68.36,59,2,1066.8,1
100777,2686,10.06,19,0,263.8,1
100817,2687,62.25,40,1,1004.0,1
100870,2688,54.30,53,1,888.0,1
100895,2689,24.47,25,0,477.3,1
100931,2690,33.15,36,0,605.0,1
100958,2691,32.23,27,0,590.9,1
100988,2692,33.90,30,0,616.1,1
101010,2693,24.93,22,0,482.0,1
101046,2694,28.29,36,1,503.0,1
101095,2695,51.72,49,2,820.6,1
101123,2696,31.84,28,0,584.7,1
101151,2697,31.96,28,1,559.0,1
101181,2698,38.32,30,0,680.7,1
101208,2699,46.90,27,0,808.2,1
101237,2700,30.20,29,0,561.4,1
101272,2701,36.77,35,1,632.2,1
101309,2702,43.86,37,1,732.2,1
101337,2703,37.36,28,0,666.3,1
101365,2704,30.14,28,1,530.1,1
101392,2705,37.77,27,0,673.9,1
101415,2706,34.53,23,0,625.4,1
101454,2707,56.08,39,1,915.8,1
101483,2708,33.20,29,0,604.9,1
101521,2709,24.88,38,0,485.2,1
101560,2710,41.33,39,1,698.1,1
101586,2711,31.51,26,0,581.0,1
101614,2712,30.85,28,0,569.5,1
101647,2713,29.65,33,1,526.4,1
101676,2714,26.13,29,1,472.9,1
101708,2715,33.63,32,0,610.6,1
101746,2716,45.10,38,0,783.3,1
101779,2717,23.12,33,0,461.7,1
101806,2718,43.26,27,0,753.7,1
101836,2719,46.21,30,0,800.6,1
101863,2720,35.84,27,0,644.1,1
101896,2721,43.71,33,0,764.0,1
101954,2722,68.81,58,2,1074.3,1
102009,2723,57.03,55,2,900.5,1
102038,2724,36.74,29,2,599.2,1
102068,2725,42.82,30,0,748.5,1
102095,2726,28.34,27,0,534.8,1
102150,2727,61.33,55,2,964.1,1
102175,2728,23.08,25,0,455.2,1
102202,2729,45.40,27,0,785.4,1
102254,2730,58.20,52,2,921.1,1
102278,2731,9.72,24,0,259.6,1
102305,2732,38.11,27,0,678.2,1
102332,2733,11.35,27,0,286.6,1
102366,2734,27.26,34,0,520.5,1
102393,2735,32.88,27,0,600.4,1
102416,2736,31.38,23,0,578.8,1
102446,2737,25.25,30,0,488.5,1
102477,2738,33.12,31,0,604.0,1
102516,2739,55.73,39,1,908.2,1
102563,2740,59.26,47,3,900.5,1
102577,2741,2.61,14,1,125.0,1
102607,2742,33.49,30,0,610.6,1
102634,2743,43.37,27,0,755.4,1
102663,2744,44.75,29,1,745.4,1
102694,2745,44.26,31,1,738.2,1
102731,2746,31.02,37,1,544.5,1
102770,2747,45.53,39,0,787.1,1
102803,2748,37.11,33,0,662.0,1
102838,2749,51.86,35,1,854.6,1
102867,2750,33.93,29,0,616.8,1
102892,2751,28.66,25,0,541.4,1
102922,2752,38.32,30,0,684.0,1
102951,2753,34.08,29,1,590.0,1
102986,2754,30.27,35,1,534.9,1
103015,2755,33.09,29,0,603.3,1
103042,2756,38.68,27,0,686.1,1
103066,2757,22.44,24,0,447.3,1
103100,2758,34.76,34,0,630.9,1
103130,2759,43.08,30,0,754.9,1
103160,2760,33.98,30,0,621.1,1
103219,2761,67.34,59,2,1053.3,1
103247,2762,29.19,28,0,545.0,1
103281,2763,36.86,34,0,660.4,1
103311,2764,33.43,30,1,580.1,1
103339,2765,42.76,28,0,748.5,1
103379,2766,56.61,40,0,951.7,1
103413,2767,38.54,34,1,654.8,1
103439,2768,31.54,26,0,580.4,1
103467,2769,33.05,28,1,576.0,1
103496,2770,31.08,29,1,546.2,1
103539,2771,53.03,43,1,870.3,1
103566,2772,41.84,27,0,732.8,1
103599,2773,43.62,33,1,730.4,1
103640,2774,54.56,41,1,893.1,1
103668,2775,34.65,28,1,599.1,1
103696,2776,37.16,28,1,633.8,1
103725,2777,35.14,29,1,604.5,1
103752,2778,31.15,27,0,573.9,1
103763,2779,2.39,11,0,148.9,1
103786,2780,22.26,23,0,444.0,1
103805,2781,7.81,19,0,231.4,1
103833,2782,36.54,28,0,656.0,1
103859,2783,21.28,26,0,429.6,1
103894,2784,59.39,35,0,993.1,1
103925,2785,33.43,31,0,608.6,1
103954,2786,40.05,29,0,706.1,1
103981,2787,33.93,27,0,616.5,1
104008,2788,36.98,27,0,661.6,1
104032,2789,20.89,24,0,422.3,1
104084,2790,58.87,52,2,929.1,1
104115,2791,32.06,31,0,591.5,1
104139,2792,23.08,24,1,426.8,1
104206,2793,61.42,67,2,966.6,1
104242,2794,34.48,36,1,595.9,1
104272,2795,27.90,30,0,527.4,1
104302,2796,34.67,30,0,626.9,1
104331,2797,40.71,29,0,717.0,1
104358,2798,37.61,27,0,670.3,1
104404,2799,67.76,46,0,1115.8,1
104431,2800,41.71,27,0,730.9,1
104466,2801,38.82,35,1,657.7,1
104496,2802,35.45,30,0,640.1,1
104531,2803,26.60,35,1,478.9,1
104567,2804,57.72,36,1,938.6,1
104597,2805,31.94,30,0,587.4,1
104622,2806,25.83,25,0,497.8,1
104673,2807,50.77,51,1,840.2,1
104709,2808,40.15,36,0,710.2,1
104739,2809,46.46,30,0,801.1,1
104762,2810,24.11,23,0,472.0,1
104804,2811,58.25,42,3,887.3,1
104834,2812,31.26,30,0,577.0,1
104866,2813,29.39,32,1,521.3,1
104896,2814,36.18,30,0,650.4,1
104946,2815,69.04,50,0,1135.6,1
104969,2816,26.21,23,0,505.2,1
105003,2817,30.96,34,0,573.5,1
105030,2818,37.08,27,0,663.1,1
105057,2819,31.28,27,0,578.0,1
105089,2820,42.88,32,0,749.9,1
105119,2821,27.29,30,0,517.8,1
105151,2822,46.02,32,1,765.6,1
105185,2823,34.56,34,1,596.6,1
105218,2824,45.15,33,0,783.6,1
105243,2825,29.36,25,0,549.6,1
105273,2826,32.08,30,0,590.4,1
105304,2827,43.74,31,1,730.5,1
105340,2828,49.02,36,1,810.5,1
105370,2829,42.61,30,0,744.8,1
105403,2830,40.17,33,0,708.1,1
105433,2831,28.84,30,0,542.4,1
105460,2832,34.19,27,0,620.3,1
105492,2833,36.12,32,0,650.6,1
105528,2834,24.76,36,1,454.2,1
105558,2835,38.62,30,0,685.2,1
105585,2836,33.11,27,0,604.7,1
105612,2837,46.23,27,0,797.8,1
105651,2838,54.22,39,1,887.4,1
105685,2839,30.98,34,0,573.5,1
105708,2840,29.00,23,0,543.7,1
105741,2841,38.41,33,0,681.9,1
105766,2842,39.18,25,0,693.2,1
105800,2843,48.17,34,1,796.8,1
105830,2844,27.85,30,0,526.7,1
105855,2845,32.14,25,0,591.2,1
105900,2846,56.12,45,1,915.8,1
105923,2847,26.74,23,0,511.1,1
105950,2848,46.61,27,0,803.3,1
105986,2849,43.53,36,2,702.1,1
106017,2850,37.80,31,0,673.3,1
106043,2851,41.44,26,0,726.7,1
106072,2852,38.06,29,0,677.8,1
106117,2853,154.32,45,1,1280.1,0
106143,2854,26.85,26,0,512.5,1
106170,2855,33.19,27,0,605.9,1
106199,2856,31.53,29,0,581.3,1
106223,2857,24.24,24,0,473.2,1
106257,2858,25.59,34,1,466.1,1
106290,2859,39.13,33,0,695.2,1
106319,2860,38.71,29,0,685.7,1
106352,2861,31.98,33,1,557.6,1
106395,2862,58.38,43,1,947.4,1
106425,2863,38.53,30,1,655.6,1
106450,2864,29.70,25,0,553.4,1
106477,2865,31.26,27,0,576.4,1
106508,2866,29.00,31,0,544.6,1
106550,2867,58.55,42,0,978.9,1
106583,2868,24.90,33,0,483.0,1
106627,2869,61.46,44,2,963.8,1
106654,2870,25.19,27,0,487.9,1
106681,2871,38.02,27,0,676.4,1
106714,2872,24.96,33,1,456.4,1
106738,2873,22.76,24,1,421.1,1
106770,2874,43.51,32,1,728.5,1
106804,2875,29.33,34,0,547.1,1
106836,2876,42.77,32,0,747.2,1
106872,2877,30.50,36,1,539.0,1
106902,2878,27.84,30,0,526.6,1
106931,2879,36.84,29,0,658.6,1
106990,2880,54.22,59,2,858.7,1
107016,2881,30.04,26,0,558.4,1
107043,2882,39.14,27,0,693.5,1
107068,2883,25.27,25,0,494.3,1
107124,2884,154.72,56,1,1282.4,0
107149,2885,37.61,25,1,641.9,1
107182,2886,29.73,33,1,526.9,1
107208,2887,38.17,26,0,678.9,1
107233,2888,27.66,25,0,523.8,1
107254,2889,16.78,21,0,365.1,1
107294,2890,42.73,40,0,747.4,1
107326,2891,25.79,32,0,498.5,1
107353,2892,32.06,27,0,588.8,1
107380,2893,43.01,27,0,750.7,1
107408,2894,35.86,28,0,644.2,1
107438,2895,47.26,30,1,783.3,1
107491,2896,51.32,53,1,844.9,1
107518,2897,39.08,27,0,692.6,1
107545,2898,37.18,27,0,665.1,1
107575,2899,36.46,30,0,654.5,1
107602,2900,43.37,27,0,756.6,1
107637,2901,48.68,35,0,834.8,1
107664,2902,38.23,27,0,679.4,1
107691,2903,33.64,27,0,611.6,1
107730,2904,37.63,39,1,641.9,1
107758,2905,38.87,28,0,691.2,1
107781,2906,25.74,23,0,496.3,1
107810,2907,37.54,29,0,668.4,1
107838,2908,26.99,28,0,512.4,1
107871,2909,38.03,33,1,647.5,1
107900,2910,26.18,29,0,502.6,1
107924,2911,23.35,24,0,460.7,1
107952,2912,35.27,28,0,638.1,1
107973,2913,26.61,21,0,506.9,1
108005,2914,27.03,32,0,516.9,1
108040,2915,27.20,35,1,487.8,1
108071,2916,50.17,31,1,826.0,1
108114,2917,154.09,43,1,1277.2,0
108140,2918,23.79,26,0,468.1,1
108168,2919,33.97,28,1,588.5,1
108217,2920,66.97,49,2,1046.2,1
108247,2921,40.63,30,0,714.9,1
108274,2922,36.93,27,0,659.4,1
108301,2923,43.96,27,0,764.2,1
108336,2924,54.34,35,0,919.1,1
108360,2925,17.62,24,1,345.6,1
108390,2926,39.33,30,0,696.3,1
108416,2927,28.39,26,0,533.8,1
108475,2928,68.30,59,2,1066.1,1
108512,2929,40.96,37,0,721.0,1
108549,2930,63.84,37,0,1058.9,1
108580,2931,33.04,31,0,604.8,1
108607,2932,39.53,27,0,698.6,1
108635,2933,17.00,28,0,368.0,1
108671,2934,29.54,36,2,495.8,1
108698,2935,37.65,27,0,671.5,1
108725,2936,31.64,27,0,582.6,1
108760,2937,35.59,35,1,611.5,1
108787,2938,34.72,27,0,627.6,1
108816,2939,26.80,29,0,511.2,1
108843,2940,31.63,27,0,583.1,1
108870,2941,31.70,27,0,583.6,1
108898,2942,34.04,28,0,616.7,1
108923,2943,26.51,25,0,507.4,1
108953,2944,37.10,30,0,662.7,1
108983,2945,31.14,30,1,545.6,1
109008,2946,21.46,25,0,431.9,1
109049,2947,67.03,41,1,1077.6,1
109076,2948,24.30,27,0,475.4,1
109101,2949,22.68,25,0,450.8,1
109126,2950,31.51,25,0,580.8,1
109154,2951,38.26,28,0,679.0,1
109177,2952,16.52,23,0,359.8,1
109207,2953,29.61,30,0,553.5,1
109234,2954,38.07,27,0,677.2,1
109264,2955,46.09,30,0,795.7,1
109294,2956,42.48,30,0,742.9,1
109321,2957,37.42,27,0,667.4,1
109368,2958,56.36,47,1,921.6,1
109395,2959,39.34,27,0,696.4,1
109426,2960,30.00,31,1,531.6,1
109452,2961,28.32,26,1,503.7,1
109499,2962,154.72,47,1,1282.1,0
109532,2963,33.78,33,0,613.4,1
109576,2964,66.98,44,1,1076.2,1
109604,2965,27.48,28,0,522.1,1
109634,2966,27.59,30,0,522.8,1
109674,2967,65.99,40,0,1089.4,1
109701,2968,41.66,27,0,730.8,1
109740,2969,59.03,39,1,958.2,1
109771,2970,33.56,31,1,581.1,1
109810,2971,53.56,39,1,878.3,1
109842,2972,41.17,32,0,724.7,1
109879,2973,52.66,37,1,864.6,1
109903,2974,31.33,24,0,578.1,1
109946,2975,59.56,43,1,964.9,1
109973,2976,36.11,27,0,649.0,1
110017,2977,55.54,44,0,935.3,1
110052,2978,13.17,35,0,313.5,1
110084,2979,35.97,32,1,615.7,1
110116,2980,25.78,32,0,499.3,1
110146,2981,30.23,30,0,561.3,1
110191,2982,70.30,45,1,1122.9,1
110222,2983,38.95,31,1,659.6,1
110254,2984,36.42,32,0,655.4,1
110278,2985,29.87,24,0,556.5,1
110310,2986,25.66,32,0,493.4,1
110337,2987,32.31,27,0,593.1,1
110364,2988,41.06,27,0,721.2,1
110396,2989,41.89,32,0,733.2,1
110431,2990,34.94,35,0,632.5,1
110461,2991,35.93,30,2,588.8,1
110516,2992,154.29,55,1,1279.6,0
110572,2993,77.04,56,0,1255.7,1
110602,2994,31.34,30,0,577.3,1
110623,2995,19.51,21,1,373.8,1
110665,2996,50.58,42,1,835.7,1
110695,2997,35.98,30,0,646.2,1
110728,2998,56.36,33,0,947.0,1
110755,2999,40.97,27,0,720.6,1
110777,3000,29.55,22,0,552.4,1
110812,3001,34.88,35,1,602.5,1
110850,3002,59.57,38,0,995.8,1
110879,3003,36.41,29,0,652.9,1
110902,3004,26.97,23,0,513.6,1
110954,3005,156.40,52,2,1279.5,0
110987,3006,32.63,33,2,542.0,1
111013,3007,37.60,26,0,673.2,1
111040,3008,44.91,27,0,778.2,1
111077,3009,34.41,37,0,622.9,1
111111,3010,31.80,34,2,527.1,1
111144,3011,32.59,33,1,569.2,1
111175,3012,30.59,31,1,539.0,1
111204,3013,26.51,29,0,508.6,1
111236,3014,38.14,32,1,649.5,1
111260,3015,34.35,24,0,624.3,1
111293,3016,30.34,33,0,565.5,1
111333,3017,62.06,40,2,973.1,1
111360,3018,29.67,27,0,553.6,1
111384,3019,30.38,24,0,565.9,1
111408,3020,30.43,24,0,564.5,1
111431,3021,28.42,23,0,535.6,1
111467,3022,53.74,36,0,907.7,1
111497,3023,41.23,30,0,724.4,1
111529,3024,37.15,32,1,633.0,1
111556,3025,38.95,27,0,690.1,1
111599,3026,62.23,43,1,1007.8,1
111629,3027,34.01,30,0,616.2,1
111656,3028,29.99,27,0,558.3,1
111690,3029,40.68,34,0,717.1,1
111720,3030,29.71,30,0,552.7,1
111733,3031,6.67,13,0,212.8,1
111776,3032,61.17,43,2,961.7,1
111806,3033,35.36,30,0,637.0,1
111851,3034,62.39,45,1,1008.5,1
111884,3035,41.47,33,0,729.3,1
111911,3036,27.44,27,0,521.5,1
111938,3037,32.72,27,0,598.0,1
111961,3038,23.32,23,0,460.5,1
111981,3039,14.45,20,0,329.5,1
112025,3040,154.19,44,1,1276.9,0
112081,3041,43.33,56,1,727.9,1
112104,3042,25.36,23,0,490.4,1
112145,3043,43.09,41,0,752.7,1
112170,3044,30.88,25,0,571.5,1
112215,3045,39.11,45,0,691.5,1
112242,3046,41.19,27,0,723.2,1
112270,3047,41.43,28,0,725.8,1
112297,3048,31.99,27,0,587.9,1
112329,3049,29.66,32,0,554.9,1
112356,3050,28.50,27,0,536.3,1
112393,3051,41.04,37,1,692.8,1
112438,3052,57.84,45,0,968.4,1
112496,3053,158.10,58,3,1278.9,0
112530,3054,39.88,34,0,703.8,1
112560,3055,26.32,30,0,503.1,1
112588,3056,34.21,28,1,590.2,1
112615,3057,42.47,27,0,743.0,1
112642,3058,39.51,27,0,699.0,1
112670,3059,39.09,28,0,693.6,1
112705,3060,39.84,35,1,674.5,1
112735,3061,32.52,30,1,565.8,1
112765,3062,38.11,30,0,678.3,1
112796,3063,36.56,31,0,654.8,1
112825,3064,27.50,29,0,522.4,1
112859,3065,41.54,34,0,731.9,1
112884,3066,27.81,25,0,526.6,1
112911,3067,36.18,27,0,649.1,1
112935,3068,28.88,24,1,513.9,1
112968,3069,27.17,33,1,489.1,1
112995,3070,45.11,27,0,781.1,1
113047,3071,62.85,52,1,1014.6,1
113077,3072,40.68,30,0,715.7,1
113108,3073,34.34,31,0,622.0,1
113135,3074,43.99,27,0,765.2,1
113167,3075,30.79,32,0,571.5,1
113213,3076,56.76,46,1,937.5,1
113243,3077,45.85,30,0,792.1,1
113280,3078,50.50,37,1,832.1,1
113317,3079,57.33,37,1,932.7,1
113339,3080,30.81,22,0,570.4,1
113365,3081,23.79,26,0,468.5,1
113414,3082,71.19,49,2,1108.9,1
113441,3083,32.22,27,0,591.3,1
113477,3084,40.98,36,1,690.8,1
113501,3085,28.37,24,0,533.5,1
113522,3086,28.95,21,0,545.6,1
113555,3087,23.56,33,0,465.9,1
113584,3088,36.74,29,0,659.0,1
113617,3089,31.56,33,1,554.0,1
113644,3090,33.91,27,0,615.7,1
113674,3091,36.21,30,0,649.6,1
113705,3092,25.25,31,0,489.7,1
113735,3093,36.05,30,0,648.7,1
113766,3094,43.29,31,0,753.9,1
113798,3095,44.39,32,1,740.0,1
113830,3096,39.72,32,0,702.6,1
113857,3097,32.12,27,0,590.3,1
113887,3098,34.12,30,0,618.8,1
113923,3099,41.57,36,0,730.6,1
113960,3100,38.33,37,1,652.0,1
113997,3101,55.09,37,2,871.9,1
114020,3102,29.89,23,0,556.7,1
114047,3103,34.49,27,0,624.2,1
114083,3104,46.79,36,0,807.4,1
114113,3105,34.85,30,0,629.3,1
114140,3106,31.38,27,0,578.2,1
114152,3107,6.43,12,0,209.6,1
114179,3108,42.83,27,0,748.7,1
114214,3109,30.58,35,1,538.6,1
114241,3110,29.61,27,0,553.2,1
114268,3111,26.98,27,0,512.9,1
114318,3112,60.64,50,2,954.8,1
114343,3113,28.50,25,0,536.3,1
114375,3114,41.16,32,0,723.6,1
114427,3115,58.39,52,1,949.4,1
114450,3116,28.70,23,0,541.0,1
114482,3117,39.57,32,1,670.3,1
114524,3118,62.82,42,1,1013.9,1
114551,3119,34.31,27,0,621.6,1
114590,3120,60.36,39,1,976.9,1
114620,3121,37.84,30,0,674.3,1
114652,3122,32.59,32,0,595.8,1
114679,3123,41.37,27,0,725.9,1
114706,3124,33.82,27,0,614.3,1
114733,3125,45.74,27,0,790.5,1
114759,3126,27.43,26,1,491.7,1
114790,3127,33.98,31,0,619.3,1
114813,3128,31.95,23,1,558.6,1
114840,3129,38.85,27,0,689.2,1
114866,3130,21.52,26,0,434.3,1
114893,3131,39.84,27,0,704.4,1
114921,3132,22.44,28,1,419.6,1
114948,3133,40.89,27,0,718.8,1
114982,3134,38.42,34,0,682.2,1
115012,3135,31.02,30,0,572.9,1
115051,3136,30.86,39,1,542.4,1
115084,3137,32.22,33,1,563.7,1
115115,3138,39.93,31,0,704.6,1
115151,3139,42.18,36,0,739.1,1
115174,3140,27.14,23,0,516.1,1
115212,3141,46.53,38,0,803.9,1
115241,3142,26.99,29,0,514.2,1
115272,3143,46.56,31,0,803.4,1
115309,3144,53.37,37,0,903.2,1
115360,3145,54.54,51,1,893.0,1
115387,3146,33.22,27,1,575.9,1
115419,3147,40.78,32,0,718.3,1
115453,3148,30.91,34,0,572.8,1
115483,3149,31.81,30,0,584.6,1
115506,3150,30.58,23,1,537.4,1
115529,3151,30.65,23,0,566.5,1
115562,3152,33.08,33,1,576.4,1
115595,3153,25.64,33,0,493.0,1
115618,3154,29.93,23,0,558.0,1
115651,3155,35.64,33,0,641.8,1
115676,3156,33.13,25,0,604.6,1
115724,3157,65.51,48,1,1052.2,1
115768,3158,73.16,44,1,1166.1,1
115807,3159,44.11,39,0,767.9,1
115836,3160,27.75,29,0,526.0,1
115868,3161,46.64,32,1,773.2,1
115895,3162,32.68,27,0,597.7,1
115925,3163,38.30,30,0,682.0,1
115949,3164,17.41,24,1,342.6,1
115976,3165,43.99,27,0,765.2,1
116006,3166,37.80,30,0,673.1,1
116040,3167,35.41,34,0,638.4,1
116082,3168,58.26,42,1,945.0,1
116109,3169,42.84,27,0,748.1,1
116137,3170,35.43,28,0,639.2,1
116176,3171,64.03,39,1,1033.6,1
116206,3172,38.65,30,0,686.9,1
116249,3173,51.71,43,2,823.4,1
116279,3174,32.16,30,0,589.8,1
116314,3175,37.84,35,0,674.6,1
116342,3176,37.86,28,0,673.1,1
116373,3177,26.79,31,1,484.1,1
116398,3178,27.48,25,0,521.7,1
116422,3179,26.37,24,0,505.7,1
116467,3180,58.77,45,1,952.5,1
116509,3181,67.57,42,1,1082.6,1
116545,3182,37.42,36,0,668.4,1
116572,3183,36.59,27,0,655.2,1
116598,3184,34.78,26,0,627.5,1
116647,3185,56.73,49,1,926.5,1
116697,3186,156.28,50,2,1281.1,0
116718,3187,26.39,21,0,504.5,1
116747,3188,26.76,29,0,511.5,1
116769,3189,13.02,22,1,278.2,1
116794,3190,28.50,25,0,536.9,1
116821,3191,38.45,27,0,683.9,1
116865,3192,56.58,44,1,923.4,1
116894,3193,33.28,29,0,605.4,1
116919,3194,33.21,25,0,605.8,1
116949,3195,33.57,30,0,613.2,1
116979,3196,30.74,30,0,568.8,1
117013,3197,41.93,34,0,733.8,1
117040,3198,35.14,27,0,636.4,1
117067,3199,39.40,27,0,697.3,1
117095,3200,38.97,28,0,691.3,1
117134,3201,55.12,39,2,871.2,1
117161,3202,36.48,27,0,653.6,1
117186,3203,26.50,25,0,506.7,1
117224,3204,51.22,38,0,872.9,1
117248,3205,26.55,24,0,506.3,1
117275,3206,41.48,27,0,727.5,1
117330,3207,154.08,55,1,1276.2,0
117365,3208,41.02,35,0,722.5,1
117388,3209,29.50,23,0,552.8,1
117415,3210,35.47,27,0,638.7,1
117465,3211,59.77,50,2,939.8,1
117493,3212,31.42,28,0,578.5,1
117522,3213,33.82,29,0,614.5,1
117550,3214,41.77,28,0,733.5,1
117580,3215,35.90,30,0,646.1,1
117615,3216,40.78,35,1,687.6,1
117646,3217,22.15,31,0,443.5,1
117676,3218,32.62,30,0,597.2,1
117706,3219,34.58,30,0,626.1,1
117732,3220,31.61,26,0,584.6,1
117755,3221,25.04,23,0,486.9,1
117803,3222,58.17,48,1,947.3,1
117831,3223,34.75,28,1,600.0,1
117856,3224,23.35,25,0,461.9,1
117895,3225,54.16,39,1,886.0,1
117922,3226,38.41,27,0,683.4,1
117959,3227,59.11,37,0,988.9,1
117989,3228,42.48,30,0,742.8,1
118021,3229,43.77,32,0,764.0,1
118057,3230,37.06,36,0,664.5,1
118098,3231,64.76,41,2,1013.0,1
118133,3232,41.20,35,0,723.9,1
118168,3233,28.69,35,0,539.3,1
118195,3234,31.86,27,0,585.3,1
118235,3235,61.80,40,1,997.9,1
118276,3236,49.81,41,1,822.3,1
118310,3237,43.31,34,1,724.1,1
118332,3238,26.03,22,0,499.8,1
118372,3239,57.55,40,0,967.3,1
118421,3240,70.13,49,1,1122.2,1
118451,3241,28.27,30,0,532.2,1
118475,3242,9.40,24,0,253.4,1
118497,3243,8.39,22,0,240.3,1
118527,3244,33.44,30,0,608.7,1
118552,3245,32.27,25,0,593.2,1
118582,3246,37.27,30,1,639.0,1
118620,3247,42.69,38,2,689.6,1
118647,3248,44.77,27,0,776.1,1
118674,3249,33.42,27,0,608.4,1
118701,3250,32.63,27,0,600.3,1
118735,3251,49.67,34,0,848.2,1
118763,3252,27.67,28,1,495.3,1
118794,3253,39.58,31,0,699.4,1
118821,3254,32.79,27,0,599.1,1
118857,3255,32.79,36,0,600.6,1
118895,3256,46.08,38,0,796.0,1
118925,3257,48.32,30,0,831.3,1
118955,3258,30.65,30,0,568.0,1
118978,3259,29.88,23,1,528.3,1
119017,3260,53.35,39,2,847.3,1
119051,3261,43.34,34,1,725.2,1
119074,3262,26.53,23,1,476.7,1
119108,3263,48.66,34,1,803.2,1
119137,3264,31.47,29,0,580.2,1
119170,3265,49.39,33,0,844.9,1
119217,3266,154.44,47,1,1282.4,0
119247,3267,37.33,30,0,669.4,1
119270,3268,30.36,23,0,563.5,1
119288,3269,3.36,18,0,165.0,1
119319,3270,39.11,31,0,691.6,1
119365,3271,62.19,46,0,1036.0,1
119404,3272,54.29,39,2,859.2,1
119433,3273,39.98,29,0,705.3,1
119465,3274,24.71,32,0,479.6,1
119495,3275,26.87,30,0,514.3,1
119528,3276,27.58,33,1,495.1,1
119555,3277,35.07,27,0,632.8,1
119587,3278,38.96,32,1,660.4,1
119610,3279,34.73,23,0,628.3,1
119631,3280,16.62,21,1,330.8,1
119670,3281,44.56,39,0,773.8,1
119709,3282,39.63,39,1,671.0,1
119748,3283,39.77,39,0,705.5,1
119771,3284,24.11,23,0,471.9,1
119796,3285,23.65,25,0,465.2,1
119826,3286,43.31,30,0,755.2,1
119855,3287,30.86,29,1,542.4,1
119882,3288,15.60,27,0,347.2,1
119912,3289,37.75,30,1,645.5,1
119943,3290,25.07,31,0,487.3,1
119970,3291,43.67,27,0,759.8,1
120016,3292,56.96,46,2,899.5,1
120049,3293,29.59,33,0,551.8,1
120081,3294,37.51,32,0,668.5,1
120108,3295,27.29,27,0,517.8,1
120147,3296,38.89,39,0,691.1,1
120187,3297,60.78,40,1,982.9,1
120213,3298,34.68,26,0,626.1,1
120236,3299,31.39,23,0,579.5,1
120267,3300,36.65,31,0,655.8,1
120286,3301,13.96,19,0,322.2,1
120318,3302,30.63,32,0,568.7,1
120350,3303,31.99,32,0,586.3,1
120382,3304,32.98,32,0,604.8,1
120412,3305,39.22,30,0,694.6,1
120442,3306,36.84,30,0,659.4,1
120475,3307,33.04,33,1,575.3,1
120506,3308,48.66,31,1,803.2,1
120533,3309,26.10,27,0,500.2,1
120560,3310,43.96,27,0,764.2,1
120590,3311,46.72,30,0,804.1,1
120619,3312,28.15,29,0,531.1,1
120646,3313,39.45,27,0,697.8,1
120673,3314,39.78,27,0,703.0,1
120701,3315,36.60,28,0,655.1,1
120731,3316,38.51,30,0,684.2,1
120760,3317,23.31,29,0,462.8,1
120781,3318,27.44,21,1,490.2,1
120815,3319,32.75,34,1,571.0,1
120840,3320,21.74,25,0,435.4,1
120869,3321,35.43,29,0,638.0,1
120894,3322,17.58,25,0,376.0,1
120919,3323,24.57,25,0,477.9,1
120957,3324,44.95,38,0,781.2,1
120986,3325,39.38,29,0,695.5,1
121019,3326,35.68,33,1,614.9,1
121048,3327,40.11,29,0,707.6,1
121073,3328,40.83,25,1,687.5,1
121107,3329,38.30,34,1,654.8,1
121138,3330,27.73,31,1,495.9,1
121161,3331,15.96,23,0,351.8,1
121184,3332,21.87,23,0,438.3,1
121237,3333,66.95,53,1,1074.3,1
121267,3334,31.65,30,0,584.5,1
121289,3335,26.82,22,1,482.7,1
121314,3336,25.72,25,0,497.2,1
121341,3337,39.56,27,0,699.4,1
121366,3338,35.06,25,0,633.2,1
121396,3339,42.83,30,0,747.5,1
121423,3340,41.32,27,1,695.6,1
121458,3341,28.19,35,0,533.2,1
121475,3342,6.80,17,0,214.1,1
121500,3343,23.71,25,0,467.9,1
121527,3344,33.48,27,0,610.5,1
121554,3345,35.23,27,0,635.7,1
121599,3346,52.28,45,1,861.7,1
121626,3347,32.95,27,0,602.0,1
121659,3348,31.40,33,1,551.6,1
121691,3349,37.22,32,1,637.9,1
121725,3350,30.81,34,1,540.6,1
121765,3351,39.58,40,0,702.4,1
121795,3352,45.56,30,0,787.8,1
121830,3353,38.97,35,1,661.4,1
121868,3354,54.14,38,1,887.3,1
121895,3355,37.45,27,0,668.6,1
121925,3356,38.63,30,0,685.4,1
121952,3357,41.14,27,0,722.5,1
122005,3358,58.59,53,1,951.5,1
122036,3359,37.77,31,0,672.9,1
122066,3360,35.63,30,1,612.7,1
122093,3361,40.41,27,0,712.3,1
122120,3362,32.36,27,0,591.8,1
122154,3363,40.48,34,0,714.5,1
122188,3364,52.96,34,1,868.8,1
122217,3365,42.67,29,0,744.8,1
122244,3366,25.22,27,0,487.2,1
122267,3367,27.48,23,0,521.2,1
122294,3368,29.99,27,0,558.3,1
122323,3369,32.35,29,0,595.9,1
122355,3370,41.78,32,2,676.3,1
122382,3371,42.34,27,0,740.2,1
122422,3372,55.37,40,2,874.3,1
122451,3373,35.80,29,0,644.4,1
122476,3374,27.60,25,0,522.9,1
122506,3375,32.74,30,0,598.3,1
122533,3376,43.65,27,0,759.8,1
122556,3377,14.05,23,1,295.6,1
122586,3378,39.91,30,0,704.3,1
122634,3379,152.24,48,0,1277.9,0
122661,3380,23.69,27,0,465.2,1
122701,3381,65.39,40,1,1054.5,1
122726,3382,29.44,25,0,550.1,1
122757,3383,35.90,31,0,645.3,1
122790,3384,34.15,33,0,619.1,1
122821,3385,31.15,31,1,546.8,1
122861,3386,56.25,40,1,916.8,1
122890,3387,38.82,29,0,687.3,1
122917,3388,29.76,27,0,555.5,1
122939,3389,22.50,22,0,446.7,1
122979,3390,53.92,40,1,882.4,1
123008,3391,32.48,29,0,596.2,1
123041,3392,53.16,33,0,902.1,1
123071,3393,40.82,30,0,718.3,1
123096,3394,23.17,25,0,459.0,1
123130,3395,33.65,34,0,610.9,1
123157,3396,37.57,27,0,670.3,1
123191,3397,34.25,34,0,621.9,1
123218,3398,30.41,27,0,564.5,1
123250,3399,33.19,32,1,576.6,1
123277,3400,41.26,27,0,724.8,1
123313,3401,23.62,36,1,437.6,1
123343,3402,33.02,30,0,602.5,1
123369,3403,35.76,26,1,614.2,1
123396,3404,19.08,27,0,396.2,1
123416,3405,14.64,20,0,330.5,1
123449,3406,34.78,33,1,601.6,1
123474,3407,35.56,25,0,640.6,1
123501,3408,33.93,27,0,616.5,1
123555,3409,52.30,54,1,860.1,1
123587,3410,46.61,32,1,774.9,1
123616,3411,35.53,29,0,638.6,1
123644,3412,35.21,28,0,634.9,1
123675,3413,29.95,31,0,556.2,1
123710,3414,45.34,35,0,785.1,1
123733,3415,31.79,23,0,584.8,1
123780,3416,59.68,47,1,968.1,1
123807,3417,29.66,27,0,552.8,1
123825,3418,17.85,18,1,350.4,1
123852,3419,37.07,27,0,662.2,1
123893,3420,57.77,41,0,968.8,1
123923,3421,45.15,30,0,782.9,1
123940,3422,15.80,17,0,348.9,1
123973,3423,27.24,33,1,490.8,1
124003,3424,37.17,30,0,662.9,1
124030,3425,45.34,27,0,784.6,1
124060,3426,30.90,30,0,571.8,1
124098,3427,38.63,38,2,625.4,1
124126,3428,45.85,28,0,793.9,1
124153,3429,38.36,27,0,681.4,1
124182,3430,33.80,29,0,615.5,1
124204,3431,25.94,22,0,499.1,1
124244,3432,60.00,40,1,972.8,1
124284,3433,39.49,40,1,668.0,1
124309,3434,24.03,25,0,472.0,1
124336,3435,42.51,27,0,742.8,1
124366,3436,41.48,30,0,727.4,1
124393,3437,42.22,27,0,739.0,1
124416,3438,19.39,23,0,400.8,1
124443,3439,32.56,27,0,596.3,1
124462,3440,17.11,19,1,338.7,1
124508,3441,62.88,46,1,1016.6,1
124541,3442,43.96,33,0,764.8,1
124568,3443,34.86,27,0,629.6,1
124595,3444,40.20,27,0,709.2,1
124638,3445,42.62,43,1,715.9,1
124667,3446,31.43,29,1,552.3,1
124723,3447,79.82,56,2,1237.3,1
124750,3448,37.09,27,0,662.9,1
124773,3449,27.46,23,0,520.9,1
124801,3450,22.54,28,0,447.8,1
124833,3451,30.17,32,0,562.1,1
124863,3452,41.20,30,0,724.0,1
124893,3453,34.58,30,0,625.6,1
124920,3454,36.65,27,0,656.7,1
124954,3455,32.27,34,0,594.7,1
124982,3456,29.07,28,0,544.3,1
125016,3457,37.42,34,0,668.4,1
125052,3458,40.87,36,0,720.9,1
125095,3459,63.70,43,1,1026.6,1
125122,3460,38.42,27,0,685.3,1
125157,3461,59.59,35,1,965.2,1
125187,3462,37.48,30,0,667.5,1
125214,3463,38.48,27,0,683.2,1
125243,3464,37.19,29,0,663.2,1
125274,3465,24.49,31,0,477.9,1
125293,3466,9.18,19,0,252.2,1
125324,3467,41.25,31,0,723.8,1
125360,3468,43.26,36,1,726.9,1
125391,3469,38.78,31,0,687.2,1
125421,3470,45.43,30,0,786.0,1
125454,3471,32.79,33,0,599.6,1
125481,3472,27.28,27,0,518.8,1
125533,3473,59.50,52,2,936.5,1
125558,3474,26.46,25,0,506.7,1
125606,3475,55.54,48,1,906.7,1
125633,3476,37.22,27,0,664.6,1
125661,3477,34.70,28,0,628.1,1
125689,3478,32.48,28,0,594.1,1
125714,3479,27.41,25,1,490.6,1
125744,3480,43.68,30,0,759.9,1
125775,3481,36.93,31,0,661.1,1
125805,3482,35.04,30,0,632.9,1
125840,3483,43.66,35,1,729.2,1
125867,3484,42.40,27,0,741.1,1
125894,3485,38.22,27,0,679.4,1
125921,3486,37.12,27,0,664.2,1
125957,3487,40.42,36,0,713.5,1
126007,3488,61.61,50,2,964.9,1
126029,3489,30.64,22,0,567.9,1
126052,3490,24.70,23,0,480.1,1
126079,3491,39.11,27,0,692.4,1
126128,3492,69.90,49,1,1117.9,1
126158,3493,32.18,30,0,590.7,1
126202,3494,56.76,44,1,925.9,1
126252,3495,70.61,50,1,1128.7,1
126269,3496,4.64,17,0,185.4,1
126307,3497,39.62,38,0,700.6,1
126337,3498,36.52,30,0,654.2,1
126364,3499,35.40,27,0,637.7,1
126404,3500,55.23,40,1,901.7,1
126451,3501,53.75,47,1,889.4,1
126488,3502,54.28,37,0,916.7,1
126518,3503,33.99,30,0,616.7,1
126552,3504,31.80,34,0,586.3,1
126579,3505,40.42,27,0,712.5,1
126612,3506,21.95,33,1,409.3,1
126637,3507,29.03,25,0,545.2,1
126669,3508,37.64,32,0,672.7,1
126701,3509,37.88,32,1,644.5,1
126746,3510,60.21,45,1,975.3,1
126773,3511,37.67,27,0,670.3,1
126811,3512,28.26,38,1,503.2,1
126831,3513,27.39,20,0,521.6,1
126869,3514,50.00,38,1,827.4,1
126899,3515,39.68,30,0,700.9,1
126926,3516,43.78,27,0,761.5,1
126956,3517,26.63,30,0,508.0,1
126987,3518,29.79,31,0,556.0,1
127017,3519,40.38,30,0,712.4,1
127049,3520,34.29,32,0,620.9,1
127072,3521,24.77,23,0,481.1,1
127111,3522,63.73,39,1,1027.9,1
127137,3523,28.60,26,1,507.3,1
127164,3524,34.75,27,0,627.1,1
127187,3525,24.50,23,0,478.3,1
127233,3526,77.36,46,1,1229.0,1
127259,3527,31.04,26,0,574.3,1
127286,3528,38.66,27,0,686.4,1
127311,3529,22.77,25,0,451.3,1
127341,3530,41.74,30,0,731.9,1
127374,3531,52.40,33,1,861.0,1
127408,3532,35.63,34,1,614.8,1
127431,3533,24.64,23,0,480.4,1
127454,3534,22.68,23,0,450.3,1
127483,3535,30.52,29,0,566.4,1
127522,3536,65.06,39,0,1077.7,1
127546,3537,28.38,24,0,532.9,1
127578,3538,36.11,32,0,647.2,1
127622,3539,52.51,44,2,832.8,1
127651,3540,38.55,29,0,683.3,1
127678,3541,43.96,27,0,764.2,1
127699,3542,28.51,21,0,538.8,1
127742,3543,56.31,43,2,888.8,1
127767,3544,27.63,25,0,524.3,1
127796,3545,36.60,29,0,655.1,1
127832,3546,57.39,36,0,964.4,1
127859,3547,45.26,27,0,783.3,1
127900,3548,65.48,41,1,1051.7,1
127935,3549,49.97,35,1,823.1,1
127966,3550,29.21,31,0,546.8,1
127990,3551,33.12,24,0,604.5,1
128026,3552,58.39,36,1,946.9,1
128059,3553,44.09,33,1,738.0,1
128089,3554,43.31,30,0,754.6,1
128116,3555,32.61,27,1,568.0,1
128143,3556,36.52,27,0,654.7,1
128170,3557,34.88,27,0,630.3,1
128194,3558,29.34,24,0,547.8,1
128241,3559,72.55,47,0,1187.3,1
128264,3560,33.27,23,1,577.2,1
128314,3561,156.22,50,2,1279.1,0
128339,3562,27.71,25,0,525.7,1
128375,3563,50.53,36,1,832.9,1
128411,3564,26.63,36,0,509.0,1
128442,3565,50.71,31,0,866.3,1
128465,3566,29.15,23,0,545.9,1
128496,3567,47.76,31,0,819.4,1
128523,3568,42.10,27,0,737.3,1
128556,3569,27.82,33,1,499.5,1
128589,3570,42.56,33,0,744.0,1
128622,3571,28.95,33,1,516.1,1
128660,3572,34.19,38,0,620.4,1
128683,3573,23.92,23,0,469.1,1
128720,3574,42.14,37,0,736.4,1
128758,3575,64.49,38,0,1068.4,1
128788,3576,41.04,30,0,721.6,1
128813,3577,28.07,25,0,530.5,1
128840,3578,36.33,27,0,651.4,1
128877,3579,29.69,37,0,553.0,1
128911,3580,34.82,34,0,631.5,1
128938,3581,39.54,27,0,699.5,1
128965,3582,28.57,27,1,506.9,1
128992,3583,35.34,27,0,637.9,1
129019,3584,37.50,27,0,668.6,1
129049,3585,32.26,30,1,561.4,1
129087,3586,38.12,38,0,677.9,1
129114,3587,43.96,27,0,764.2,1
129144,3588,42.95,30,0,749.8,1
129169,3589,33.12,25,0,604.5,1
129204,3590,52.92,35,1,867.0,1
129230,3591,33.67,26,0,612.1,1
129277,3592,60.45,47,2,948.5,1
129312,3593,53.00,35,0,899.5,1
129339,3594,34.69,27,0,627.2,1
129369,3595,47.89,30,0,823.0,1
129396,3596,40.49,27,0,712.8,1
129427,3597,37.81,31,0,672.4,1
129468,3598,71.95,41,2,1118.7,1
129498,3599,36.09,30,0,648.9,1
129539,3600,58.62,41,2,922.3,1
129562,3601,9.78,23,0,258.7,1
129598,3602,40.78,36,0,716.2,1
129626,3603,35.06,28,0,632.3,1
129652,3604,33.07,26,0,604.9,1
129682,3605,40.23,30,0,709.7,1
129707,3606,31.99,25,0,587.2,1
129739,3607,35.26,32,0,635.5,1
129767,3608,45.30,28,0,783.9,1
129794,3609,42.02,27,0,735.5,1
129840,3610,53.93,46,1,882.8,1
129880,3611,58.97,40,1,956.7,1
129907,3612,36.65,27,0,656.7,1
129942,3613,49.37,35,1,814.3,1
129971,3614,26.82,29,0,511.1,1
130001,3615,42.05,30,0,737.7,1
130031,3616,43.45,30,0,756.5,1
130053,3617,21.62,22,0,444.3,1
130089,3618,44.34,36,0,769.4,1
130116,3619,35.08,27,0,633.5,1
130142,3620,25.80,26,1,467.3,1
130177,3621,43.97,35,1,735.3,1
130212,3622,39.75,35,0,705.2,1
130233,3623,29.02,21,0,543.3,1
130260,3624,40.50,27,0,713.1,1
130292,3625,28.42,32,0,538.3,1
130322,3626,40.04,30,0,707.1,1
130361,3627,55.45,39,0,934.6,1
130400,3628,58.22,39,0,976.6,1
130416,3629,5.86,16,0,201.0,1
130447,3630,40.28,31,1,679.9,1
130469,3631,32.28,22,0,593.9,1
130497,3632,39.88,28,0,704.5,1
130536,3633,42.67,39,0,746.0,1
130563,3634,36.25,27,0,650.2,1
130594,3635,31.48,31,0,581.5,1
130623,3636,36.48,29,0,652.8,1
130659,3637,36.62,36,1,627.1,1
130689,3638,41.30,30,0,725.4,1
130718,3639,38.44,29,0,685.2,1
130749,3640,44.96,31,0,780.4,1
130786,3641,66.30,37,0,1093.4,1
130816,3642,36.63,30,0,656.5,1
130846,3643,43.93,30,0,764.3,1
130887,3644,51.38,41,1,844.8,1
130923,3645,37.27,36,0,666.7,1
130960,3646,61.51,37,1,994.8,1
130984,3647,30.08,24,0,559.6,1
131031,3648,60.19,47,1,977.3,1
131058,3649,36.01,27,0,646.7,1
131090,3650,47.68,32,1,789.3,1
131136,3651,71.40,46,1,1139.1,1
131159,3652,22.33,23,0,445.7,1
131186,3653,38.98,27,0,690.5,1
131216,3654,39.39,30,0,695.7,1
131243,3655,40.06,27,0,708.2,1
131275,3656,42.47,32,0,742.8,1
131318,3657,57.84,43,1,939.3,1
131347,3658,39.85,29,0,702.5,1
131398,3659,156.28,51,2,1278.3,0
131423,3660,32.94,25,1,571.7,1
131450,3661,37.48,27,0,669.0,1
131477,3662,39.91,27,0,705.4,1
131502,3663,24.95,25,1,454.2,1
131529,3664,42.54,27,0,743.2,1
131558,3665,31.34,29,0,577.3,1
131585,3666,33.68,27,0,612.2,1
131612,3667,40.33,27,0,710.5,1
131642,3668,27.83,30,0,525.4,1
131687,3669,67.21,45,1,1077.2,1
131717,3670,37.22,30,0,666.1,1
131743,3671,29.52,26,0,551.6,1
131774,3672,38.44,31,0,683.4,1
131814,3673,56.08,40,1,916.3,1
131843,3674,39.01,29,0,691.5,1
131870,3675,27.32,27,0,525.8,1
131911,3676,60.04,41,1,971.4,1
131938,3677,36.21,27,0,650.2,1
131961,3678,29.62,23,1,523.2,1
131991,3679,44.32,30,0,770.6,1
132026,3680,37.56,35,1,639.7,1
132048,3681,24.94,22,0,484.3,1
132073,3682,28.30,25,0,535.1,1
132102,3683,37.46,29,0,667.2,1
132130,3684,37.16,28,0,662.7,1
132169,3685,53.58,39,1,876.7,1
132196,3686,29.62,27,0,552.3,1
132226,3687,32.45,30,0,594.6,1
132251,3688,23.29,25,0,459.9,1
132298,3689,152.20,47,0,1276.5,0
132333,3690,42.10,35,0,737.2,1
132395,3691,155.95,62,2,1276.3,0
132428,3692,26.03,33,0,502.5,1
132469,3693,47.95,41,1,794.4,1
132492,3694,34.23,23,0,621.0,1
132519,3695,27.88,27,0,529.4,1
132542,3696,28.34,23,0,533.9,1
132580,3697,59.31,38,1,963.0,1
132619,3698,38.84,39,1,658.6,1
132654,3699,36.29,35,0,651.3,1
132690,3700,44.62,36,0,776.3,1
132717,3701,40.52,27,0,713.3,1
132747,3702,32.32,30,0,592.1,1
132774,3703,37.36,27,0,667.2,1
132807,3704,35.41,33,0,638.3,1
132835,3705,31.98,28,0,587.1,1
132877,3706,154.45,42,1,1277.5,0
132917,3707,54.34,40,1,888.5,1
132960,3708,62.82,43,1,1013.3,1
133006,3709,67.40,46,1,1080.1,1
133033,3710,37.48,27,0,668.3,1
133062,3711,43.15,29,0,753.0,1
133092,3712,44.40,30,0,771.3,1
133119,3713,36.48,27,0,653.6,1
133144,3714,34.85,25,0,630.2,1
133186,3715,56.80,42,1,926.7,1
133214,3716,35.59,28,1,610.7,1
133253,3717,58.51,39,1,952.8,1
133295,3718,50.45,42,1,831.7,1
133330,3719,40.05,35,1,678.8,1
133363,3720,41.21,33,1,697.2,1
133390,3721,44.90,27,0,778.1,1
133438,3722,70.56,48,1,1128.0,1
133460,3723,33.32,22,0,606.6,1
133480,3724,11.21,20,0,280.7,1
133530,3725,73.73,50,0,1204.4,1
133557,3726,35.26,27,0,635.5,1
133592,3727,60.65,35,0,1012.3,1
133619,3728,35.15,27,0,634.0,1
133646,3729,27.48,27,0,520.6,1
133682,3730,60.59,36,1,981.8,1
133712,3731,42.10,30,0,736.7,1
133739,3732,38.73,27,0,686.9,1
133780,3733,60.60,41,1,983.5,1
133823,3734,64.91,43,1,1046.2,1
133850,3735,41.43,27,0,726.7,1
133899,3736,154.44,49,1,1278.6,0
133927,3737,45.66,28,1,758.8,1
133955,3738,37.08,28,0,663.0,1
133979,3739,23.61,24,0,463.9,1
134006,3740,35.43,27,0,638.7,1
134048,3741,55.27,42,2,873.0,1
134075,3742,25.66,27,0,497.0,1
134105,3743,29.72,30,0,556.4,1
134135,3744,27.24,30,0,519.3,1
134177,3745,68.68,42,1,1099.0,1
134220,3746,58.24,43,1,948.9,1
134247,3747,41.88,27,0,733.5,1
134275,3748,35.17,28,1,605.2,1
134314,3749,63.32,39,1,1021.9,1
134361,3750,57.88,47,1,942.3,1
134388,3751,39.89,27,1,675.1,1
134428,3752,58.21,40,1,944.2,1
134453,3753,30.75,25,0,569.8,1
134490,3754,48.87,37,1,807.4,1
134517,3755,39.08,27,0,692.6,1
134547,3756,34.33,30,0,621.9,1
134584,3757,48.82,37,0,835.7,1
134615,3758,27.84,31,0,525.0,1
134638,3759,24.31,23,0,474.4,1
134665,3760,35.48,27,0,638.8,1
134693,3761,26.43,28,0,504.2,1
134737,3762,152.50,44,0,1277.1,0
134764,3763,29.47,27,1,519.5,1
134791,3764,35.13,27,0,633.4,1
134817,3765,23.22,26,0,458.8,1
134850,3766,54.05,33,0,913.2,1
134883,3767,42.70,33,0,744.6,1
134906,3768,29.02,23,1,514.4,1
134938,3769,42.01,32,0,735.4,1
134968,3770,27.62,30,0,527.1,1
135004,3771,44.39,36,0,770.2,1
135039,3772,41.90,35,0,734.6,1
135065,3773,27.46,26,1,492.9,1
135095,3774,38.65,30,2,628.1,1
135112,3775,13.20,17,0,309.3,1
135146,3776,38.59,34,0,685.1,1
135178,3777,39.00,32,0,692.6,1
135234,3778,69.55,56,1,1115.1,1
135270,3779,39.30,36,0,697.7,1
135296,3780,21.10,26,0,425.4,1
135324,3781,37.65,28,0,670.6,1
135365,3782,69.86,41,0,1147.0,1
135392,3783,45.84,27,0,791.9,1
135419,3784,43.96,27,0,764.2,1
135446,3785,38.24,27,0,679.6,1
135473,3786,41.04,27,0,721.0,1
135506,3787,35.45,33,1,608.0,1
135546,3788,57.34,40,1,933.6,1
135567,3789,13.42,21,0,313.7,1
135597,3790,37.59,30,0,669.7,1
135626,3791,33.36,29,0,606.6,1
135670,3792,35.94,44,0,648.2,1
135697,3793,32.56,27,0,595.7,1
135719,3794,30.98,22,0,572.3,1
135746,3795,46.69,27,0,805.1,1
135773,3796,43.96,27,0,764.2,1
135803,3797,32.26,30,0,590.3,1
135840,3798,42.26,37,0,739.1,1
135868,3799,38.66,28,1,655.9,1
135898,3800,44.26,30,0,768.5,1
135935,3801,62.66,37,1,1012.7,1
135960,3802,33.56,25,0,609.6,1
135987,3803,36.74,27,0,657.1,1
136011,3804,27.24,24,1,489.5,1
136056,3805,152.46,45,0,1280.3,0
136083,3806,29.69,27,0,554.5,1
136107,3807,21.70,24,0,436.7,1
136134,3808,42.02,27,0,735.4,1
136161,3809,28.94,27,0,542.2,1
136215,3810,68.67,54,1,1100.7,1
136252,3811,37.36,37,2,607.5,1
136279,3812,29.07,27,0,544.7,1
136318,3813,53.28,39,1,872.8,1
136340,3814,28.37,22,0,535.0,1
136363,3815,13.92,23,0,321.6,1
136398,3816,61.69,35,0,1027.1,1
136430,3817,43.16,32,1,726.0,1
136467,3818,37.31,37,1,635.4,1
136494,3819,34.89,27,0,630.7,1
136523,3820,33.73,29,0,614.4,1
136550,3821,42.93,27,0,749.0,1
136589,3822,50.56,39,1,832.5,1
136611,3823,28.09,22,0,530.2,1
136640,3824,40.66,29,0,716.2,1
136666,3825,36.14,26,0,648.3,1
136697,3826,44.78,31,1,748.2,1
136724,3827,39.02,27,0,691.2,1
136756,3828,46.70,32,0,803.7,1
136783,3829,29.46,27,1,521.3,1
136825,3830,64.58,42,1,1039.9,1
136866,3831,67.03,41,1,1077.4,1
136888,3832,30.41,22,0,565.1,1
136918,3833,35.41,30,0,637.7,1
136947,3834,33.71,29,1,584.6,1
136974,3835,44.43,27,0,771.1,1
137003,3836,31.44,29,0,579.5,1
137043,3837,57.86,40,1,942.4,1
137083,3838,64.79,40,0,1072.0,1
137120,3839,38.54,37,1,653.5,1
137159,3840,56.89,39,2,895.9,1
137186,3841,33.34,27,0,607.2,1
137218,3842,33.58,32,1,580.8,1
137246,3843,32.93,28,0,602.9,1
137280,3844,35.01,34,1,604.2,1
137313,3845,29.51,33,1,523.6,1
137344,3846,44.35,31,0,771.7,1
137371,3847,35.51,27,0,639.8,1
137407,3848,37.62,36,0,671.4,1
137434,3849,42.12,27,0,737.6,1
137477,3850,62.38,43,1,1006.9,1
137504,3851,39.63,27,0,700.2,1
137534,3852,34.91,30,1,601.4,1
137564,3853,37.68,30,0,671.1,1
137597,3854,31.08,33,1,546.8,1
137627,3855,47.48,30,0,816.1,1
137651,3856,32.14,24,0,590.1,1
137678,3857,39.92,27,0,705.0,1
137706,3858,25.83,28,0,496.7,1
137733,3859,40.67,27,0,716.1,1
137752,3860,21.01,19,1,395.5,1
137779,3861,33.16,27,0,604.6,1
137804,3862,29.23,25,0,546.1,1
137833,3863,35.95,29,0,644.9,1
137863,3864,32.81,30,0,600.0,1
137884,3865,24.08,21,0,473.1,1
137917,3866,41.10,33,0,725.1,1
137945,3867,31.97,28,1,558.0,1
137972,3868,41.44,27,0,726.9,1
138013,3869,61.76,41,1,997.3,1
138048,3870,33.59,35,0,613.6,1
138078,3871,37.72,30,0,671.9,1
138113,3872,34.07,35,0,618.9,1
138147,3873,36.08,34,0,646.8,1
138174,3874,34.15,27,0,619.7,1
138207,3875,35.87,33,0,647.8,1
138240,3876,54.18,33,0,917.0,1
138272,3877,47.28,32,1,783.7,1
138307,3878,32.91,35,0,600.8,1
138330,3879,15.83,23,0,350.8,1
138357,3880,36.56,27,0,654.8,1
138395,3881,57.68,38,1,938.9,1
138407,3882,8.34,12,0,236.9,1
138437,3883,45.97,30,0,793.9,1
138468,3884,34.19,31,0,620.4,1
138497,3885,32.08,29,0,589.5,1
138530,3886,48.84,33,1,809.1,1
138557,3887,41.20,27,0,723.4,1
138584,3888,32.69,27,0,598.1,1
138614,3889,31.85,30,0,585.5,1
138643,3890,22.02,29,0,440.8,1
138670,3891,38.93,27,0,689.8,1
138693,3892,25.68,23,0,494.6,1
138733,3893,62.96,40,1,1016.3,1
138779,3894,70.86,46,1,1134.3,1
138803,3895,29.70,24,0,553.9,1
138832,3896,36.95,29,0,659.6,1
138867,3897,51.83,35,2,822.5,1
138895,3898,38.51,28,0,684.3,1
138928,3899,33.60,33,0,613.4,1
138951,3900,22.43,23,0,446.6,1
138974,3901,32.02,23,0,588.3,1
139003,3902,34.80,29,0,629.6,1
139030,3903,37.39,27,0,667.0,1
139061,3904,34.56,31,0,626.6,1
139088,3905,36.23,27,0,649.9,1
139126,3906,58.79,38,1,953.7,1
139171,3907,57.22,45,2,905.5,1
139195,3908,28.05,24,1,500.9,1
139220,3909,36.01,25,1,618.5,1
139255,3910,59.84,35,0,999.8,1
139281,3911,40.52,26,0,713.0,1
139308,3912,34.34,27,0,621.9,1
139339,3913,33.04,31,0,602.8,1
139385,3914,74.07,46,1,1180.1,1
139412,3915,43.96,27,0,764.2,1
139448,3916,43.16,36,0,751.4,1
139475,3917,34.45,27,0,623.7,1
139503,3918,39.27,28,0,694.3,1
139543,3919,62.16,40,1,1003.8,1
139570,3920,43.96,27,0,764.2,1
139601,3921,25.70,31,1,468.0,1
139631,3922,34.25,30,0,620.4,1
139658,3923,43.96,27,0,764.2,1
139685,3924,39.26,27,0,693.8,1
139716,3925,45.47,31,0,785.6,1
139743,3926,37.88,27,0,674.3,1
139776,3927,52.92,33,0,899.0,1
139804,3928,36.77,28,0,657.1,1
139843,3929,30.10,39,0,560.8,1
139871,3930,39.05,28,0,692.4,1
139898,3931,31.36,27,0,578.0,1
139925,3932,45.38,27,0,785.7,1
139974,3933,154.67,49,1,1283.2,0
140019,3934,154.87,45,1,1284.5,0
140041,3935,7.25,22,0,223.7,1
140092,3936,156.75,51,2,1278.3,0
140120,3937,37.68,28,0,671.1,1
140155,3938,42.15,35,1,708.4,1
140190,3939,62.31,35,0,1036.7,1
140217,3940,28.96,27,0,542.5,1
140242,3941,8.36,25,0,237.7,1
140267,3942,35.35,25,0,637.8,1
140302,3943,59.76,35,1,970.2,1
140330,3944,31.94,28,0,585.5,1
140365,3945,37.17,35,1,634.9,1
140393,3946,28.95,28,0,543.9,1
140426,3947,41.39,33,0,727.0,1
140456,3948,42.72,30,0,745.8,1
140481,3949,43.44,25,1,729.5,1
140512,3950,41.02,31,1,692.9,1
140539,3951,43.02,27,0,750.3,1
140566,3952,30.56,27,0,566.1,1
140597,3953,34.92,31,1,600.9,1
140635,3954,60.82,38,0,1016.0,1
140665,3955,38.81,30,0,689.6,1
140692,3956,43.92,27,0,764.2,1
140717,3957,31.76,25,0,584.4,1
140742,3958,28.60,25,0,536.8,1
140772,3959,34.84,30,0,630.6,1
140799,3960,38.08,27,0,677.2,1
140830,3961,40.24,31,0,709.4,1
140858,3962,41.59,28,1,700.5,1
140888,3963,43.86,30,0,762.6,1
140938,3964,71.12,50,1,1139.2,1
140968,3965,39.93,30,0,703.7,1
140999,3966,32.14,31,0,588.6,1
141034,3967,60.93,35,0,1016.4,1
141061,3968,33.41,27,0,608.2,1
141091,3969,36.88,30,0,662.7,1
141123,3970,52.17,32,0,885.4,1
141150,3971,38.16,27,0,679.0,1
141172,3972,32.44,22,0,594.5,1
141206,3973,37.56,34,1,641.2,1
141242,3974,43.53,36,0,759.6,1
141272,3975,40.05,30,0,705.5,1
141299,3976,37.82,27,0,674.6,1
141341,3977,72.62,42,0,1186.9,1
141372,3978,28.60,31,0,537.2,1
141399,3979,39.69,27,0,701.6,1
141414,3980,9.59,15,0,256.0,1
141443,3981,32.42,29,0,595.7,1
141472,3982,32.46,29,0,598.0,1
141500,3983,45.85,28,0,793.9,1
141536,3984,37.89,36,0,676.8,1
141575,3985,66.97,39,1,1076.9,1
141610,3986,43.71,35,1,732.0,1
141649,3987,52.77,39,1,865.1,1
141681,3988,38.89,32,1,658.7,1
141710,3989,35.34,29,0,636.5,1
141735,3990,27.61,25,0,523.1,1
141766,3991,34.53,31,0,627.7,1
141801,3992,36.34,35,1,622.9,1
141828,3993,45.08,27,0,780.7,1
141858,3994,37.21,30,0,664.9,1
141885,3995,44.68,27,0,774.7,1
141914,3996,45.15,29,1,753.7,1
141947,3997,30.06,33,2,502.8,1
141979,3998,32.17,32,0,592.3,1
142003,3999,37.35,24,0,666.2,1
142031,4000,37.43,28,1,638.7,1
142060,4001,29.41,29,0,550.5,1
142089,4002,31.64,29,0,584.7,1
142118,4003,41.28,29,0,725.4,1
142150,4004,34.56,32,0,624.3,1
142169,4005,15.82,19,0,347.4,1
142199,4006,29.68,30,0,553.1,1
142222,4007,15.25,23,0,340.1,1
142249,4008,33.08,27,0,603.4,1
142276,4009,39.14,27,0,692.8,1
142308,4010,50.41,32,0,860.9,1
142335,4011,34.12,27,0,618.7,1
142362,4012,29.14,27,0,545.2,1
142385,4013,20.95,23,0,423.8,1
142419,4014,56.37,34,2,891.6,1
142446,4015,35.52,27,0,639.4,1
142468,4016,29.21,22,0,545.3,1
142508,4017,58.53,40,0,982.1,1
142535,4018,26.81,27,0,510.7,1
142574,4019,35.71,39,0,644.3,1
142600,4020,29.98,26,0,558.4,1
142630,4021,42.59,30,0,743.8,1
142660,4022,41.85,30,0,733.5,1
142690,4023,38.73,30,0,688.6,1
142725,4024,33.58,35,1,580.3,1
142773,4025,152.47,48,0,1278.7,0
142797,4026,24.94,24,0,485.2,1
142824,4027,38.07,27,0,677.2,1
142851,4028,32.57,27,0,595.8,1
142878,4029,28.50,27,0,535.7,1
142917,4030,36.57,39,1,626.8,1
142944,4031,40.38,27,0,711.2,1
142974,4032,38.47,30,0,682.9,1
143004,4033,30.86,30,0,570.2,1
143043,4034,66.87,39,1,1073.1,1
143070,4035,22.10,27,0,444.4,1
143104,4036,35.97,34,0,647.5,1
143131,4037,32.17,27,0,590.5,1
143158,4038,23.12,27,0,456.1,1
143192,4039,59.18,34,0,990.9,1
143219,4040,47.40,27,0,815.0,1
143262,4041,67.34,43,1,1081.9,1
143292,4042,40.90,30,0,718.9,1
143334,4043,66.66,42,1,1070.3,1
143361,4044,32.40,27,0,593.3,1
143384,4045,33.79,23,0,615.6,1
143408,4046,19.39,24,0,402.0,1
143436,4047,22.69,28,0,451.0,1
143459,4048,24.44,23,0,476.2,1
143504,4049,61.21,45,1,989.6,1
143533,4050,26.84,29,0,511.7,1
143566,4051,29.45,33,0,550.6,1
143610,4052,154.36,44,1,1280.6,0
143639,4053,32.49,29,0,593.8,1
143669,4054,35.22,30,0,634.1,1
143696,4055,28.73,27,0,539.0,1
143722,4056,27.92,26,0,528.6,1
143764,4057,56.27,42,1,916.5,1
143791,4058,33.93,27,1,586.9,1
143818,4059,34.96,27,0,631.8,1
143853,4060,30.20,35,0,561.7,1
143886,4061,48.02,33,1,797.0,1
143917,4062,25.25,31,0,489.1,1
143947,4063,44.98,30,0,778.3,1
143983,4064,46.47,36,0,803.1,1
144022,4065,60.18,39,1,974.9,1
144046,4066,26.01,24,0,500.7,1
144078,4067,31.00,32,0,571.7,1
144108,4068,42.72,30,0,745.8,1
144158,4069,154.69,50,1,1281.6,0
144185,4070,29.41,27,0,549.1,1
144212,4071,43.13,27,0,751.8,1
144256,4072,54.99,44,1,899.3,1
144286,4073,39.11,30,0,693.7,1
144321,4074,55.20,35,0,930.8,1
144346,4075,23.54,25,0,462.9,1
144382,4076,49.68,36,1,819.7,1
144415,4077,33.10,33,0,604.0,1
144454,4078,54.63,39,1,892.2,1
144481,4079,43.18,27,0,752.7,1
144510,4080,40.66,29,0,717.7,1
144540,4081,44.05,30,0,765.5,1
144566,4082,28.90,26,0,543.0,1
144593,4083,32.72,27,0,598.1,1
144622,4084,32.38,29,0,592.2,1
144651,4085,37.28,29,0,666.3,1
144676,4086,32.07,25,1,560.3,1
144706,4087,45.19,30,0,782.3,1
144744,4088,52.79,38,1,866.0,1
144774,4089,28.19,30,0,532.3,1
144801,4090,44.05,27,0,766.1,1
144824,4091,34.78,23,0,629.1,1
144862,4092,54.71,38,3,835.2,1
144889,4093,33.89,27,0,615.7,1
144919,4094,41.89,30,0,733.5,1
144948,4095,42.64,29,0,744.3,1
144978,4096,35.71,30,0,642.2,1
145005,4097,36.74,27,0,657.4,1
145044,4098,59.36,39,0,994.4,1
145071,4099,38.19,27,0,679.4,1
145104,4100,35.23,33,0,635.7,1
145149,4101,154.39,45,1,1278.4,0
145179,4102,43.76,30,0,761.8,1
145209,4103,41.49,30,0,727.7,1
145238,4104,45.05,29,0,779.9,1
145266,4105,34.96,28,0,630.3,1
145299,4106,51.26,33,1,843.7,1
145343,4107,154.01,44,1,1276.0,0
145367,4108,31.55,24,0,580.7,1
145390,4109,26.70,23,0,511.7,1
145421,4110,39.42,31,1,668.4,1
145471,4111,55.41,50,1,903.5,1
145499,4112,31.30,28,0,578.5,1
145532,4113,44.89,33,0,777.0,1
145570,4114,43.16,38,1,723.3,1
145600,4115,36.68,30,0,656.5,1
145622,4116,26.43,22,0,506.2,1
145649,4117,43.67,27,0,759.8,1
145673,4118,36.00,24,1,616.6,1
145716,4119,66.14,43,0,1092.8,1
145743,4120,37.27,27,0,664.3,1
145774,4121,34.90,31,0,631.8,1
145819,4122,70.92,45,1,1132.1,1
145846,4123,36.28,27,0,651.8,1
145894,4124,72.99,48,2,1137.9,1
145919,4125,26.95,25,0,514.0,1
145955,4126,46.39,36,0,799.2,1
145999,4127,69.75,44,1,1117.2,1
146028,4128,30.41,29,0,563.0,1
146067,4129,68.59,39,1,1097.7,1
146095,4130,37.74,28,0,671.9,1
146122,4131,33.13,27,0,604.4,1
146150,4132,35.00,28,0,631.5,1
146179,4133,41.31,29,0,724.7,1
146206,4134,37.25,27,0,666.2,1
146244,4135,45.71,38,1,763.7,1
146269,4136,32.32,25,0,593.3,1
146296,4137,29.16,27,0,547.4,1
146326,4138,43.53,30,0,757.9,1
146353,4139,44.23,27,0,768.1,1
146382,4140,36.67,29,1,626.8,1
146429,4141,69.00,47,1,1104.7,1
146466,4142,66.47,37,0,1098.6,1
146493,4143,43.19,27,0,752.8,1
146542,4144,51.75,49,1,854.2,1
146580,4145,55.91,38,1,910.2,1
146610,4146,33.55,30,0,610.9,1
146649,4147,56.07,39,1,913.6,1
146675,4148,29.22,26,1,517.0,1
146708,4149,47.61,33,1,792.4,1
146738,4150,43.34,30,0,755.0,1
146765,4151,35.08,27,0,633.0,1
146795,4152,32.10,30,0,593.9,1
146833,4153,55.20,38,0,932.1,1
146854,4154,23.44,21,0,460.0,1
146881,4155,42.58,27,0,745.0,1
146917,4156,53.12,36,1,871.5,1
146953,4157,41.28,36,0,723.7,1
146983,4158,46.15,30,0,797.1,1
147012,4159,37.46,29,0,669.6,1
147042,4160,33.18,30,0,604.9,1
147065,4161,35.05,23,0,633.4,1
147096,4162,45.60,31,0,788.9,1
147123,4163,39.60,27,0,699.8,1
147155,4164,37.61,32,0,670.2,1
147185,4165,34.71,30,0,627.5,1
147215,4166,35.59,30,0,640.5,1
147240,4167,35.12,25,0,634.1,1
147264,4168,26.46,24,1,479.8,1
147311,4169,64.90,47,1,1044.9,1
147334,4170,26.26,23,0,503.2,1
147365,4171,20.95,31,0,423.8,1
147392,4172,41.76,27,0,731.7,1
147419,4173,32.02,27,0,587.7,1
147448,4174,38.70,29,1,659.5,1
147476,4175,29.82,28,0,555.2,1
147510,4176,34.02,34,0,619.0,1
147529,4177,16.60,19,0,358.9,1
147562,4178,33.23,33,1,578.1,1
147589,4179,31.31,27,0,577.1,1
147621,4180,33.71,32,0,611.8,1
147664,4181,63.97,43,1,1030.9,1
147694,4182,35.49,30,0,638.9,1
147725,4183,41.50,31,0,728.4,1
147748,4184,29.89,23,0,557.4,1
147781,4185,35.17,33,1,607.4,1
147808,4186,30.51,27,0,566.2,1
147833,4187,28.10,25,0,529.7,1
147859,4188,42.41,26,0,740.9,1
147888,4189,33.43,29,0,609.4,1
147917,4190,41.10,29,0,722.8,1
147947,4191,38.12,30,0,679.1,1
147974,4192,39.47,27,0,698.9,1
147999,4193,29.49,25,0,551.5,1
148018,4194,12.29,19,0,297.6,1
148040,4195,22.06,22,0,441.1,1
148070,4196,35.88,30,0,646.0,1
148099,4197,34.95,29,0,630.1,1
148126,4198,33.44,27,0,608.6,1
148153,4199,43.33,27,0,754.9,1
148200,4200,74.65,47,0,1216.7,1
148246,4201,53.80,46,1,879.7,1
148267,4202,15.51,21,0,346.1,1
148295,4203,32.52,28,0,594.1,1
148330,4204,54.90,35,0,925.9,1
148355,4205,29.82,25,0,557.0,1
148392,4206,54.94,37,0,929.6,1
148422,4207,43.40,30,0,755.9,1
148447,4208,34.61,25,0,625.9,1
148490,4209,55.56,43,1,906.9,1
148519,4210,32.26,29,0,593.0,1
148561,4211,68.43,42,0,1126.4,1
148588,4212,39.23,27,0,693.4,1
148627,4213,65.71,39,1,1056.1,1
148654,4214,41.61,27,0,729.4,1
148684,4215,37.72,30,0,671.9,1
148719,4216,54.51,35,0,921.6,1
148752,4217,38.17,33,1,648.7,1
148800,4218,66.98,48,1,1077.1,1
148827,4219,36.17,27,0,650.2,1
148857,4220,43.47,30,0,758.4,1
148884,4221,34.92,27,0,630.5,1
148923,4222,58.23,39,0,975.0,1
148950,4223,38.90,27,0,689.4,1
148983,4224,34.93,33,1,601.1,1
149010,4225,25.86,27,0,497.3,1
149048,4226,42.02,38,0,735.5,1
149088,4227,67.09,40,1,1077.2,1
149117,4228,31.98,29,0,586.2,1
149147,4229,40.68,30,0,716.3,1
149176,4230,36.37,29,0,651.0,1
149205,4231,39.72,29,0,702.0,1
149227,4232,30.81,22,0,570.4,1
149266,4233,67.63,39,1,1084.6,1
149289,4234,29.09,23,0,544.9,1
149312,4235,28.88,23,1,512.4,1
149342,4236,34.26,30,0,621.3,1
149378,4237,40.80,36,0,719.0,1
149406,4238,30.43,28,0,563.3,1
149434,4239,25.09,28,0,486.1,1
149465,4240,48.26,31,0,828.3,1
149492,4241,39.92,27,0,705.6,1
149519,4242,28.80,27,0,540.3,1
149546,4243,36.79,27,0,658.3,1
149576,4244,32.08,30,0,589.1,1
149606,4245,37.27,30,0,665.2,1
149643,4246,58.25,37,0,976.0,1
149677,4247,29.90,34,1,526.4,1
149707,4248,41.12,30,0,723.4,1
149745,4249,52.95,38,0,898.4,1
149772,4250,40.34,27,0,710.6,1
149811,4251,55.24,39,1,901.3,1
149838,4252,38.13,27,0,678.0,1
149863,4253,29.04,25,0,544.3,1
149888,4254,26.63,25,0,510.7,1
149915,4255,29.20,27,0,546.6,1
149938,4256,28.17,23,0,531.5,1
149976,4257,29.46,38,1,524.1,1
150003,4258,43.44,27,0,757.0,1
150030,4259,34.08,27,1,590.3,1
150069,4260,59.85,39,1,969.4,1
150098,4261,33.33,29,0,607.3,1
150137,4262,44.56,39,0,773.9,1
150168,4263,38.43,31,0,682.4,1
150208,4264,60.20,40,2,946.5,1
150238,4265,44.23,30,0,768.1,1
150274,4266,51.45,36,0,876.4,1
150303,4267,31.26,29,0,577.9,1
150332,4268,34.68,29,0,626.1,1
150359,4269,41.61,27,0,729.4,1
150404,4270,74.06,45,1,1180.9,1
150449,4271,68.97,45,1,1104.7,1
150480,4272,42.11,31,0,736.8,1
150513,4273,45.17,33,0,785.0,1
150540,4274,33.75,27,0,615.9,1
150565,4275,34.76,25,0,627.9,1
150594,4276,42.50,29,0,743.4,1
150616,4277,26.18,22,0,503.1,1
150641,4278,32.32,25,0,592.8,1
150665,4279,27.94,24,0,527.9,1
150692,4280,41.05,27,0,721.5,1
150721,4281,31.40,29,0,577.7,1
150762,4282,72.13,41,1,1150.0,1
150807,4283,66.53,45,2,1038.6,1
150830,4284,14.77,23,0,336.1,1
150861,4285,41.42,31,0,727.5,1
150889,4286,31.66,28,0,582.9,1
150917,4287,42.93,28,0,748.1,1
150956,4288,61.70,39,0,1027.2,1
150995,4289,62.52,39,2,979.1,1
151020,4290,33.63,25,0,612.1,1
151050,4291,42.93,30,1,720.3,1
151097,4292,63.90,47,1,1033.7,1
151127,4293,30.32,30,0,565.2,1
151152,4294,32.98,25,0,604.2,1
151189,4295,55.15,37,0,929.5,1
151219,4296,46.37,30,0,799.8,1
151259,4297,66.93,40,1,1073.1,1
151295,4298,37.39,36,0,667.6,1
151332,4299,36.08,37,1,620.1,1
151374,4300,59.58,42,1,966.0,1
151401,4301,40.02,27,0,706.5,1
151424,4302,30.61,23,0,568.1,1
151451,4303,44.07,27,0,766.1,1
151478,4304,35.88,27,0,645.3,1
151523,4305,76.47,45,1,1216.8,1
151550,4306,36.58,27,0,655.1,1
151575,4307,45.21,25,1,754.0,1
151602,4308,46.34,27,0,799.3,1
151633,4309,38.67,31,0,685.6,1
151678,4310,58.55,45,1,950.5,1
151710,4311,44.18,32,1,738.4,1
151736,4312,31.50,26,0,582.1,1
151763,4313,40.53,27,0,713.4,1
151794,4314,35.55,31,0,638.9,1
151833,4315,45.83,39,1,761.3,1
151862,4316,38.23,29,0,679.1,1
151906,4317,58.83,44,1,956.3,1
151935,4318,31.37,29,0,579.6,1
151972,4319,53.66,37,0,906.6,1
152002,4320,43.39,30,0,756.9,1
152029,4321,45.40,27,0,785.4,1
152067,4322,58.82,38,1,956.0,1
152094,4323,35.46,27,0,638.5,1
152124,4324,40.81,30,0,718.8,1
152151,4325,35.26,27,0,636.2,1
152178,4326,28.11,27,0,531.4,1
152206,4327,25.78,28,1,470.4,1
152236,4328,43.42,30,0,756.8,1
152258,4329,26.76,22,0,511.1,1
152295,4330,57.98,37,0,971.9,1
152331,4331,58.50,36,1,951.8,1
152362,4332,44.61,31,0,772.9,1
152385,4333,26.80,23,0,510.3,1
152422,4334,58.97,37,1,960.2,1
152469,4335,53.39,47,2,845.0,1
152502,4336,46.24,33,0,796.9,1
152531,4337,39.15,29,0,696.3,1
152563,4338,46.01,32,0,797.0,1
152606,4339,57.54,43,0,964.8,1
152636,4340,32.01,30,0,588.1,1
152665,4341,33.32,29,0,606.0,1
152692,4342,45.30,27,0,783.9,1
152723,4343,36.45,31,0,655.2,1
152768,4344,69.29,45,0,1137.6,1
152808,4345,56.68,40,1,922.5,1
152857,4346,55.15,49,1,914.9,1
152887,4347,37.45,30,0,668.0,1
152914,4348,31.48,27,0,581.5,1
152964,4349,61.58,50,1,995.9,1
152993,4350,31.63,29,0,581.1,1
153022,4351,45.78,29,0,791.7,1
153052,4352,40.95,30,0,719.7,1
153075,4353,33.81,23,0,614.1,1
153105,4354,35.77,30,0,643.1,1
153127,4355,26.12,22,0,502.9,1
153159,4356,42.83,32,0,748.4,1
153189,4357,35.67,30,0,643.4,1
153219,4358,41.90,30,0,733.7,1
153253,4359,36.78,34,0,660.4,1
153282,4360,24.13,29,0,471.7,1
153325,4361,68.65,43,2,1071.7,1
153350,4362,34.91,25,1,602.0,1
153383,4363,31.81,33,1,554.1,1
153427,4364,51.07,44,1,839.4,1
153463,4365,57.82,36,0,969.5,1
153495,4366,26.16,32,0,509.4,1
153538,4367,38.36,43,1,652.1,1
153565,4368,37.44,27,0,667.8,1
153604,4369,55.05,39,1,898.5,1
153631,4370,31.96,27,0,586.8,1
153654,4371,25.76,23,0,495.7,1
153693,4372,43.72,39,0,759.6,1
153734,4373,40.94,41,0,721.6,1
153770,4374,65.39,36,1,1053.7,1
153794,4375,31.90,24,0,587.5,1
153826,4376,40.35,32,0,711.1,1
153853,4377,35.37,27,0,637.3,1
153884,4378,29.55,31,0,552.0,1
153912,4379,38.62,28,0,685.8,1
153960,4380,73.29,48,2,1138.5,1
154009,4381,154.03,49,1,1276.9,0
154036,4382,27.84,27,0,525.9,1
154064,4383,34.46,28,0,625.2,1
154093,4384,45.20,29,0,781.6,1
154123,4385,30.26,30,2,503.1,1
154150,4386,40.71,27,0,717.2,1
154178,4387,29.53,28,0,551.4,1
154200,4388,34.93,22,0,631.6,1
154230,4389,30.41,30,0,563.9,1
154273,4390,78.30,43,1,1242.6,1
154314,4391,41.26,41,0,725.1,1
154343,4392,53.96,29,1,882.4,1
154374,4393,41.35,31,1,695.8,1
154406,4394,27.65,32,0,526.1,1
154436,4395,39.49,30,0,698.1,1
154463,4396,26.56,27,0,508.7,1
154499,4397,42.56,36,0,744.3,1
154526,4398,43.02,27,0,750.2,1
154555,4399,32.19,29,0,589.3,1
154588,4400,33.18,33,1,576.2,1
154622,4401,36.84,34,0,659.9,1
154654,4402,42.96,32,1,719.5,1
154681,4403,36.11,27,0,648.7,1
154718,4404,45.67,37,1,762.0,1
154752,4405,46.84,34,1,778.1,1
154782,4406,45.80,30,0,791.3,1
154816,4407,63.35,34,1,1020.2,1
154857,4408,51.60,41,0,877.9,1
154879,4409,21.19,22,0,427.4,1
154920,4410,63.39,41,0,1053.1,1
154970,4411,63.74,50,1,1026.9,1
155016,4412,65.16,46,1,1048.5,1
155046,4413,38.86,30,0,689.3,1
155076,4414,40.98,30,0,720.1,1
155103,4415,39.11,27,0,692.5,1
155134,4416,26.51,31,0,508.1,1
155161,4417,31.70,27,0,583.6,1
155197,4418,44.69,36,0,777.3,1
155220,4419,33.45,23,0,610.0,1
155247,4420,31.89,27,0,585.8,1
155281,4421,31.85,34,1,556.5,1
155308,4422,43.67,27,0,759.8,1
155335,4423,36.88,27,0,660.0,1
155369,4424,40.26,34,0,710.4,1
155396,4425,43.47,27,0,757.5,1
155423,4426,36.79,27,0,658.8,1
155449,4427,35.30,26,0,635.3,1
155468,4428,16.60,19,0,358.9,1
155493,4429,35.54,25,0,638.9,1
155528,4430,37.06,35,1,632.9,1
155572,4431,68.29,44,1,1093.3,1
155599,4432,34.05,27,0,617.6,1
155621,4433,28.66,22,0,538.1,1
155648,4434,34.52,27,0,625.3,1
155676,4435,38.31,28,1,652.2,1
155717,4436,70.98,41,0,1162.6,1
155745,4437,31.65,28,0,581.3,1
155772,4438,40.75,27,0,717.2,1
155799,4439,37.53,27,0,669.2,1
155820,4440,24.40,21,0,476.5,1
155835,4441,16.03,15,0,350.6,1
155896,4442,154.12,61,1,1277.1,0
155923,4443,41.99,27,1,707.2,1
155953,4444,35.70,30,0,642.1,1
156006,4445,154.02,53,1,1275.9,0
156033,4446,37.52,27,0,669.5,1
156060,4447,39.92,27,0,705.1,1
156090,4448,40.59,30,0,715.5,1
156115,4449,24.08,25,0,473.4,1
156146,4450,39.32,31,0,697.0,1
156179,4451,32.21,33,1,563.7,1
156204,4452,34.53,25,1,595.9,1
156260,4453,154.24,56,1,1275.9,0
156293,4454,34.84,33,0,632.6,1
156323,4455,44.18,30,0,767.4,1
156360,4456,35.41,37,0,639.3,1
156390,4457,27.22,30,0,517.7,1
156432,4458,53.97,42,1,883.2,1
156472,4459,63.24,40,1,1022.4,1
156502,4460,45.86,30,0,792.7,1
156525,4461,28.95,23,0,542.1,1
156553,4462,44.45,28,0,774.1,1
156580,4463,38.90,27,0,690.0,1
156620,4464,52.93,40,1,869.2,1
156647,4465,44.99,27,0,779.4,1
156685,4466,49.32,38,0,843.4,1
156718,4467,33.66,33,1,585.6,1
156741,4468,30.16,23,0,560.9,1
156771,4469,35.10,30,0,637.1,1
156826,4470,158.32,55,3,1281.2,0
156870,4471,61.01,44,2,957.9,1
156897,4472,43.96,27,0,764.2,1
156927,4473,38.97,30,0,692.4,1
156962,4474,58.87,35,0,985.4,1
157001,4475,53.61,39,1,877.2,1
157023,4476,26.36,22,0,504.7,1
157050,4477,37.15,27,0,664.1,1
157072,4478,35.78,22,0,645.0,1
157111,4479,45.81,39,0,793.6,1
157134,4480,28.51,23,0,536.5,1
157179,4481,57.60,45,1,938.6,1
157206,4482,43.96,27,0,764.2,1
157248,4483,57.29,42,1,931.1,1
157275,4484,28.18,27,1,501.4,1
157302,4485,43.96,27,0,764.2,1
157351,4486,156.19,49,2,1277.5,0
157385,4487,49.80,34,0,849.6,1
157417,4488,45.68,32,0,790.7,1
157444,4489,41.64,27,0,730.5,1
157469,4490,30.40,25,0,565.0,1
157499,4491,31.08,30,0,572.9,1
157526,4492,35.49,27,0,639.6,1
157556,4493,37.77,30,0,672.6,1
157594,4494,37.70,38,1,642.0,1
157629,4495,44.12,35,0,766.2,1
157661,4496,49.44,32,1,816.2,1
157700,4497,69.64,39,1,1114.1,1
157738,4498,57.68,38,0,969.8,1
157768,4499,51.19,30,0,870.9,1
157798,4500,42.80,30,0,747.0,1
157844,4501,58.17,46,1,945.5,1
157880,4502,52.29,36,1,859.2,1
157907,4503,29.93,27,0,557.4,1
157935,4504,33.00,28,0,602.8,1
157965,4505,33.18,30,0,605.4,1
157995,4506,47.32,30,0,813.9,1
158031,4507,42.14,36,0,739.0,1
158060,4508,34.71,29,0,626.6,1
158087,4509,44.17,27,0,767.2,1
158117,4510,44.56,30,0,773.0,1
158145,4511,36.58,28,0,654.1,1
158188,4512,67.43,43,1,1081.3,1
158215,4513,41.20,27,0,724.0,1
158242,4514,33.25,27,0,606.5,1
158281,4515,58.67,39,1,951.1,1
158316,4516,38.87,35,1,661.1,1
158358,4517,64.67,42,0,1072.9,1
158394,4518,36.48,36,0,655.1,1
158420,4519,36.65,26,0,655.2,1
158447,4520,34.22,27,0,621.4,1
158492,4521,63.19,45,0,1049.7,1
158522,4522,46.55,30,0,802.4,1
158549,4523,40.33,27,0,710.5,1
158580,4524,37.88,31,0,674.2,1
158611,4525,52.77,31,0,894.4,1
158652,4526,67.36,41,0,1109.1,1
158677,4527,33.02,25,0,602.5,1
158706,4528,32.19,29,0,591.1,1
158733,4529,36.40,27,0,653.0,1
158760,4530,30.14,27,0,561.1,1
158810,4531,74.57,50,2,1156.5,1
158840,4532,34.42,30,0,623.2,1
158859,4533,18.27,19,0,383.5,1
158891,4534,31.12,32,1,544.6,1
158925,4535,47.93,34,1,793.8,1
158951,4536,38.68,26,0,685.9,1
158985,4537,66.47,34,1,1067.0,1
159026,4538,61.75,41,0,1026.2,1
159057,4539,35.20,31,0,634.7,1
159091,4540,31.43,34,2,519.6,1
159146,4541,69.13,55,2,1080.8,1
159183,4542,51.65,37,1,847.3,1
159210,4543,30.88,27,0,570.8,1
159239,4544,40.95,29,0,719.9,1
159269,4545,44.07,30,0,765.5,1
159296,4546,37.31,27,0,665.9,1
159328,4547,22.22,32,0,449.2,1
159358,4548,32.00,30,0,588.0,1
159381,4549,26.95,23,0,511.9,1
159408,4550,46.16,27,0,796.6,1
159442,4551,55.22,34,1,902.4,1
159478,4552,65.46,36,2,1023.6,1
159521,4553,60.17,43,1,974.7,1
159552,4554,37.32,31,1,637.3,1
159579,4555,45.38,27,0,785.7,1
159606,4556,40.22,27,0,708.8,1
159639,4557,41.32,33,0,727.5,1
159680,4558,44.03,41,1,738.3,1
159710,4559,32.39,30,0,593.7,1
159732,4560,30.11,22,0,560.0,1
159759,4561,40.28,27,0,710.4,1
159795,4562,53.11,36,0,900.8,1
159822,4563,39.96,27,0,706.2,1
159850,4564,32.71,28,0,597.0,1
159875,4565,27.99,25,0,528.7,1
159906,4566,53.27,31,1,873.1,1
159938,4567,48.29,32,0,829.0,1
159965,4568,40.75,27,0,718.8,1
159990,4569,31.56,25,0,581.4,1
160019,4570,46.67,29,1,774.3,1
160061,4571,73.36,42,0,1198.6,1
160088,4572,39.82,27,0,703.5,1
160119,4573,35.52,31,1,611.3,1
160143,4574,25.73,24,0,496.0,1
160191,4575,56.45,48,1,918.2,1
160218,4576,32.10,27,0,588.8,1
160247,4577,28.82,29,0,541.9,1
160275,4578,43.45,28,1,728.0,1
160300,4579,28.81,25,0,540.8,1
160327,4580,41.52,27,0,728.1,1
160351,4581,24.91,24,0,483.5,1
160378,4582,42.53,27,0,743.6,1
160405,4583,32.94,27,0,601.9,1
160427,4584,28.98,22,0,542.7,1
160454,4585,36.45,27,0,653.8,1
160498,4586,154.14,44,1,1277.4,0
160537,4587,41.97,39,0,735.7,1
160564,4588,31.80,27,0,585.0,1
160590,4589,35.05,26,0,631.5,1
160629,4590,43.12,39,0,752.6,1
160658,4591,38.23,29,0,681.0,1
160687,4592,38.04,29,0,677.3,1
160724,4593,43.08,37,1,722.1,1
160747,4594,26.54,23,1,480.1,1
160774,4595,42.26,27,0,739.1,1
160818,4596,63.81,44,0,1057.5,1
160845,4597,39.62,27,0,700.0,1
160879,4598,54.83,34,1,896.4,1
160920,4599,55.19,41,1,902.9,1
160950,4600,46.40,30,0,800.8,1
160995,4601,68.56,45,1,1098.5,1
161025,4602,31.96,30,0,586.8,1
161054,4603,33.93,29,1,587.3,1
161092,4604,30.10,38,0,562.3,1
161121,4605,45.96,29,1,765.3,1
161160,4606,35.96,39,1,617.2,1
161192,4607,54.24,32,0,917.6,1
161219,4608,43.96,27,0,764.2,1
161248,4609,32.53,29,0,594.3,1
161275,4610,43.41,27,0,756.0,1
161305,4611,37.80,30,0,677.5,1
161340,4612,37.07,35,1,634.0,1
161370,4613,36.47,30,0,654.9,1
161409,4614,56.15,39,0,943.4,1
161449,4615,51.81,40,1,850.3,1
161474,4616,28.57,25,0,535.8,1
161501,4617,42.66,27,0,745.0,1
161528,4618,35.41,27,0,637.8,1
161558,4619,43.71,30,0,761.0,1
161594,4620,44.27,36,0,770.5,1
161636,4621,52.32,42,1,858.7,1
161660,4622,25.78,24,0,496.6,1
161687,4623,31.53,27,0,580.4,1
161714,4624,39.48,27,0,698.5,1
161744,4625,39.80,30,0,702.7,1
161777,4626,54.70,33,1,894.7,1
161797,4627,20.34,20,0,416.6,1
161826,4628,47.10,29,1,780.6,1
161865,4629,53.52,39,1,876.2,1
161904,4630,53.36,39,1,874.1,1
161936,4631,32.82,32,0,599.4,1
161985,4632,154.12,49,1,1278.6,0
162019,4633,25.22,34,0,491.0,1
162062,4634,53.11,43,1,870.6,1
162092,4635,48.69,30,0,834.0,1
162127,4636,59.48,35,0,994.4,1
162155,4637,31.09,28,2,515.2,1
162175,4638,17.39,20,1,341.9,1
162206,4639,32.63,31,0,596.4,1
162233,4640,36.10,27,0,648.1,1
162271,4641,54.90,38,0,927.3,1
162311,4642,66.63,40,0,1102.5,1
162345,4643,33.31,34,1,576.3,1
162368,4644,24.93,23,0,483.5,1
162395,4645,41.95,27,0,734.4,1
162422,4646,38.18,27,0,679.3,1
162452,4647,45.79,30,0,791.1,1
162482,4648,29.62,30,0,556.1,1
162523,4649,60.67,41,1,981.5,1
162551,4650,41.27,28,0,725.0,1
162578,4651,46.47,27,0,801.2,1
162603,4652,23.62,25,0,463.3,1
162632,4653,30.20,29,0,559.9,1
162678,4654,154.24,46,1,1277.6,0
162707,4655,27.11,29,1,486.2,1
162753,4656,53.59,46,1,880.1,1
162782,4657,34.59,29,0,624.7,1
162825,4658,57.02,43,0,956.3,1
162862,4659,66.11,37,2,1032.7,1
162905,4660,61.77,43,1,998.7,1
162934,4661,42.84,29,0,748.5,1
162968,4662,38.42,34,0,682.3,1
162988,4663,23.51,20,0,461.0,1
163023,4664,53.89,35,0,911.8,1
163054,4665,38.98,31,0,693.8,1
163097,4666,154.83,43,1,1284.0,0
163127,4667,43.48,30,0,757.7,1
163154,4668,40.73,27,0,717.0,1
163183,4669,44.94,29,0,778.6,1
163222,4670,52.99,39,0,900.5,1
163249,4671,40.80,27,0,718.1,1
163280,4672,32.22,31,0,591.9,1
163311,4673,39.53,31,0,701.3,1
163338,4674,41.96,27,0,734.6,1
163371,4675,33.03,33,2,546.7,1
163393,4676,26.07,22,0,499.7,1
163438,4677,64.85,45,1,1043.3,1
163463,4678,30.33,25,0,565.1,1
163490,4679,34.85,27,0,629.5,1
163538,4680,55.20,48,1,901.3,1
163569,4681,39.88,31,0,703.5,1
163601,4682,41.05,32,0,720.2,1
163641,4683,59.78,40,0,999.4,1
163666,4684,30.76,25,1,540.1,1
163696,4685,36.07,30,0,647.6,1
163732,4686,49.21,36,1,812.8,1
163765,4687,42.05,33,1,709.5,1
163795,4688,33.68,30,0,612.2,1
163823,4689,29.47,28,1,521.9,1
163866,4690,154.54,43,1,1276.2,0
163902,4691,48.05,36,0,826.7,1
163938,4692,39.28,36,0,696.8,1
163967,4693,31.69,29,0,583.7,1
163995,4694,32.36,28,0,592.5,1
164022,4695,44.90,27,0,778.1,1
164050,4696,31.21,28,0,575.5,1
164089,4697,56.69,39,1,922.7,1
164133,4698,76.90,44,1,1221.9,1
164170,4699,41.63,37,1,703.1,1
164198,4700,32.13,28,0,589.8,1
164225,4701,38.69,27,0,686.9,1
164257,4702,49.12,32,0,839.6,1
164288,4703,42.99,31,0,753.1,1
164327,4704,67.58,39,0,1114.1,1
164376,4705,70.45,49,2,1096.5,1
164404,4706,30.58,28,0,567.0,1
164440,4707,35.02,36,0,631.1,1
164474,4708,43.02,34,0,750.8,1
164501,4709,34.44,27,1,593.0,1
164531,4710,46.20,30,0,797.9,1
164558,4711,41.40,27,0,726.4,1
164585,4712,42.53,27,0,743.6,1
164617,4713,35.29,32,1,606.5,1
164644,4714,43.65,27,0,760.5,1
164674,4715,39.95,30,0,705.5,1
164704,4716,46.79,30,0,805.1,1
164731,4717,40.33,27,0,710.5,1
164761,4718,38.06,30,0,678.7,1
164790,4719,35.08,29,0,633.1,1
164821,4720,48.40,31,0,828.9,1
164857,4721,35.18,36,1,606.4,1
164886,4722,40.56,29,0,715.3,1
164913,4723,39.86,27,0,703.5,1
164940,4724,41.52,27,0,728.1,1
164990,4725,61.67,50,1,999.5,1
165023,4726,29.43,33,1,521.9,1
165046,4727,17.74,23,0,379.1,1
165076,4728,39.13,30,0,693.4,1
165103,4729,31.94,27,0,587.0,1
165133,4730,37.23,30,0,665.3,1
165160,4731,37.82,27,1,644.4,1
165190,4732,45.33,30,0,785.6,1
165217,4733,43.02,27,0,750.2,1
165266,4734,154.12,49,1,1276.2,0
165293,4735,36.51,27,0,654.1,1
165323,4736,47.71,30,0,822.1,1
165346,4737,25.61,23,0,493.5,1
165387,4738,60.56,41,0,1011.2,1
165417,4739,33.15,30,0,604.4,1
165449,4740,51.38,32,2,817.6,1
165483,4741,37.92,34,0,674.0,1
165506,4742,25.09,23,0,486.5,1
165537,4743,44.25,31,1,740.7,1
165568,4744,34.05,31,1,588.7,1
165604,4745,48.58,36,1,803.1,1
165644,4746,66.54,40,1,1067.5,1
165684,4747,64.21,40,0,1063.1,1
165714,4748,41.99,30,0,735.0,1
165752,4749,65.46,38,1,1052.3,1
165782,4750,47.89,30,0,822.9,1
165809,4751,33.14,27,0,604.8,1
165858,4752,154.43,49,1,1278.7,0
165905,4753,71.05,47,1,1134.0,1
165940,4754,57.20,35,0,960.8,1
165969,4755,36.17,29,0,650.2,1
165996,4756,30.13,27,0,559.7,1
166023,4757,41.67,27,0,730.2,1
166069,4758,152.68,46,0,1280.1,0
166096,4759,41.59,27,0,729.1,1
166122,4760,35.36,26,0,639.4,1
166152,4761,41.60,30,0,729.3,1
166189,4762,68.91,37,1,1103.4,1
166222,4763,43.57,33,0,760.7,1
166249,4764,43.15,27,0,752.1,1
166275,4765,27.13,26,0,516.6,1
166302,4766,31.88,27,0,586.2,1
166332,4767,41.65,30,0,730.9,1
166362,4768,45.72,30,1,762.4,1
166390,4769,33.61,28,0,610.3,1
166427,4770,53.08,37,0,900.3,1
166476,4771,154.37,49,1,1276.4,0
166499,4772,32.33,23,0,593.5,1
166526,4773,37.44,27,0,668.4,1
166550,4774,25.02,24,0,486.0,1
166595,4775,73.93,45,0,1206.1,1
166645,4776,61.25,50,1,993.3,1
166671,4777,28.27,26,0,532.9,1
166702,4778,38.11,31,0,680.9,1
166737,4779,31.27,35,0,575.7,1
166776,4780,56.74,39,1,922.5,1
166788,4781,10.50,12,0,268.7,1
166816,4782,37.44,28,0,668.7,1
166847,4783,28.82,31,0,541.3,1
166873,4784,24.82,26,0,482.8,1
166916,4785,47.49,43,1,788.0,1
166946,4786,32.02,30,0,588.2,1
166976,4787,37.33,30,0,666.1,1
166998,4788,29.82,22,1,528.0,1
167034,4789,35.81,36,0,643.4,1
167072,4790,49.17,38,0,841.2,1
167102,4791,44.29,30,0,769.0,1
167138,4792,59.72,36,2,939.8,1
167181,4793,65.04,43,1,1047.8,1
167208,4794,35.09,27,0,633.1,1
167233,4795,38.94,25,0,691.5,1
167263,4796,46.55,30,0,802.4,1
167297,4797,45.17,34,0,782.0,1
167326,4798,29.25,29,0,546.7,1
167356,4799,34.28,30,0,621.1,1
167394,4800,65.07,38,1,1046.3,1
167423,4801,31.56,29,0,580.1,1
167465,4802,147.56,42,1,1280.4,1
167492,4803,41.32,27,0,725.1,1
167517,4804,33.66,25,1,583.0,1
167552,4805,34.61,35,0,625.7,1
167574,4806,21.91,22,0,439.2,1
167608,4807,35.18,34,0,634.1,1
167651,4808,66.07,43,1,1060.4,1
167682,4809,48.21,31,0,826.1,1
167711,4810,31.29,29,0,576.6,1
167740,4811,31.86,29,0,587.1,1
167770,4812,36.37,30,0,651.9,1
167803,4813,23.69,33,0,467.8,1
167832,4814,39.10,29,0,692.3,1
167859,4815,43.67,27,0,759.8,1
167898,4816,62.23,39,0,1035.0,1
167910,4817,8.79,12,0,244.4,1
167953,4818,43.08,43,1,723.4,1
167976,4819,23.32,23,0,460.8,1
168005,4820,32.20,29,0,589.5,1
168039,4821,57.41,34,0,962.9,1
168066,4822,38.14,27,0,678.1,1
168099,4823,36.71,33,0,656.7,1
168124,4824,26.97,25,0,513.0,1
168150,4825,34.46,26,1,596.6,1
168183,4826,29.89,33,1,529.3,1
168227,4827,154.35,44,1,1276.5,0
168254,4828,45.10,27,0,780.9,1
168295,4829,48.95,41,0,839.6,1
168322,4830,26.26,27,0,502.5,1
168357,4831,45.72,35,1,761.7,1
168395,4832,67.95,38,0,1122.0,1
168422,4833,36.24,27,0,650.0,1
168452,4834,31.74,30,0,582.6,1
168485,4835,38.01,33,0,677.0,1
168512,4836,32.87,27,0,600.3,1
168542,4837,42.10,30,0,736.7,1
168575,4838,50.63,33,1,833.1,1
168606,4839,45.30,31,0,784.5,1
168639,4840,48.55,33,1,805.7,1
168668,4841,26.62,29,0,510.3,1
168692,4842,22.15,24,1,416.1,1
168719,4843,42.75,27,0,746.6,1
168746,4844,37.85,27,0,673.8,1
168769,4845,28.27,23,0,533.4,1
168806,4846,65.70,37,0,1085.2,1
168833,4847,34.78,27,0,628.1,1
168860,4848,41.45,27,0,728.2,1
168890,4849,41.30,30,0,726.0,1
168917,4850,42.53,27,0,743.6,1
168958,4851,60.11,41,1,972.3,1
168987,4852,32.66,29,0,596.9,1
169014,4853,41.17,27,0,722.9,1
169046,4854,51.52,32,0,877.6,1
169075,4855,38.25,29,0,678.9,1
169108,4856,55.34,33,0,932.9,1
169138,4857,37.93,30,0,675.6,1
169173,4858,58.04,35,0,973.1,1
169200,4859,44.39,27,0,770.5,1
169227,4860,44.68,27,0,774.8,1
169259,4861,34.52,32,1,594.7,1
169286,4862,40.58,27,0,714.2,1
169322,4863,53.16,36,1,871.4,1
169349,4864,28.93,27,0,542.0,1
169373,4865,23.24,24,1,428.1,1
169403,4866,38.62,30,0,685.2,1
169435,4867,40.63,32,0,714.9,1
169470,4868,54.07,35,0,913.2,1
169505,4869,51.25,35,1,842.4,1
169535,4870,40.35,30,0,711.4,1
169575,4871,45.26,40,0,783.3,1
169600,4872,25.55,25,0,493.3,1
169646,4873,62.17,46,1,1005.5,1
169674,4874,34.61,28,1,597.0,1
169702,4875,48.53,28,0,832.6,1
169734,4876,60.23,32,0,1005.4,1
169769,4877,37.87,35,1,643.7,1
169796,4878,39.58,27,0,699.3,1
169819,4879,34.29,23,0,621.9,1
169847,4880,33.19,28,0,605.2,1
169888,4881,60.20,41,0,1005.9,1
169914,4882,39.89,26,0,706.6,1
169941,4883,39.55,27,0,699.0,1
169992,4884,66.88,51,1,1073.0,1
170022,4885,44.95,30,0,778.8,1
170049,4886,46.06,27,0,795.7,1
170078,4887,32.67,29,0,598.7,1
170107,4888,30.80,29,0,569.4,1
170132,4889,29.51,25,0,551.2,1
170161,4890,37.45,29,0,667.7,1
170190,4891,41.97,29,0,736.2,1
170213,4892,34.29,23,0,621.9,1
170242,4893,42.78,29,0,745.8,1
170271,4894,34.66,29,1,597.5,1
170298,4895,34.41,27,0,623.1,1
170329,4896,56.06,31,1,914.8,1
170356,4897,30.96,27,0,572.0,1
170386,4898,39.08,30,0,692.0,1
170415,4899,34.73,29,0,626.8,1
170440,4900,36.33,25,1,623.1,1
170475,4901,62.02,35,0,1032.5,1
170508,4902,27.11,33,1,488.2,1
170541,4903,44.85,33,0,776.4,1
170572,4904,48.31,31,1,798.0,1
170604,4905,40.65,32,0,716.1,1
170643,4906,55.51,39,1,905.2,1
170675,4907,49.42,32,0,845.4,1
170702,4908,47.34,27,0,814.0,1
170729,4909,44.63,27,0,774.1,1
170761,4910,38.27,32,1,651.7,1
170797,4911,64.09,36,1,1031.2,1
170824,4912,31.75,27,0,583.6,1
170872,4913,63.20,48,1,1020.4,1
170906,4914,32.21,34,1,561.8,1
170948,4915,66.47,42,0,1098.5,1
170975,4916,35.88,27,0,644.7,1
171004,4917,39.36,29,0,695.9,1
171038,4918,31.21,34,0,575.5,1
171064,4919,34.81,26,0,628.6,1
171114,4920,154.40,50,1,1279.4,0
171141,4921,44.68,27,0,774.8,1
171168,4922,31.53,27,0,581.0,1
171191,4923,27.74,23,0,525.6,1
171218,4924,26.16,27,1,471.2,1
171245,4925,45.50,27,0,787.5,1
171285,4926,40.28,40,0,709.8,1
171323,4927,45.25,38,0,782.4,1
171364,4928,73.12,41,1,1166.3,1
171392,4929,34.16,28,0,619.7,1
171443,4930,64.13,51,1,1035.6,1
171466,4931,33.05,23,0,602.6,1
171513,4932,80.01,47,1,1268.0,1
171541,4933,38.08,28,0,678.1,1
171577,4934,34.14,36,0,619.9,1
171611,4935,38.00,34,0,677.0,1
171641,4936,43.96,30,0,764.7,1
171676,4937,41.26,35,0,726.7,1
171721,4938,58.00,45,2,912.2,1
171748,4939,43.77,27,0,761.4,1
171775,4940,41.11,27,0,722.0,1
171804,4941,36.88,29,0,660.1,1
171826,4942,35.65,22,0,640.4,1
171854,4943,41.87,28,0,732.4,1
171881,4944,27.41,27,0,520.4,1
171908,4945,35.63,27,0,641.0,1
171939,4946,35.43,31,0,641.4,1
171971,4947,52.46,32,1,860.7,1
172001,4948,36.87,30,0,659.1,1
172029,4949,39.21,28,1,665.0,1
172056,4950,43.96,27,0,764.2,1
172095,4951,71.35,39,0,1170.3,1
172119,4952,23.78,24,0,465.6,1
172146,4953,42.96,27,0,749.3,1
172185,4954,57.09,39,1,930.4,1
172234,4955,72.22,49,1,1151.3,1
172261,4956,35.96,27,0,645.9,1
172289,4957,35.55,28,0,641.6,1
172316,4958,41.94,27,0,734.2,1
172349,4959,29.58,33,0,553.6,1
172403,4960,61.85,54,1,1002.2,1
172430,4961,43.96,27,0,764.2,1
172457,4962,31.99,27,0,587.2,1
172480,4963,36.70,23,0,656.0,1
172507,4964,38.50,27,0,684.0,1
172534,4965,41.96,27,0,734.6,1
172564,4966,44.67,30,0,775.2,1
172588,4967,29.37,24,0,550.1,1
172618,4968,31.61,30,0,581.6,1
172645,4969,43.08,27,0,751.1,1
172672,4970,30.68,27,0,567.9,1
172708,4971,28.57,36,1,507.4,1
172737,4972,40.61,29,0,715.6,1
172764,4973,39.67,27,0,700.8,1
172802,4974,69.46,38,0,1142.4,1
172829,4975,41.01,27,0,720.5,1
172862,4976,31.68,33,0,581.7,1
172904,4977,49.46,42,1,818.0,1
172931,4978,34.22,27,0,619.3,1
172959,4979,33.89,28,0,615.9,1
172989,4980,39.12,30,0,692.6,1
173022,4981,56.58,33,1,923.5,1
173049,4982,43.96,27,0,764.2,1
173074,4983,37.97,25,0,675.6,1
173103,4984,33.01,29,0,601.5,1
173134,4985,31.17,31,0,575.7,1
173173,4986,45.84,39,0,792.8,1
173203,4987,31.42,30,0,578.9,1
173245,4988,64.43,42,0,1068.2,1
173272,4989,39.50,27,0,698.3,1
173302,4990,35.62,30,0,640.6,1
173329,4991,42.51,27,0,743.3,1
173356,4992,45.49,27,0,786.8,1
173388,4993,54.21,32,0,916.6,1
173413,4994,39.36,25,1,665.7,1
173443,4995,33.70,30,0,613.1,1
173470,4996,43.50,27,0,757.4,1
173497,4997,41.61,27,0,729.4,1
173524,4998,34.12,27,0,618.4,1
173547,4999,26.89,23,0,512.5,1
173596,5000,61.39,49,0,1021.4,1
173623,5001,39.69,27,0,701.1,1
173650,5002,38.82,27,0,689.4,1
173682,5003,35.76,32,1,612.5,1
173716,5004,34.41,34,0,623.6,1
173739,5005,23.07,23,0,457.7,1
173770,5006,38.27,31,0,679.1,1
173799,5007,40.02,29,0,705.0,1
173829,5008,32.64,30,0,595.9,1
173856,5009,44.40,27,0,770.6,1
173905,5010,78.94,49,1,1250.7,1
173933,5011,42.34,28,0,740.2,1
173969,5012,45.74,36,1,759.9,1
174009,5013,64.50,40,1,1039.7,1
174047,5014,38.79,38,0,689.3,1
174074,5015,34.49,27,0,624.1,1
174110,5016,37.34,36,0,667.7,1
174143,5017,31.07,33,1,547.4,1
174178,5018,53.01,35,1,871.0,1
174207,5019,35.27,29,0,636.6,1
174242,5020,52.51,35,1,865.3,1
174272,5021,36.21,30,0,649.6,1
174310,5022,47.16,38,0,811.5,1
174337,5023,28.58,27,0,536.9,1
174363,5024,37.53,26,0,668.8,1
174399,5025,53.66,36,0,907.7,1
174429,5026,43.74,30,0,760.8,1
174452,5027,25.08,23,0,486.6,1
174477,5028,34.67,25,0,627.4,1
174509,5029,41.13,32,0,723.2,1
174532,5030,30.15,23,0,561.2,1
174547,5031,11.06,15,0,277.9,1
174574,5032,34.99,27,0,631.6,1
174604,5033,42.53,30,0,743.6,1
174637,5034,51.18,33,1,841.6,1
174659,5035,25.08,22,0,486.9,1
174710,5036,70.21,51,1,1122.3,1
174737,5037,44.09,27,0,766.0,1
174768,5038,36.11,31,0,647.8,1
174804,5039,55.85,36,1,910.3,1
174835,5040,39.57,31,0,701.9,1
174867,5041,35.57,32,1,609.7,1
174913,5042,57.20,46,1,929.9,1
174946,5043,43.66,33,0,761.8,1
174988,5044,154.16,42,1,1278.8,0
175010,5045,20.30,22,0,415.4,1
175040,5046,35.55,30,0,639.9,1
175063,5047,32.80,23,0,599.8,1
175106,5048,154.17,43,1,1277.9,0
175152,5049,62.54,46,1,1011.6,1
175174,5050,24.14,22,0,470.9,1
175201,5051,42.18,27,0,737.8,1
175237,5052,40.95,36,0,718.7,1
175267,5053,41.31,30,0,724.1,1
175292,5054,29.68,25,0,554.5,1
175324,5055,45.46,32,1,755.8,1
175360,5056,48.06,36,1,794.3,1
175383,5057,34.48,23,0,624.6,1
175418,5058,58.91,35,0,985.9,1
175453,5059,60.48,35,0,1009.2,1
175479,5060,34.61,26,0,626.0,1
175508,5061,34.68,29,0,626.7,1
175535,5062,30.70,27,0,568.2,1
175574,5063,34.25,39,0,621.6,1
175598,5064,35.85,24,0,644.3,1
175627,5065,35.33,29,1,607.6,1
175657,5066,44.00,30,0,764.8,1
175684,5067,35.22,27,0,634.0,1
175721,5068,71.43,37,0,1171.5,1
175748,5069,43.44,27,0,756.5,1
175795,5070,71.91,47,0,1176.9,1
175852,5071,77.29,57,3,1170.7,1
175877,5072,26.53,25,0,507.1,1
175904,5073,38.67,27,0,685.9,1
175931,5074,41.86,27,0,733.1,1
175956,5075,34.72,25,0,628.1,1
175985,5076,38.50,29,0,682.5,1
176008,5077,26.63,23,0,508.6,1
176038,5078,27.61,30,0,523.1,1
176065,5079,43.96,27,0,764.2,1
176116,5080,154.50,51,1,1279.8,0
176130,5081,13.39,14,0,311.5,1
176169,5082,64.68,39,0,1069.4,1
176218,5083,154.85,49,1,1278.1,0
176245,5084,36.62,27,0,656.3,1
176258,5085,4.47,13,0,181.4,1
176285,5086,26.75,27,0,510.4,1
176315,5087,34.60,30,0,626.3,1
176342,5088,42.51,27,0,743.4,1
176369,5089,42.26,27,0,739.0,1
176397,5090,42.39,28,0,740.0,1
176424,5091,39.36,27,0,696.2,1
176463,5092,64.64,39,2,1013.2,1
176492,5093,26.95,29,0,513.1,1
176516,5094,24.54,24,0,484.1,1
176547,5095,53.59,31,1,877.5,1
176571,5096,29.79,24,0,555.6,1
176601,5097,41.32,30,0,725.1,1
176634,5098,47.44,33,0,814.7,1
176646,5099,5.97,12,0,203.6,1
176697,5100,73.75,51,1,1174.8,1
176722,5101,33.73,25,0,612.6,1
176768,5102,63.95,46,1,1029.1,1
176790,5103,29.54,22,1,522.1,1
176820,5104,35.88,30,0,644.8,1
176855,5105,55.50,35,0,934.4,1
176879,5106,32.55,24,1,565.6,1
176922,5107,63.87,43,1,1029.8,1
176945,5108,25.23,23,0,488.8,1
176993,5109,67.33,48,3,1022.2,1
177023,5110,42.26,30,0,739.1,1
177057,5111,55.95,34,0,941.3,1
177084,5112,42.51,27,0,743.3,1
177111,5113,40.36,27,0,712.1,1
177150,5114,43.58,39,0,760.6,1
177179,5115,38.78,29,0,687.9,1
177206,5116,43.96,27,0,764.2,1
177241,5117,44.16,35,1,737.3,1
177272,5118,44.30,31,0,771.3,1
177308,5119,44.76,36,0,776.9,1
177326,5120,16.57,18,0,359.4,1
177356,5121,34.01,30,0,618.3,1
177386,5122,25.93,30,0,501.5,1
177416,5123,41.64,30,0,729.8,1
177443,5124,44.33,27,0,769.6,1
177476,5125,36.58,33,0,657.7,1
177503,5126,39.46,27,0,697.7,1
177534,5127,38.78,31,1,658.0,1
177567,5128,31.96,33,0,586.5,1
177594,5129,39.72,27,0,702.1,1
177621,5130,42.15,27,0,737.4,1
177646,5131,37.97,25,0,675.6,1
177673,5132,44.52,27,1,743.4,1
177701,5133,38.89,28,1,658.8,1
177728,5134,43.96,27,0,764.2,1
177766,5135,30.79,38,1,541.2,1
177793,5136,41.27,27,0,725.0,1
177826,5137,34.50,33,0,624.4,1
177851,5138,25.65,25,0,494.7,1
177883,5139,35.61,32,0,639.9,1
177917,5140,47.86,34,0,823.6,1
177959,5141,61.92,42,0,1028.7,1
177986,5142,30.98,27,0,572.9,1
178021,5143,41.41,35,0,728.0,1
178055,5144,55.97,34,0,941.9,1
178082,5145,45.16,27,0,781.9,1
178109,5146,31.96,27,0,586.8,1
178136,5147,43.96,27,0,764.2,1
178162,5148,37.30,26,0,666.6,1
178193,5149,35.95,31,0,644.8,1
178223,5150,44.19,30,0,770.2,1
178265,5151,57.97,42,1,940.7,1
178292,5152,30.76,27,0,569.1,1
178323,5153,34.65,31,0,626.3,1
178361,5154,67.21,38,1,1079.4,1
178389,5155,37.41,28,0,667.3,1
178423,5156,30.11,34,0,561.2,1
178453,5157,44.98,30,1,750.3,1
178479,5158,34.11,26,0,619.5,1
178526,5159,57.99,47,0,970.6,1
178553,5160,45.84,27,0,791.9,1
178580,5161,32.50,27,0,595.4,1
178608,5162,35.98,28,0,645.3,1
178635,5163,47.34,27,0,814.0,1
178662,5164,35.87,27,0,644.5,1
178709,5165,63.80,47,1,1027.8,1
178744,5166,57.56,35,0,965.2,1
178775,5167,40.90,31,0,721.5,1
178813,5168,51.71,38,1,851.5,1
178836,5169,27.45,23,0,520.2,1
178867,5170,36.41,31,0,653.1,1
178894,5171,42.76,27,0,746.9,1
178921,5172,35.76,27,0,643.6,1
178956,5173,41.95,35,0,734.4,1
178983,5174,36.35,27,0,652.3,1
179010,5175,32.81,27,1,569.5,1
179044,5176,40.75,34,1,686.2,1
179086,5177,65.56,42,1,1053.0,1
179113,5178,36.68,27,0,656.5,1
179142,5179,40.87,29,0,718.2,1
179169,5180,40.24,27,0,709.1,1
179196,5181,45.74,27,0,790.5,1
179229,5182,38.95,33,1,660.2,1
179262,5183,37.41,33,0,668.3,1
179303,5184,59.09,41,0,989.5,1
179332,5185,41.94,29,0,738.1,1
179361,5186,41.51,29,0,728.8,1
179390,5187,29.85,29,0,557.4,1
179434,5188,63.54,44,1,1026.2,1
179473,5189,42.78,39,0,746.4,1
179500,5190,35.52,27,0,639.5,1
179525,5191,25.56,25,1,463.2,1
179553,5192,46.96,28,1,780.7,1
179580,5193,27.83,27,0,525.7,1
179609,5194,44.03,29,0,764.4,1
179629,5195,9.24,20,0,252.0,1
179654,5196,35.52,25,0,639.4,1
179685,5197,44.51,31,0,771.3,1
179716,5198,51.29,31,0,872.2,1
179761,5199,59.47,45,1,963.8,1
179789,5200,33.93,28,0,615.0,1
179816,5201,27.31,27,0,518.4,1
179843,5202,34.75,27,0,628.6,1
179896,5203,62.61,53,1,1011.1,1
179923,5204,41.14,27,1,694.1,1
179952,5205,41.50,29,0,726.9,1
179977,5206,29.26,25,0,548.7,1
180003,5207,30.15,26,0,561.6,1
180031,5208,28.16,28,0,532.1,1
180061,5209,40.85,30,0,718.2,1
180088,5210,38.79,27,0,689.2,1
180138,5211,154.33,50,1,1279.8,0
180168,5212,48.03,30,0,824.2,1
180195,5213,35.14,27,0,633.8,1
180226,5214,41.84,31,1,706.5,1
180254,5215,37.50,28,0,668.4,1
180279,5216,30.37,25,0,565.1,1
180307,5217,27.45,28,0,523.9,1
180335,5218,40.44,28,0,711.2,1
180367,5219,34.35,32,1,591.7,1
180397,5220,47.82,30,0,821.8,1
180427,5221,39.76,30,0,702.0,1
180457,5222,37.84,30,0,674.3,1
180487,5223,32.43,30,0,593.7,1
180514,5224,43.45,27,0,757.2,1
180549,5225,37.46,35,0,669.3,1
180576,5226,32.34,27,0,592.4,1
180621,5227,59.52,45,1,963.7,1
180650,5228,38.66,29,0,684.9,1
180680,5229,46.12,30,0,796.9,1
180709,5230,36.96,29,1,631.1,1
180732,5231,30.23,23,0,560.4,1
180770,5232,71.56,38,0,1173.5,1
180797,5233,30.37,27,0,563.3,1
180837,5234,66.15,40,0,1091.8,1
180867,5235,36.98,30,0,660.9,1
180897,5236,25.52,30,0,492.2,1
180936,5237,57.64,39,2,907.8,1
180977,5238,56.09,41,1,915.4,1
181006,5239,33.60,29,0,610.8,1
181033,5240,28.01,27,0,528.4,1
181081,5241,61.49,48,1,992.7,1
181111,5242,27.76,30,0,524.7,1
181140,5243,35.45,29,0,639.3,1
181181,5244,67.83,41,0,1117.7,1
181206,5245,38.10,25,0,678.2,1
181228,5246,25.64,22,0,493.2,1
181258,5247,42.57,30,0,743.6,1
181285,5248,34.71,27,0,627.5,1
181313,5249,39.82,28,0,704.7,1
181336,5250,29.66,23,0,553.4,1
181363,5251,41.01,27,0,720.5,1
181392,5252,39.82,29,0,702.9,1
181422,5253,37.09,30,0,662.7,1
181450,5254,22.93,28,0,453.9,1
181479,5255,38.27,29,0,680.9,1
181504,5256,22.07,25,1,412.2,1
181528,5257,42.12,24,1,708.3,1
181558,5258,38.00,30,1,647.4,1
181597,5259,63.30,39,1,1022.2,1
181624,5260,37.82,27,0,673.4,1
181647,5261,32.74,23,0,599.0,1
181676,5262,33.66,29,0,611.0,1
181706,5263,44.43,30,0,772.2,1
181742,5264,38.86,36,0,689.6,1
181769,5265,35.82,27,0,644.7,1
181798,5266,39.32,29,0,696.4,1
181861,5267,158.14,63,3,1277.9,0
181902,5268,60.25,41,1,975.3,1
181931,5269,43.22,29,0,755.0,1
181959,5270,42.72,28,0,748.1,1
181989,5271,42.12,30,0,737.0,1
182019,5272,41.85,30,0,732.9,1
182058,5273,40.65,39,0,716.1,1
182089,5274,50.16,31,1,826.9,1
182116,5275,35.82,27,1,614.5,1
182143,5276,43.49,27,0,757.2,1
182173,5277,39.79,30,0,702.6,1
182202,5278,34.48,29,0,623.2,1
182231,5279,32.35,29,0,591.7,1
182248,5280,11.64,17,0,285.6,1
182273,5281,34.60,25,0,626.4,1
182300,5282,43.02,27,0,750.3,1
182323,5283,29.33,23,0,548.5,1
182358,5284,52.86,35,1,866.9,1
182382,5285,39.76,24,1,672.5,1
182411,5286,30.75,29,0,568.3,1
182438,5287,34.78,27,0,628.4,1
182473,5288,63.14,35,0,1048.4,1
182512,5289,54.75,39,2,865.1,1
182539,5290,40.58,27,0,714.8,1
182569,5291,39.92,30,0,703.6,1
182596,5292,33.25,27,0,607.1,1
182635,5293,51.94,39,1,852.5,1
182664,5294,36.73,29,0,656.4,1
182677,5295,3.95,13,0,172.6,1
182704,5296,34.01,27,0,617.1,1
182736,5297,31.59,32,0,581.9,1
182763,5298,42.98,27,0,750.3,1
182792,5299,39.82,29,0,702.7,1
182822,5300,38.65,30,0,685.6,1
182848,5301,34.10,26,0,617.5,1
182884,5302,40.62,36,0,713.9,1
182916,5303,51.50,32,0,877.0,1
182959,5304,76.51,43,1,1216.5,1
183001,5305,74.48,42,1,1186.3,1
183028,5306,38.97,27,0,690.4,1
183052,5307,29.44,24,0,549.5,1
183080,5308,37.34,28,0,665.4,1
183110,5309,38.83,30,0,687.5,1
183139,5310,41.34,29,0,726.0,1
183163,5311,31.70,24,0,585.7,1
183190,5312,29.41,27,0,549.7,1
183225,5313,43.58,35,0,758.6,1
183258,5314,51.84,33,0,882.0,1
183297,5315,62.12,39,1,1006.8,1
183324,5316,40.58,27,0,714.8,1
183351,5317,40.13,27,0,707.6,1
183373,5318,33.82,22,0,615.2,1
183398,5319,30.16,25,0,559.3,1
183443,5320,53.62,45,1,877.3,1
183470,5321,43.96,27,0,764.2,1
183500,5322,31.04,30,0,573.8,1
183531,5323,31.07,31,0,575.5,1
183558,5324,39.58,27,0,699.4,1
183601,5325,46.17,43,1,768.5,1
183639,5326,72.83,38,1,1161.9,1
183665,5327,26.56,26,0,507.5,1
183695,5328,45.25,30,0,783.2,1
183717,5329,33.91,22,0,617.4,1
183753,5330,59.06,36,1,957.7,1
183779,5331,35.89,26,0,644.8,1
183809,5332,43.45,30,0,756.6,1
183832,5333,34.78,23,0,629.1,1
183872,5334,63.63,40,0,1055.8,1
183906,5335,27.39,34,0,519.6,1
183936,5336,38.68,30,0,688.7,1
183961,5337,37.97,25,0,675.6,1
184011,5338,158.27,50,3,1277.7,0
184041,5339,42.96,30,0,750.0,1
184063,5340,29.53,22,1,521.9,1
184093,5341,33.34,30,0,607.3,1
184116,5342,30.48,23,0,565.5,1
184149,5343,41.86,33,1,706.2,1
184191,5344,53.19,42,2,844.7,1
184229,5345,37.02,38,1,632.6,1
184259,5346,43.75,30,0,761.1,1
184286,5347,40.39,27,0,711.3,1
184321,5348,56.96,35,1,926.4,1
184351,5349,31.18,30,0,575.9,1
184375,5350,32.42,24,1,564.6,1
184411,5351,45.48,36,0,787.2,1
184443,5352,37.41,32,1,637.7,1
184470,5353,36.37,27,0,652.6,1
184527,5354,65.84,57,1,1057.7,1
184570,5355,64.53,43,0,1069.1,1
184602,5356,33.87,32,0,615.0,1
184629,5357,41.44,27,0,726.9,1
184671,5358,57.59,42,1,936.7,1
184693,5359,28.70,22,0,539.2,1
184721,5360,32.58,28,0,595.0,1
184755,5361,34.07,34,1,589.3,1
184782,5362,35.09,27,0,633.0,1
184819,5363,52.26,37,1,859.6,1
184846,5364,42.31,27,0,740.3,1
184876,5365,44.27,30,0,768.8,1
184906,5366,42.57,30,0,743.6,1
184933,5367,39.36,27,0,696.8,1
184954,5368,28.13,21,0,532.3,1
184986,5369,54.97,32,0,928.3,1
185017,5370,36.11,31,0,650.8,1
185054,5371,60.41,37,0,1008.7,1
185083,5372,43.09,29,0,751.3,1
185112,5373,50.28,29,1,827.1,1
185142,5374,42.55,30,0,743.3,1
185171,5375,36.87,29,0,660.3,1
185198,5376,37.43,27,0,667.6,1
185226,5377,40.18,28,0,707.4,1
185252,5378,37.82,26,0,672.5,1
185291,5379,39.42,39,0,696.2,1
185314,5380,24.09,23,0,471.1,1
185340,5381,28.26,26,0,533.9,1
185367,5382,37.88,27,0,674.3,1
185392,5383,30.01,25,0,559.2,1
185420,5384,33.23,28,0,606.4,1
185446,5385,35.44,26,0,637.3,1
185476,5386,35.34,30,0,636.8,1
185506,5387,40.12,30,0,707.4,1
185528,5388,29.27,22,0,548.6,1
185552,5389,28.41,24,0,533.5,1
185579,5390,36.07,27,0,647.5,1
185607,5391,38.39,28,0,680.9,1
185634,5392,43.96,27,0,764.2,1
185670,5393,51.80,36,1,850.5,1
185697,5394,37.58,27,0,669.9,1
185724,5395,41.61,27,0,729.4,1
185757,5396,45.15,33,0,784.4,1
185784,5397,33.24,27,0,605.7,1
185811,5398,39.99,27,0,705.4,1
185839,5399,39.36,28,0,696.1,1
185877,5400,47.82,38,1,793.5,1
185913,5401,47.53,36,1,787.0,1
185940,5402,43.96,27,0,764.2,1
185963,5403,28.36,23,0,534.1,1
186004,5404,51.41,41,3,785.8,1
186051,5405,74.15,47,0,1209.4,1
186078,5406,40.49,27,0,713.4,1
186118,5407,63.06,40,1,1016.8,1
186145,5408,38.02,27,0,676.4,1
186181,5409,42.94,36,0,750.8,1
186209,5410,38.49,28,0,682.4,1
186227,5411,18.04,18,0,380.2,1
186251,5412,37.00,24,0,661.9,1
186276,5413,26.47,25,0,505.6,1
186305,5414,34.31,29,0,622.4,1
186342,5415,61.16,37,1,988.4,1
186371,5416,35.42,29,0,638.6,1
186399,5417,25.67,28,0,493.8,1
186432,5418,27.95,33,0,531.3,1
186474,5419,68.25,42,1,1095.3,1
186504,5420,47.47,30,0,816.0,1
186549,5421,154.13,45,1,1277.2,0
186589,5422,60.42,40,1,979.3,1
186616,5423,45.44,27,0,786.1,1
186644,5424,32.50,28,0,595.4,1
186678,5425,35.52,34,1,612.2,1
186705,5426,46.17,27,0,796.8,1
186732,5427,43.96,27,0,764.2,1
186785,5428,65.36,53,1,1049.9,1
186819,5429,39.70,34,0,701.7,1
186846,5430,43.96,27,0,764.2,1
186894,5431,154.04,48,1,1276.5,0
186931,5432,53.02,37,2,839.2,1
186966,5433,37.87,35,0,674.1,1
187003,5434,40.08,37,0,706.7,1
187030,5435,41.11,27,0,722.0,1
187060,5436,42.15,30,1,708.8,1
187087,5437,40.38,27,0,711.2,1
187114,5438,42.55,27,0,744.5,1
187148,5439,40.94,34,0,720.1,1
187177,5440,35.22,29,0,635.9,1
187202,5441,25.08,25,0,484.9,1
187237,5442,56.79,35,0,954.3,1
187264,5443,43.96,27,0,764.2,1
187291,5444,41.04,27,0,721.0,1
187321,5445,37.49,30,0,667.6,1
187348,5446,43.79,27,0,762.3,1
187380,5447,45.22,32,0,782.7,1
187416,5448,46.76,36,2,746.1,1
187439,5449,13.12,23,0,308.4,1
187470,5450,44.76,31,2,716.0,1
187519,5451,57.93,49,1,940.8,1
187548,5452,31.52,29,0,581.2,1
187575,5453,33.21,27,0,605.0,1
187616,5454,68.21,41,2,1064.6,1
187649,5455,49.94,33,0,851.6,1
187687,5456,61.46,38,1,993.8,1
187731,5457,63.35,44,2,991.9,1
187761,5458,42.50,30,0,742.5,1
187799,5459,54.87,38,0,925.4,1
187825,5460,27.94,26,0,530.0,1
187869,5461,61.64,44,1,996.5,1
187896,5462,39.40,27,0,696.7,1
187923,5463,44.63,27,0,774.1,1
187948,5464,30.67,25,0,568.9,1
187978,5465,41.96,30,0,734.7,1
188001,5466,30.82,23,0,571.2,1
188028,5467,29.00,27,0,543.6,1
188069,5468,65.79,41,1,1056.3,1
188107,5469,57.04,38,1,929.6,1
188138,5470,47.04,31,0,809.3,1
188175,5471,59.20,37,2,933.1,1
188204,5472,38.60,29,1,655.4,1
188234,5473,32.66,30,0,597.1,1
188268,5474,43.57,34,0,759.2,1
188306,5475,43.86,38,1,733.7,1
188329,5476,30.48,23,1,536.5,1
188364,5477,47.41,35,0,814.9,1
188395,5478,34.67,31,0,627.7,1
188444,5479,66.25,49,1,1063.1,1
188486,5480,63.43,42,2,991.9,1
188515,5481,30.57,29,0,566.5,1
188542,5482,43.96,27,0,764.2,1
188569,5483,43.49,27,0,757.2,1
188600,5484,22.16,31,0,443.5,1
188625,5485,24.97,25,0,484.0,1
188664,5486,68.55,39,0,1129.3,1
188699,5487,41.74,35,1,703.6,1
188729,5488,34.14,30,0,620.5,1
188758,5489,37.32,29,0,666.0,1
188793,5490,39.22,35,1,665.2,1
188829,5491,42.14,36,0,739.0,1
188865,5492,44.77,36,0,776.3,1
188904,5493,43.61,39,0,761.0,1
188939,5494,43.12,35,0,751.4,1
188973,5495,49.14,34,0,840.7,1
189008,5496,38.79,35,1,658.8,1
189035,5497,45.36,27,0,784.8,1
189063,5498,43.36,28,0,755.3,1
189086,5499,23.56,23,0,478.9,1
189113,5500,44.02,27,0,765.1,1
189149,5501,43.68,36,0,760.6,1
189181,5502,36.55,32,0,657.3,1
189208,5503,41.43,27,0,726.7,1
189237,5504,31.50,29,0,579.0,1
189267,5505,34.64,30,0,626.4,1
189286,5506,21.58,19,0,435.2,1
189316,5507,39.73,30,0,701.6,1
189346,5508,34.11,30,1,589.7,1
189375,5509,42.96,29,0,748.5,1
189408,5510,51.76,33,1,850.5,1
189438,5511,41.29,30,0,724.7,1
189471,5512,32.69,33,0,596.6,1
189506,5513,59.10,35,0,987.5,1
189535,5514,32.32,29,0,591.2,1
189590,5515,62.21,55,1,1006.4,1
189616,5516,24.12,26,0,472.1,1
189643,5517,43.96,27,0,764.2,1
189669,5518,26.00,26,0,498.4,1
189696,5519,44.14,27,0,766.8,1
189725,5520,42.06,29,0,736.9,1
189752,5521,29.59,27,0,551.7,1
189779,5522,42.47,27,0,742.8,1
189804,5523,35.15,25,0,634.2,1
189831,5524,40.38,27,0,711.8,1
189861,5525,43.61,30,0,758.9,1
189897,5526,63.33,36,0,1050.5,1
189923,5527,38.04,26,0,676.6,1
189946,5528,32.20,23,0,589.5,1
189974,5529,36.27,28,0,649.6,1
189996,5530,23.37,22,0,461.1,1
190024,5531,31.32,28,0,578.8,1
190054,5532,40.28,30,1,679.3,1
190082,5533,37.29,28,0,666.2,1
190112,5534,44.97,30,0,779.0,1
190156,5535,57.94,44,1,942.6,1
190189,5536,42.02,33,1,706.8,1
190229,5537,42.43,40,0,743.9,1
190275,5538,154.16,46,1,1277.6,0
190302,5539,32.71,27,0,597.9,1
190346,5540,57.21,44,1,932.8,1
190373,5541,33.47,27,0,609.2,1
190400,5542,40.92,27,0,719.3,1
190429,5543,47.08,29,0,810.8,1
190464,5544,42.42,35,1,712.1,1
190497,5545,53.28,33,0,902.8,1
190524,5546,35.57,27,0,640.1,1
190554,5547,27.84,30,0,526.0,1
190584,5548,38.59,30,0,683.9,1
190611,5549,41.30,27,0,725.4,1
190640,5550,36.48,29,0,652.7,1
190667,5551,36.88,27,0,660.1,1
190721,5552,59.08,54,1,959.0,1
190748,5553,31.23,27,0,576.0,1
190781,5554,37.36,33,0,667.5,1
190813,5555,39.02,32,0,692.6,1
190860,5556,60.35,47,1,977.8,1
190889,5557,34.14,29,0,618.1,1
190927,5558,43.73,38,1,730.8,1
190954,5559,44.07,27,1,737.1,1
190973,5560,4.75,19,0,184.7,1
190998,5561,32.54,25,0,596.0,1
191028,5562,46.36,30,0,800.1,1
191058,5563,31.61,30,0,582.2,1
191081,5564,28.55,23,0,536.9,1
191108,5565,39.64,27,0,700.3,1
191133,5566,33.85,25,0,616.5,1
191158,5567,32.81,25,0,599.1,1
191198,5568,57.13,40,1,929.8,1
191227,5569,38.17,29,0,677.6,1
191282,5570,154.19,55,1,1278.1,0
191316,5571,45.43,34,1,757.5,1
191360,5572,75.65,44,1,1203.2,1
191399,5573,55.07,39,1,898.7,1
191429,5574,37.64,30,0,670.7,1
191461,5575,43.17,32,0,752.5,1
191480,5576,12.98,19,0,306.2,1
191516,5577,56.81,36,0,953.2,1
191545,5578,37.86,29,0,675.8,1
191571,5579,35.07,26,0,632.5,1
191599,5580,30.98,28,0,572.3,1
191640,5581,44.07,41,0,768.7,1
191681,5582,54.75,41,1,896.0,1
191708,5583,41.65,27,0,730.5,1
191745,5584,67.54,37,1,1082.2,1
191775,5585,49.60,30,1,818.8,1
191802,5586,43.96,27,0,764.2,1
191831,5587,43.61,29,0,758.7,1
191862,5588,32.08,31,0,589.4,1
191902,5589,59.37,40,1,962.4,1
191927,5590,30.52,25,0,566.1,1
191954,5591,34.88,27,0,630.5,1
191984,5592,55.86,30,1,911.3,1
192012,5593,40.26,28,0,710.4,1
192039,5594,32.73,27,0,599.0,1
192078,5595,47.55,39,1,786.8,1
192108,5596,17.92,30,1,350.3,1
192144,5597,37.94,36,0,676.1,1
192173,5598,42.63,29,1,714.7,1
192218,5599,75.61,45,0,1233.7,1
192245,5600,38.80,27,0,688.8,1
192272,5601,31.08,27,0,573.8,1
192299,5602,44.60,27,0,773.7,1
192329,5603,45.24,30,0,783.7,1
192354,5604,24.15,25,0,471.3,1
192387,5605,53.05,33,1,870.4,1
192414,5606,42.20,27,0,738.8,1
192440,5607,37.70,26,0,672.0,1
192470,5608,37.94,30,0,674.2,1
192511,5609,54.49,41,2,861.2,1
192563,5610,154.69,52,1,1282.6,0
192598,5611,62.72,35,0,1042.3,1
192631,5612,36.06,33,1,619.6,1
192667,5613,43.48,36,0,758.9,1
192694,5614,44.77,27,0,776.1,1
192726,5615,33.95,32,0,617.6,1
192753,5616,41.61,27,0,728.5,1
192790,5617,27.90,37,1,497.8,1
192812,5618,32.90,22,0,601.3,1
192851,5619,62.99,39,1,1015.9,1
192882,5620,36.23,31,0,649.0,1
192914,5621,50.28,32,1,828.9,1
192935,5622,22.47,21,0,448.3,1
192962,5623,44.77,27,0,776.1,1
192985,5624,25.97,23,0,498.9,1
193012,5625,34.57,27,0,627.8,1
193049,5626,57.01,37,1,929.2,1
193076,5627,43.96,27,0,764.2,1
193101,5628,34.50,25,0,625.6,1
193134,5629,36.90,33,0,662.5,1
193161,5630,34.92,27,0,630.5,1
193188,5631,44.77,27,0,776.1,1
193211,5632,23.31,23,0,459.5,1
193245,5633,34.48,34,0,623.8,1
193283,5634,46.64,38,0,803.7,1
193310,5635,42.09,27,0,736.4,1
193337,5636,34.35,27,0,622.2,1
193361,5637,11.64,24,0,285.6,1
193405,5638,75.12,44,1,1195.0,1
193430,5639,33.84,25,0,613.7,1
193460,5640,39.00,30,0,690.8,1
193502,5641,70.96,42,1,1133.6,1
193532,5642,37.95,30,0,674.4,1
193562,5643,43.15,30,0,752.7,1
193599,5644,52.49,37,0,889.3,1
193624,5645,29.35,25,0,549.1,1
193653,5646,36.22,29,0,648.9,1
193692,5647,37.23,39,0,664.8,1
193719,5648,32.56,27,0,596.3,1
193745,5649,24.64,26,0,479.2,1
193755,5650,0.56,10,0,121.9,1
193778,5651,24.48,23,0,477.4,1
193810,5652,37.00,32,1,632.3,1
193856,5653,67.43,46,0,1111.1,1
193880,5654,30.96,24,0,571.8,1
193904,5655,25.29,24,0,491.1,1
193929,5656,41.50,25,0,728.3,1
193965,5657,48.35,36,1,800.9,1
193994,5658,38.90,29,1,659.9,1
194021,5659,42.21,27,0,738.3,1
194050,5660,37.32,29,1,636.5,1
194077,5661,39.61,27,0,699.9,1
194109,5662,38.92,32,0,688.8,1
194137,5663,32.77,28,0,600.3,1
194164,5664,42.13,27,0,737.7,1
194176,5665,8.46,12,0,238.6,1
194205,5666,33.87,29,0,615.4,1
194242,5667,54.94,37,2,869.0,1
194276,5668,59.92,34,0,999.6,1
194307,5669,30.16,31,0,561.6,1
194351,5670,66.49,44,1,1066.7,1
194386,5671,60.41,35,1,978.1,1
194413,5672,36.60,27,0,655.4,1
194442,5673,45.57,29,0,787.0,1
194469,5674,38.82,27,0,688.2,1
194496,5675,26.02,27,0,498.8,1
194544,5676,59.83,48,1,972.1,1
194571,5677,37.83,27,0,673.5,1
194598,5678,44.63,27,0,774.1,1
194625,5679,41.44,27,0,726.9,1
194654,5680,29.00,29,0,543.9,1
194681,5681,45.58,27,0,787.2,1
194724,5682,154.57,43,1,1283.8,0
194751,5683,39.55,27,0,699.0,1
194769,5684,10.58,18,0,271.7,1
194794,5685,29.29,25,0,547.0,1
194831,5686,55.84,37,1,911.0,1
194860,5687,30.71,29,0,569.2,1
194885,5688,44.34,25,0,768.9,1
194912,5689,39.73,27,0,701.7,1
194939,5690,41.55,27,0,728.5,1
194967,5691,28.87,28,1,511.2,1
194997,5692,40.96,30,0,720.4,1
195044,5693,59.68,47,2,938.2,1
195074,5694,39.15,30,0,692.2,1
195101,5695,32.10,27,0,588.9,1
195149,5696,154.41,48,1,1282.5,0
195179,5697,30.27,30,0,564.2,1
195223,5698,60.78,44,1,983.8,1
195251,5699,33.44,28,0,607.8,1
195280,5700,38.42,29,0,682.3,1
195307,5701,43.96,27,0,764.2,1
195334,5702,43.96,27,0,764.2,1
195373,5703,54.94,39,0,926.4,1
195403,5704,43.80,30,0,762.4,1
195430,5705,43.96,27,0,764.2,1
195459,5706,32.36,29,0,591.8,1
195486,5707,30.29,27,0,562.2,1
195513,5708,29.81,27,0,555.1,1
195536,5709,34.53,23,0,625.4,1
195576,5710,59.26,40,0,992.4,1
195625,5711,70.07,49,1,1123.0,1
195652,5712,43.96,27,0,764.2,1
195681,5713,43.20,29,0,755.5,1
195711,5714,47.48,30,0,816.8,1
195749,5715,37.41,38,1,637.7,1
195776,5716,43.24,27,0,753.5,1
195806,5717,40.28,30,0,710.4,1
195835,5718,38.79,29,0,687.8,1
195865,5719,52.94,30,0,898.4,1
195903,5720,41.37,38,0,728.3,1
195932,5721,29.58,29,0,554.8,1
195959,5722,42.04,27,0,736.3,1
195993,5723,24.40,34,0,474.8,1
196020,5724,32.12,27,0,589.2,1
196041,5725,29.55,21,0,551.5,1
196070,5726,27.36,29,0,522.1,1
196099,5727,40.12,29,0,706.4,1
196126,5728,37.56,27,0,670.2,1
196156,5729,45.40,30,0,785.4,1
196184,5730,33.92,28,0,618.1,1
196211,5731,46.47,27,0,801.2,1
196247,5732,53.47,36,0,903.8,1
196288,5733,74.09,41,1,1180.8,1
196312,5734,29.51,24,0,550.6,1
196360,5735,66.95,48,1,1075.8,1
196387,5736,32.78,27,0,599.9,1
196414,5737,34.22,27,0,620.2,1
196441,5738,36.35,27,0,654.9,1
196473,5739,39.47,32,0,697.4,1
196514,5740,73.94,41,1,1177.6,1
196540,5741,37.15,26,0,664.4,1
196569,5742,37.21,29,0,664.9,1
196601,5743,39.83,32,1,672.7,1
196628,5744,43.02,27,0,750.3,1
196655,5745,46.88,27,0,807.9,1
196682,5746,41.39,27,0,725.2,1
196712,5747,31.32,30,0,577.9,1
196736,5748,26.31,24,1,474.0,1
196761,5749,29.86,25,0,557.5,1
196788,5750,43.92,27,0,764.2,1
196815,5751,45.84,27,0,792.0,1
196834,5752,25.17,19,0,487.3,1
196866,5753,36.22,32,1,619.8,1
196905,5754,70.41,39,1,1124.6,1
196944,5755,58.88,39,1,955.1,1
196967,5756,28.15,23,1,501.8,1
197003,5757,43.96,36,0,766.0,1
197043,5758,67.97,40,1,1089.5,1
197074,5759,41.70,31,1,700.9,1
197104,5760,38.51,30,0,682.7,1
197138,5761,34.82,34,1,599.6,1
197186,5762,62.55,48,1,1010.5,1
197200,5763,10.46,14,0,268.2,1
197237,5764,57.69,37,1,939.9,1
197269,5765,43.75,32,1,733.8,1
197308,5766,55.70,39,1,908.1,1
197332,5767,25.21,24,1,460.4,1
197373,5768,65.51,41,1,1053.1,1
197405,5769,32.48,32,0,596.3,1
197432,5770,38.87,27,0,688.9,1
197461,5771,34.75,29,0,629.6,1
197488,5772,41.32,27,0,725.2,1
197515,5773,41.64,27,0,730.5,1
197553,5774,57.45,38,0,963.8,1
197590,5775,53.63,37,2,848.5,1
197617,5776,48.24,27,0,828.3,1
197644,5777,39.33,27,0,695.8,1
197679,5778,37.37,35,1,636.9,1
197709,5779,31.35,30,0,577.8,1
197736,5780,36.17,27,0,649.0,1
197763,5781,45.92,27,0,793.2,1
197782,5782,25.42,19,0,489.2,1
197818,5783,39.05,36,0,692.4,1
197853,5784,54.48,35,1,890.0,1
197876,5785,26.25,23,0,502.4,1
197906,5786,31.61,30,0,581.6,1
197942,5787,40.14,36,0,710.1,1
197972,5788,43.22,30,1,724.2,1
198012,5789,53.66,40,1,878.5,1
198042,5790,42.66,30,0,744.9,1
198082,5791,54.89,40,1,896.9,1
198113,5792,37.99,31,0,676.7,1
198142,5793,36.88,29,0,658.6,1
198171,5794,34.52,29,0,623.7,1
198198,5795,40.24,27,0,709.1,1
198227,5796,40.23,29,0,708.2,1
198256,5797,54.01,29,0,913.6,1
198290,5798,36.13,34,0,649.3,1
198320,5799,36.92,30,0,662.5,1
198350,5800,46.32,30,0,799.5,1
198377,5801,34.85,27,0,629.5,1
198425,5802,147.51,48,1,1278.5,1
198458,5803,45.77,33,0,790.0,1
198488,5804,30.29,30,0,563.0,1
198515,5805,41.17,27,0,722.9,1
198542,5806,37.99,27,0,677.1,1
198576,5807,46.16,34,0,798.4,1
198602,5808,38.96,26,0,692.6,1
198646,5809,65.89,44,1,1059.2,1
198688,5810,59.28,42,1,962.8,1
198736,5811,155.08,48,1,1282.6,0
198761,5812,32.27,25,0,592.6,1
198788,5813,37.28,27,0,665.4,1
198833,5814,72.84,45,1,1162.2,1
198861,5815,32.12,28,0,590.6,1
198885,5816,30.38,24,0,564.9,1
198912,5817,41.52,27,0,728.1,1
198945,5818,46.72,33,1,778.0,1
198974,5819,33.47,29,0,608.2,1
199004,5820,42.79,30,0,746.8,1
199034,5821,36.88,30,0,659.5,1
199081,5822,54.43,47,1,890.8,1
199108,5823,42.56,27,0,743.5,1
199157,5824,68.36,49,1,1094.3,1
199177,5825,17.79,20,0,377.4,1
199206,5826,35.02,29,0,633.8,1
199244,5827,67.91,38,1,1087.7,1
199279,5828,60.25,35,0,1003.9,1
199318,5829,42.11,39,0,735.8,1
199346,5830,28.50,28,0,538.0,1
199371,5831,26.79,25,0,511.0,1
199398,5832,43.96,27,0,764.2,1
199436,5833,63.47,38,1,1024.7,1
199467,5834,40.02,31,0,708.6,1
199494,5835,43.02,27,0,750.3,1
199518,5836,25.62,24,0,493.4,1
199545,5837,40.11,27,0,707.2,1
199575,5838,35.35,30,0,638.4,1
199609,5839,32.14,34,0,591.8,1
199636,5840,32.84,27,0,600.7,1
199664,5841,33.54,28,0,609.9,1
199687,5842,34.73,23,0,628.3,1
199728,5843,56.58,41,1,921.1,1
199765,5844,42.62,37,0,743.4,1
199810,5845,72.33,45,1,1155.7,1
199839,5846,39.77,29,0,701.4,1
199866,5847,30.32,27,0,562.6,1
199893,5848,37.32,27,0,666.0,1
199920,5849,28.25,27,0,531.9,1
199948,5850,43.63,28,0,758.3,1
199975,5851,45.06,27,0,781.0,1
200005,5852,40.99,30,0,720.3,1
200032,5853,41.47,27,0,727.4,1
200052,5854,9.88,20,0,261.1,1
200082,5855,40.33,30,0,711.0,1
200120,5856,57.30,38,1,931.7,1
200147,5857,39.17,27,0,693.3,1
200176,5858,34.95,29,0,630.1,1
200195,5859,18.49,19,0,389.3,1
200222,5860,43.02,27,0,750.3,1
200251,5861,31.66,29,0,582.0,1
200274,5862,27.91,23,0,527.5,1
200303,5863,39.42,29,0,698.2,1
200326,5864,22.04,23,0,440.8,1
200364,5865,58.12,38,1,943.6,1
200391,5866,43.07,27,0,751.0,1
200439,5867,156.58,48,2,1279.3,0
200478,5868,62.66,39,1,1012.5,1
200514,5869,41.08,36,0,720.7,1
200541,5870,41.61,27,0,729.4,1
200584,5871,38.99,43,0,692.2,1
200627,5872,63.60,43,1,1025.2,1
200654,5873,41.27,27,0,725.0,1
200691,5874,38.88,37,1,660.1,1
200718,5875,29.60,27,0,552.4,1
200745,5876,36.60,27,0,655.3,1
200776,5877,44.81,31,0,777.3,1
200805,5878,34.79,29,0,628.9,1
200846,5879,37.95,41,0,676.1,1
200876,5880,43.87,30,0,762.7,1
200903,5881,45.13,27,0,781.5,1
200943,5882,51.04,40,1,840.3,1
200983,5883,52.95,40,0,898.5,1
201010,5884,47.20,27,0,812.0,1
201037,5885,43.96,27,0,764.2,1
201072,5886,39.98,35,0,708.0,1
201101,5887,38.44,29,0,681.7,1
201120,5888,21.14,19,0,426.7,1
201153,5889,34.34,33,0,623.4,1
201186,5890,42.56,33,0,744.1,1
201213,5891,43.02,27,0,750.3,1
201240,5892,45.44,27,0,786.1,1
201272,5893,36.43,32,1,622.3,1
201306,5894,51.19,34,1,841.1,1
201342,5895,38.82,36,0,689.9,1
201390,5896,69.30,48,1,1108.7,1
201424,5897,32.76,34,0,601.0,1
201451,5898,34.51,27,0,624.4,1
201477,5899,29.75,26,0,557.4,1
201516,5900,48.37,39,1,799.4,1
201545,5901,34.60,29,0,629.6,1
201568,5902,34.29,23,0,621.9,1
201622,5903,59.25,54,3,901.1,1
201649,5904,32.75,27,0,597.5,1
201676,5905,36.70,27,0,657.4,1
201712,5906,41.88,36,0,735.2,1
201756,5907,152.58,44,0,1283.8,0
201786,5908,42.11,30,0,737.4,1
201812,5909,33.39,26,0,608.9,1
201842,5910,43.41,30,0,756.1,1
201865,5911,33.28,23,0,606.9,1
201895,5912,44.36,30,0,770.1,1
201924,5913,32.48,29,0,593.5,1
201959,5914,33.24,35,1,575.9,1
201983,5915,24.49,24,0,477.9,1
202010,5916,37.84,27,0,673.6,1
202037,5917,44.93,27,0,779.1,1
202064,5918,41.44,27,0,726.9,1
202112,5919,57.79,48,2,911.4,1
202154,5920,67.60,42,1,1083.1,1
202192,5921,64.73,38,1,1041.2,1
202219,5922,33.17,27,0,603.8,1
202249,5923,37.50,30,0,668.7,1
202274,5924,31.00,25,0,573.1,1
202308,5925,51.35,34,1,846.1,1
202338,5926,44.05,30,0,765.5,1
202380,5927,73.19,42,0,1197.0,1
202420,5928,51.75,40,1,849.3,1
202440,5929,20.01,20,0,411.1,1
202473,5930,37.18,33,1,633.5,1
202507,5931,52.52,34,0,889.7,1
202534,5932,32.46,27,0,594.9,1
202561,5933,35.15,27,0,634.0,1
202588,5934,40.92,27,0,719.2,1
202614,5935,27.70,26,0,526.5,1
202641,5936,40.04,27,0,706.2,1
202669,5937,41.44,28,0,726.0,1
202694,5938,35.61,25,0,641.3,1
202724,5939,42.17,30,0,737.7,1
202751,5940,34.21,27,0,620.6,1
202778,5941,41.47,27,0,727.3,1
202808,5942,39.34,30,0,696.5,1
202847,5943,52.07,39,1,854.2,1
202892,5944,60.79,45,0,1015.0,1
202919,5945,38.58,27,0,684.6,1
202950,5946,24.65,31,0,482.0,1
202973,5947,29.27,23,0,548.0,1
202998,5948,36.65,25,0,656.7,1
203018,5949,14.90,20,1,304.9,1
203041,5950,36.11,23,0,649.6,1
203072,5951,36.61,31,1,625.1,1
203101,5952,38.27,29,0,679.1,1
203134,5953,38.96,33,0,691.7,1
203161,5954,43.96,27,0,764.2,1
203196,5955,38.64,35,0,685.5,1
203249,5956,60.93,53,0,1015.7,1
203274,5957,33.38,25,0,611.0,1
203301,5958,39.12,27,0,692.7,1
203334,5959,42.51,33,1,712.3,1
203359,5960,25.26,25,0,489.6,1
203407,5961,64.19,48,1,1032.7,1
203434,5962,41.80,27,0,732.3,1
203463,5963,30.68,29,0,569.9,1
203496,5964,38.82,33,0,687.3,1
203542,5965,69.73,46,1,1114.5,1
203577,5966,41.68,35,0,731.1,1
203604,5967,42.22,27,0,738.4,1
203627,5968,24.90,23,0,483.6,1
203657,5969,38.88,30,0,689.1,1
203682,5970,41.50,25,0,728.3,1
203709,5971,44.79,27,0,776.6,1
203736,5972,25.36,27,0,489.3,1
203773,5973,48.65,37,0,832.5,1
203798,5974,31.53,25,0,581.1,1
203823,5975,34.36,25,1,593.3,1
203858,5976,60.48,35,0,1009.2,1
203895,5977,41.28,37,0,725.1,1
203922,5978,40.69,27,1,687.4,1
203957,5979,63.20,35,0,1049.3,1
204012,5980,154.56,55,1,1280.8,0
204042,5981,43.16,30,0,753.0,1
204068,5982,40.69,26,0,715.5,1
204096,5983,46.14,28,0,796.4,1
204123,5984,43.96,27,0,764.2,1
204153,5985,37.28,30,0,666.3,1
204185,5986,32.53,32,1,565.4,1
204225,5987,66.48,40,1,1071.2,1
204259,5988,50.75,34,0,867.1,1
204285,5989,36.11,26,0,648.7,1
204313,5990,49.37,28,0,845.0,1
204349,5991,43.23,36,0,754.2,1
204376,5992,40.09,27,0,708.2,1
204403,5993,41.67,27,0,730.3,1
204432,5994,22.96,29,0,457.1,1
204460,5995,41.05,28,0,720.3,1
204485,5996,33.17,25,0,603.8,1
204521,5997,44.64,36,0,776.6,1
204545,5998,27.89,24,1,497.7,1
204579,5999,53.89,34,0,912.3,1
204601,6000,27.87,22,0,526.1,1
204631,6001,33.49,30,1,580.4,1
204662,6002,26.70,31,0,509.7,1
204690,6003,36.27,28,0,651.1,1
204717,6004,36.69,27,0,657.3,1
204746,6005,39.53,29,1,672.3,1
204775,6006,32.07,29,0,587.5,1
204808,6007,50.51,33,0,861.8,1
204852,6008,57.64,44,1,937.6,1
204870,6009,6.07,18,0,204.2,1
204892,6010,36.26,22,0,651.2,1
204922,6011,33.43,30,0,609.1,1
204961,6012,63.77,39,1,1026.5,1
204988,6013,37.04,27,0,662.4,1
205018,6014,52.19,30,0,885.8,1
205050,6015,44.07,32,1,735.3,1
205093,6016,58.12,43,1,943.9,1
205120,6017,43.92,27,0,764.2,1
205147,6018,43.96,27,0,764.2,1
205174,6019,44.81,27,0,776.6,1
205210,6020,40.14,36,0,707.5,1
205247,6021,59.88,37,1,970.5,1
205274,6022,41.68,27,0,730.4,1
205303,6023,32.67,29,0,596.4,1
205330,6024,39.40,27,0,697.6,1
205350,6025,11.71,20,0,287.3,1
205387,6026,48.28,37,0,828.5,1
205432,6027,154.12,45,1,1277.0,0
205471,6028,55.63,39,1,907.7,1
205498,6029,36.74,27,0,657.4,1
205525,6030,36.73,27,0,658.1,1
205569,6031,57.73,44,0,970.0,1
205598,6032,31.82,29,0,586.8,1
205628,6033,43.21,30,0,753.1,1
205652,6034,21.83,24,0,436.2,1
205677,6035,31.13,25,0,575.1,1
205704,6036,43.96,27,0,764.2,1
205731,6037,44.64,27,0,774.2,1
205771,6038,69.00,40,0,1133.4,1
205803,6039,39.25,32,0,697.7,1
205825,6040,30.57,22,0,567.5,1
205855,6041,46.81,30,0,806.2,1
205887,6042,38.53,32,0,685.4,1
205932,6043,61.72,45,1,998.5,1
205967,6044,57.65,35,0,968.0,1
206006,6045,59.84,39,1,969.0,1
206036,6046,33.70,30,0,613.2,1
206061,6047,29.78,25,0,555.4,1
206088,6048,42.25,27,0,738.8,1
206113,6049,27.53,25,0,521.9,1
206148,6050,37.82,35,1,642.9,1
206192,6051,57.89,44,1,940.7,1
206230,6052,67.11,38,1,1076.7,1
206260,6053,39.81,30,0,703.8,1
206287,6054,47.20,27,0,812.0,1
206322,6055,60.38,35,0,1007.7,1
206367,6056,75.99,45,1,1207.1,1
206394,6057,43.67,27,0,759.8,1
206423,6058,46.57,29,1,774.6,1
206450,6059,41.61,27,0,729.4,1
206479,6060,34.55,29,0,626.8,1
206536,6061,156.05,57,2,1276.0,0
206566,6062,41.61,30,0,728.5,1
206593,6063,34.06,27,0,618.4,1
206636,6064,57.20,43,1,933.0,1
206661,6065,38.69,25,0,686.8,1
206691,6066,45.32,30,1,758.5,1
206723,6067,31.30,32,0,578.5,1
206763,6068,65.30,40,0,1082.1,1
206790,6069,43.96,27,0,764.2,1
206814,6070,27.28,24,0,517.9,1
206841,6071,37.91,27,0,673.8,1
206863,6072,29.60,22,0,552.5,1
206906,6073,43.29,43,1,725.9,1
206930,6074,37.92,24,1,646.8,1
206957,6075,40.45,27,0,713.2,1
206996,6076,54.80,39,1,894.8,1
207029,6077,48.21,33,0,829.6,1
207051,6078,30.93,22,0,572.1,1
207077,6079,36.13,26,0,650.2,1
207104,6080,47.34,27,0,814.1,1
207134,6081,45.41,30,1,755.9,1
207160,6082,33.29,26,0,606.1,1
207187,6083,41.52,27,0,728.1,1
207217,6084,42.25,30,0,738.9,1
207249,6085,41.41,32,0,726.2,1
207289,6086,68.38,40,0,1124.1,1
207316,6087,43.96,27,0,764.2,1
207358,6088,71.96,42,1,1148.3,1
207405,6089,70.25,47,2,1095.3,1
207441,6090,42.73,36,0,746.0,1
207476,6091,54.90,35,0,926.7,1
207504,6092,34.36,28,0,621.4,1
207543,6093,36.91,39,0,660.8,1
207586,6094,77.82,43,1,1235.8,1
207613,6095,35.05,27,0,632.4,1
207638,6096,34.22,25,0,621.7,1
207665,6097,38.35,27,0,681.8,1
207710,6098,54.98,45,1,899.2,1
207746,6099,34.82,36,0,630.8,1
207772,6100,30.57,26,0,565.9,1
207799,6101,47.04,27,0,809.6,1
207822,6102,29.25,23,0,547.4,1
207867,6103,53.78,45,2,852.3,1
207896,6104,37.88,29,0,673.4,1
207929,6105,52.76,33,1,865.2,1
207956,6106,39.67,27,0,700.7,1
207986,6107,38.17,30,0,679.2,1
208028,6108,60.76,42,1,982.5,1
208068,6109,57.69,40,1,939.0,1
208098,6110,31.36,30,0,577.9,1
208125,6111,39.99,27,0,705.4,1
208160,6112,60.94,35,0,1016.0,1
208187,6113,39.09,27,0,692.1,1
208214,6114,39.63,27,0,700.2,1
208239,6115,35.06,25,0,632.6,1
208271,6116,47.58,32,0,816.7,1
208308,6117,39.31,37,0,698.1,1
208335,6118,35.44,27,0,638.9,1
208367,6119,28.89,32,0,542.6,1
208411,6120,69.01,44,1,1107.7,1
208438,6121,31.46,27,0,579.4,1
208467,6122,37.31,29,0,665.0,1
208496,6123,33.70,29,0,611.7,1
208534,6124,42.17,38,0,737.4,1
208563,6125,32.84,29,0,600.7,1
208591,6126,26.14,28,0,501.3,1
208631,6127,55.27,40,1,902.3,1
208652,6128,16.95,21,0,364.1,1
208687,6129,60.01,35,0,1002.2,1
208714,6130,42.20,27,0,738.2,1
208741,6131,37.94,27,0,675.7,1
208771,6132,45.03,30,0,780.6,1
208799,6133,39.09,28,0,692.5,1
208827,6134,27.61,28,0,541.6,1
208849,6135,23.61,22,0,464.0,1
208875,6136,31.04,26,0,572.4,1
208902,6137,39.00,27,0,690.8,1
208937,6138,59.68,35,0,997.3,1
208970,6139,45.91,33,1,763.4,1
208997,6140,42.16,27,0,738.2,1
209027,6141,32.71,30,0,597.9,1
209054,6142,38.94,27,0,689.9,1
209094,6143,55.76,40,1,908.6,1
209121,6144,41.64,27,0,730.5,1
209150,6145,33.16,29,0,604.2,1
209198,6146,69.36,48,2,1079.5,1
209228,6147,30.60,30,0,566.4,1
209257,6148,34.92,29,0,630.3,1
209296,6149,55.37,39,0,933.3,1
209323,6150,36.68,27,0,657.1,1
209358,6151,66.99,35,0,1106.3,1
209406,6152,62.04,48,1,1003.0,1
209433,6153,36.74,27,0,657.1,1
209460,6154,47.01,27,0,809.2,1
209491,6155,36.91,31,0,659.1,1
209520,6156,38.05,29,0,676.0,1
209551,6157,34.65,31,0,626.2,1
209586,6158,47.44,35,0,814.6,1
209621,6159,57.37,35,0,962.9,1
209651,6160,42.90,30,0,749.1,1
209678,6161,32.57,27,0,595.8,1
209708,6162,36.89,30,1,631.5,1
209738,6163,40.04,30,0,707.9,1
209768,6164,48.58,30,0,833.4,1
209805,6165,36.59,37,0,654.3,1
209848,6166,65.57,43,1,1053.1,1
209875,6167,34.85,27,0,629.5,1
209901,6168,31.26,26,0,578.9,1
209929,6169,30.06,28,0,558.4,1
209965,6170,37.88,36,0,675.2,1
209992,6171,38.72,27,0,686.8,1
210019,6172,42.57,27,0,743.5,1
210053,6173,23.86,34,0,469.4,1
210080,6174,35.98,27,0,646.2,1
210100,6175,6.46,20,0,209.0,1
210123,6176,31.84,23,0,585.6,1
210150,6177,42.68,27,0,745.3,1
210177,6178,39.55,27,0,698.9,1
210201,6179,29.88,24,0,557.5,1
210228,6180,41.98,27,0,735.4,1
210275,6181,65.04,47,0,1074.8,1
210304,6182,32.77,29,0,599.6,1
210352,6183,64.95,48,1,1043.9,1
210375,6184,33.56,23,0,612.2,1
210403,6185,42.46,28,0,742.6,1
210432,6186,35.85,29,0,643.4,1
210463,6187,36.75,31,0,657.7,1
210486,6188,34.78,23,0,629.1,1
210513,6189,43.96,27,0,764.2,1
210535,6190,30.43,22,0,564.7,1
210568,6191,42.93,33,0,748.9,1
210602,6192,40.39,34,0,712.8,1
210632,6193,46.32,30,0,799.6,1
210659,6194,36.30,27,0,650.9,1
210689,6195,45.79,30,0,791.1,1
210721,6196,29.06,32,0,546.5,1
210746,6197,36.07,25,0,650.8,1
210773,6198,35.03,27,0,632.2,1
210802,6199,31.14,29,0,574.7,1
210835,6200,31.00,33,1,545.7,1
210862,6201,39.55,27,0,699.0,1
210890,6202,27.35,28,0,536.6,1
210917,6203,35.54,27,0,639.7,1
210950,6204,39.55,33,1,670.0,1
210977,6205,37.03,27,0,661.7,1
211009,6206,32.13,32,1,562.0,1
211037,6207,37.08,28,0,663.3,1
211062,6208,23.91,25,0,473.0,1
211098,6209,53.09,36,1,868.7,1
211126,6210,32.74,28,0,598.1,1
211153,6211,38.34,27,0,681.7,1
211191,6212,70.14,38,0,1152.8,1
211222,6213,37.76,31,1,642.1,1
211259,6214,36.58,37,0,655.6,1
211292,6215,45.92,33,0,792.8,1
211323,6216,47.88,31,1,792.3,1
211350,6217,41.30,27,0,724.9,1
211380,6218,41.30,30,0,724.8,1
211410,6219,41.88,30,0,733.4,1
211437,6220,41.32,27,0,725.1,1
211464,6221,43.21,27,0,753.1,1
211493,6222,42.06,29,0,736.9,1
211515,6223,27.71,22,0,523.7,1
211552,6224,73.59,37,1,1172.5,1
211584,6225,33.79,32,0,612.9,1
211611,6226,42.71,27,0,745.6,1
211649,6227,53.96,38,0,913.4,1
211672,6228,24.72,23,0,480.4,1
211699,6229,39.69,27,0,701.0,1
211727,6230,34.51,28,0,624.2,1
211756,6231,33.98,29,0,615.7,1
211779,6232,24.41,23,0,475.9,1
211819,6233,62.99,40,1,1015.8,1
211849,6234,43.79,30,0,761.6,1
211881,6235,50.17,32,0,855.0,1
211908,6236,38.86,27,0,688.8,1
211955,6237,59.95,47,1,970.7,1
211988,6238,59.02,33,0,985.8,1
212018,6239,46.93,30,0,808.0,1
212048,6240,22.00,30,0,439.9,1
212075,6241,40.29,27,0,709.9,1
212102,6242,43.96,27,0,764.2,1
212129,6243,47.10,27,0,811.2,1
212159,6244,35.21,30,0,634.8,1
212186,6245,40.01,27,0,706.9,1
212213,6246,35.63,27,0,641.0,1
212240,6247,32.33,27,0,592.3,1
212261,6248,9.19,21,0,251.7,1
212288,6249,34.00,27,0,617.0,1
212315,6250,36.13,27,0,648.4,1
212345,6251,43.35,30,0,756.1,1
212387,6252,68.25,42,1,1092.7,1
212414,6253,38.35,27,0,681.2,1
212441,6254,36.89,27,0,659.3,1
212468,6255,34.50,27,0,624.4,1
212508,6256,57.80,40,1,941.2,1
212543,6257,49.87,35,1,825.4,1
212586,6258,157.10,43,2,1279.9,0
212630,6259,154.55,44,1,1282.5,0
212657,6260,46.17,27,0,796.8,1
212701,6261,64.99,44,2,1015.6,1
212744,6262,75.05,43,1,1193.1,1
212773,6263,44.47,29,0,770.8,1
212814,6264,65.65,41,1,1054.9,1
212841,6265,41.92,27,1,705.7,1
212868,6266,40.45,27,0,712.8,1
212896,6267,32.98,28,0,604.3,1
212912,6268,10.29,16,0,266.2,1
212939,6269,39.18,27,0,693.5,1
212966,6270,40.59,27,0,714.9,1
212996,6271,45.60,30,0,788.4,1
213027,6272,35.17,31,0,634.6,1
213056,6273,37.93,29,0,675.8,1
213086,6274,42.52,30,0,742.5,1
213114,6275,31.75,28,0,582.8,1
213153,6276,58.45,39,0,979.2,1
213181,6277,23.03,28,0,455.8,1
213211,6278,36.77,30,0,658.4,1
213249,6279,40.39,38,0,712.9,1
213279,6280,36.09,30,0,648.4,1
213306,6281,43.65,27,0,759.8,1
213346,6282,66.25,40,2,1036.2,1
213376,6283,37.98,30,0,675.8,1
213421,6284,66.55,45,1,1068.1,1
213448,6285,42.18,27,0,737.8,1
213488,6286,56.75,40,0,954.9,1
213518,6287,42.20,30,0,740.5,1
213545,6288,33.77,27,0,613.5,1
213569,6289,23.11,24,0,459.7,1
213599,6290,43.21,30,0,753.1,1
213629,6291,29.27,30,0,547.6,1
213673,6292,69.98,44,2,1088.7,1
213701,6293,34.26,28,0,621.4,1
213729,6294,34.59,28,0,626.5,1
213756,6295,32.41,27,0,594.0,1
213793,6296,60.60,37,1,980.5,1
213842,6297,154.42,49,1,1282.0,0
213877,6298,65.99,35,1,1063.3,1
213905,6299,43.35,28,0,755.7,1
213930,6300,24.06,25,1,440.5,1
213961,6301,40.93,31,0,718.5,1
213996,6302,60.44,35,0,1008.6,1
214023,6303,37.88,27,0,674.3,1
214050,6304,40.38,27,0,711.2,1
214089,6305,54.16,39,1,885.4,1
214116,6306,40.96,27,0,719.8,1
214160,6307,78.40,44,2,1215.5,1
214187,6308,43.96,27,0,764.2,1
214226,6309,56.65,39,1,924.4,1
214255,6310,19.78,29,0,407.7,1
214284,6311,32.88,29,0,599.5,1
214325,6312,69.45,41,1,1110.4,1
214355,6313,43.20,30,0,752.9,1
214382,6314,45.30,27,0,783.9,1
214410,6315,34.42,28,0,622.3,1
214437,6316,37.60,27,0,670.2,1
214463,6317,34.08,26,0,618.1,1
214492,6318,40.07,29,0,707.0,1
214511,6319,19.20,19,0,397.4,1
214537,6320,42.17,26,0,737.4,1
214564,6321,33.71,27,0,612.6,1
214591,6322,27.78,27,0,526.2,1
214621,6323,41.62,30,0,730.2,1
214653,6324,40.33,32,0,711.4,1
214691,6325,66.30,38,1,1063.9,1
214717,6326,32.61,26,0,596.5,1
214744,6327,40.92,27,0,719.3,1
214771,6328,43.96,27,0,764.2,1
214798,6329,43.96,27,0,764.2,1
214836,6330,69.55,38,0,1141.4,1
214868,6331,36.97,32,0,659.9,1
214903,6332,45.78,35,0,790.1,1
214927,6333,22.50,24,0,449.4,1
214966,6334,56.85,39,1,924.2,1
214995,6335,37.48,29,0,670.5,1
215027,6336,46.82,32,0,807.3,1
215054,6337,45.38,27,0,785.7,1
215077,6338,19.35,23,0,400.1,1
215113,6339,41.88,36,0,732.4,1
215158,6340,154.38,45,1,1282.6,0
215185,6341,47.04,27,0,809.6,1
215229,6342,63.51,44,1,1024.0,1
215267,6343,59.48,38,1,965.7,1
215302,6344,45.58,35,1,760.0,1
215328,6345,28.59,26,1,508.1,1
215368,6346,64.36,40,0,1065.5,1
215395,6347,44.52,27,0,772.5,1
215431,6348,44.56,36,0,773.9,1
215465,6349,59.90,34,0,999.3,1
215498,6350,34.16,33,0,620.8,1
215528,6351,33.84,30,0,614.7,1
215558,6352,37.17,30,0,663.0,1
215585,6353,38.90,27,0,690.0,1
215615,6354,36.90,30,0,659.9,1
215640,6355,31.15,25,0,575.1,1
215670,6356,45.39,30,0,785.2,1
215704,6357,26.33,34,0,506.9,1
215740,6358,58.29,36,0,975.0,1
215767,6359,40.32,27,0,710.3,1
215804,6360,44.20,37,0,766.9,1
215827,6361,29.98,23,0,558.7,1
215869,6362,64.82,42,0,1074.3,1
215889,6363,22.73,20,0,449.5,1
215926,6364,49.15,37,0,840.8,1
215961,6365,60.23,35,0,1005.5,1
215988,6366,34.31,27,0,621.5,1
216010,6367,25.90,22,0,496.5,1
216053,6368,64.41,43,1,1038.3,1
216080,6369,45.38,27,0,785.7,1
216108,6370,31.01,28,0,571.9,1
216135,6371,39.09,27,0,692.1,1
216185,6372,61.04,50,1,986.1,1
216223,6373,49.86,38,0,853.1,1
216243,6374,20.81,20,0,424.1,1
216273,6375,30.21,30,0,560.9,1
216307,6376,53.62,34,0,907.2,1
216337,6377,30.25,30,0,561.5,1
216364,6378,35.37,27,0,637.2,1
216393,6379,34.44,29,0,622.5,1
216423,6380,47.51,30,1,786.8,1
216450,6381,38.31,27,0,681.8,1
216494,6382,67.03,44,2,1045.6,1
216524,6383,41.49,30,1,698.1,1
216556,6384,44.16,32,0,767.1,1
216601,6385,70.81,45,1,1131.4,1
216636,6386,59.68,35,1,969.3,1
216675,6387,54.35,39,1,888.2,1
216710,6388,59.31,35,0,991.8,1
216742,6389,46.71,32,0,803.9,1
216785,6390,61.05,43,2,957.3,1
216811,6391,30.91,26,0,570.4,1
216842,6392,41.58,31,0,729.0,1
216878,6393,46.87,36,1,777.4,1
216907,6394,31.82,29,0,585.5,1
216943,6395,47.78,36,2,762.9,1
216969,6396,29.97,26,0,558.3,1
216997,6397,39.58,28,0,700.3,1
217030,6398,53.95,33,1,882.9,1
217068,6399,68.73,38,1,1102.1,1
217098,6400,40.48,30,0,712.8,1
217134,6401,41.09,36,0,720.9,1
217180,6402,154.55,46,1,1276.3,0
217207,6403,39.37,27,0,696.3,1
217229,6404,16.65,22,0,362.0,1
217262,6405,38.62,33,0,685.8,1
217289,6406,32.76,27,0,599.2,1
217317,6407,40.74,28,0,717.4,1
217345,6408,40.14,28,1,677.8,1
217389,6409,154.14,44,1,1276.1,0
217416,6410,42.26,27,0,739.1,1
217455,6411,47.84,39,0,820.6,1
217482,6412,41.48,27,0,728.3,1
217511,6413,32.91,29,0,599.9,1
217538,6414,33.45,27,0,608.9,1
217569,6415,46.80,31,0,805.2,1
217599,6416,43.52,30,0,757.7,1
217633,6417,34.73,34,0,626.8,1
217676,6418,61.42,43,1,991.7,1
217701,6419,38.90,25,0,690.0,1
217728,6420,44.59,27,0,773.5,1
217766,6421,56.04,38,1,913.4,1
217796,6422,28.84,30,0,540.6,1
217827,6423,50.51,31,0,861.8,1
217870,6424,154.35,43,1,1280.5,0
217897,6425,43.96,27,0,764.2,1
217927,6426,36.42,30,0,653.3,1
217956,6427,40.89,29,0,718.8,1
218002,6428,60.40,46,1,978.1,1
218029,6429,38.58,27,0,684.7,1
218056,6430,38.91,27,0,689.5,1
218086,6431,47.68,30,0,819.1,1
218113,6432,31.60,27,0,582.6,1
218141,6433,44.19,28,0,767.6,1
218168,6434,43.49,27,0,757.2,1
218195,6435,38.66,27,1,659.0,1
218222,6436,38.46,27,0,683.1,1
218247,6437,31.32,25,0,577.9,1
218274,6438,43.96,27,0,764.2,1
218304,6439,47.11,30,0,810.7,1
218350,6440,155.01,46,1,1279.5,0
218375,6441,24.47,25,0,477.2,1
218408,6442,30.97,33,1,545.2,1
218443,6443,42.06,35,0,736.1,1
218482,6444,61.47,39,0,1023.8,1
218515,6445,35.47,33,1,608.9,1
218542,6446,39.82,27,0,703.0,1
218575,6447,43.03,33,0,751.3,1
218599,6448,35.55,24,0,643.7,1
218626,6449,39.49,27,0,697.2,1
218666,6450,72.39,40,1,1154.5,1
218710,6451,67.51,44,2,1054.8,1
218749,6452,55.63,39,0,940.5,1
218798,6453,61.84,49,1,1000.1,1
218825,6454,40.96,27,0,719.9,1
218853,6455,28.50,28,0,535.4,1
218882,6456,35.68,29,0,640.9,1
218909,6457,38.39,27,0,682.5,1
218933,6458,37.89,24,0,674.5,1
218960,6459,43.96,27,0,764.2,1
218987,6460,36.47,27,0,654.6,1
219014,6461,37.58,27,0,669.9,1
219041,6462,34.34,27,0,621.7,1
219071,6463,36.61,30,0,655.5,1
219103,6464,32.31,32,1,561.6,1
219133,6465,32.33,30,0,593.8,1
219163,6466,47.27,30,0,813.6,1
219198,6467,46.61,35,1,776.4,1
219225,6468,42.20,27,0,738.8,1
219255,6469,39.05,30,0,691.6,1
219287,6470,39.74,32,0,703.5,1
219316,6471,49.67,29,2,789.5,1
219343,6472,39.41,27,0,696.8,1
219388,6473,56.63,45,2,893.7,1
219419,6474,48.36,31,0,831.8,1
219452,6475,48.38,33,1,802.6,1
219482,6476,42.70,30,0,747.3,1
219522,6477,60.49,40,1,979.4,1
219549,6478,38.35,27,0,681.8,1
219582,6479,34.66,33,2,570.8,1
219609,6480,41.69,27,0,730.6,1
219643,6481,47.15,34,0,811.3,1
219672,6482,43.64,29,0,760.9,1
219699,6483,43.95,27,0,764.6,1
219748,6484,156.78,49,2,1284.1,0
219778,6485,40.95,30,0,719.7,1
219827,6486,68.93,49,0,1132.9,1
219860,6487,45.67,33,0,788.6,1
219897,6488,58.31,37,2,916.8,1
219955,6489,154.33,58,1,1278.4,0
219985,6490,29.63,30,0,554.2,1
220015,6491,28.22,30,0,531.5,1
220056,6492,67.60,41,0,1112.6,1
220092,6493,37.71,36,1,643.1,1
220122,6494,42.34,30,0,741.1,1
220155,6495,42.71,33,1,719.3,1
220193,6496,55.11,38,0,933.0,1
220222,6497,35.09,29,0,632.2,1
220271,6498,154.12,49,1,1276.2,0
220306,6499,44.92,35,1,751.1,1
220331,6500,35.61,25,0,641.3,1
220361,6501,42.03,30,0,736.9,1
220388,6502,43.96,27,0,764.2,1
220411,6503,22.10,23,0,440.2,1
220453,6504,52.98,42,1,866.9,1
220489,6505,42.33,36,0,739.2,1
220512,6506,26.74,23,0,510.2,1
220539,6507,40.82,27,0,717.7,1
220574,6508,37.58,35,0,669.0,1
220608,6509,54.87,34,0,926.3,1
220631,6510,34.29,23,0,621.9,1
220669,6511,66.94,38,1,1073.3,1
220697,6512,36.48,28,0,655.1,1
220721,6513,33.93,24,0,615.6,1
220757,6514,42.02,36,0,734.6,1
220787,6515,43.57,30,0,758.4,1
220813,6516,29.78,26,0,554.2,1
220839,6517,37.97,26,0,675.9,1
220874,6518,42.62,35,0,744.3,1
220920,6519,154.24,46,1,1278.0,0
220947,6520,47.34,27,0,814.0,1
220974,6521,34.85,27,0,629.5,1
221001,6522,43.96,27,0,764.2,1
221035,6523,45.23,34,0,782.0,1
221070,6524,61.71,35,1,996.9,1
221101,6525,42.82,31,0,748.2,1
221133,6526,33.23,32,1,575.1,1
221152,6527,20.53,19,0,417.6,1
221185,6528,45.61,33,1,761.0,1
221229,6529,156.80,44,2,1279.1,0
221256,6530,37.35,27,0,667.0,1
221298,6531,60.84,42,1,986.8,1
221321,6532,25.61,23,0,493.5,1
221356,6533,39.07,35,0,691.0,1
221401,6534,147.55,45,1,1280.2,1
221428,6535,29.59,27,2,492.6,1
221455,6536,43.65,27,0,759.8,1
221485,6537,46.03,30,0,794.8,1
221509,6538,24.75,24,0,480.9,1
221548,6539,65.09,39,0,1079.1,1
221581,6540,46.26,33,0,798.1,1
221620,6541,52.61,39,2,835.3,1
221672,6542,58.84,52,1,954.2,1
221695,6543,31.75,23,0,584.3,1
221727,6544,36.26,32,1,619.9,1
221756,6545,36.83,29,0,659.6,1
221808,6546,75.40,52,1,1201.9,1
221835,6547,40.03,27,0,706.7,1
221862,6548,43.37,27,0,755.4,1
221895,6549,35.48,33,0,642.1,1
221920,6550,35.10,25,0,633.8,1
221947,6551,40.11,27,0,708.5,1
221983,6552,51.59,36,0,876.0,1
222016,6553,49.00,33,1,812.4,1
222043,6554,43.02,27,0,750.2,1
222072,6555,34.10,29,0,620.3,1
222099,6556,43.96,27,0,764.2,1
222143,6557,152.09,44,0,1276.6,0
222173,6558,38.52,30,0,683.5,1
222202,6559,36.17,29,0,649.9,1
222246,6560,69.52,44,1,1112.8,1
222273,6561,35.41,27,0,637.7,1
222305,6562,34.85,32,1,599.1,1
222336,6563,28.43,31,0,536.1,1
222363,6564,43.07,27,0,751.0,1
222393,6565,45.91,30,0,793.0,1
222426,6566,37.96,33,0,677.0,1
222449,6567,25.05,23,0,485.8,1
222476,6568,44.33,27,0,769.5,1
222514,6569,71.40,38,0,1172.1,1
222541,6570,45.62,27,0,791.1,1
222568,6571,42.15,27,0,737.4,1
222607,6572,66.31,39,1,1067.2,1
222634,6573,29.27,27,0,547.6,1
222666,6574,40.58,32,0,713.2,1
222693,6575,37.87,27,0,674.8,1
222710,6576,8.83,17,0,244.0,1
222744,6577,46.89,34,0,807.4,1
222766,6578,30.70,22,0,568.7,1
222794,6579,33.06,28,0,603.7,1
222821,6580,43.96,27,0,764.2,1
222848,6581,41.25,27,0,724.6,1
222877,6582,32.57,29,0,594.9,1
222909,6583,39.89,32,0,703.9,1
222939,6584,41.00,30,0,720.4,1
222978,6585,60.94,39,1,985.6,1
223013,6586,62.38,35,0,1037.2,1
223040,6587,41.71,27,0,731.5,1
223078,6588,67.87,38,2,1059.3,1
223105,6589,45.10,27,0,781.0,1
223135,6590,35.19,30,0,635.1,1
223162,6591,32.56,27,0,595.7,1
223192,6592,34.35,30,0,623.0,1
223235,6593,154.82,43,1,1279.9,0
223262,6594,46.74,27,0,805.2,1
223288,6595,32.61,26,0,596.2,1
223327,6596,61.90,39,1,998.7,1
223371,6597,64.37,44,1,1036.7,1
223401,6598,44.49,30,0,772.5,1
223432,6599,52.72,31,1,864.9,1
223459,6600,42.68,27,0,745.3,1
223492,6601,43.57,33,0,759.9,1
223529,6602,66.40,37,0,1099.1,1
223559,6603,46.44,30,0,800.8,1
223586,6604,39.86,27,0,704.5,1
223612,6605,37.01,26,0,662.9,1
223639,6606,36.37,27,0,652.0,1
223685,6607,56.99,46,1,927.1,1
223712,6608,38.45,27,0,682.7,1
223743,6609,37.56,31,0,668.6,1
223773,6610,39.54,30,0,698.8,1
223814,6611,72.11,41,1,1151.4,1
223841,6612,39.02,27,0,691.1,1
223865,6613,36.61,24,0,655.5,1
223893,6614,34.89,28,0,629.8,1
223936,6615,69.57,43,1,1115.5,1
223963,6616,48.11,27,0,825.5,1
223999,6617,41.75,36,0,732.9,1
224043,6618,69.87,44,0,1147.1,1
224078,6619,59.97,35,0,1002.8,1
224105,6620,43.96,27,0,764.2,1
224134,6621,34.86,29,0,629.4,1
224164,6622,43.74,30,0,761.0,1
224207,6623,39.84,43,1,676.3,1
224234,6624,29.97,27,0,558.2,1
224261,6625,44.29,27,0,769.1,1
224288,6626,32.24,27,0,590.9,1
224325,6627,62.27,37,1,1005.7,1
224356,6628,45.86,31,0,793.4,1
224411,6629,154.24,55,1,1278.8,0
224458,6630,154.68,47,1,1282.7,0
224498,6631,52.45,40,2,831.6,1
224525,6632,41.61,27,0,729.4,1
224552,6633,38.21,27,0,679.1,1
224579,6634,37.43,27,0,667.6,1
224622,6635,70.49,43,0,1155.3,1
224651,6636,35.03,29,0,633.1,1
224685,6637,53.73,34,0,909.4,1
224712,6638,34.85,27,0,629.5,1
224744,6639,44.41,32,0,769.9,1
224771,6640,43.96,27,0,764.2,1
224797,6641,42.29,26,0,738.6,1
224833,6642,51.20,36,0,873.8,1
224860,6643,41.40,27,0,726.4,1
224893,6644,45.90,33,1,763.2,1
224943,6645,154.42,50,1,1277.9,0
224975,6646,37.16,32,1,635.0,1
225004,6647,43.21,29,0,753.0,1
225031,6648,41.82,27,0,733.1,1
225058,6649,42.41,27,0,741.3,1
225084,6650,38.42,26,0,683.2,1
225111,6651,42.51,27,0,742.8,1
225142,6652,39.92,31,0,707.3,1
225183,6653,154.17,41,1,1277.7,0
225214,6654,35.76,31,0,643.6,1
225241,6655,43.96,27,0,764.2,1
225288,6656,154.65,47,1,1279.6,0
225315,6657,39.99,27,0,705.4,1
225330,6658,13.69,15,0,315.9,1
225371,6659,59.38,41,1,961.6,1
225398,6660,43.43,27,0,756.4,1
225424,6661,28.15,26,0,532.0,1
225463,6662,56.26,39,1,917.0,1
225491,6663,45.51,28,0,787.2,1
225526,6664,57.83,35,0,969.7,1
225562,6665,57.75,36,2,910.3,1
225600,6666,63.95,38,1,1029.6,1
225640,6667,66.65,40,0,1101.2,1
225667,6668,39.05,27,0,691.6,1
225694,6669,36.88,27,0,659.4,1
225725,6670,29.57,31,0,552.4,1
225757,6671,48.13,32,0,828.1,1
225797,6672,68.14,40,1,1091.0,1
225832,6673,57.69,35,1,938.9,1
225861,6674,34.06,29,0,616.9,1
225905,6675,154.40,44,1,1281.1,0
225932,6676,42.94,27,0,749.7,1
225977,6677,59.24,45,1,960.2,1
226019,6678,154.15,42,1,1277.5,0
226051,6679,47.30,32,0,813.5,1
226078,6680,42.48,27,0,742.9,1
226128,6681,71.75,50,1,1144.5,1
226170,6682,154.30,42,1,1280.9,0
226200,6683,48.75,30,0,835.0,1
226227,6684,40.00,27,0,705.6,1
226267,6685,52.47,40,1,861.0,1
226300,6686,31.71,33,1,556.3,1
226335,6687,62.94,35,0,1045.5,1
226362,6688,45.10,27,0,781.0,1
226408,6689,154.19,46,1,1278.1,0
226438,6690,43.08,30,0,751.1,1
226465,6691,43.96,27,0,764.2,1
226494,6692,47.49,29,1,785.9,1
226516,6693,27.86,22,0,526.8,1
226549,6694,58.56,33,0,979.6,1
226576,6695,28.69,27,0,538.5,1
226603,6696,44.86,27,0,776.6,1
226628,6697,19.82,25,0,408.0,1
226653,6698,34.21,25,0,619.1,1
226680,6699,43.96,27,0,764.2,1
226710,6700,41.31,30,0,724.9,1
226756,6701,75.58,46,1,1202.8,1
226786,6702,39.79,30,0,702.6,1
226822,6703,49.60,36,1,821.8,1
226838,6704,16.18,16,0,352.7,1
226868,6705,54.31,30,1,887.3,1
226895,6706,41.44,27,0,726.9,1
226932,6707,57.82,37,1,938.5,1
226968,6708,40.83,36,0,719.6,1
227001,6709,41.01,33,1,692.7,1
227033,6710,37.09,32,1,632.2,1
227060,6711,41.44,27,0,726.9,1
227091,6712,39.33,31,0,694.9,1
227118,6713,43.67,27,0,759.8,1
227149,6714,47.18,31,0,812.6,1
227179,6715,46.70,30,0,807.9,1
227206,6716,41.44,27,0,726.9,1
227232,6717,33.13,26,0,603.7,1
227260,6718,33.58,28,0,610.8,1
227298,6719,64.49,38,2,1008.4,1
227326,6720,31.29,28,0,576.8,1
227353,6721,42.69,27,0,745.9,1
227386,6722,53.86,33,0,910.2,1
227409,6723,32.91,23,0,599.9,1
227457,6724,61.28,48,1,993.5,1
227484,6725,41.49,27,0,728.8,1
227525,6726,56.20,41,2,887.1,1
227574,6727,64.56,49,0,1068.6,1
227601,6728,35.31,27,0,636.3,1
227624,6729,31.15,23,0,574.8,1
227656,6730,48.06,32,0,826.2,1
227688,6731,48.52,32,0,830.6,1
227718,6732,40.91,30,0,719.1,1
227745,6733,42.04,27,0,736.3,1
227774,6734,33.27,29,0,605.3,1
227802,6735,35.14,28,0,634.7,1
227831,6736,37.83,29,0,674.4,1
227860,6737,37.58,29,0,670.7,1
227887,6738,43.96,27,0,764.2,1
227916,6739,42.27,29,0,739.2,1
227955,6740,64.78,39,1,1044.9,1
228000,6741,68.57,45,0,1127.5,1
228025,6742,25.44,25,1,462.7,1
228064,6743,54.71,39,1,893.5,1
228113,6744,63.91,49,1,1029.2,1
228150,6745,62.48,37,1,1010.9,1
228177,6746,38.35,27,0,681.2,1
228216,6747,55.28,39,1,901.8,1
228245,6748,48.32,29,0,830.4,1
228272,6749,38.13,27,1,647.5,1
228307,6750,27.44,35,0,520.0,1
228330,6751,34.78,23,0,629.1,1
228357,6752,40.12,27,0,706.6,1
228384,6753,39.50,27,0,698.3,1
228411,6754,38.03,27,0,676.5,1
228438,6755,42.26,27,0,739.1,1
228481,6756,154.37,43,1,1276.3,0
228519,6757,56.84,38,0,953.6,1
228545,6758,42.41,26,0,740.9,1
228575,6759,37.94,30,0,674.2,1
228617,6760,58.10,42,1,943.3,1
228656,6761,42.16,39,0,741.4,1
228691,6762,58.95,35,2,927.2,1
228718,6763,43.12,27,0,751.8,1
228737,6764,12.64,19,1,274.5,1
228765,6765,44.05,28,0,766.0,1
228806,6766,73.60,41,1,1175.3,1
228836,6767,48.41,30,0,829.9,1
228863,6768,40.02,27,0,706.0,1
228893,6769,29.76,30,0,554.2,1
228920,6770,43.96,27,0,764.2,1
228962,6771,68.15,42,1,1094.4,1
228989,6772,39.02,27,0,691.1,1
229016,6773,41.17,27,0,722.9,1
229043,6774,43.96,27,0,764.2,1
229070,6775,38.95,27,0,690.8,1
229109,6776,54.78,39,0,923.1,1
229131,6777,25.22,22,0,488.6,1
229158,6778,43.07,27,0,751.0,1
229185,6779,42.87,27,0,748.1,1
229214,6780,40.14,29,0,708.5,1
229241,6781,43.47,27,0,757.5,1
229270,6782,40.47,29,0,711.7,1
229319,6783,65.80,49,1,1059.2,1
229357,6784,53.79,38,0,908.5,1
229385,6785,33.32,28,0,606.0,1
229410,6786,33.18,25,0,603.9,1
229437,6787,39.20,27,0,693.8,1
229481,6788,58.69,44,1,953.2,1
229518,6789,63.15,37,1,1020.9,1
229561,6790,156.42,43,2,1279.7,0
229588,6791,38.21,27,0,678.2,1
229614,6792,36.60,26,0,656.3,1
229642,6793,45.85,28,0,793.9,1
229674,6794,45.41,32,0,784.7,1
229705,6795,43.17,31,1,724.3,1
229737,6796,44.60,32,0,774.5,1
229776,6797,42.08,39,1,707.7,1
229809,6798,42.81,33,0,749.5,1
229836,6799,43.96,27,0,764.2,1
229866,6800,33.64,30,0,612.5,1
229896,6801,32.83,30,0,600.3,1
229931,6802,58.01,35,0,972.6,1
229966,6803,61.25,35,0,1020.5,1
229993,6804,37.28,27,0,665.5,1
230032,6805,44.84,39,0,778.0,1
230052,6806,17.58,20,0,374.6,1
230090,6807,69.68,38,1,1113.7,1
230134,6808,154.47,44,1,1279.3,0
230171,6809,70.24,37,1,1123.8,1
230198,6810,36.77,27,0,657.9,1
230228,6811,44.60,30,0,773.6,1
230274,6812,60.77,46,1,983.8,1
230304,6813,40.16,30,0,710.7,1
230334,6814,46.50,30,0,802.2,1
230366,6815,40.40,32,2,655.6,1
230414,6816,68.56,48,1,1098.2,1
230441,6817,35.67,27,0,641.6,1
230468,6818,41.61,27,0,729.4,1
230495,6819,43.96,27,0,764.2,1
230521,6820,28.65,26,0,538.8,1
230570,6821,62.27,49,1,1005.5,1
230609,6822,66.31,39,0,1093.5,1
230636,6823,43.96,27,0,764.2,1
230663,6824,45.40,27,0,785.4,1
230692,6825,46.42,29,1,771.8,1
230717,6826,38.75,25,0,686.2,1
230736,6827,20.13,19,0,412.5,1
230761,6828,33.83,25,0,615.6,1
230793,6829,41.80,32,1,702.3,1
230832,6830,52.62,39,1,862.6,1
230862,6831,37.25,30,0,664.9,1
230885,6832,34.78,23,0,629.1,1
230912,6833,41.61,27,0,729.4,1
230942,6834,32.36,30,1,563.8,1
230969,6835,41.15,27,0,722.6,1
230996,6836,43.67,27,0,759.8,1
231030,6837,49.60,34,0,847.5,1
231057,6838,40.10,27,0,707.1,1
231084,6839,37.16,27,0,664.8,1
231112,6840,37.67,28,0,670.8,1
231142,6841,33.58,30,0,611.3,1
231186,6842,66.40,44,1,1066.2,1
231213,6843,43.96,27,0,764.2,1
231253,6844,57.01,40,0,959.7,1
231280,6845,40.02,27,0,705.8,1
231307,6846,45.38,27,0,785.7,1
231333,6847,31.75,26,0,583.4,1
231360,6848,35.92,27,1,617.9,1
231387,6849,27.73,27,0,524.3,1
231428,6850,63.59,41,2,994.2,1
231459,6851,43.91,31,0,766.0,1
231497,6852,65.88,38,2,1028.1,1
231524,6853,38.10,27,0,677.5,1
231555,6854,48.02,31,0,825.0,1
231594,6855,63.53,39,0,1055.1,1
231626,6856,33.82,32,1,583.9,1
231662,6857,57.70,36,2,910.8,1
231710,6858,156.61,48,2,1277.8,0
231730,6859,26.63,20,0,507.7,1
231760,6860,43.22,30,0,753.2,1
231807,6861,74.43,47,1,1186.7,1
231848,6862,65.36,41,2,1021.8,1
231875,6863,32.21,27,0,590.5,1
231907,6864,48.62,32,0,833.9,1
231919,6865,11.03,12,0,277.5,1
231937,6866,13.66,18,0,316.4,1
231988,6867,154.36,51,1,1277.1,0
232014,6868,32.77,26,0,597.9,1
232044,6869,46.29,30,1,769.0,1
232076,6870,41.31,32,0,725.5,1
232112,6871,58.78,36,0,983.2,1
232139,6872,39.09,27,0,692.1,1
232177,6873,61.23,38,1,992.5,1
232204,6874,29.40,27,0,551.9,1
232242,6875,58.10,38,0,975.7,1
232267,6876,30.42,25,0,564.7,1
232290,6877,25.40,23,0,490.5,1
232317,6878,46.47,27,0,801.2,1
232343,6879,26.45,26,0,505.1,1
232374,6880,33.97,31,0,617.4,1
232393,6881,28.53,19,1,506.6,1
232423,6882,38.08,30,0,679.1,1
232452,6883,38.77,29,0,686.5,1
232479,6884,41.27,27,0,725.0,1
232509,6885,38.21,30,0,679.1,1
232534,6886,27.23,25,0,516.0,1
232564,6887,45.67,30,0,789.5,1
232594,6888,32.41,30,0,594.0,1
232639,6889,72.93,45,1,1161.9,1
232667,6890,26.54,28,0,508.2,1
232694,6891,43.02,27,0,750.3,1
232736,6892,56.55,42,1,921.2,1
232770,6893,57.05,34,1,928.6,1
232797,6894,45.46,27,0,786.2,1
232827,6895,35.98,30,0,645.3,1
232854,6896,41.74,27,0,731.3,1
232885,6897,46.29,31,1,768.1,1
232915,6898,40.54,30,1,683.2,1
232944,6899,42.39,29,0,741.8,1
232971,6900,39.00,27,0,692.1,1
233001,6901,34.41,30,0,622.7,1
233027,6902,41.51,26,0,728.5,1
233054,6903,35.75,27,0,642.8,1
233081,6904,39.20,27,0,693.8,1
233108,6905,41.75,27,0,731.5,1
233145,6906,49.78,37,0,849.9,1
233181,6907,40.22,36,0,709.7,1
233210,6908,41.95,29,0,733.5,1
233240,6909,42.97,30,0,750.4,1
233267,6910,43.96,27,0,764.2,1
233296,6911,34.53,29,0,624.8,1
233317,6912,21.81,21,1,407.0,1
233350,6913,51.63,33,1,847.9,1
233392,6914,61.84,42,1,998.0,1
233423,6915,42.21,31,0,738.9,1
233452,6916,31.79,29,0,583.4,1
233479,6917,44.29,27,0,769.1,1
233514,6918,56.94,35,0,955.6,1
233544,6919,44.23,30,0,768.1,1
233572,6920,36.03,28,0,646.6,1
233601,6921,34.56,29,0,624.9,1
233629,6922,37.18,28,0,663.1,1
233654,6923,35.57,25,0,641.3,1
233681,6924,43.49,27,0,757.2,1
233718,6925,62.20,37,1,1003.2,1
233745,6926,40.12,27,0,708.0,1
233772,6927,39.62,27,0,700.0,1
233799,6928,32.34,27,0,591.5,1
233829,6929,44.69,30,0,775.5,1
233856,6930,34.41,27,0,623.1,1
233883,6931,33.22,27,0,605.4,1
233925,6932,56.95,42,0,955.2,1
233956,6933,43.98,31,0,766.3,1
233983,6934,40.64,27,0,715.1,1
234022,6935,58.90,39,1,958.6,1
234064,6936,57.77,42,0,967.8,1
234091,6937,36.55,27,0,655.5,1
234125,6938,33.03,34,1,573.7,1
234162,6939,44.14,37,0,769.5,1
234184,6940,27.06,22,0,514.2,1
234225,6941,68.58,41,1,1098.2,1
234247,6942,30.91,22,0,571.9,1
234276,6943,34.66,29,0,625.7,1
234321,6944,65.96,45,2,1031.9,1
234348,6945,43.67,27,0,759.8,1
234399,6946,156.30,51,2,1278.8,0
234429,6947,39.21,30,1,665.2,1
234464,6948,53.56,35,2,846.1,1
234484,6949,15.64,20,1,315.2,1
234511,6950,43.96,27,0,764.2,1
234538,6951,42.56,27,0,743.5,1
234565,6952,39.23,27,0,694.8,1
234595,6953,44.82,30,0,776.9,1
234625,6954,40.90,30,0,718.9,1
234674,6955,61.55,49,1,996.3,1
234714,6956,77.66,40,1,1234.4,1
234744,6957,42.98,30,0,749.7,1
234771,6958,37.92,27,0,674.8,1
234794,6959,34.78,23,0,629.1,1
234826,6960,33.32,32,0,607.0,1
234865,6961,37.46,39,0,669.0,1
234892,6962,43.96,27,0,764.2,1
234923,6963,37.98,31,0,675.7,1
234956,6964,39.64,33,1,673.3,1
234986,6965,42.90,30,0,748.5,1
235024,6966,40.74,38,0,717.8,1
235051,6967,39.62,27,0,700.0,1
235078,6968,40.38,27,0,711.2,1
235105,6969,37.71,27,0,671.8,1
235137,6970,30.75,32,0,569.8,1
235176,6971,54.50,39,0,920.1,1
235209,6972,52.98,33,1,866.9,1
235245,6973,52.67,36,0,892.9,1
235274,6974,39.15,29,0,692.1,1
235304,6975,44.24,30,0,768.3,1
235335,6976,45.54,31,0,786.7,1
235359,6977,22.74,24,0,452.6,1
235385,6978,33.54,26,0,609.9,1
235445,6979,154.10,60,1,1276.7,0
235472,6980,36.80,27,0,658.4,1
235510,6981,48.02,38,1,795.4,1
235552,6982,59.38,42,1,961.6,1
235577,6983,32.80,25,0,598.3,1
235604,6984,42.08,27,1,707.7,1
235628,6985,29.32,24,0,546.9,1
235664,6986,42.40,36,0,742.0,1
235701,6987,66.20,37,2,1032.7,1
235728,6988,46.47,27,0,801.2,1
235777,6989,61.73,49,1,997.2,1
235807,6990,44.29,30,0,769.7,1
235834,6991,42.51,27,0,743.4,1
235865,6992,46.71,31,0,804.8,1
235895,6993,37.31,30,0,666.4,1
235930,6994,49.20,35,0,842.2,1
235964,6995,40.49,34,0,715.2,1
235991,6996,43.96,27,0,764.2,1
236021,6997,43.74,30,0,760.9,1
236048,6998,45.13,27,0,781.5,1
236073,6999,34.80,25,0,629.3,1
236086,7000,7.59,13,0,227.2,1
236125,7001,56.85,39,1,925.1,1
236151,7002,29.56,26,0,551.1,1
236178,7003,37.99,27,0,675.9,1
236206,7004,28.39,28,0,534.1,1
236235,7005,43.45,29,0,756.6,1
236265,7006,44.75,30,0,775.9,1
236292,7007,40.11,27,0,707.8,1
236320,7008,38.11,28,1,648.8,1
236358,7009,58.99,38,1,955.8,1
236385,7010,43.96,27,0,764.2,1
236412,7011,34.59,27,0,624.7,1
236447,7012,62.79,35,1,1012.9,1
236470,7013,14.10,23,0,323.7,1
236506,7014,56.69,36,0,954.1,1
236533,7015,44.59,27,0,773.5,1
236579,7016,75.06,46,2,1167.3,1
236606,7017,43.96,27,0,764.2,1
236630,7018,28.89,24,1,511.6,1
236666,7019,34.40,36,1,592.4,1
236693,7020,41.61,27,0,729.4,1
236728,7021,60.52,35,0,1009.7,1
236761,7022,39.77,33,0,702.9,1
236796,7023,58.50,35,0,978.1,1
236832,7024,40.45,36,1,683.2,1
236870,7025,55.09,38,0,928.6,1
236912,7026,64.90,42,0,1072.7,1
236946,7027,54.51,34,2,863.3,1
236973,7028,35.32,27,0,636.4,1
237003,7029,49.27,30,0,842.7,1
237033,7030,33.29,30,0,606.5,1
237060,7031,32.96,27,0,601.6,1
237087,7032,30.14,27,0,561.6,1
237127,7033,57.64,40,0,966.0,1
237149,7034,28.87,22,0,542.0,1
237181,7035,43.19,32,0,754.5,1
237211,7036,44.01,30,0,765.5,1
237238,7037,30.95,27,0,574.2,1
237265,7038,44.32,27,0,769.4,1
237312,7039,154.15,47,1,1277.5,0
237344,7040,45.55,32,0,787.4,1
237384,7041,67.10,40,1,1075.7,1
237413,7042,31.10,29,0,575.8,1
237440,7043,28.12,27,0,531.9,1
237481,7044,59.85,41,1,968.5,1
237508,7045,43.31,27,0,754.5,1
237546,7046,53.50,38,0,906.0,1
237571,7047,30.16,25,0,561.4,1
237601,7048,40.81,30,0,717.5,1
237628,7049,45.26,27,0,783.9,1
237660,7050,50.54,32,1,831.5,1
237691,7051,42.77,31,0,746.2,1
237738,7052,67.16,47,2,1051.7,1
237777,7053,68.92,39,1,1103.4,1
237804,7054,43.96,27,0,764.2,1
237832,7055,44.03,28,0,766.9,1
237864,7056,41.82,32,0,732.6,1
237892,7057,38.91,28,1,660.8,1
237915,7058,28.89,23,0,542.0,1
237946,7059,36.03,31,0,646.9,1
237970,7060,25.16,24,0,487.8,1
238014,7061,152.35,44,0,1280.2,0
238043,7062,35.52,29,0,638.5,1
238068,7063,33.16,25,0,605.1,1
238105,7064,61.87,37,0,1028.6,1
238151,7065,154.53,46,1,1280.5,0
238176,7066,26.52,25,0,507.0,1
238203,7067,39.37,27,0,696.3,1
238233,7068,43.51,30,0,757.5,1
238255,7069,20.93,22,0,425.9,1
238276,7070,23.37,21,1,430.9,1
238301,7071,36.46,25,0,652.4,1
238339,7072,63.25,38,1,1022.1,1
238366,7073,34.42,27,2,565.5,1
238393,7074,35.89,27,0,644.8,1
238416,7075,29.31,23,0,548.2,1
238443,7076,43.96,27,0,764.2,1
238470,7077,36.58,27,0,655.0,1
238515,7078,154.84,45,1,1283.2,0
238561,7079,69.89,46,1,1118.7,1
238596,7080,62.67,35,0,1041.6,1
238619,7081,34.78,23,0,629.1,1
238646,7082,43.96,27,0,764.2,1
238678,7083,43.66,32,0,761.5,1
238717,7084,59.27,39,1,960.9,1
238744,7085,37.43,27,0,667.6,1
238771,7086,43.67,27,0,759.8,1
238800,7087,38.21,29,0,678.3,1
238832,7088,61.90,32,0,1030.2,1
238865,7089,41.28,33,0,723.7,1
238892,7090,43.96,27,0,764.2,1
238919,7091,40.11,27,0,707.8,1
238954,7092,65.29,35,1,1049.0,1
238983,7093,44.38,29,0,769.4,1
239013,7094,44.79,30,0,776.4,1
239038,7095,26.65,25,0,507.5,1
239083,7096,68.28,45,1,1093.1,1
239130,7097,77.06,47,1,1223.8,1
239154,7098,29.14,24,0,545.6,1
239184,7099,57.12,30,0,960.3,1
239211,7100,42.21,27,0,738.3,1
239254,7101,56.05,43,0,943.7,1
239283,7102,48.51,29,1,802.5,1
239313,7103,43.47,30,0,756.9,1
239347,7104,48.72,34,1,804.0,1
239374,7105,46.85,27,0,806.8,1
239414,7106,61.39,40,1,991.2,1
239440,7107,31.03,26,0,572.1,1
239467,7108,41.64,27,0,730.5,1
239514,7109,154.67,47,1,1285.1,0
239548,7110,55.27,34,0,931.0,1
239576,7111,32.97,28,0,601.4,1
239604,7112,31.30,28,0,576.8,1
239639,7113,42.03,35,0,734.7,1
239672,7114,55.24,33,0,933.6,1
239700,7115,33.70,28,0,611.7,1
239743,7116,154.39,43,1,1281.6,0
239773,7117,37.72,30,0,671.9,1
239804,7118,55.76,31,0,938.5,1
239839,7119,60.32,35,0,1006.9,1
239869,7120,41.36,30,0,726.3,1
239916,7121,64.23,47,0,1064.6,1
239943,7122,40.49,27,0,712.8,1
239969,7123,38.37,26,0,682.4,1
239996,7124,40.96,27,0,719.8,1
240023,7125,46.16,27,0,796.6,1
240050,7126,39.44,27,0,697.3,1
240075,7127,24.45,25,0,477.0,1
240111,7128,51.43,36,0,873.6,1
240154,7129,152.60,43,0,1280.6,0
240183,7130,26.02,29,0,499.6,1
240209,7131,37.75,26,0,672.0,1
240233,7132,34.37,24,0,622.1,1
240258,7133,25.01,25,0,484.7,1
240298,7134,67.75,40,0,1118.3,1
240325,7135,45.38,27,0,785.1,1
240361,7136,63.63,36,0,1056.3,1
240383,7137,28.75,22,0,540.3,1
240413,7138,34.41,30,0,623.3,1
240440,7139,41.57,27,0,727.9,1
240484,7140,68.04,44,2,1062.7,1
240511,7141,43.60,27,0,758.8,1
240551,7142,63.94,40,0,1060.2,1
240582,7143,41.21,31,0,724.3,1
240609,7144,34.39,27,0,622.7,1
240639,7145,39.29,30,0,694.9,1
240667,7146,37.71,28,0,670.8,1
240694,7147,40.55,27,0,714.4,1
240726,7148,50.67,32,0,863.8,1
240749,7149,27.95,23,0,528.1,1
240776,7150,43.96,27,0,764.2,1
240820,7151,59.31,44,1,962.3,1
240850,7152,46.16,30,0,796.7,1
240879,7153,35.15,29,0,633.9,1
240916,7154,64.10,37,1,1032.3,1
240946,7155,36.64,30,1,626.5,1
240979,7156,39.84,33,1,672.8,1
241009,7157,40.43,30,0,712.0,1
241047,7158,60.34,38,1,978.2,1
241074,7159,36.68,27,0,656.6,1
241101,7160,41.00,27,0,720.3,1
241126,7161,33.89,25,0,615.3,1
241153,7162,32.47,27,0,595.0,1
241184,7163,38.99,31,0,692.2,1
241211,7164,34.87,27,0,629.7,1
241260,7165,72.32,49,2,1123.2,1
241297,7166,62.38,37,1,1007.7,1
241329,7167,58.83,32,1,954.7,1
241356,7168,43.96,27,0,764.2,1
241383,7169,39.79,27,0,702.5,1
241413,7170,32.05,30,0,587.2,1
241459,7171,154.33,46,1,1280.1,0
241508,7172,156.82,49,2,1286.5,0
241543,7173,57.26,35,0,961.6,1
241573,7174,44.45,30,0,773.2,1
241608,7175,62.63,35,1,1012.2,1
241645,7176,61.16,37,2,958.3,1
241672,7177,35.34,27,0,636.8,1
241714,7178,68.39,42,2,1067.5,1
241743,7179,43.20,29,0,755.6,1
241770,7180,44.75,27,0,775.8,1
241814,7181,152.24,44,0,1279.4,0
241846,7182,52.85,32,0,895.5,1
241873,7183,37.78,27,0,672.9,1
241910,7184,64.13,37,2,1004.5,1
241939,7185,44.88,29,0,777.8,1
241972,7186,38.42,33,0,681.4,1
242012,7187,73.94,40,0,1208.1,1
242056,7188,154.39,44,1,1281.0,0
242094,7189,55.46,38,0,934.9,1
242132,7190,61.90,38,0,1029.9,1
242164,7191,55.47,32,0,935.8,1
242191,7192,28.31,27,0,534.6,1
242218,7193,32.60,27,0,596.3,1
242267,7194,63.52,49,2,995.9,1
242297,7195,45.69,30,0,789.7,1
242327,7196,36.43,30,0,654.0,1
242349,7197,34.52,22,0,623.8,1
242373,7198,21.39,24,0,430.3,1
242402,7199,33.97,29,0,616.4,1
242429,7200,42.32,27,0,741.7,1
242456,7201,41.95,27,0,734.4,1
242483,7202,43.96,27,0,764.2,1
242511,7203,38.12,28,0,676.9,1
242541,7204,40.35,30,0,709.9,1
242568,7205,41.11,27,0,722.0,1
242601,7206,41.18,33,0,722.2,1
242628,7207,44.77,27,0,776.1,1
242655,7208,40.01,27,0,706.3,1
242685,7209,38.08,30,0,676.9,1
242723,7210,62.01,38,1,1003.4,1
242753,7211,49.55,30,1,817.8,1
242780,7212,36.06,27,0,647.4,1
242806,7213,38.66,26,0,684.9,1
242833,7214,34.79,27,0,629.5,1
242862,7215,44.60,29,0,772.7,1
242901,7216,59.00,39,1,956.9,1
242947,7217,63.23,46,1,1020.0,1
242975,7218,41.01,28,0,720.5,1
243011,7219,63.29,36,1,1021.1,1
243054,7220,74.50,43,1,1187.7,1
243096,7221,58.28,42,0,974.9,1
243123,7222,43.96,27,0,764.2,1
243150,7223,23.99,27,1,438.6,1
243177,7224,39.41,27,0,696.8,1
243203,7225,33.24,26,0,605.6,1
243247,7226,152.19,44,0,1278.6,0
243278,7227,57.85,31,0,971.5,1
243313,7228,62.21,35,0,1032.9,1
243342,7229,28.08,29,0,529.2,1
243374,7230,33.22,32,0,608.6,1
243413,7231,62.58,39,1,1008.8,1
243440,7232,43.96,27,0,764.2,1
243470,7233,44.94,30,0,778.7,1
243500,7234,41.26,30,0,724.3,1
243528,7235,44.03,28,0,766.9,1
243555,7236,33.42,27,0,609.6,1
243582,7237,30.39,27,0,566.8,1
243606,7238,31.37,24,0,577.1,1
243648,7239,74.89,42,1,1190.8,1
243700,7240,154.40,52,1,1277.6,0
243724,7241,34.55,24,0,626.8,1
243769,7242,79.27,45,2,1230.1,1
243802,7243,54.44,33,0,918.2,1
243829,7244,40.96,27,0,719.9,1
243859,7245,42.21,30,0,738.2,1
243886,7246,36.26,27,0,650.3,1
243912,7247,36.71,26,0,656.9,1
243935,7248,31.37,23,0,577.2,1
243961,7249,22.66,26,0,450.8,1
244008,7250,63.29,47,1,1023.5,1
244035,7251,41.82,27,0,733.1,1
244062,7252,43.67,27,0,759.8,1
244089,7253,41.71,27,0,731.5,1
244118,7254,45.60,29,0,788.4,1
244167,7255,154.37,49,1,1279.0,0
244194,7256,44.18,27,0,767.4,1
244233,7257,55.08,39,1,898.0,1
244256,7258,26.93,23,0,513.1,1
244296,7259,69.51,40,1,1112.5,1
244323,7260,41.95,27,0,734.4,1
244353,7261,42.98,30,0,749.7,1
244391,7262,51.94,38,0,883.6,1
244416,7263,28.51,25,0,534.9,1
244445,7264,44.20,29,1,737.2,1
244491,7265,64.55,46,2,1011.2,1
244518,7266,32.43,27,0,593.7,1
244545,7267,34.49,27,0,624.2,1
244572,7268,43.96,27,0,764.2,1
244599,7269,37.58,27,0,669.9,1
244624,7270,31.74,25,0,584.8,1
244649,7271,38.47,25,0,684.8,1
244674,7272,31.53,25,1,553.3,1
244701,7273,43.96,27,0,764.2,1
244727,7274,38.02,26,0,675.5,1
244761,7275,39.74,34,0,701.7,1
244784,7276,34.29,23,0,621.9,1
244828,7277,68.52,44,1,1099.3,1
244862,7278,55.24,34,1,901.0,1
244889,7279,41.11,27,0,722.0,1
244924,7280,50.82,35,1,837.7,1
244969,7281,152.29,45,0,1277.8,0
245017,7282,73.55,48,2,1142.3,1
245044,7283,37.59,27,0,670.0,1
245076,7284,41.70,32,0,733.2,1
245110,7285,63.38,34,0,1051.1,1
245137,7286,43.49,27,0,757.2,1
245163,7287,34.91,26,0,630.1,1
245190,7288,43.67,27,0,759.8,1
245218,7289,48.59,28,0,835.2,1
245254,7290,47.87,36,1,794.1,1
245283,7291,40.70,29,1,687.0,1
245334,7292,154.35,51,1,1280.1,0
245362,7293,40.89,28,0,717.9,1
245401,7294,55.80,39,0,939.3,1
245436,7295,61.17,35,0,1019.9,1
245473,7296,58.21,37,1,944.9,1
245519,7297,59.38,46,1,961.5,1
245548,7298,34.84,29,0,629.7,1
245578,7299,40.04,30,0,708.0,1
245600,7300,28.09,22,0,530.2,1
245632,7301,54.73,32,0,923.3,1
245659,7302,39.50,27,0,698.8,1
245689,7303,41.46,30,0,727.2,1
245730,7304,65.85,41,1,1060.8,1
245757,7305,37.44,27,0,667.8,1
245784,7306,42.51,27,0,743.4,1
245814,7307,40.86,30,0,719.0,1
245856,7308,51.08,42,1,840.4,1
245892,7309,59.55,36,0,996.2,1
245922,7310,39.89,30,0,704.1,1
245972,7311,154.41,50,1,1281.3,0
246002,7312,38.81,30,0,688.0,1
246036,7313,51.52,34,1,845.4,1
246063,7314,42.05,27,0,735.9,1
246090,7315,43.02,27,0,750.3,1
246129,7316,53.52,39,1,875.5,1
246164,7317,44.12,35,0,765.6,1
246191,7318,37.85,27,0,674.7,1
246218,7319,42.18,27,0,737.8,1
246247,7320,42.32,29,0,740.7,1
246289,7321,154.63,42,1,1279.2,0
246321,7322,44.17,32,1,740.4,1
246343,7323,33.39,22,0,607.0,1
246369,7324,23.84,26,0,465.9,1
246399,7325,42.61,30,0,744.2,1
246431,7326,43.00,32,0,749.0,1
246454,7327,32.21,23,0,591.2,1
246481,7328,32.60,27,0,596.9,1
246517,7329,45.51,36,0,786.7,1
246544,7330,43.96,27,0,764.2,1
246567,7331,29.02,23,0,543.9,1
246587,7332,20.48,20,0,417.1,1
246622,7333,39.94,35,0,703.8,1
246649,7334,39.19,27,0,693.6,1
246677,7335,36.48,28,0,654.5,1
246700,7336,25.80,23,0,496.9,1
246725,7337,39.34,25,0,695.9,1
246760,7338,48.62,35,0,836.0,1
246800,7339,59.52,40,1,964.6,1
246840,7340,156.60,40,2,1284.2,0
246867,7341,36.96,27,0,660.7,1
246890,7342,28.89,23,0,542.0,1
246922,7343,40.79,32,0,717.3,1
246951,7344,34.68,29,0,626.2,1
246978,7345,42.18,27,0,737.8,1
247007,7346,38.83,29,0,688.4,1
247034,7347,43.96,27,0,764.2,1
247077,7348,79.72,43,1,1262.2,1
247103,7349,38.42,26,0,685.0,1
247130,7350,43.96,27,0,764.2,1
247165,7351,55.05,35,0,928.9,1
247202,7352,38.84,37,1,659.5,1
247246,7353,152.57,44,0,1281.1,0
247280,7354,55.37,34,0,932.4,1
247303,7355,34.78,23,0,629.1,1
247342,7356,66.47,39,1,1069.1,1
247369,7357,43.02,27,0,750.3,1
247399,7358,31.38,30,0,578.8,1
247426,7359,33.53,27,0,609.9,1
247456,7360,45.51,30,0,787.0,1
247486,7361,44.78,30,0,776.2,1
247514,7362,40.29,28,0,709.9,1
247548,7363,49.87,34,0,852.4,1
247572,7364,32.92,24,0,602.8,1
247605,7365,50.96,33,0,869.3,1
247638,7366,59.80,33,1,969.3,1
247665,7367,37.87,27,0,674.2,1
247692,7368,35.17,27,0,634.3,1
247728,7369,47.27,36,1,784.1,1
247768,7370,62.91,40,0,1043.3,1
247795,7371,43.96,27,0,764.2,1
247822,7372,43.37,27,0,755.4,1
247850,7373,41.44,28,0,727.8,1
247885,7374,50.14,35,0,855.2,1
247912,7375,39.63,27,0,700.2,1
247939,7376,40.96,27,0,719.8,1
247980,7377,58.21,41,1,945.1,1
248014,7378,50.72,34,0,863.2,1
248049,7379,44.89,35,1,748.4,1
248089,7380,63.37,40,1,1021.5,1
248116,7381,43.02,27,0,750.3,1
248143,7382,32.52,27,0,595.0,1
248168,7383,32.42,25,1,564.0,1
248200,7384,50.31,32,1,827.5,1
248231,7385,43.53,31,0,759.5,1
248267,7386,50.55,36,0,860.7,1
248291,7387,27.90,24,0,529.4,1
248335,7388,64.61,44,2,1009.4,1
248360,7389,37.95,25,0,675.9,1
248395,7390,55.05,35,0,929.0,1
248431,7391,68.07,36,1,1090.9,1
248461,7392,43.46,30,1,727.8,1
248488,7393,38.83,27,0,688.4,1
248513,7394,41.50,25,0,728.3,1
248540,7395,43.67,27,0,759.8,1
248567,7396,43.86,27,0,763.2,1
248594,7397,39.62,27,0,700.0,1
248624,7398,43.75,30,0,761.9,1
248660,7399,42.04,36,0,737.5,1
248687,7400,38.57,27,0,684.6,1
248714,7401,36.33,27,0,651.4,1
248741,7402,44.68,27,0,774.8,1
248785,7403,154.56,44,1,1283.5,0
248815,7404,48.89,30,0,838.5,1
248852,7405,64.08,37,0,1060.6,1
248874,7406,29.24,22,0,547.4,1
248902,7407,36.20,28,0,651.0,1
248936,7408,46.43,34,0,800.6,1
248978,7409,72.98,42,1,1164.4,1
249020,7410,66.29,42,1,1065.5,1
249047,7411,41.19,27,0,723.2,1
249082,7412,59.42,35,0,991.7,1
249109,7413,43.96,27,0,764.2,1
249145,7414,60.12,36,0,1003.9,1
249175,7415,37.98,30,0,677.2,1
249214,7416,56.60,39,1,921.4,1
249251,7417,47.39,37,0,813.9,1
249288,7418,65.12,37,1,1046.4,1
249312,7419,36.48,24,0,652.8,1
249341,7420,33.74,29,0,612.2,1
249377,7421,45.60,36,0,788.0,1
249400,7422,26.17,23,0,501.8,1
249429,7423,36.09,29,1,618.9,1
249459,7424,40.19,30,0,710.2,1
249488,7425,40.85,29,0,717.3,1
249515,7426,34.39,27,0,622.7,1
249545,7427,46.20,30,0,797.2,1
249566,7428,29.88,21,0,557.5,1
249597,7429,46.93,31,0,809.9,1
249632,7430,58.12,35,1,943.6,1
249652,7431,22.37,20,0,444.8,1
249698,7432,79.84,46,1,1266.6,1
249725,7433,41.78,27,0,731.9,1
249752,7434,41.71,27,0,731.5,1
249780,7435,36.44,28,0,653.0,1
249825,7436,51.00,45,0,869.1,1
249852,7437,35.66,27,0,641.4,1
249880,7438,30.29,28,0,561.2,1
249913,7439,47.91,33,0,823.5,1
249940,7440,43.96,27,0,764.2,1
249978,7441,58.98,38,1,955.7,1
250014,7442,49.65,36,0,850.1,1
250046,7443,52.71,32,0,894.3,1
250073,7444,43.96,27,0,764.2,1
250096,7445,29.91,23,1,527.5,1
250135,7446,65.77,39,0,1085.6,1
250164,7447,39.98,29,0,707.9,1
250203,7448,59.07,39,0,986.6,1
250230,7449,26.73,27,0,509.6,1
250257,7450,46.76,27,0,806.2,1
250293,7451,51.33,36,0,874.8,1
250348,7452,154.44,55,1,1278.0,0
250392,7453,152.07,44,0,1276.3,0
250033,1,38.81,33,1,658.1,1
250060,2,30.52,27,0,565.5,1
250090,3,39.25,30,0,694.6,1
250118,4,34.21,28,0,620.3,1
250151,5,30.64,33,1,541.5,1
250178,6,40.13,27,0,708.2,1
250210,7,44.64,32,1,743.7,1
250237,8,32.69,27,0,598.2,1
250286,9,67.68,49,1,1088.4,1
250313,10,40.08,27,0,708.3,1
44,1,-2.41,44,1,69.2,1
79,2,-7.61,35,0,15.2,1
113,3,-4.91,34,0,50.7,1
148,4,-6.84,35,1,20.2,1
187,5,-3.87,39,1,50.8,1
250,6,-6.54,63,1,117.9,1
276,7,-9.30,26,0,0.8,1
414,8,1.35,138,1,209.7,1
447,9,-3.02,33,1,59.4,1
481,10,-7.90,34,0,6.3,1
602,11,-3.19,121,1,86.9,1
636,12,-9.36,34,0,29.7,1
670,13,-5.14,34,1,29.6,1
704,14,-7.41,34,0,68.1,1
827,15,-8.57,123,1,96.8,1
1352,16,4.10,525,2,235.1,0
1415,17,-0.02,63,1,114.7,1
1454,18,-5.41,39,1,67.4,1
1489,19,-5.19,35,0,99.1,1
1532,20,-6.98,43,0,19.7,1
1566,21,-7.07,34,1,20.2,1
1631,22,-9.66,65,0,70.3,1
1681,23,0.35,50,1,112.6,1
1723,24,-0.20,42,1,102.1,1
1764,25,-3.85,41,1,55.6,1
1817,26,-6.53,53,1,59.6,1
1858,27,-1.08,41,0,109.5,1
1978,28,15.10,120,2,347.8,1
2034,29,2.19,56,1,138.9,1
2072,30,-9.28,38,0,25.2,1
2105,31,-7.64,33,1,93.9,1
2139,32,-4.63,34,1,37.0,1
2211,33,3.85,72,1,169.4,1
2250,34,-6.79,39,1,5.1,1
2285,35,-6.20,35,1,90.2,1
2331,36,1.69,46,1,155.9,1
2371,37,-8.23,40,1,53.8,1
2393,38,-7.88,22,0,5.1,1
2519,39,-4.69,126,1,51.1,1
2548,40,-1.60,29,0,111.9,1
2579,41,4.44,31,0,198.5,1
2620,42,-2.98,41,0,109.5,1
2885,43,-7.91,265,1,174.2,1
2924,44,-6.00,39,0,44.3,1
3022,45,0.00,98,1,186.0,1
3143,46,1.24,121,1,151.6,1
3184,47,-8.26,41,1,53.0,1
3218,48,-9.04,34,0,46.1,1
3662,49,17.80,444,2,442.9,1
3696,50,-1.05,34,0,106.1,1
3754,51,-1.46,58,1,94.0,1
3803,52,-8.22,49,1,24.0,1
3844,53,-9.22,41,0,35.9,1
4369,54,0.53,525,2,261.4,0
4461,55,-8.55,92,1,7.9,1
4559,56,-1.48,98,1,167.8,1
4593,57,-5.27,34,1,46.7,1
4627,58,-3.35,34,1,60.8,1
4660,59,3.90,33,2,161.4,1
4707,60,2.89,47,1,147.8,1
4748,61,-5.87,41,1,40.8,1
4793,62,1.01,45,1,119.1,1
4827,63,-5.98,34,1,74.2,1
4854,64,-5.80,27,0,56.1,1
4887,65,-6.98,33,1,55.2,1
4928,66,-9.01,41,0,27.6,1
4970,67,-3.37,42,0,123.5,1
5060,68,2.76,90,1,157.1,1
5094,69,-8.48,34,0,108.2,1
5143,70,-6.93,49,1,39.8,1
5189,71,3.48,46,1,160.0,1
5230,72,-5.05,41,0,62.4,1
5259,73,-7.97,29,0,13.5,1
5303,74,-6.64,44,1,22.6,1
5337,75,-1.41,34,0,130.9,1
5383,76,2.52,46,2,133.2,1
5464,77,14.77,81,1,379.6,1
5498,78,-5.95,34,1,64.2,1
5583,79,-6.15,85,1,97.4,1
5730,80,-4.45,147,1,133.4,1
5837,81,-3.55,107,1,60.9,1
5878,82,-8.40,41,1,9.4,1
5912,83,-4.51,34,0,125.1,1
5951,84,-4.01,39,1,111.1,1
5985,85,-1.78,34,1,114.7,1
6206,86,26.66,221,3,507.9,1
6267,87,-1.88,61,1,77.8,1
6336,88,6.95,69,1,210.5,1
6370,89,-6.00,34,0,65.1,1
6416,90,-6.81,46,1,73.0,1
6516,91,22.65,100,3,432.2,1
6635,92,13.01,119,1,314.4,1
6883,93,16.78,248,2,428.7,1
6986,94,12.37,103,1,298.6,1
7068,95,18.18,82,2,410.6,1
7124,96,8.72,56,1,247.6,1
7206,97,12.26,82,1,301.2,1
7239,98,11.06,33,0,283.2,1
7280,99,11.76,41,1,280.6,1
7315,100,-4.06,35,0,88.7,1
7347,101,-1.26,32,1,105.4,1
7381,102,12.60,34,1,294.0,1
7408,103,-3.27,27,0,75.3,1
7442,104,-3.87,34,1,50.0,1
7472,105,-1.87,30,0,96.2,1
7518,106,18.87,46,1,413.5,1
7550,107,6.04,32,0,210.6,1
7647,108,15.01,97,1,335.5,1
7684,109,-4.79,37,1,46.6,1
7722,110,-5.32,38,1,40.4,1
7757,111,7.14,35,1,214.4,1
7789,112,4.32,32,0,193.2,1
7831,113,-1.48,42,0,98.0,1
7865,114,-1.42,34,0,99.6,1
7899,115,17.72,34,0,384.7,1
7924,116,1.89,25,0,144.7,1
7957,117,5.25,33,1,184.8,1
7993,118,-0.51,36,0,156.1,1
8020,119,0.44,27,1,114.0,1
8041,120,-2.07,21,0,92.1,1
8071,121,2.51,30,1,139.3,1
8105,122,-2.88,34,1,65.6,1
8146,123,4.04,41,0,181.6,1
8237,124,14.38,91,1,325.5,1
8264,125,4.61,27,0,186.5,1
8303,126,-8.25,39,0,71.8,1
8396,127,2.64,93,1,163.9,1
8450,128,5.56,54,1,192.6,1
8491,129,-2.79,41,1,66.6,1
8525,130,0.37,34,1,117.1,1
8611,131,23.10,86,1,470.8,1
8632,132,-4.10,21,0,92.7,1
8652,133,-1.59,20,0,105.6,1
8706,134,7.55,54,1,222.6,1
8731,135,5.85,25,0,203.4,1
8759,136,-2.00,28,0,88.5,1
8788,137,2.29,29,0,153.3,1
8839,138,4.24,51,2,158.2,1
8884,139,25.63,45,1,480.0,1
8920,140,-3.02,36,1,55.3,1
8978,141,14.98,58,1,332.3,1
9024,142,2.29,46,1,149.4,1
9058,143,-1.72,34,0,94.5,1
9086,144,13.08,28,0,314.6,1
9163,145,25.52,77,1,506.7,1
9186,146,5.47,23,0,202.0,1
9217,147,-3.37,31,1,68.4,1
9251,148,-1.16,34,0,111.9,1
9295,149,1.16,44,1,135.8,1
9340,150,9.65,45,0,268.5,1
9389,151,14.26,49,0,333.1,1
9464,152,17.73,75,2,363.7,1
9498,153,-3.24,34,0,82.0,1
9591,154,-1.24,93,1,126.2,1
9625,155,4.71,34,1,174.3,1
9685,156,7.47,60,1,227.1,1
10195,157,10.52,510,2,364.8,1
10242,158,22.43,47,1,441.3,1
10283,159,7.44,41,0,233.8,1
10309,160,0.12,26,0,118.3,1
10369,161,16.85,60,1,355.1,1
10401,162,-2.04,32,1,74.8,1
10431,163,4.81,30,1,176.4,1
10455,164,-0.97,24,0,104.3,1
10492,165,12.32,37,0,304.5,1
10533,166,3.65,41,0,173.2,1
10609,167,3.51,76,1,164.5,1
10631,168,-3.80,22,0,62.5,1
10697,169,17.57,66,1,368.3,1
10734,170,-2.03,37,1,96.0,1
10879,171,8.93,145,1,310.4,1
10925,172,12.13,46,1,286.7,1
10960,173,4.84,35,0,194.1,1
11001,174,-1.09,41,1,91.1,1
11035,175,-4.04,34,1,61.8,1
11098,176,7.78,63,1,222.0,1
11139,177,-7.45,41,0,36.7,1
11181,178,9.58,42,1,249.6,1
11216,179,-5.97,35,0,32.9,1
11229,180,0.63,13,0,132.5,1
11292,181,7.72,63,1,225.2,1
11347,182,-0.31,55,1,106.3,1
11388,183,-1.94,41,1,95.4,1
11606,184,54.65,218,4,900.4,1
11718,185,11.40,112,1,283.8,1
11743,186,-6.56,25,1,15.2,1
11788,187,2.42,45,1,140.0,1
11843,188,-3.05,55,1,93.4,1
11870,189,5.51,27,1,185.8,1
11907,190,-1.32,37,0,109.8,1
11941,191,-2.97,34,0,117.0,1
11978,192,22.53,37,2,430.5,1
12006,193,-0.75,28,0,115.8,1
12047,194,16.42,41,1,350.3,1
12075,195,-3.69,28,0,75.0,1
12104,196,-8.26,29,0,14.5,1
12140,197,6.18,36,0,210.7,1
12190,198,-4.50,50,1,80.4,1
12223,199,-2.11,33,1,159.9,1
12274,200,-1.30,51,0,100.7,1
12350,201,2.75,76,1,155.6,1
12414,202,14.85,64,1,362.0,1
12449,203,-3.10,35,0,78.4,1
12482,204,5.27,33,0,227.6,1
12523,205,-2.69,41,1,84.0,1
12564,206,3.46,41,1,157.4,1
12610,207,-2.51,46,1,74.1,1
12657,208,-2.94,47,1,65.5,1
12691,209,-6.39,34,1,48.3,1
12786,210,18.05,95,1,383.9,1
12821,211,3.75,35,1,164.4,1
12860,212,0.60,39,1,116.2,1
12901,213,0.26,41,0,124.7,1
12936,214,14.65,35,1,323.4,1
13101,215,24.15,165,3,485.5,1
13147,216,11.29,46,1,280.0,1
13204,217,-2.71,57,1,76.6,1
13234,218,-7.89,30,1,59.3,1
13280,219,1.16,46,1,170.8,1
13417,220,12.86,137,2,398.5,1
13453,221,-6.03,36,1,50.3,1
13494,222,1.00,41,1,150.8,1
13523,223,-2.58,29,0,100.1,1
13595,224,-1.68,72,1,85.5,1
13636,225,-3.31,41,0,74.1,1
13670,226,-8.32,34,0,60.8,1
13705,227,-6.92,35,0,18.4,1
13780,228,4.77,75,1,190.9,1
13850,229,7.63,70,1,227.9,1
13948,230,5.97,98,1,202.2,1
13982,231,-1.01,34,0,118.6,1
14017,232,-8.19,35,1,87.5,1
14138,233,3.22,121,1,163.0,1
14161,234,-1.71,23,0,96.2,1
14405,235,-9.34,244,1,65.2,1
14440,236,-2.23,35,0,85.3,1
14511,237,8.11,71,1,331.3,1
14557,238,-2.19,46,1,103.2,1
14657,239,3.44,100,1,167.9,1
15016,240,38.80,359,3,807.9,1
15038,241,-3.22,22,0,111.1,1
15174,242,-7.88,136,1,100.2,1
15233,243,-4.16,59,1,94.0,1
15275,244,7.04,42,1,213.0,1
15295,245,-6.70,20,0,66.7,1
15329,246,-6.90,34,1,46.7,1
15375,247,-1.46,46,1,90.5,1
15425,248,-4.14,50,0,65.2,1
15466,249,-9.61,41,0,27.9,1
15559,250,7.13,93,1,229.6,1
15597,251,4.77,38,1,174.2,1
15688,252,7.35,91,1,237.3,1
15722,253,0.67,34,0,131.5,1
15758,254,-3.57,36,2,54.6,1
15791,255,5.25,33,0,197.7,1
15966,256,15.65,175,1,371.2,1
15992,257,4.42,26,0,212.9,1
16025,258,2.45,33,1,144.6,1
16055,259,2.84,30,1,177.3,1
16083,260,-0.67,28,1,136.2,1
16157,261,26.06,74,2,483.3,1
16387,262,15.59,230,2,373.6,1
16452,263,14.57,65,1,324.6,1
16487,264,6.54,35,0,232.2,1
16557,265,-3.73,70,1,56.6,1
16604,266,-4.84,47,2,34.0,1
16692,267,8.92,88,1,246.8,1
16742,268,2.23,50,1,153.1,1
16842,269,17.39,100,1,366.4,1
16868,270,0.07,26,0,120.0,1
16914,271,16.68,46,2,344.2,1
16952,272,5.02,38,0,200.0,1
16988,273,4.55,36,2,156.2,1
17132,274,39.64,144,3,676.7,1
17164,275,5.93,32,0,219.7,1
17198,276,-2.37,34,1,73.8,1
17324,277,6.78,126,2,272.5,1
17370,278,10.02,46,1,266.9,1
17396,279,4.56,26,0,193.8,1
17421,280,-5.66,25,1,78.8,1
17474,281,-2.98,53,1,64.7,1
17518,282,5.67,44,1,193.3,1
17596,283,15.70,78,1,346.1,1
17664,284,-1.22,68,1,93.3,1
17729,285,16.88,65,1,363.7,1
17950,286,-9.78,221,1,112.3,1
17985,287,-8.61,35,0,0.0,1
18022,288,5.96,37,0,260.3,1
18068,289,-1.97,46,0,95.6,1
18128,290,-5.24,60,1,49.9,1
18202,291,16.58,74,2,338.6,1
18236,292,-7.83,34,0,36.8,1
18257,293,-5.39,21,0,43.7,1
18300,294,-4.60,43,0,53.0,1
18327,295,-0.30,27,0,165.3,1
18362,296,-1.88,35,1,75.8,1
18396,297,-8.37,34,1,18.5,1
18435,298,-8.41,39,0,8.5,1
18467,299,-3.82,32,0,60.5,1
18496,300,-8.12,29,1,31.6,1
18538,301,2.73,42,0,161.9,1
18563,302,3.39,25,0,169.3,1
18599,303,2.95,36,1,146.6,1
18624,304,6.32,25,0,210.4,1
18755,305,-1.83,131,1,90.1,1
18814,306,14.57,59,1,323.0,1
18853,307,-5.48,39,0,83.9,1
18886,308,6.27,33,1,199.8,1
18919,309,1.25,33,0,137.7,1
18952,310,4.89,33,0,193.2,1
19001,311,-4.12,49,1,53.9,1
19090,312,-10.32,89,0,38.8,1
19131,313,-3.04,41,1,65.5,1
19165,314,-1.20,34,1,90.2,1
19247,315,12.58,82,1,296.9,1
19281,316,-6.09,34,1,21.4,1
19320,317,-7.76,39,1,53.2,1
19358,318,5.50,38,0,204.0,1
19391,319,5.09,33,0,197.7,1
19426,320,-1.75,35,1,137.9,1
19455,321,5.46,29,0,198.5,1
19489,322,-1.82,34,1,85.7,1
19522,323,9.74,33,0,264.4,1
19575,324,13.85,53,2,319.8,1
19611,325,8.59,36,0,250.8,1
19665,326,-1.76,54,1,99.0,1
19702,327,4.51,37,1,183.4,1
19741,328,-5.77,39,0,103.3,1
19782,329,6.83,41,0,230.1,1
19828,330,0.98,46,1,123.5,1
19891,331,10.62,63,1,261.9,1
19965,332,23.70,74,2,451.8,1
25030,1,25.22,30,0,496.3,1
