step,episode,ep_reward,ep_length,ep_kills,ep_max_x,died
178,1,-8.32,178,2,394.3,1
203,2,-7.39,25,0,187.6,1
236,3,-6.54,33,1,45.5,1
277,4,-7.31,41,0,308.6,1
318,5,-6.16,41,1,286.7,1
407,6,-5.49,89,1,321.4,1
438,7,-7.71,31,0,176.0,1
515,8,-6.41,77,1,371.2,1
615,9,-8.08,100,1,329.0,1
649,10,-5.56,34,1,302.6,1
707,11,-5.25,58,1,336.8,1
766,12,-4.80,59,2,403.2,1
800,13,-6.17,34,1,239.9,1
835,14,-5.75,35,2,144.6,1
889,15,-6.67,54,1,303.4,1
938,16,-4.85,49,2,343.8,1
984,17,-5.35,46,2,473.8,1
1048,18,-2.63,64,2,635.2,1
1104,19,-5.47,56,1,245.9,1
1199,20,-10.47,95,1,194.5,1
1247,21,-7.00,48,1,174.6,1
1281,22,-6.85,34,1,94.9,1
1321,23,-6.37,40,1,282.7,1
1367,24,-6.16,46,1,241.0,1
1463,25,-5.69,96,1,291.9,1
1502,26,-8.24,39,0,61.0,1
1570,27,-4.91,68,2,390.7,1
1629,28,-4.85,59,2,463.5,1
1894,29,-12.64,265,1,116.1,1
1943,30,-4.13,49,2,339.9,1
1989,31,-6.57,46,1,96.8,1
2030,32,-6.23,41,1,251.3,1
2134,33,-0.92,104,3,730.8,1
2170,34,-6.35,36,1,159.2,1
2197,35,-7.35,27,0,182.4,1
2228,36,-6.28,31,0,259.5,1
2285,37,-6.54,57,1,286.6,1
2343,38,-4.58,58,2,468.4,1
2524,39,1.30,181,4,901.9,1
2596,40,-6.14,72,1,318.6,1
2619,41,-7.57,23,0,124.1,1
2642,42,-6.84,23,0,259.0,1
2676,43,-6.16,34,1,124.0,1
2710,44,-6.08,34,1,230.6,1
2776,45,-5.61,66,1,342.8,1
2798,46,-7.98,22,0,56.4,1
2840,47,-7.56,42,1,70.4,1
2883,48,-6.18,43,1,116.8,1
3060,49,-4.52,177,3,822.7,1
3094,50,-5.02,34,1,238.3,1
3157,51,-5.61,63,1,633.9,1
3179,52,-6.85,22,0,240.9,1
3433,53,-11.77,254,2,389.0,1
3473,54,-6.51,40,1,227.6,1
3507,55,-6.15,34,1,138.1,1
3586,56,-4.64,79,2,438.5,1
3634,57,-6.81,48,1,198.3,1
3668,58,-6.97,34,0,330.1,1
3731,59,-6.71,63,1,183.8,1
3762,60,-6.78,31,1,88.2,1
3844,61,-4.12,82,2,739.8,1
3880,62,-6.27,36,1,372.1,1
4102,63,-7.79,222,2,333.5,1
4141,64,-7.04,39,1,230.1,1
4175,65,-6.98,34,1,115.7,1
4209,66,-6.98,34,1,247.7,1
4243,67,-6.11,34,1,193.2,1
4277,68,-6.33,34,1,143.0,1
4481,69,-8.05,204,2,411.5,1
4570,70,-5.59,89,1,315.2,1
4590,71,-7.33,20,0,180.7,1
4614,72,-6.53,24,1,84.1,1
4638,73,-7.09,24,0,218.1,1
4685,74,-4.71,47,1,354.7,1
4758,75,-6.69,73,1,378.2,1
4799,76,-5.22,41,2,280.6,1
4871,77,-3.88,72,2,420.1,1
4901,78,-7.74,30,0,124.9,1
4964,79,-5.40,63,2,179.0,1
5027,80,-8.18,63,1,88.5,1
5068,81,-7.94,41,0,324.5,1
5122,82,-8.45,54,1,62.4,1
5158,83,-6.73,36,1,142.9,1
5394,84,-5.33,236,3,781.3,1
5422,85,-7.76,28,0,151.9,1
5443,86,-5.89,21,1,212.2,1
5474,87,-8.12,31,0,133.0,1
5545,88,-5.01,71,1,382.9,1
5586,89,-8.72,41,0,54.2,1
5613,90,-6.65,27,1,178.2,1
5732,91,-2.25,119,3,727.7,1
5797,92,-3.73,65,2,825.9,1
5861,93,-3.83,64,2,554.8,1
5895,94,-7.28,34,1,137.6,1
6420,95,-8.03,525,3,347.0,0
6478,96,-5.92,58,1,177.4,1
6530,97,-4.73,52,2,458.6,1
6556,98,-7.83,26,0,81.0,1
6580,99,-7.34,24,0,167.4,1
6826,100,-9.11,246,2,298.0,1
6854,101,-7.42,28,0,248.2,1
6910,102,-5.93,56,2,360.1,1
6957,103,-7.76,47,1,53.3,1
7047,104,-5.27,90,1,491.5,1
7160,105,-2.16,113,3,485.3,1
7196,106,-5.69,36,1,335.5,1
7230,107,-8.35,34,0,108.0,1
7268,108,-6.57,38,1,112.4,1
7302,109,-7.75,34,1,41.7,1
7396,110,-5.80,94,1,266.6,1
7430,111,-7.61,34,1,98.2,1
7464,112,-5.55,34,1,187.5,1
7496,113,-5.63,32,1,451.4,1
7530,114,-4.24,34,2,352.5,1
7564,115,-6.00,34,1,280.3,1
7589,116,-6.02,25,1,156.8,1
8114,117,-1.41,525,4,641.9,0
8147,118,-6.20,33,1,202.2,1
8672,119,-11.48,525,2,361.1,0
8718,120,-5.03,46,1,348.3,1
9077,121,-10.94,359,3,594.5,1
9119,122,-6.21,42,0,308.8,1
9205,123,-10.87,86,1,293.5,1
9262,124,-5.41,57,2,369.6,1
9333,125,-4.48,71,2,497.4,1
9407,126,-4.80,74,1,440.2,1
9488,127,-4.83,81,1,364.6,1
9522,128,-7.09,34,0,212.7,1
9564,129,-6.72,42,0,383.9,1
9620,130,-5.23,56,1,366.6,1
9659,131,-6.33,39,0,379.2,1
9733,132,-3.70,74,1,451.5,1
9767,133,-7.19,34,1,73.1,1
9812,134,-5.04,45,1,341.1,1
9865,135,-6.47,53,1,174.1,1
9919,136,-3.76,54,2,370.4,1
9973,137,-5.99,54,1,308.3,1
10007,138,-6.54,34,1,196.5,1
10105,139,-6.56,98,1,168.5,1
10205,140,-6.85,100,1,260.6,1
10271,141,-6.02,66,1,435.8,1
10313,142,-7.19,42,1,172.6,1
10452,143,-8.28,139,2,352.7,1
10501,144,-5.04,49,1,375.2,1
10606,145,-4.94,105,2,385.2,1
10661,146,-6.22,55,1,414.0,1
10701,147,-5.83,40,1,339.4,1
10734,148,-7.59,33,0,194.5,1
10800,149,-3.88,66,2,475.4,1
10840,150,-4.04,40,2,367.8,1
10883,151,-4.91,43,2,217.4,1
10916,152,-6.03,33,1,272.9,1
10950,153,-6.07,34,1,234.3,1
11011,154,-8.08,61,1,108.5,1
11403,155,-12.04,392,2,386.9,1
11444,156,-5.57,41,1,244.5,1
11553,157,-10.08,109,1,100.3,1
11716,158,-8.50,163,1,190.1,1
11808,159,-9.41,92,1,130.1,1
11842,160,-6.68,34,1,146.6,1
11876,161,-6.94,34,1,93.5,1
11901,162,-6.13,25,1,169.9,1
11953,163,-6.95,52,1,156.1,1
12029,164,-4.98,76,1,290.9,1
12063,165,-6.68,34,1,187.9,1
12118,166,-6.08,55,1,459.5,1
12152,167,-5.89,34,0,295.9,1
12215,168,-6.28,63,1,226.3,1
12250,169,-6.77,35,1,150.1,1
12326,170,-3.33,76,2,762.7,1
12350,171,-6.86,24,1,131.1,1
12511,172,-2.26,161,3,783.6,1
12539,173,-8.37,28,0,3.1,1
12798,174,-9.06,259,2,439.5,1
12873,175,-4.83,75,2,386.9,1
12917,176,-6.07,44,1,215.5,1
12948,177,-6.54,31,1,141.9,1
13006,178,-4.77,58,1,427.8,1
13237,179,-12.18,231,1,244.1,1
13271,180,-7.98,34,0,242.9,1
13312,181,-5.36,41,1,273.3,1
13336,182,-6.05,24,1,201.7,1
13391,183,-4.80,55,1,472.6,1
13459,184,-6.16,68,1,263.5,1
13534,185,-6.85,75,2,317.3,1
13758,186,-12.07,224,1,174.7,1
13939,187,-10.98,181,1,67.1,1
13973,188,-7.60,34,0,253.1,1
14007,189,-8.13,34,0,73.3,1
14049,190,-5.16,42,1,391.5,1
14105,191,-4.56,56,2,459.9,1
14133,192,-7.34,28,0,241.2,1
14174,193,-7.68,41,0,231.7,1
14255,194,-6.13,81,1,389.9,1
14281,195,-7.51,26,0,200.2,1
14309,196,-7.25,28,0,313.0,1
14343,197,-7.59,34,0,315.5,1
14382,198,-6.21,39,0,374.2,1
14422,199,-6.05,40,0,673.8,1
14508,200,-5.43,86,1,343.9,1
14554,201,-6.89,46,1,121.2,1
14616,202,-5.63,62,1,420.5,1
14665,203,-6.07,49,1,324.7,1
14696,204,-7.09,31,0,272.9,1
14729,205,-6.36,33,1,331.7,1
14762,206,-4.80,33,2,240.9,1
14873,207,-0.63,111,5,924.8,1
14914,208,-9.60,41,0,94.4,1
14954,209,-5.52,40,1,312.8,1
15042,210,-10.32,88,1,231.0,1
15081,211,-9.16,39,0,43.6,1
15341,212,-11.75,260,1,346.5,1
15421,213,-3.90,80,2,372.7,1
15606,214,-7.21,185,2,394.4,1
15662,215,-6.98,56,1,123.1,1
15696,216,-6.74,34,1,210.4,1
15723,217,-6.33,27,1,226.9,1
15794,218,-9.11,71,1,116.3,1
15830,219,-5.91,36,1,356.1,1
15859,220,-5.70,29,1,256.2,1
16024,221,-11.74,165,1,151.8,1
16061,222,-5.69,37,1,244.8,1
16244,223,-11.66,183,1,280.9,1
16278,224,-6.08,34,1,251.9,1
16319,225,-7.82,41,1,169.7,1
16844,226,-7.88,525,2,305.9,0
16892,227,-4.81,48,2,401.7,1
16917,228,-6.34,25,1,184.7,1
16994,229,-5.23,77,2,386.8,1
17022,230,-5.10,28,1,276.0,1
17045,231,-6.18,23,1,68.8,1
17077,232,-5.58,32,1,498.5,1
17121,233,-5.66,44,1,367.9,1
17150,234,-8.70,29,0,52.7,1
17184,235,-4.74,34,1,339.4,1
17233,236,-5.50,49,1,343.6,1
17257,237,-6.21,24,1,113.2,1
17321,238,-3.65,64,2,317.4,1
17341,239,-7.00,20,0,207.3,1
17396,240,-6.22,55,1,404.7,1
17444,241,-3.86,48,2,469.1,1
17475,242,-6.24,31,1,169.2,1
17509,243,-6.19,34,1,264.0,1
17669,244,-7.24,160,1,282.4,1
17783,245,-1.85,114,3,741.1,1
17817,246,-7.03,34,1,120.9,1
17893,247,-3.24,76,1,440.2,1
17927,248,-4.68,34,1,307.3,1
17944,249,-7.26,17,0,181.3,1
17974,250,-6.54,30,1,191.7,1
18018,251,-6.65,44,1,254.6,1
18052,252,-6.77,34,1,93.4,1
18089,253,-4.92,37,1,375.2,1
18234,254,-5.08,145,3,501.2,1
18256,255,-7.76,22,0,91.5,1
18280,256,-7.77,24,0,87.0,1
18313,257,-6.44,33,1,247.3,1
18343,258,-6.27,30,1,145.2,1
18399,259,-6.10,56,1,403.8,1
18487,260,-2.82,88,3,749.1,1
18534,261,-5.03,47,1,432.0,1
18583,262,-5.75,49,1,367.4,1
18609,263,-7.43,26,0,201.7,1
18641,264,-5.91,32,1,186.3,1
18670,265,-5.05,29,1,261.1,1
18724,266,-3.70,54,1,382.3,1
18774,267,-4.50,50,1,344.8,1
18808,268,-6.32,34,1,235.8,1
18904,269,-5.29,96,1,424.7,1
18941,270,-6.87,37,1,158.1,1
18976,271,-6.66,35,1,103.6,1
19011,272,-6.87,35,0,391.5,1
19060,273,-5.62,49,1,380.9,1
19103,274,-4.00,43,2,478.7,1
19139,275,-6.64,36,1,61.4,1
19185,276,-5.62,46,1,210.8,1
19215,277,-6.65,30,1,195.9,1
19235,278,-6.95,20,0,207.2,1
19289,279,-6.83,54,0,380.0,1
19323,280,-6.34,34,1,142.0,1
19367,281,-5.97,44,1,191.1,1
19391,282,-6.44,24,1,106.6,1
19426,283,-6.38,35,1,153.5,1
19482,284,-8.29,56,1,50.5,1
19503,285,-6.73,21,0,358.3,1
19534,286,-6.51,31,1,141.0,1
19566,287,-6.72,32,0,301.5,1
19635,288,-4.80,69,2,481.0,1
19713,289,-7.39,78,1,168.3,1
19764,290,-5.81,51,1,348.7,1
19818,291,-3.67,54,2,373.1,1
19883,292,-4.75,65,1,365.4,1
19993,293,2.02,110,4,1157.9,1
20027,294,-5.44,34,1,334.3,1
20063,295,-7.22,36,0,416.1,1
20146,296,-4.11,83,1,389.4,1
20165,297,-5.97,19,1,190.7,1
20189,298,-6.69,24,1,126.7,1
20230,299,-6.65,41,0,365.9,1
20264,300,-6.93,34,1,143.7,1
20312,301,-4.81,48,1,369.7,1
20359,302,-4.74,47,1,415.2,1
20389,303,-8.54,30,0,101.6,1
20430,304,-8.48,41,0,66.0,1
20460,305,-7.85,30,0,216.2,1
20499,306,-6.16,39,1,179.3,1
20530,307,-6.40,31,1,240.1,1
20613,308,-0.45,83,2,777.1,1
20648,309,-6.23,35,1,224.5,1
20746,310,-1.15,98,3,801.4,1
20780,311,-6.29,34,1,322.3,1
20822,312,-5.17,42,1,430.5,1
20856,313,-5.62,34,1,270.3,1
21099,314,-4.11,243,3,826.8,1
21123,315,-6.90,24,0,337.9,1
21159,316,-6.58,36,0,502.7,1
21194,317,-6.55,35,1,203.5,1
21238,318,-4.26,44,2,429.2,1
21307,319,-4.36,69,1,378.4,1
21368,320,-5.78,61,1,335.1,1
21418,321,-5.60,50,1,379.7,1
21497,322,-5.93,79,1,285.5,1
21546,323,-5.09,49,1,595.8,1
21570,324,-8.89,24,0,39.6,1
21597,325,-6.04,27,1,305.7,1
21639,326,-5.46,42,1,374.1,1
21728,327,-2.89,89,2,940.9,1
21779,328,-4.02,51,1,286.7,1
21825,329,-4.69,46,1,369.2,1
21854,330,-6.66,29,0,263.8,1
21888,331,-6.37,34,1,352.5,1
21916,332,-5.25,28,1,302.9,1
21961,333,-3.86,45,3,448.2,1
21985,334,-6.54,24,0,262.7,1
22019,335,-5.78,34,1,246.6,1
22061,336,-6.65,42,0,286.1,1
22099,337,-7.11,38,1,98.0,1
22171,338,-4.53,72,1,593.8,1
22199,339,-6.56,28,1,178.6,1
22220,340,-7.65,21,0,102.1,1
22307,341,2.03,87,4,881.7,1
22340,342,-6.51,33,1,251.1,1
22383,343,-5.22,43,1,440.0,1
22449,344,-2.85,66,2,717.0,1
22477,345,-7.20,28,0,253.7,1
22504,346,-7.24,27,0,238.7,1
22538,347,-7.65,34,0,271.5,1
22596,348,-5.07,58,2,486.3,1
22632,349,-8.08,36,0,62.9,1
22669,350,-7.18,37,1,80.9,1
22711,351,-4.87,42,2,397.4,1
22745,352,-7.65,34,1,72.5,1
22812,353,-5.76,67,1,479.3,1
22849,354,-5.17,37,1,367.5,1
22871,355,-6.43,22,1,122.1,1
22939,356,-3.71,68,1,497.8,1
22972,357,-5.86,33,1,384.2,1
23015,358,-5.42,43,0,501.1,1
23051,359,-6.64,36,0,498.4,1
23085,360,-5.34,34,2,266.5,1
23133,361,-5.79,48,1,490.6,1
23162,362,-5.99,29,1,193.8,1
23213,363,-5.71,51,2,411.5,1
23242,364,-7.84,29,0,64.7,1
23278,365,-6.91,36,1,141.4,1
23308,366,-6.04,30,1,163.8,1
23333,367,-7.20,25,0,250.0,1
23378,368,-5.39,45,1,499.2,1
23413,369,-8.18,35,0,71.6,1
23447,370,-6.03,34,1,134.4,1
23472,371,-7.56,25,0,179.5,1
23527,372,-5.58,55,1,640.6,1
23559,373,-6.40,32,1,172.6,1
23648,374,-6.27,89,2,424.1,1
23681,375,-6.37,33,0,457.5,1
23702,376,-6.37,21,1,132.4,1
23721,377,-7.50,19,0,123.0,1
23755,378,-5.98,34,1,207.3,1
23794,379,-6.51,39,0,301.5,1
23851,380,-5.77,57,1,505.9,1
24031,381,-11.12,180,1,193.4,1
24086,382,-3.89,55,2,647.6,1
24186,383,-9.77,100,1,124.8,1
24220,384,-5.77,34,1,236.6,1
24254,385,-5.61,34,1,267.3,1
24323,386,-4.06,69,1,412.6,1
24797,387,-12.89,474,2,378.1,1
24862,388,-8.35,65,1,102.7,1
24902,389,-4.35,40,1,322.9,1
24944,390,-6.14,42,1,411.0,1
24990,391,-5.67,46,1,418.9,1
25031,392,-6.41,41,0,444.4,1
25098,393,-5.26,67,2,398.2,1
25137,394,-5.66,39,0,430.6,1
25183,395,-5.87,46,1,193.3,1
25219,396,-4.01,36,1,464.6,1
25258,397,-6.53,39,1,378.9,1
25291,398,-7.61,33,0,177.5,1
25325,399,-6.61,34,1,99.6,1
25345,400,-7.10,20,0,193.5,1
25378,401,-5.22,33,1,240.7,1
25462,402,-3.21,84,2,494.0,1
25487,403,-5.26,25,1,313.2,1
25519,404,-7.07,32,0,309.1,1
25565,405,-2.59,46,1,625.1,1
25591,406,-5.75,26,1,398.2,1
25628,407,-5.01,37,2,287.8,1
25666,408,-6.71,38,0,301.1,1
25718,409,-4.57,52,1,325.0,1
25751,410,-6.47,33,0,435.6,1
25811,411,-4.62,60,1,460.8,1
25847,412,-6.84,36,0,359.6,1
25906,413,-4.53,59,2,412.3,1
25929,414,-5.78,23,1,143.3,1
25992,415,-8.89,63,0,87.9,1
26038,416,-6.01,46,1,420.4,1
26072,417,-6.49,34,0,530.6,1
26113,418,-7.38,41,1,130.3,1
26140,419,-4.27,27,2,496.2,1
26236,420,-2.62,96,3,640.2,1
26293,421,-5.35,57,2,425.5,1
26349,422,-4.94,56,1,363.5,1
26375,423,-6.15,26,1,104.9,1
26417,424,-5.18,42,1,487.9,1
26470,425,-5.88,53,1,420.5,1
26507,426,-4.57,37,1,252.5,1
26539,427,-4.96,32,1,228.0,1
26579,428,-4.15,40,1,391.2,1
26602,429,-7.95,23,0,177.0,1
26637,430,-6.94,35,1,91.8,1
26660,431,-7.29,23,0,292.2,1
26704,432,-5.21,44,1,469.2,1
26801,433,-2.85,97,3,778.1,1
26838,434,-6.56,37,1,464.7,1
26864,435,-7.41,26,0,185.6,1
26892,436,-5.76,28,1,320.2,1
26958,437,-3.98,66,1,502.1,1
26993,438,-5.79,35,1,420.6,1
27027,439,-8.70,34,0,149.0,1
27061,440,-6.11,34,1,204.1,1
27095,441,-6.77,34,1,65.6,1
27135,442,-3.47,40,2,378.7,1
27174,443,-6.10,39,0,460.5,1
27520,444,-2.33,346,4,875.5,1
27555,445,-7.08,35,0,284.3,1
27608,446,-6.27,53,1,253.2,1
27635,447,-8.64,27,0,101.4,1
27703,448,-6.01,68,1,332.9,1
27744,449,-4.39,41,2,455.2,1
27778,450,-5.77,34,1,279.3,1
27814,451,-4.06,36,2,432.8,1
27835,452,-5.58,21,1,191.7,1
27886,453,-4.82,51,2,442.3,1
27929,454,-4.60,43,1,668.8,1
27970,455,-4.23,41,1,399.6,1
28035,456,-5.05,65,2,483.6,1
28086,457,-7.06,51,1,223.8,1
28111,458,-6.63,25,1,117.6,1
28136,459,-7.80,25,0,194.8,1
28174,460,-7.02,38,0,476.3,1
28227,461,-2.48,53,3,671.0,1
28261,462,-5.42,34,1,449.7,1
28302,463,-6.90,41,0,320.5,1
28336,464,-6.93,34,1,45.1,1
28383,465,-4.97,47,1,726.4,1
28444,466,-3.10,61,1,662.6,1
28494,467,-6.20,50,1,465.9,1
28540,468,-4.02,46,2,349.9,1
28590,469,-3.69,50,1,427.0,1
28635,470,-5.35,45,1,514.7,1
29046,471,-9.27,411,3,677.2,1
29082,472,-6.96,36,0,424.6,1
29102,473,-7.40,20,0,75.1,1
29127,474,-5.88,25,1,171.7,1
29160,475,-6.37,33,0,449.7,1
29194,476,-4.36,34,2,288.9,1
29248,477,-3.36,54,3,447.4,1
29292,478,-4.37,44,1,377.4,1
29351,479,-4.26,59,1,438.8,1
29367,480,-7.03,16,0,188.9,1
29415,481,-4.60,48,1,428.9,1
29461,482,-5.17,46,2,480.3,1
29480,483,-6.56,19,1,155.3,1
29588,484,-0.60,108,2,758.8,1
29716,485,-3.40,128,3,714.0,1
29746,486,-6.39,30,0,336.4,1
29793,487,-8.99,47,1,124.3,1
29823,488,-5.22,30,1,585.5,1
29855,489,-5.31,32,1,536.2,1
29896,490,-6.30,41,0,486.8,1
29954,491,-2.31,58,2,811.7,1
29992,492,-6.32,38,0,566.7,1
30085,493,-2.18,93,2,663.0,1
30120,494,-5.27,35,1,375.7,1
30230,495,-4.99,110,2,698.7,1
30312,496,-2.59,82,3,966.1,1
30400,497,-3.40,88,2,490.3,1
30453,498,-2.41,53,2,640.7,1
30486,499,-6.23,33,0,496.9,1
30534,500,-9.97,48,0,142.0,1
30574,501,-5.89,40,1,434.8,1
30633,502,-4.34,59,2,408.5,1
30674,503,-5.44,41,1,225.7,1
30715,504,-5.29,41,1,255.5,1
30761,505,-6.50,46,1,207.9,1
30796,506,-6.18,35,1,336.0,1
30842,507,-5.90,46,1,377.7,1
30888,508,-4.57,46,1,602.4,1
30957,509,-3.22,69,2,725.6,1
31012,510,-3.44,55,2,579.4,1
31083,511,-3.96,71,1,406.5,1
31124,512,-3.82,41,1,556.7,1
31176,513,-7.92,52,1,79.6,1
31214,514,-6.99,38,0,367.7,1
31255,515,-5.61,41,0,409.2,1
31291,516,-5.88,36,1,441.4,1
31336,517,-5.88,45,1,384.2,1
31402,518,-4.07,66,1,865.5,1
31458,519,-3.76,56,2,424.9,1
31560,520,-5.04,102,1,537.7,1
31583,521,-7.14,23,0,214.3,1
31655,522,-6.22,72,1,324.0,1
31704,523,-4.87,49,1,587.8,1
31756,524,-5.98,52,2,444.0,1
31790,525,-5.71,34,1,400.3,1
31813,526,-6.24,23,0,507.4,1
31849,527,-6.82,36,0,457.0,1
31889,528,-5.70,40,1,361.5,1
31914,529,-5.32,25,1,435.0,1
31948,530,-9.56,34,0,101.7,1
31982,531,-6.68,34,1,173.9,1
32038,532,-7.98,56,1,424.0,1
32078,533,-5.29,40,1,397.8,1
32132,534,-4.30,54,2,453.7,1
32152,535,-7.35,20,0,174.2,1
32216,536,-2.75,64,3,826.3,1
32250,537,-6.92,34,0,328.0,1
32286,538,-6.49,36,0,493.9,1
32348,539,-6.90,62,1,187.6,1
32702,540,-8.94,354,2,466.6,1
32748,541,-4.77,46,2,427.8,1
32784,542,-4.21,36,1,459.6,1
32823,543,-3.31,39,3,448.6,1
32865,544,-6.03,42,1,462.9,1
32930,545,-2.95,65,2,569.9,1
32962,546,-4.49,32,2,391.0,1
33017,547,-5.29,55,1,435.2,1
33051,548,-6.45,34,1,204.4,1
33074,549,-7.70,23,0,151.1,1
33121,550,-5.44,47,1,533.3,1
33167,551,-4.19,46,1,379.1,1
33197,552,-8.65,30,0,55.7,1
33229,553,-5.08,32,1,491.1,1
33273,554,-4.59,44,2,377.7,1
33309,555,-6.30,36,1,295.9,1
33378,556,-5.40,69,1,453.3,1
33403,557,-5.64,25,1,383.5,1
33425,558,-7.04,22,0,234.5,1
33458,559,-5.97,33,1,376.8,1
33494,560,-4.90,36,1,229.4,1
33544,561,-3.83,50,2,473.9,1
33568,562,-7.76,24,0,150.5,1
33613,563,-3.49,45,2,487.6,1
33674,564,-4.98,61,2,330.2,1
33699,565,-7.20,25,0,186.5,1
33753,566,-4.76,54,1,415.6,1
33797,567,-6.92,44,0,452.2,1
33826,568,-5.68,29,1,349.4,1
33860,569,-7.94,34,0,107.0,1
34004,570,-9.71,144,1,181.3,1
34039,571,-6.22,35,1,421.5,1
34107,572,-4.50,68,1,380.1,1
34146,573,-6.15,39,0,524.1,1
34306,574,-12.59,160,1,321.8,1
34405,575,24.09,99,4,1276.4,0
34461,576,-3.73,56,2,524.9,1
34574,577,-12.05,113,1,390.5,1
34608,578,-5.44,34,1,333.2,1
34855,579,-12.12,247,1,197.0,1
34925,580,-1.86,70,3,767.3,1
34955,581,-5.37,30,1,543.9,1
34992,582,-2.76,37,3,548.9,1
35026,583,-6.08,34,1,281.0,1
35052,584,-6.25,26,0,316.2,1
35088,585,-5.52,36,1,458.1,1
35124,586,-5.21,36,1,461.8,1
35158,587,-5.13,34,2,264.0,1
35217,588,-5.43,59,1,476.5,1
35256,589,-5.64,39,1,281.9,1
35296,590,-9.39,40,0,100.3,1
35330,591,-6.38,34,1,284.3,1
35357,592,-7.21,27,0,202.7,1
35413,593,-6.06,56,1,429.4,1
35456,594,-4.84,43,1,584.7,1
35528,595,-4.62,72,2,480.1,1
35563,596,-9.00,35,0,42.7,1
35623,597,-2.63,60,2,718.1,1
35663,598,-5.41,40,1,454.5,1
35698,599,-9.49,35,0,89.8,1
35744,600,-3.97,46,1,429.8,1
35765,601,-7.50,21,0,145.7,1
35795,602,-6.41,30,0,510.4,1
35818,603,-6.22,23,0,526.8,1
35865,604,-4.57,47,2,501.2,1
35936,605,1.01,71,4,894.6,1
35975,606,-4.52,39,2,419.8,1
36049,607,-1.24,74,3,1000.2,1
36120,608,-0.21,71,3,819.5,1
36174,609,-5.01,54,2,451.2,1
36234,610,-3.58,60,1,461.4,1
36265,611,-5.78,31,1,255.5,1
36323,612,-3.88,58,2,405.8,1
36423,613,-1.32,100,2,790.2,1
36539,614,-9.68,116,1,124.9,1
36580,615,-6.12,41,1,446.6,1
36625,616,-5.86,45,1,322.8,1
36679,617,-6.44,54,1,163.3,1
36762,618,-0.39,83,3,690.3,1
36795,619,-6.13,33,1,241.2,1
36840,620,-4.04,45,2,418.7,1
37000,621,-2.71,160,3,866.6,1
37039,622,-5.20,39,1,473.6,1
37105,623,-3.46,66,2,867.0,1
37140,624,-5.93,35,1,410.7,1
37198,625,-8.33,58,0,88.8,1
37292,626,-1.56,94,4,909.6,1
37371,627,-3.12,79,2,772.2,1
37409,628,-5.00,38,1,479.3,1
37451,629,-4.64,42,2,394.0,1
37489,630,-7.19,38,0,443.3,1
37520,631,-5.55,31,1,357.3,1
37603,632,-1.83,83,3,848.7,1
37651,633,-5.58,48,1,474.9,1
37690,634,-7.33,39,0,366.1,1
37877,635,-7.11,187,2,420.8,1
37928,636,-3.86,51,1,736.1,1
37955,637,-6.63,27,0,468.7,1
37999,638,-4.39,44,2,452.1,1
38065,639,-0.77,66,3,862.6,1
38155,640,-1.36,90,2,882.4,1
38190,641,-6.15,35,1,326.8,1
38225,642,-6.00,35,1,380.1,1
38266,643,-6.01,41,0,419.3,1
38313,644,-5.35,47,1,438.7,1
38356,645,-4.54,43,1,491.5,1
38399,646,-4.90,43,2,436.7,1
38447,647,-5.47,48,1,388.7,1
38476,648,-6.01,29,0,299.5,1
38518,649,-5.85,42,1,465.0,1
38544,650,-5.96,26,1,334.2,1
38585,651,-4.51,41,2,473.4,1
38627,652,-4.79,42,2,403.8,1
38692,653,-2.20,65,2,550.2,1
38727,654,-3.86,35,3,429.1,1
38774,655,-3.92,47,1,461.3,1
38806,656,-5.12,32,1,555.1,1
38842,657,-4.89,36,1,273.8,1
38867,658,-7.34,25,0,166.3,1
38902,659,-8.19,35,0,98.9,1
38936,660,-6.33,34,1,302.3,1
38974,661,-6.30,38,0,332.3,1
39125,662,-10.71,151,1,322.1,1
39173,663,-5.86,48,1,441.2,1
39202,664,-5.45,29,1,490.5,1
39254,665,-4.97,52,1,443.1,1
39388,666,-9.95,134,1,50.8,1
39438,667,-3.75,50,1,682.4,1
39471,668,-5.87,33,1,422.2,1
39520,669,-3.96,49,2,502.8,1
39551,670,-5.70,31,1,425.2,1
39599,671,-4.38,48,1,439.1,1
39647,672,-4.52,48,2,452.7,1
39698,673,-4.53,51,2,417.8,1
39803,674,-4.09,105,2,420.1,1
39839,675,-7.00,36,0,464.2,1
39851,676,-6.95,12,1,90.5,1
39875,677,-7.31,24,0,199.0,1
39914,678,-4.97,39,1,608.9,1
39964,679,-4.47,50,1,367.9,1
40021,680,-4.10,57,1,427.2,1
40048,681,-7.03,27,0,242.6,1
40097,682,-5.19,49,1,363.0,1
40134,683,-4.21,37,1,436.8,1
40173,684,-5.92,39,1,373.1,1
40301,685,-5.97,128,3,671.2,1
40335,686,-6.58,34,1,248.7,1
40384,687,-4.05,49,1,525.7,1
40438,688,-3.51,54,2,808.0,1
40486,689,-6.51,48,0,467.5,1
40546,690,-1.35,60,4,806.3,1
40586,691,-5.38,40,1,589.9,1
40620,692,-5.40,34,2,278.3,1
40680,693,-5.24,60,1,330.4,1
40714,694,-4.62,34,1,295.5,1
40757,695,-4.76,43,1,267.0,1
40799,696,-4.75,42,2,409.7,1
40848,697,-5.59,49,1,415.8,1
40894,698,-3.68,46,3,484.0,1
40950,699,-4.37,56,2,348.2,1
40976,700,-7.17,26,0,166.3,1
41014,701,-3.16,38,2,510.3,1
41105,702,0.24,91,2,793.8,1
41141,703,-4.49,36,2,435.7,1
41190,704,-3.97,49,2,418.3,1
41249,705,-2.04,59,3,834.8,1
41271,706,-6.15,22,0,457.3,1
41318,707,-5.11,47,1,346.5,1
41348,708,-6.51,30,0,463.8,1
41383,709,-5.79,35,1,466.5,1
41425,710,-3.90,42,2,705.5,1
41466,711,-5.88,41,1,498.5,1
41500,712,-7.35,34,0,232.5,1
41528,713,-6.65,28,0,412.8,1
41595,714,-3.17,67,2,805.4,1
41637,715,-6.52,42,1,322.6,1
41676,716,-6.29,39,1,430.3,1
41746,717,-0.67,70,2,765.3,1
41816,718,-4.12,70,2,779.6,1
41864,719,-4.87,48,1,458.6,1
41898,720,-5.84,34,1,514.8,1
41946,721,-2.47,48,2,438.0,1
42016,722,-1.16,70,2,806.7,1
42041,723,-5.68,25,1,298.7,1
42079,724,-6.04,38,1,469.9,1
42123,725,-6.37,44,1,416.1,1
42169,726,-2.48,46,2,403.5,1
42226,727,-4.88,57,1,307.6,1
42263,728,-5.96,37,1,436.9,1
42308,729,-3.19,45,2,326.0,1
42341,730,-5.33,33,1,481.3,1
42378,731,-4.57,37,2,594.7,1
42421,732,-3.78,43,1,418.8,1
42440,733,-7.11,19,0,222.2,1
42474,734,-5.47,34,1,556.6,1
42508,735,-6.12,34,1,257.4,1
42582,736,-3.11,74,1,492.5,1
42621,737,-5.23,39,1,546.4,1
42674,738,-3.80,53,2,381.4,1
42728,739,-6.49,54,2,358.7,1
42783,740,-5.53,55,2,517.2,1
42821,741,-5.34,38,1,468.8,1
42860,742,-6.29,39,1,421.6,1
42906,743,-5.19,46,1,261.2,1
42934,744,-7.79,28,0,97.3,1
42973,745,-6.82,39,0,373.3,1
43049,746,-5.14,76,1,325.7,1
43105,747,-6.41,56,1,453.1,1
43143,748,-5.24,38,2,426.8,1
43185,749,-4.69,42,1,286.1,1
43220,750,-5.71,35,1,397.9,1
43249,751,-6.24,29,0,441.4,1
43284,752,-6.35,35,0,334.2,1
43314,753,-4.24,30,2,425.0,1
43341,754,-7.73,27,0,208.6,1
43383,755,-6.64,42,1,152.1,1
43424,756,-7.02,41,0,303.5,1
43462,757,-4.19,38,2,428.8,1
43496,758,-6.98,34,0,392.3,1
43525,759,-6.13,29,1,206.4,1
43553,760,-5.47,28,1,367.7,1
43624,761,-3.54,71,2,515.5,1
43661,762,-4.48,37,2,540.2,1
43740,763,-0.02,79,3,1056.2,1
43763,764,-5.18,23,1,493.9,1
43855,765,-8.25,92,1,139.3,1
43916,766,-2.76,61,2,583.5,1
43959,767,-4.88,43,1,716.0,1
44000,768,-7.52,41,0,346.5,1
44042,769,-2.99,42,3,598.4,1
44074,770,-4.91,32,1,553.7,1
44135,771,-1.42,61,2,494.8,1
44190,772,-7.23,55,1,361.7,1
44269,773,-2.13,79,3,726.7,1
44312,774,-5.42,43,1,523.3,1
44363,775,-4.81,51,2,457.6,1
44447,776,-1.53,84,2,795.5,1
44483,777,-3.02,36,3,524.4,1
44514,778,-5.61,31,0,329.8,1
44547,779,-7.33,33,0,398.1,1
44613,780,-2.47,66,2,886.4,1
44674,781,-4.81,61,1,342.6,1
44700,782,-5.89,26,1,226.1,1
44730,783,-5.42,30,1,508.9,1
44755,784,-7.40,25,0,176.7,1
44779,785,-6.61,24,0,385.8,1
44833,786,-4.71,54,2,455.3,1
44871,787,-8.87,38,0,22.6,1
44920,788,-5.37,49,1,356.6,1
44965,789,-5.36,45,1,564.9,1
44996,790,-5.21,31,1,548.8,1
45035,791,-4.86,39,2,402.0,1
45080,792,-3.05,45,1,439.3,1
45103,793,-5.88,23,1,266.8,1
45130,794,-6.09,27,1,191.0,1
45179,795,-5.01,49,1,634.3,1
45210,796,-6.85,31,0,390.1,1
45270,797,-4.18,60,1,327.9,1
45313,798,-6.20,43,1,336.1,1
45359,799,-4.15,46,2,513.8,1
45398,800,-5.19,39,2,383.1,1
45432,801,-5.16,34,1,478.0,1
45462,802,-6.31,30,0,519.6,1
45506,803,-4.45,44,1,322.2,1
45550,804,-4.19,44,2,511.1,1
45633,805,-2.15,83,3,935.6,1
45660,806,-5.38,27,1,292.6,1
45698,807,-6.15,38,1,432.7,1
45783,808,0.15,85,4,1019.9,1
45823,809,-4.24,40,1,356.0,1
45853,810,-6.61,30,0,476.8,1
45894,811,-4.13,41,2,359.5,1
45962,812,-5.00,68,1,279.1,1
45992,813,-6.70,30,0,454.4,1
46036,814,-4.22,44,2,426.2,1
46055,815,-6.82,19,0,224.7,1
46136,816,-2.20,81,2,685.1,1
46171,817,-6.75,35,0,435.1,1
46199,818,-7.40,28,0,220.7,1
46222,819,-7.66,23,0,134.6,1
46261,820,-3.74,39,2,405.5,1
46299,821,-6.40,38,0,366.9,1
46334,822,-4.71,35,1,442.6,1
46374,823,-4.62,40,2,452.0,1
46424,824,-4.49,50,1,750.9,1
46507,825,-2.24,83,2,464.8,1
46526,826,-7.97,19,0,87.7,1
46590,827,-5.58,64,1,370.5,1
46655,828,-4.01,65,2,385.4,1
46685,829,-5.61,30,1,456.1,1
46721,830,-6.79,36,0,456.6,1
46972,831,-12.29,251,1,174.4,1
47001,832,-5.91,29,1,422.1,1
47041,833,-5.04,40,1,700.9,1
47093,834,-3.75,52,2,692.1,1
47162,835,-2.56,69,2,725.2,1
47203,836,-4.75,41,1,561.6,1
47239,837,-4.19,36,1,305.5,1
47318,838,-1.13,79,2,806.6,1
47373,839,-6.10,55,1,452.9,1
47439,840,-4.65,66,1,323.9,1
47464,841,-7.48,25,0,142.1,1
47503,842,-4.79,39,2,404.5,1
47546,843,-5.46,43,1,301.2,1
47586,844,-5.54,40,1,571.9,1
47631,845,0.24,45,3,717.5,1
47678,846,-5.42,47,1,506.3,1
47724,847,-4.89,46,1,675.2,1
47764,848,-5.16,40,1,606.2,1
47851,849,-0.24,87,3,1063.9,1
47912,850,-4.00,61,2,430.0,1
47946,851,-8.79,34,0,100.7,1
47968,852,-7.52,22,0,156.6,1
48009,853,-6.80,41,0,257.6,1
48053,854,-5.42,44,1,455.0,1
48100,855,-5.06,47,1,666.9,1
48135,856,-6.87,35,0,406.7,1
48170,857,-7.97,35,0,69.1,1
48191,858,-7.62,21,0,95.9,1
48224,859,-5.27,33,1,526.9,1
48749,860,-5.82,525,2,279.4,0
48788,861,-6.80,39,0,427.7,1
48827,862,-4.26,39,1,406.7,1
48855,863,-6.30,28,0,359.1,1
48906,864,-5.77,51,1,448.7,1
48931,865,-6.19,25,1,153.4,1
48954,866,-5.34,23,1,189.6,1
49174,867,-12.43,220,1,264.7,1
49223,868,-6.28,49,0,369.8,1
49249,869,-6.99,26,0,202.4,1
49288,870,-5.33,39,1,407.7,1
49320,871,-6.87,32,0,437.6,1
49343,872,-5.98,23,1,348.0,1
49384,873,-6.78,41,0,335.3,1
49448,874,-2.41,64,2,804.4,1
49488,875,-4.78,40,1,429.1,1
49547,876,-3.89,59,2,873.8,1
49570,877,-6.62,23,0,385.1,1
49605,878,-6.13,35,0,471.9,1
49685,879,-2.41,80,2,416.0,1
49724,880,-6.21,39,0,419.1,1
49748,881,-7.07,24,0,236.0,1
49892,882,-7.18,144,2,360.9,1
49959,883,0.20,67,3,832.3,1
50025,884,-5.22,66,1,322.2,1
50093,885,-4.40,68,1,853.7,1
50133,886,-3.72,40,1,474.2,1
50220,887,-4.58,87,1,311.1,1
50248,888,-6.66,28,0,319.5,1
50285,889,-4.96,37,2,312.4,1
50328,890,-5.27,43,1,374.3,1
50363,891,-6.84,35,0,381.0,1
50407,892,-3.02,44,2,497.4,1
50453,893,-5.84,46,1,403.6,1
50473,894,-7.27,20,0,218.2,1
50508,895,-5.52,35,1,368.7,1
50559,896,-5.20,51,1,468.3,1
50599,897,-2.78,40,1,535.6,1
50649,898,-5.03,50,1,749.6,1
50694,899,-4.99,45,1,581.6,1
50730,900,-5.70,36,1,460.8,1
50781,901,-3.73,51,2,714.4,1
50826,902,-4.55,45,1,446.5,1
50892,903,-2.26,66,3,840.2,1
50940,904,-2.76,48,2,420.6,1
50989,905,-3.77,49,2,536.8,1
51023,906,-6.26,34,1,314.1,1
51070,907,-5.41,47,1,499.5,1
51115,908,-5.83,45,1,381.7,1
51165,909,-8.51,50,0,33.6,1
51211,910,-3.80,46,1,311.1,1
51265,911,-4.49,54,1,459.8,1
51307,912,-4.55,42,2,468.5,1
51346,913,-3.67,39,2,453.2,1
51386,914,-5.91,40,1,350.6,1
51430,915,-4.65,44,2,353.8,1
51479,916,-4.01,49,2,348.2,1
51544,917,-4.15,65,2,725.4,1
51591,918,-5.19,47,1,375.2,1
51632,919,-6.12,41,0,363.0,1
51677,920,-2.47,45,2,617.0,1
51701,921,-8.01,24,0,112.3,1
51731,922,-6.66,30,0,412.5,1
51755,923,-7.24,24,0,178.3,1
52014,924,-12.49,259,3,645.5,1
52068,925,-5.32,54,1,422.6,1
52086,926,-7.79,18,0,77.5,1
52125,927,-5.52,39,1,507.9,1
52177,928,-5.82,52,1,505.4,1
52217,929,-5.87,40,1,180.2,1
52250,930,-3.69,33,2,406.6,1
52304,931,-4.37,54,1,326.4,1
52335,932,-6.61,31,0,365.9,1
52378,933,-5.74,43,1,495.2,1
52424,934,-6.83,46,0,255.5,1
52615,935,-6.98,191,1,450.4,1
52658,936,-5.54,43,1,444.9,1
52703,937,-2.99,45,1,430.9,1
52729,938,-5.95,26,1,413.9,1
52776,939,-2.69,47,1,747.2,1
52827,940,-6.31,51,1,353.0,1
52850,941,-5.75,23,1,445.7,1
52883,942,-5.10,33,2,303.9,1
52993,943,-9.54,110,1,97.2,1
53034,944,-5.02,41,1,355.7,1
53073,945,-5.88,39,1,402.3,1
53111,946,-5.22,38,1,295.0,1
53150,947,-6.87,39,0,460.4,1
53187,948,-5.78,37,1,377.9,1
53209,949,-6.54,22,0,302.1,1
53278,950,-1.28,69,2,538.8,1
53302,951,-5.95,24,1,164.8,1
53550,952,-4.89,248,3,650.6,1
53592,953,-4.63,42,2,452.8,1
53625,954,-5.89,33,0,439.1,1
53665,955,-3.43,40,1,466.0,1
53702,956,-5.32,37,1,484.6,1
53772,957,-2.42,70,2,942.6,1
53806,958,-6.09,34,1,232.1,1
53839,959,-6.61,33,0,438.6,1
53914,960,2.11,75,3,989.7,1
53972,961,-4.17,58,1,888.1,1
54018,962,-3.38,46,2,465.7,1
54055,963,-4.10,37,2,449.0,1
54094,964,-6.15,39,1,385.6,1
54136,965,-3.99,42,1,431.6,1
54169,966,-5.43,33,0,422.5,1
54203,967,-6.48,34,0,471.7,1
54255,968,-5.08,52,1,479.6,1
54303,969,-5.21,48,1,467.5,1
54345,970,-5.00,42,1,406.8,1
54369,971,-5.78,24,1,150.7,1
54414,972,-5.53,45,1,563.0,1
54444,973,-6.54,30,0,502.7,1
54625,974,-10.73,181,1,141.7,1
54664,975,-5.20,39,1,603.2,1
54707,976,-3.91,43,2,392.0,1
54740,977,-6.01,33,1,160.8,1
54821,978,-1.74,81,3,907.5,1
54901,979,-1.75,80,3,835.0,1
54945,980,-5.82,44,1,260.0,1
55010,981,-2.32,65,3,875.7,1
55040,982,-5.53,30,1,365.9,1
55073,983,-6.10,33,1,188.5,1
55124,984,-5.07,51,2,339.5,1
55164,985,-5.18,40,1,573.0,1
55197,986,-3.83,33,2,444.3,1
55222,987,-7.13,25,0,195.2,1
55273,988,-5.45,51,1,398.0,1
55307,989,-3.44,34,2,281.0,1
55353,990,-4.94,46,2,484.7,1
55400,991,-5.07,47,2,487.9,1
55434,992,-5.50,34,1,519.6,1
55492,993,-4.87,58,1,354.2,1
55597,994,0.23,105,2,648.4,1
55631,995,-6.67,34,1,133.9,1
55695,996,-0.89,64,3,1052.0,1
55779,997,0.49,84,3,800.4,1
55825,998,-2.22,46,2,504.9,1
55859,999,-6.10,34,0,311.3,1
55905,1000,-4.45,46,1,702.6,1
55939,1001,-6.85,34,0,450.7,1
55994,1002,-3.55,55,1,706.8,1
56032,1003,-5.35,38,0,653.1,1
56065,1004,-6.82,33,0,448.7,1
56112,1005,-4.01,47,1,427.3,1
56140,1006,-7.02,28,0,280.4,1
56195,1007,-6.48,55,1,290.3,1
56235,1008,-4.20,40,1,453.1,1
56264,1009,-6.06,29,1,344.4,1
56298,1010,-4.65,34,1,256.2,1
56334,1011,-4.48,36,2,467.4,1
56364,1012,-6.50,30,0,535.1,1
56407,1013,-4.46,43,1,352.7,1
56450,1014,-4.56,43,1,449.8,1
56523,1015,-4.45,73,1,390.0,1
56573,1016,-4.42,50,1,888.7,1
56637,1017,0.77,64,4,1039.9,1
56691,1018,-5.43,54,1,284.2,1
56719,1019,-6.04,28,1,129.6,1
57011,1020,-11.10,292,1,137.0,1
57045,1021,-5.15,34,1,336.0,1
57087,1022,-5.24,42,1,304.1,1
57117,1023,-6.14,30,1,180.4,1
57150,1024,-6.91,33,0,199.5,1
57191,1025,-6.15,41,1,281.1,1
57215,1026,-4.41,24,2,445.6,1
57308,1027,-4.27,93,1,432.1,1
57342,1028,-4.57,34,2,278.3,1
57422,1029,-8.33,80,1,209.7,1
57450,1030,-6.60,28,0,288.3,1
57499,1031,-5.41,49,1,442.1,1
57573,1032,-1.91,74,2,779.5,1
57607,1033,-6.87,34,0,325.9,1
57632,1034,-6.18,25,1,184.2,1
57675,1035,-4.92,43,2,410.4,1
57705,1036,-6.56,30,0,444.2,1
57736,1037,-5.99,31,1,351.5,1
57771,1038,-7.72,35,0,42.3,1
57817,1039,-4.21,46,1,529.1,1
57881,1040,-1.16,64,2,729.4,1
57926,1041,-3.40,45,1,466.7,1
57976,1042,-3.87,50,2,399.6,1
58006,1043,-5.02,30,1,504.9,1
58031,1044,-6.46,25,0,460.7,1
58112,1045,1.05,81,3,1025.7,1
58165,1046,-5.23,53,1,452.0,1
58204,1047,-3.94,39,2,469.7,1
58243,1048,-5.61,39,1,452.8,1
58293,1049,-3.23,50,2,550.1,1
58347,1050,-3.36,54,1,744.4,1
58386,1051,-5.82,39,1,432.2,1
58427,1052,-5.26,41,1,254.0,1
58457,1053,-6.26,30,0,543.6,1
58501,1054,-6.33,44,0,480.0,1
58546,1055,-8.52,45,1,170.1,1
58595,1056,-4.19,49,1,374.8,1
58636,1057,-4.57,41,1,460.5,1
58699,1058,-5.50,63,1,358.7,1
58731,1059,-6.59,32,0,462.0,1
58761,1060,-5.48,30,1,405.7,1
58796,1061,-4.56,35,0,483.2,1
58847,1062,-3.53,51,1,755.9,1
58893,1063,-4.36,46,2,502.0,1
58981,1064,21.63,88,2,1276.6,0
59054,1065,-3.96,73,1,800.5,1
59086,1066,-6.59,32,0,473.4,1
59125,1067,-6.66,39,0,373.9,1
59171,1068,-3.96,46,2,482.4,1
59212,1069,-5.49,41,1,453.4,1
59255,1070,-4.91,43,2,376.0,1
59291,1071,-5.13,36,0,456.6,1
59316,1072,-6.03,25,1,194.9,1
59355,1073,-5.03,39,1,291.5,1
59390,1074,-6.07,35,1,168.8,1
59440,1075,-3.57,50,1,469.2,1
59464,1076,-6.30,24,0,457.3,1
59486,1077,-6.36,22,0,243.6,1
59520,1078,-5.24,34,1,477.7,1
59569,1079,-4.93,49,1,300.1,1
59618,1080,-3.88,49,2,525.8,1
59660,1081,-4.14,42,1,499.7,1
59707,1082,-4.87,47,1,363.3,1
59783,1083,-1.90,76,2,861.7,1
59824,1084,-5.91,41,1,454.6,1
59844,1085,-7.98,20,0,110.3,1
59865,1086,-6.12,21,1,175.7,1
59895,1087,-6.42,30,0,480.2,1
59915,1088,-7.42,20,0,66.5,1
59964,1089,-3.53,49,1,346.1,1
60005,1090,-6.16,41,1,249.9,1
60039,1091,-5.77,34,1,148.2,1
60564,1092,-7.53,525,3,584.1,0
60600,1093,-6.27,36,0,455.3,1
60633,1094,-4.56,33,1,382.0,1
60671,1095,-3.33,38,3,452.9,1
60695,1096,-7.26,24,0,222.9,1
60754,1097,-3.92,59,2,533.0,1
60785,1098,-5.11,31,0,458.3,1
60871,1099,0.59,86,4,1000.1,1
60899,1100,-5.53,28,0,445.8,1
60945,1101,-5.28,46,1,578.3,1
61017,1102,-2.99,72,2,943.5,1
61059,1103,-6.18,42,1,262.3,1
61093,1104,-7.05,34,0,351.3,1
61132,1105,-5.38,39,1,457.0,1
61196,1106,-1.12,64,3,922.0,1
61210,1107,-7.19,14,0,154.8,1
61267,1108,-4.18,57,2,476.8,1
61337,1109,-4.32,70,2,528.4,1
61372,1110,-5.93,35,1,352.0,1
61395,1111,-6.31,23,1,93.1,1
61436,1112,-5.25,41,1,291.3,1
61466,1113,-6.40,30,0,494.5,1
61536,1114,-3.31,70,1,487.7,1
61574,1115,-4.57,38,2,471.2,1
61614,1116,-4.49,40,2,471.7,1
61654,1117,-3.71,40,2,453.8,1
61664,1118,-7.29,10,0,120.9,1
61698,1119,-4.29,34,2,451.7,1
61745,1120,-3.25,47,1,496.0,1
61783,1121,-3.81,38,2,308.6,1
61856,1122,-3.19,73,2,861.4,1
61899,1123,-4.20,43,2,472.2,1
61928,1124,-6.78,29,0,383.7,1
61963,1125,-6.31,35,0,321.3,1
61994,1126,-5.34,31,1,548.0,1
62056,1127,-3.02,62,2,803.3,1
62113,1128,-2.60,57,2,473.4,1
62142,1129,-5.67,29,1,375.0,1
62192,1130,-3.30,50,1,515.6,1
62221,1131,-5.99,29,0,329.4,1
62242,1132,-7.13,21,0,189.1,1
62312,1133,-3.55,70,1,384.6,1
62340,1134,-6.21,28,0,540.8,1
62370,1135,-6.17,30,0,477.4,1
62398,1136,-6.31,28,0,367.2,1
62428,1137,-5.17,30,1,269.0,1
62471,1138,-3.58,43,2,380.8,1
62495,1139,-7.11,24,0,173.3,1
62516,1140,-4.85,21,1,355.3,1
62552,1141,-5.05,36,1,450.1,1
62585,1142,-4.82,33,2,433.2,1
62613,1143,-5.62,28,1,464.7,1
62651,1144,-6.23,38,1,313.0,1
62697,1145,-3.26,46,1,367.9,1
62739,1146,-5.88,42,1,146.4,1
62772,1147,-4.58,33,2,455.1,1
62833,1148,-3.79,61,2,508.9,1
62860,1149,-6.63,27,0,346.3,1
62909,1150,-2.39,49,2,965.9,1
62958,1151,-3.27,49,1,517.5,1
62997,1152,-6.12,39,0,537.4,1
63029,1153,-4.06,32,2,523.3,1
63052,1154,-6.66,23,0,246.6,1
63087,1155,-9.70,35,0,94.6,1
63128,1156,-8.96,41,0,35.0,1
63221,1157,27.45,93,4,1279.3,0
63293,1158,1.70,72,3,1146.2,1
63333,1159,-5.36,40,1,486.5,1
63367,1160,-5.88,34,1,372.7,1
63410,1161,-4.53,43,1,320.1,1
63461,1162,-2.63,51,1,532.7,1
63543,1163,-8.05,82,1,266.1,1
63573,1164,-6.09,30,0,449.4,1
63616,1165,-5.31,43,1,612.3,1
63638,1166,-7.10,22,0,193.1,1
63666,1167,-5.33,28,1,403.9,1
63762,1168,-8.94,96,1,84.8,1
63802,1169,-6.75,40,0,432.4,1
63849,1170,-1.47,47,2,423.4,1
63866,1171,-7.12,17,0,136.4,1
63886,1172,-6.06,20,1,135.3,1
63916,1173,-6.77,30,0,410.4,1
63982,1174,-2.22,66,3,876.2,1
64009,1175,-5.27,27,1,463.7,1
64050,1176,-5.75,41,0,375.6,1
64069,1177,-7.01,19,0,253.4,1
64127,1178,1.71,58,3,825.6,1
64169,1179,-1.29,42,2,450.9,1
64204,1180,-6.43,35,0,465.3,1
64241,1181,-5.02,37,1,536.1,1
64272,1182,-5.59,31,0,477.0,1
64303,1183,-5.71,31,1,372.3,1
64337,1184,-6.07,34,0,398.6,1
64396,1185,-2.66,59,2,815.9,1
64441,1186,-5.68,45,1,414.4,1
64477,1187,-5.84,36,0,596.6,1
64505,1188,-5.95,28,0,351.0,1
64548,1189,-5.12,43,1,625.8,1
64587,1190,-4.68,39,1,383.9,1
64620,1191,-5.22,33,1,441.6,1
64654,1192,-5.30,34,1,221.4,1
64697,1193,-3.42,43,2,409.0,1
64728,1194,-5.57,31,0,604.4,1
64794,1195,-7.05,66,2,297.8,1
64839,1196,-3.29,45,1,457.1,1
64912,1197,-0.84,73,3,988.1,1
64956,1198,-4.87,44,1,598.6,1
64985,1199,-6.82,29,0,326.3,1
65033,1200,-5.13,48,1,547.0,1
65065,1201,-6.48,32,0,505.8,1
65095,1202,-5.28,30,0,351.2,1
65127,1203,-5.32,32,1,483.8,1
65173,1204,-3.94,46,2,576.4,1
65200,1205,-6.85,27,0,388.1,1
65230,1206,-6.35,30,0,489.2,1
65279,1207,-4.02,49,1,364.0,1
65313,1208,-6.26,34,1,153.9,1
65343,1209,-4.34,30,2,314.7,1
65366,1210,-6.46,23,0,480.9,1
65422,1211,-5.99,56,1,192.8,1
65478,1212,-4.56,56,1,751.5,1
65544,1213,-3.76,66,2,865.6,1
65620,1214,1.68,76,3,844.1,1
65668,1215,-3.93,48,1,767.2,1
65701,1216,-6.63,33,0,443.3,1
65742,1217,-3.47,41,2,590.0,1
65778,1218,-5.38,36,1,444.8,1
65818,1219,-4.23,40,1,355.1,1
65868,1220,-4.63,50,2,535.4,1
65901,1221,-5.45,33,1,422.3,1
65980,1222,-0.48,79,3,1064.1,1
66016,1223,-5.87,36,0,568.8,1
66051,1224,-5.21,35,1,470.0,1
66107,1225,-1.66,56,2,409.9,1
66141,1226,-5.59,34,1,508.5,1
66171,1227,-6.01,30,1,460.1,1
66195,1228,-5.61,24,1,424.2,1
66228,1229,-5.52,33,1,534.3,1
66266,1230,-4.86,38,1,370.1,1
66391,1231,-10.08,125,1,295.6,1
66431,1232,-5.93,40,1,537.9,1
66473,1233,-2.03,42,2,460.0,1
66716,1234,-6.67,243,2,730.4,1
66761,1235,-3.19,45,2,419.0,1
66792,1236,-5.17,31,0,409.1,1
66858,1237,-3.13,66,2,374.1,1
66890,1238,-3.37,32,2,444.5,1
66968,1239,-3.01,78,2,823.0,1
67013,1240,-4.49,45,2,520.5,1
67055,1241,-5.31,42,1,402.8,1
67089,1242,-7.90,34,0,123.9,1
67125,1243,-4.30,36,2,558.6,1
67164,1244,-8.81,39,0,52.3,1
67204,1245,-5.59,40,1,390.8,1
67231,1246,-7.01,27,0,253.3,1
67268,1247,-4.01,37,2,566.2,1
67292,1248,-5.29,24,1,452.1,1
67309,1249,-7.10,17,0,171.8,1
67323,1250,-7.86,14,0,84.2,1
67345,1251,-5.71,22,1,234.1,1
67657,1252,-8.29,312,2,465.9,1
67674,1253,-7.36,17,0,194.7,1
67700,1254,-6.66,26,0,391.7,1
67743,1255,-5.43,43,1,454.4,1
67782,1256,-5.90,39,1,454.7,1
67823,1257,-3.96,41,1,601.7,1
67863,1258,-4.67,40,1,437.7,1
67910,1259,-4.31,47,1,398.1,1
68040,1260,-9.55,130,1,237.4,1
68096,1261,-5.49,56,1,239.3,1
68136,1262,-4.47,40,2,460.3,1
68166,1263,-7.72,30,0,132.7,1
68201,1264,-5.39,35,0,373.3,1
68282,1265,-3.96,81,1,412.4,1
68341,1266,-5.66,59,1,511.9,1
68383,1267,-5.75,42,1,313.2,1
68412,1268,-6.46,29,0,528.8,1
68464,1269,-3.65,52,1,696.1,1
68511,1270,-4.05,47,2,546.3,1
68546,1271,-6.31,35,1,165.5,1
68598,1272,-5.23,52,1,512.6,1
68623,1273,-6.33,25,0,426.6,1
68667,1274,-2.82,44,2,362.9,1
68727,1275,-3.52,60,1,426.7,1
68768,1276,-4.75,41,1,452.4,1
68829,1277,-6.20,61,1,303.0,1
68870,1278,-3.84,41,1,544.2,1
68896,1279,-6.05,26,1,166.5,1
68930,1280,-3.58,34,2,527.6,1
68949,1281,-6.87,19,0,201.0,1
68974,1282,-7.31,25,0,155.6,1
69015,1283,-4.68,41,2,463.2,1
69145,1284,-10.08,130,2,317.5,1
69187,1285,-2.92,42,2,392.3,1
69216,1286,-5.52,29,1,471.1,1
69245,1287,-6.97,29,0,375.8,1
69286,1288,-8.37,41,0,42.7,1
69495,1289,-8.50,209,1,446.1,1
69528,1290,-7.43,33,0,204.5,1
69559,1291,-5.75,31,1,469.4,1
69586,1292,-4.89,27,1,434.3,1
69629,1293,-4.84,43,1,462.5,1
69667,1294,-5.72,38,1,364.1,1
69701,1295,-7.42,34,0,359.4,1
69724,1296,-6.78,23,0,293.2,1
69813,1297,24.93,89,4,1276.6,0
69850,1298,-4.46,37,2,495.9,1
69925,1299,-2.98,75,3,852.0,1
69958,1300,-5.86,33,0,463.9,1
69993,1301,-5.39,35,1,439.7,1
70033,1302,-3.81,40,2,485.1,1
70076,1303,-3.86,43,1,566.8,1
70138,1304,-6.18,62,1,476.4,1
70168,1305,-6.73,30,0,284.3,1
70196,1306,-6.22,28,0,493.7,1
70235,1307,-3.56,39,2,414.3,1
70268,1308,-5.06,33,1,559.8,1
70295,1309,-5.03,27,1,557.6,1
70344,1310,-3.25,49,1,355.1,1
70383,1311,-6.58,39,0,408.4,1
70430,1312,-3.90,47,2,740.0,1
70500,1313,-0.32,70,3,860.5,1
70524,1314,-5.71,24,1,319.6,1
70668,1315,-5.82,144,1,284.7,1
70727,1316,-1.93,59,2,592.9,1
70769,1317,-5.43,42,1,441.7,1
70821,1318,-5.06,52,1,252.8,1
70854,1319,-5.08,33,1,597.9,1
70886,1320,-6.62,32,0,454.8,1
70973,1321,4.85,87,4,1178.9,1
71030,1322,-1.26,57,2,849.3,1
71075,1323,-4.25,45,2,526.5,1
71369,1324,-11.61,294,1,147.1,1
71440,1325,-0.60,71,2,869.0,1
71475,1326,-5.05,35,1,432.3,1
71513,1327,-5.02,38,2,478.1,1
71603,1328,23.39,90,3,1278.2,0
71639,1329,-4.36,36,1,313.5,1
71702,1330,-3.99,63,1,377.3,1
71742,1331,-4.56,40,2,436.9,1
71766,1332,-7.47,24,0,164.4,1
71842,1333,-6.72,76,1,143.7,1
71876,1334,-4.79,34,1,468.4,1
71929,1335,-3.26,53,2,921.5,1
71949,1336,-6.26,20,0,321.7,1
71988,1337,-8.76,39,0,42.9,1
72023,1338,-4.73,35,2,462.0,1
72056,1339,-4.59,33,1,509.0,1
72126,1340,-2.05,70,2,891.3,1
72413,1341,-13.15,287,1,172.2,1
72438,1342,-6.06,25,1,220.4,1
72517,1343,-2.69,79,3,847.5,1
72567,1344,-3.45,50,2,418.9,1
72605,1345,-4.73,38,2,444.5,1
72638,1346,-2.99,33,2,420.2,1
72672,1347,-4.38,34,2,308.5,1
72713,1348,-3.11,41,2,437.5,1
72737,1349,-6.50,24,1,165.6,1
72776,1350,-4.67,39,1,533.9,1
72849,1351,-0.65,73,4,774.1,1
72885,1352,-6.95,36,0,451.3,1
72906,1353,-6.77,21,1,61.6,1
72957,1354,-4.37,51,2,459.9,1
73021,1355,-5.47,64,1,251.6,1
73046,1356,-6.27,25,0,380.8,1
73091,1357,-5.55,45,1,496.7,1
73119,1358,-6.67,28,0,485.5,1
73162,1359,-3.35,43,2,397.3,1
73195,1360,-4.88,33,1,405.3,1
73220,1361,-6.92,25,0,233.8,1
73276,1362,-9.65,56,0,92.7,1
73301,1363,-4.72,25,1,250.0,1
73337,1364,-5.16,36,1,545.5,1
73386,1365,-4.30,49,1,456.0,1
73427,1366,-4.65,41,1,393.1,1
73461,1367,-4.29,34,1,323.3,1
73535,1368,-1.49,74,3,879.8,1
73593,1369,-3.52,58,1,441.9,1
73877,1370,-11.56,284,1,114.5,1
73897,1371,-7.10,20,0,217.1,1
73930,1372,-5.06,33,1,518.2,1
73979,1373,-3.93,49,1,391.0,1
74006,1374,-6.36,27,0,522.9,1
74038,1375,-5.73,32,1,494.5,1
74119,1376,-6.36,81,1,569.2,1
74162,1377,-4.91,43,1,319.5,1
74188,1378,-5.63,26,1,316.5,1
74229,1379,-4.09,41,1,442.0,1
74274,1380,-3.78,45,1,417.0,1
74312,1381,-6.33,38,1,473.9,1
74356,1382,-3.44,44,1,486.5,1
74390,1383,-5.77,34,1,330.8,1
74427,1384,-4.90,37,2,482.6,1
74465,1385,-6.59,38,0,474.6,1
74529,1386,-1.15,64,3,1071.1,1
74567,1387,-3.21,38,2,448.9,1
74590,1388,-6.40,23,0,351.3,1
74622,1389,-6.41,32,0,507.1,1
74653,1390,-6.61,31,0,455.4,1
74692,1391,-2.57,39,2,477.4,1
74747,1392,-2.88,55,2,871.9,1
74785,1393,-3.63,38,2,431.3,1
74849,1394,-2.44,64,3,846.4,1
74877,1395,-6.71,28,0,444.8,1
74917,1396,-2.95,40,2,417.6,1
74936,1397,-6.73,19,0,303.0,1
75001,1398,-7.25,65,1,330.9,1
75061,1399,-1.43,60,2,813.9,1
75107,1400,-4.52,46,0,461.1,1
75132,1401,-4.67,25,1,497.5,1
75162,1402,-4.77,30,1,518.3,1
75204,1403,-4.40,42,2,510.7,1
75238,1404,-6.24,34,0,328.3,1
75288,1405,-3.63,50,2,840.4,1
75365,1406,-5.54,77,1,268.2,1
75451,1407,-2.65,86,1,439.5,1
75493,1408,-5.75,42,1,425.2,1
75528,1409,-3.73,35,2,566.8,1
75577,1410,-3.40,49,1,521.1,1
75611,1411,-6.08,34,1,278.2,1
75636,1412,-5.16,25,0,680.0,1
75695,1413,-5.05,59,1,335.4,1
75729,1414,-3.85,34,1,323.2,1
75783,1415,-0.31,54,2,863.9,1
75816,1416,-4.39,33,1,419.2,1
75851,1417,-4.60,35,2,464.1,1
75917,1418,0.17,66,3,935.8,1
75952,1419,-6.07,35,1,443.6,1
75987,1420,-5.70,35,1,503.9,1
76040,1421,-5.62,53,1,493.7,1
76090,1422,-3.62,50,2,431.2,1
76113,1423,-6.68,23,0,325.5,1
76153,1424,-5.14,40,1,509.2,1
76179,1425,-4.77,26,1,546.2,1
76210,1426,-4.06,31,2,420.1,1
76251,1427,-4.05,41,2,603.7,1
76284,1428,-6.79,33,1,132.7,1
76333,1429,-3.84,49,2,396.3,1
76376,1430,-2.90,43,1,441.7,1
76449,1431,-2.81,73,1,527.8,1
76471,1432,-6.59,22,0,291.0,1
76505,1433,-4.55,34,1,347.6,1
76537,1434,-4.42,32,1,631.9,1
76561,1435,-3.88,24,2,363.4,1
76614,1436,-3.66,53,1,907.3,1
76634,1437,-7.01,20,0,299.7,1
76686,1438,-3.29,52,1,782.9,1
76754,1439,-1.85,68,2,802.4,1
76787,1440,-6.62,33,0,463.6,1
76804,1441,-7.28,17,0,146.7,1
76846,1442,-4.45,42,1,404.5,1
76909,1443,-3.69,63,2,787.1,1
76968,1444,-2.22,59,2,825.2,1
77034,1445,-0.57,66,3,963.8,1
77097,1446,-3.46,63,2,520.5,1
77127,1447,-5.40,30,1,515.1,1
77242,1448,-8.61,115,1,349.1,1
77272,1449,-6.77,30,0,479.7,1
77311,1450,-3.37,39,2,430.3,1
77348,1451,-4.29,37,2,505.3,1
77381,1452,-5.42,33,0,342.5,1
77424,1453,-4.99,43,1,684.8,1
77467,1454,-4.25,43,2,510.8,1
77488,1455,-6.60,21,1,109.2,1
77539,1456,-5.87,51,0,428.6,1
77574,1457,-5.31,35,1,444.9,1
77600,1458,-5.47,26,1,411.5,1
77644,1459,-3.57,44,1,347.9,1
77691,1460,-3.13,47,1,688.7,1
77705,1461,-7.38,14,0,124.3,1
77761,1462,-3.55,56,1,421.8,1
77801,1463,-3.58,40,1,373.3,1
77840,1464,-3.19,39,2,518.8,1
77888,1465,-4.13,48,1,527.8,1
77928,1466,-5.08,40,1,606.2,1
78031,1467,-7.99,103,1,411.5,1
78070,1468,-3.53,39,2,294.0,1
78150,1469,-1.87,80,2,923.0,1
78189,1470,-5.68,39,1,456.0,1
78239,1471,-3.94,50,1,485.7,1
78313,1472,-1.15,74,3,894.8,1
78339,1473,-3.41,26,1,414.2,1
78381,1474,-5.60,42,1,476.4,1
78406,1475,-5.57,25,1,324.2,1
78444,1476,-4.26,38,2,446.5,1
78484,1477,-3.64,40,1,378.5,1
78513,1478,-6.00,29,0,477.0,1
78559,1479,-3.18,46,2,321.7,1
78580,1480,-5.98,21,1,212.2,1
78640,1481,-4.19,60,3,391.0,1
78693,1482,-2.99,53,1,466.0,1
78739,1483,-5.91,46,1,474.3,1
78768,1484,-6.80,29,0,239.2,1
78802,1485,-6.35,34,1,146.2,1
78831,1486,-5.49,29,1,437.3,1
78861,1487,-4.86,30,0,473.5,1
78905,1488,-4.35,44,1,377.8,1
78939,1489,-5.99,34,0,465.2,1
78971,1490,-6.64,32,0,457.0,1
79017,1491,-5.92,46,1,305.5,1
79040,1492,-5.96,23,1,237.2,1
79074,1493,-5.59,34,1,466.8,1
79098,1494,-5.66,24,1,353.5,1
79183,1495,-4.70,85,2,402.7,1
79215,1496,-5.92,32,0,532.6,1
79254,1497,-3.91,39,2,477.7,1
79277,1498,-7.00,23,0,282.7,1
79314,1499,-4.39,37,1,470.0,1
79349,1500,-5.91,35,1,477.5,1
79372,1501,-6.73,23,0,444.5,1
79399,1502,-5.77,27,0,417.1,1
79428,1503,-6.25,29,0,506.2,1
79462,1504,-5.56,34,1,500.8,1
79509,1505,-3.66,47,1,508.2,1
79544,1506,-4.56,35,1,458.6,1
79583,1507,-5.48,39,0,468.8,1
79652,1508,-0.32,69,3,860.9,1
79713,1509,-0.77,61,3,860.5,1
79748,1510,-5.51,35,1,241.4,1
79776,1511,-4.26,28,1,279.5,1
79804,1512,-5.23,28,1,610.7,1
79838,1513,-5.54,34,1,219.3,1
79903,1514,-0.57,65,3,808.7,1
79969,1515,-4.11,66,2,717.7,1
79998,1516,-5.86,29,1,243.6,1
80035,1517,-5.91,37,0,548.9,1
80087,1518,-1.93,52,2,748.2,1
80110,1519,-7.17,23,0,242.4,1
80142,1520,-4.87,32,1,514.4,1
80183,1521,-6.57,41,1,240.1,1
80227,1522,-5.26,44,1,482.2,1
80259,1523,-5.37,32,1,523.1,1
80339,1524,-1.40,80,2,804.0,1
80406,1525,-7.20,67,2,437.1,1
80448,1526,-3.18,42,2,397.9,1
80481,1527,-1.85,33,2,521.4,1
80527,1528,-2.53,46,1,509.5,1
80561,1529,-5.78,34,1,186.3,1
80597,1530,-4.14,36,2,511.1,1
80624,1531,-6.00,27,1,208.7,1
80671,1532,-5.91,47,1,428.3,1
80705,1533,-5.69,34,1,203.9,1
80727,1534,-5.46,22,1,342.6,1
80750,1535,-6.49,23,0,483.0,1
80793,1536,-3.93,43,1,587.9,1
80852,1537,-1.97,59,2,814.8,1
80893,1538,-4.70,41,1,815.3,1
80931,1539,-6.93,38,0,476.7,1
80970,1540,-4.68,39,2,460.5,1
81000,1541,-6.65,30,0,466.1,1
81070,1542,-4.07,70,3,503.1,1
81108,1543,-5.50,38,1,455.7,1
81138,1544,-6.12,30,0,607.3,1
81207,1545,-0.66,69,3,950.9,1
81241,1546,-4.91,34,1,473.6,1
81287,1547,-4.86,46,2,358.4,1
81332,1548,-3.53,45,1,525.1,1
81357,1549,-4.98,25,1,525.0,1
81390,1550,-5.39,33,1,467.1,1
81429,1551,-4.18,39,2,443.4,1
81461,1552,-6.55,32,0,465.8,1
81498,1553,-5.23,37,1,547.8,1
81535,1554,-2.92,37,2,477.0,1
81578,1555,-4.94,43,1,382.3,1
81612,1556,-4.91,34,1,247.1,1
81634,1557,-5.88,22,0,491.2,1
81687,1558,-5.97,53,1,459.9,1
81732,1559,-3.43,45,2,539.4,1
81755,1560,-6.58,23,0,467.8,1
81787,1561,-4.38,32,1,324.6,1
81823,1562,-5.93,36,1,460.8,1
81877,1563,-3.49,54,1,807.0,1
81922,1564,-3.33,45,2,578.6,1
81985,1565,-4.08,63,1,537.9,1
82060,1566,-3.87,75,3,707.0,1
82257,1567,-5.94,197,3,688.4,1
82300,1568,-4.05,43,2,561.8,1
82339,1569,-6.70,39,0,439.8,1
82485,1570,-9.19,146,2,727.2,1
82531,1571,-6.73,46,0,477.4,1
82613,1572,-1.41,82,4,900.9,1
82651,1573,-6.69,38,0,379.2,1
82685,1574,-4.23,34,2,273.9,1
82712,1575,-5.54,27,1,160.4,1
82760,1576,-1.51,48,2,591.6,1
82809,1577,-5.49,49,1,436.6,1
82835,1578,-6.42,26,0,440.7,1
82879,1579,-6.32,44,1,225.9,1
82913,1580,-3.91,34,2,284.1,1
82961,1581,-4.75,48,1,489.9,1
82994,1582,-4.96,33,1,498.4,1
83035,1583,-5.88,41,1,437.1,1
83072,1584,-4.85,37,1,467.6,1
83106,1585,-7.16,34,1,153.5,1
83137,1586,-4.90,31,1,503.0,1
83159,1587,-6.15,22,1,142.5,1
83216,1588,-5.09,57,1,431.4,1
83265,1589,-4.13,49,2,575.8,1
83305,1590,-5.84,40,1,443.6,1
83467,1591,-5.85,162,2,440.5,1
83527,1592,-2.18,60,3,762.6,1
83573,1593,-4.46,46,1,633.3,1
83608,1594,-3.94,35,1,455.5,1
83648,1595,-3.07,40,2,475.4,1
83672,1596,-5.96,24,0,457.7,1
83727,1597,-3.32,55,2,871.2,1
83791,1598,-0.46,64,3,940.9,1
83823,1599,-5.41,32,1,481.2,1
83880,1600,-3.44,57,2,674.1,1
83917,1601,-6.48,37,0,463.6,1
83955,1602,-6.04,38,0,474.3,1
84004,1603,-3.10,49,1,449.9,1
84042,1604,-4.52,38,2,438.7,1
84078,1605,-6.63,36,0,462.3,1
84099,1606,-6.79,21,0,227.5,1
84130,1607,-5.17,31,1,422.9,1
84448,1608,-1.52,318,4,902.7,1
84502,1609,-4.55,54,2,326.6,1
84540,1610,-4.67,38,2,471.4,1
84564,1611,-6.52,24,0,453.4,1
84598,1612,-5.19,34,1,250.7,1
84648,1613,-2.57,50,2,574.5,1
84687,1614,-3.85,39,2,497.3,1
84711,1615,-6.69,24,0,245.9,1
84769,1616,-2.33,58,2,565.3,1
84788,1617,-5.76,19,1,188.0,1
84823,1618,-4.91,35,1,517.2,1
84860,1619,-5.28,37,1,472.6,1
84894,1620,-4.66,34,1,573.5,1
84927,1621,-5.23,33,1,354.6,1
84972,1622,-4.56,45,1,449.2,1
85006,1623,-6.62,34,1,257.8,1
85068,1624,-2.31,62,3,836.4,1
85102,1625,-6.24,34,0,463.0,1
85155,1626,-4.43,53,1,423.3,1
85179,1627,-7.63,24,0,116.6,1
85212,1628,-7.07,33,0,334.6,1
85237,1629,-5.00,25,1,244.8,1
85261,1630,-7.46,24,0,163.3,1
85506,1631,1.94,245,4,858.3,1
85544,1632,-6.42,38,0,471.0,1
85585,1633,-4.13,41,2,476.6,1
85772,1634,-3.89,187,2,435.4,1
85805,1635,-7.83,33,0,123.0,1
85863,1636,-5.18,58,1,585.5,1
85894,1637,-4.35,31,2,440.0,1
85945,1638,-3.30,51,2,625.9,1
85970,1639,-5.51,25,1,362.2,1
86005,1640,-3.59,35,2,533.1,1
86045,1641,-5.48,40,1,458.1,1
86080,1642,-3.17,35,1,393.4,1
86111,1643,-6.36,31,0,407.1,1
86133,1644,-5.68,22,1,301.3,1
86172,1645,-4.71,39,2,436.0,1
86196,1646,-6.52,24,0,405.0,1
86278,1647,-0.92,82,3,976.1,1
86309,1648,-4.39,31,2,473.0,1
86341,1649,-3.70,32,1,726.4,1
86356,1650,-7.10,15,0,167.5,1
86397,1651,-6.04,41,0,362.3,1
86457,1652,-2.47,60,2,721.0,1
86503,1653,-4.11,46,2,536.3,1
86547,1654,-5.24,44,1,463.8,1
86588,1655,-5.70,41,1,305.7,1
86627,1656,-5.08,39,1,423.8,1
86650,1657,-6.71,23,0,284.6,1
86702,1658,-5.66,52,1,500.1,1
86744,1659,-4.35,42,1,505.5,1
86761,1660,-7.18,17,0,162.4,1
86795,1661,-4.00,34,2,345.4,1
86833,1662,-3.80,38,1,422.9,1
86867,1663,-5.65,34,1,407.0,1
86926,1664,0.11,59,3,951.7,1
86955,1665,-5.13,29,1,487.2,1
86997,1666,-8.34,42,0,120.9,1
87313,1667,-2.70,316,4,943.8,1
87350,1668,-6.05,37,0,549.4,1
87397,1669,-5.69,47,1,463.0,1
87448,1670,-4.06,51,1,354.9,1
87487,1671,-3.53,39,2,489.8,1
87526,1672,-6.64,39,0,378.7,1
87575,1673,-4.57,49,2,577.3,1
87673,1674,-7.36,98,1,272.7,1
87707,1675,-6.46,34,0,402.8,1
87779,1676,-3.04,72,2,881.4,1
87838,1677,-4.46,59,1,522.1,1
87876,1678,-4.41,38,2,524.2,1
87933,1679,-1.44,57,2,817.6,1
87957,1680,-7.43,24,0,182.4,1
87978,1681,-6.59,21,0,302.5,1
88035,1682,-0.20,57,3,845.6,1
88093,1683,-1.30,58,2,710.2,1
88136,1684,-3.17,43,1,495.4,1
88158,1685,-6.39,22,0,461.1,1
88205,1686,-3.98,47,1,430.3,1
88245,1687,-6.97,40,0,441.8,1
88283,1688,-5.50,38,0,363.3,1
88317,1689,-5.22,34,1,578.0,1
88355,1690,-5.28,38,1,458.9,1
88410,1691,-3.37,55,2,420.2,1
88443,1692,-6.51,33,0,567.6,1
88499,1693,-7.34,56,1,297.7,1
88513,1694,-7.12,14,0,220.0,1
88549,1695,-5.97,36,1,439.2,1
88596,1696,-6.94,47,0,410.7,1
88640,1697,-4.68,44,1,479.6,1
88693,1698,-2.80,53,2,764.0,1
88744,1699,-4.02,51,1,576.4,1
88767,1700,-5.71,23,0,330.2,1
88800,1701,-5.54,33,1,401.5,1
88824,1702,-6.98,24,0,250.0,1
88868,1703,-4.99,44,1,457.3,1
88913,1704,-4.89,45,1,470.8,1
88952,1705,-5.16,39,1,530.2,1
88998,1706,-5.68,46,0,455.9,1
89048,1707,-5.28,50,1,446.5,1
89088,1708,-4.77,40,1,394.4,1
89122,1709,-4.61,34,0,705.9,1
89158,1710,-5.24,36,1,481.6,1
89192,1711,-5.18,34,1,190.0,1
89231,1712,-6.05,39,1,189.4,1
89298,1713,-2.54,67,3,867.5,1
89340,1714,-4.92,42,1,544.8,1
89373,1715,-6.19,33,1,140.5,1
89425,1716,-2.24,52,2,907.2,1
89458,1717,-6.18,33,0,403.7,1
89496,1718,-4.55,38,1,350.6,1
89578,1719,-3.65,82,2,717.7,1
89616,1720,-4.08,38,2,507.2,1
89655,1721,-6.65,39,0,430.2,1
89697,1722,-6.22,42,1,338.6,1
89721,1723,-5.08,24,1,165.6,1
89760,1724,-4.38,39,2,418.6,1
89783,1725,-7.52,23,0,113.3,1
89815,1726,-4.24,32,1,291.0,1
89847,1727,-6.24,32,0,381.7,1
89869,1728,-6.32,22,0,377.3,1
89901,1729,-4.96,32,1,512.2,1
89975,1730,-1.45,74,2,756.6,1
89995,1731,-6.84,20,0,288.2,1
90012,1732,-7.54,17,0,81.4,1
90059,1733,-4.88,47,2,445.4,1
90125,1734,-2.14,66,3,793.8,1
90173,1735,-4.70,48,2,457.6,1
90215,1736,-5.40,42,1,478.9,1
90267,1737,-8.25,52,1,420.0,1
90303,1738,-4.52,36,2,524.0,1
90335,1739,-5.22,32,1,433.2,1
90370,1740,-5.49,35,1,404.7,1
90408,1741,-6.44,38,0,492.9,1
90461,1742,-3.95,53,2,663.2,1
90497,1743,-5.83,36,1,457.4,1
90572,1744,-1.73,75,3,883.6,1
90616,1745,-5.48,44,1,471.6,1
90639,1746,-6.00,23,1,191.0,1
90709,1747,-0.51,70,3,812.3,1
90730,1748,-6.02,21,1,128.9,1
90753,1749,-5.80,23,0,409.8,1
90780,1750,-4.84,27,1,240.5,1
90821,1751,-6.82,41,0,364.2,1
90844,1752,-5.95,23,1,279.6,1
90878,1753,-5.87,34,1,212.5,1
90982,1754,22.30,104,4,1277.3,0
91032,1755,-4.22,50,1,444.5,1
91086,1756,-3.41,54,2,467.5,1
91134,1757,-5.99,48,1,491.9,1
91166,1758,-7.66,32,0,73.8,1
91211,1759,-2.12,45,1,717.1,1
91277,1760,-3.26,66,2,868.9,1
91336,1761,0.38,59,3,984.2,1
91374,1762,-3.98,38,2,440.7,1
91434,1763,-2.55,60,3,938.0,1
91477,1764,-4.20,43,2,420.9,1
91500,1765,-7.87,23,0,86.5,1
91586,1766,24.59,86,5,1279.2,0
91617,1767,-5.84,31,1,321.5,1
91941,1768,-9.78,324,3,435.2,1
92008,1769,-0.65,67,3,827.0,1
92032,1770,-7.80,24,0,88.3,1
92084,1771,-4.92,52,1,661.4,1
92118,1772,-4.42,34,1,548.7,1
92153,1773,-6.74,35,0,450.9,1
92217,1774,-2.98,64,2,929.2,1
92279,1775,-3.30,62,2,741.9,1
92322,1776,-6.00,43,1,372.1,1
92353,1777,-5.22,31,1,497.0,1
92391,1778,-4.14,38,2,452.8,1
92421,1779,-6.26,30,0,564.6,1
92499,1780,0.85,78,3,947.4,1
92540,1781,-6.15,41,1,360.3,1
92580,1782,-3.94,40,1,344.4,1
92625,1783,-3.37,45,1,365.1,1
92655,1784,-6.55,30,0,365.8,1
92692,1785,-5.17,37,1,457.3,1
92744,1786,-3.46,52,2,746.4,1
92778,1787,-4.60,34,1,294.1,1
92819,1788,-5.68,41,1,490.1,1
92883,1789,-0.54,64,2,739.4,1
92943,1790,-1.90,60,2,548.7,1
93031,1791,0.64,88,3,1126.7,1
93067,1792,-3.43,36,3,580.7,1
93114,1793,-5.10,47,1,459.3,1
93159,1794,-5.36,45,1,452.4,1
93184,1795,-5.83,25,1,167.1,1
93221,1796,-3.90,37,2,652.7,1
93260,1797,-5.08,39,2,442.4,1
93292,1798,-3.58,32,3,468.6,1
93336,1799,-4.79,44,1,570.1,1
93374,1800,-5.75,38,1,519.5,1
93408,1801,-5.93,34,1,215.6,1
93575,1802,-2.63,167,2,729.0,1
93624,1803,-4.25,49,1,408.8,1
93686,1804,-5.05,62,1,468.2,1
93716,1805,-6.50,30,0,344.1,1
93840,1806,-6.94,124,3,725.3,1
93888,1807,-4.65,48,1,441.5,1
93952,1808,-5.65,64,1,485.4,1
94006,1809,-5.26,54,1,404.2,1
94038,1810,-8.55,32,0,72.1,1
94082,1811,-5.26,44,1,631.0,1
94115,1812,-5.26,33,0,426.6,1
94230,1813,-7.97,115,3,680.3,1
94274,1814,-6.19,44,0,555.5,1
94333,1815,-2.32,59,3,898.0,1
94357,1816,-4.54,24,2,448.7,1
94394,1817,-3.47,37,1,384.3,1
94464,1818,-3.99,70,1,468.2,1
94527,1819,-1.65,63,2,887.6,1
94569,1820,-5.08,42,1,425.9,1
94601,1821,-5.52,32,1,465.7,1
94624,1822,-6.14,23,1,332.6,1
94674,1823,-2.55,50,3,716.8,1
94708,1824,-3.93,34,2,285.6,1
94767,1825,-5.11,59,1,376.3,1
94813,1826,-4.59,46,2,511.6,1
94841,1827,-6.52,28,1,143.6,1
94892,1828,-4.10,51,2,597.9,1
94916,1829,-7.44,24,0,181.7,1
94952,1830,-4.98,36,1,490.8,1
95477,1831,-6.94,525,3,452.7,0
95514,1832,-5.14,37,1,461.9,1
95588,1833,-3.46,74,1,399.7,1
95630,1834,-5.61,42,1,444.3,1
95692,1835,-1.34,62,2,880.3,1
95738,1836,-8.92,46,1,158.3,1
95784,1837,-4.46,46,2,447.2,1
95819,1838,-5.96,35,1,169.2,1
95842,1839,-6.81,23,0,372.0,1
95929,1840,1.07,87,4,865.0,1
95965,1841,-6.09,36,1,348.1,1
96011,1842,-6.10,46,1,375.6,1
96046,1843,-6.02,35,1,400.2,1
96119,1844,-3.56,73,1,475.1,1
96154,1845,-6.00,35,1,386.5,1
96206,1846,-5.87,52,1,480.0,1
96253,1847,-4.54,47,2,491.7,1
96303,1848,-2.33,50,2,473.3,1
96400,1849,-3.16,97,2,831.6,1
96433,1850,-6.86,33,0,429.0,1
96467,1851,-5.64,34,1,479.0,1
96496,1852,-5.61,29,1,437.5,1
96534,1853,-5.08,38,1,388.5,1
96580,1854,-5.65,46,1,478.0,1
96613,1855,-5.83,33,1,430.7,1
96659,1856,-4.38,46,2,461.2,1
96692,1857,-6.92,33,0,469.8,1
96878,1858,-8.45,186,1,430.7,1
96925,1859,-6.06,47,1,436.3,1
96974,1860,-3.62,49,1,457.1,1
97008,1861,-4.18,34,2,279.0,1
97037,1862,-6.04,29,0,288.2,1
97069,1863,-5.54,32,1,449.3,1
97132,1864,-1.66,63,3,848.9,1
97189,1865,-3.26,57,1,430.8,1
97235,1866,-6.29,46,1,371.0,1
97264,1867,-5.92,29,0,399.9,1
97318,1868,-4.12,54,2,709.5,1
97361,1869,-5.22,43,2,490.9,1
97399,1870,-5.12,38,1,471.2,1
97450,1871,-3.06,51,2,440.3,1
97724,1872,-3.80,274,3,813.3,1
97775,1873,-4.03,51,2,402.3,1
97829,1874,-4.45,54,1,531.2,1
97868,1875,-9.52,39,0,102.5,1
97911,1876,-4.72,43,1,467.4,1
97949,1877,-5.53,38,1,479.1,1
97996,1878,-4.38,47,2,482.6,1
98034,1879,-4.72,38,1,427.2,1
98072,1880,-5.29,38,1,528.9,1
98096,1881,-6.55,24,0,420.2,1
98136,1882,-4.09,40,1,621.3,1
98161,1883,-4.56,25,2,310.4,1
98210,1884,-5.12,49,1,420.5,1
98493,1885,-6.34,283,3,593.3,1
98527,1886,-6.74,34,1,263.8,1
98657,1887,-5.31,130,1,330.1,1
98691,1888,-7.50,34,0,174.1,1
98719,1889,-5.02,28,1,206.1,1
98764,1890,-4.66,45,2,488.6,1
98797,1891,-5.71,33,1,418.7,1
98846,1892,-5.06,49,2,425.0,1
98878,1893,-6.49,32,0,473.6,1
98916,1894,-5.47,38,0,461.6,1
98955,1895,-6.44,39,0,399.3,1
98995,1896,-3.90,40,2,479.0,1
99038,1897,-5.08,43,1,528.5,1
99078,1898,-4.12,40,1,468.6,1
99111,1899,-4.13,33,2,543.7,1
99147,1900,-4.71,36,0,399.9,1
99187,1901,-3.62,40,1,468.1,1
99223,1902,-5.71,36,1,431.6,1
99262,1903,-6.91,39,0,414.6,1
99293,1904,-6.54,31,0,446.8,1
99335,1905,-4.96,42,1,426.0,1
99388,1906,-4.74,53,2,459.7,1
99426,1907,-4.37,38,1,445.5,1
99485,1908,-2.88,59,2,790.7,1
99650,1909,-8.29,165,3,680.3,1
99703,1910,-4.73,53,2,475.9,1
99782,1911,-1.08,79,3,882.3,1
99818,1912,-6.16,36,0,285.3,1
99863,1913,-5.34,45,1,390.1,1
99899,1914,-3.54,36,2,483.0,1
99933,1915,-7.24,34,0,187.9,1
99955,1916,-7.61,22,0,214.1,1
99991,1917,-2.81,36,3,511.7,1
100015,1918,-7.30,24,0,222.3,1
100053,1919,-6.35,38,0,475.1,1
100095,1920,-5.20,42,1,537.4,1
100146,1921,-5.80,51,1,461.9,1
100187,1922,-6.50,41,1,152.5,1
100230,1923,-4.87,43,1,434.4,1
100272,1924,-4.12,42,1,460.0,1
100331,1925,-1.34,59,3,831.6,1
100384,1926,-3.62,53,1,419.8,1
100432,1927,-5.48,48,1,395.5,1
100502,1928,-2.43,70,3,918.4,1
100535,1929,-4.10,33,2,511.4,1
100604,1930,-6.34,69,1,437.5,1
100647,1931,-4.91,43,1,587.0,1
100679,1932,-6.07,32,0,334.3,1
100908,1933,-1.87,229,4,927.1,1
100938,1934,-7.20,30,0,232.9,1
100993,1935,-3.52,55,1,641.4,1
101047,1936,-4.33,54,1,421.6,1
101095,1937,-3.95,48,1,640.8,1
101244,1938,-4.60,149,3,523.4,1
101271,1939,-5.75,27,1,296.7,1
101303,1940,-7.00,32,0,432.2,1
101376,1941,-0.37,73,3,892.1,1
101415,1942,-6.58,39,0,481.9,1
101451,1943,-3.94,36,1,401.6,1
101628,1944,-6.49,177,2,361.9,1
101653,1945,-5.35,25,1,302.9,1
101712,1946,-2.43,59,3,838.3,1
101746,1947,-5.52,34,1,190.9,1
101797,1948,-6.30,51,1,408.0,1
101847,1949,-4.14,50,1,377.6,1
101901,1950,-4.95,54,1,445.0,1
101992,1951,-3.58,91,2,702.5,1
102058,1952,-2.99,66,2,907.8,1
102091,1953,-6.56,33,0,478.4,1
102155,1954,-3.80,64,2,843.6,1
102175,1955,-6.83,20,0,341.0,1
102209,1956,-7.09,34,1,162.8,1
102251,1957,-4.75,42,1,484.3,1
102314,1958,-0.99,63,3,788.1,1
102501,1959,-5.26,187,3,428.9,1
102540,1960,-7.71,39,0,115.1,1
102572,1961,-5.00,32,1,237.3,1
102605,1962,-6.79,33,0,436.3,1
102651,1963,-4.50,46,2,545.1,1
102680,1964,-6.83,29,0,240.1,1
102750,1965,0.68,70,3,937.4,1
102869,1966,-9.59,119,1,274.8,1
102900,1967,-6.22,31,1,191.2,1
102945,1968,-5.32,45,1,490.1,1
103038,1969,-7.71,93,1,120.1,1
103070,1970,-7.29,32,0,353.1,1
103118,1971,-4.77,48,2,460.7,1
103156,1972,-6.30,38,0,596.4,1
103198,1973,-4.26,42,1,445.7,1
103231,1974,-3.77,33,2,337.8,1
103274,1975,-6.10,43,1,443.8,1
103312,1976,-5.51,38,1,426.3,1
103345,1977,-6.05,33,1,243.1,1
103399,1978,-3.54,54,2,515.1,1
103467,1979,-3.35,68,2,834.5,1
103516,1980,-3.79,49,1,525.6,1
103577,1981,-4.05,61,2,555.9,1
103609,1982,-5.70,32,1,509.8,1
103656,1983,-5.41,47,1,461.4,1
103703,1984,-4.79,47,1,432.7,1
103747,1985,-9.22,44,0,68.0,1
103795,1986,-4.63,48,2,510.0,1
103877,1987,0.89,82,3,1008.4,1
103948,1988,0.94,71,4,831.6,1
103982,1989,-7.20,34,1,209.4,1
104002,1990,-7.64,20,0,109.9,1
104079,1991,-2.51,77,3,907.5,1
104144,1992,-5.12,65,2,457.3,1
104207,1993,-5.83,63,1,274.1,1
104235,1994,-6.04,28,1,144.7,1
104265,1995,-6.34,30,0,509.0,1
104289,1996,-5.80,24,1,201.5,1
104352,1997,-4.94,63,1,442.6,1
104393,1998,-5.66,41,1,498.3,1
104425,1999,-5.37,32,1,550.3,1
104468,2000,-4.32,43,2,484.7,1
104546,2001,1.63,78,3,1068.2,1
104580,2002,-6.24,34,1,231.3,1
104624,2003,-4.70,44,2,520.6,1
104665,2004,-5.48,41,1,417.3,1
104707,2005,-6.38,42,0,339.0,1
104747,2006,-4.33,40,2,415.5,1
104786,2007,-5.27,39,1,533.1,1
104841,2008,-4.23,55,2,439.5,1
104880,2009,-4.47,39,1,595.2,1
104925,2010,-5.64,45,1,468.5,1
105076,2011,-6.06,151,2,464.6,1
105272,2012,-10.74,196,2,674.2,1
105308,2013,-6.15,36,1,246.9,1
105350,2014,-6.70,42,1,426.8,1
105396,2015,-5.51,46,1,479.5,1
105477,2016,-3.27,81,3,771.8,1
105496,2017,-7.20,19,0,104.3,1
105547,2018,-4.54,51,2,453.0,1
105589,2019,-3.98,42,2,390.9,1
105634,2020,-5.76,45,1,476.0,1
105659,2021,-7.09,25,0,187.4,1
105705,2022,-8.87,46,1,203.5,1
105753,2023,-2.73,48,3,653.4,1
105804,2024,-4.46,51,1,467.3,1
105961,2025,-2.51,157,3,951.3,1
106024,2026,-3.50,63,1,486.6,1
106089,2027,-3.81,65,2,813.1,1
106131,2028,-6.21,42,1,423.7,1
106173,2029,-5.92,42,0,419.1,1
106209,2030,-5.84,36,1,366.3,1
106239,2031,-6.55,30,0,540.8,1
106273,2032,-5.62,34,1,411.8,1
106333,2033,-5.67,60,1,521.7,1
106392,2034,0.21,59,2,623.6,1
106435,2035,-8.66,43,1,248.4,1
106465,2036,-6.48,30,0,470.8,1
106512,2037,-5.67,47,1,513.1,1
106555,2038,-4.78,43,2,462.8,1
106747,2039,-7.47,192,3,501.0,1
106816,2040,-6.59,69,1,386.3,1
106855,2041,-6.29,39,0,444.2,1
106891,2042,-3.67,36,2,469.3,1
106938,2043,-4.22,47,1,564.3,1
106977,2044,-7.06,39,0,460.0,1
107016,2045,-5.48,39,2,425.0,1
107095,2046,-1.26,79,2,833.8,1
107133,2047,-6.02,38,1,458.9,1
107188,2048,-4.99,55,1,440.4,1
107221,2049,-7.07,33,0,456.8,1
107292,2050,-1.81,71,3,874.7,1
107314,2051,-6.26,22,1,144.8,1
107360,2052,-1.59,46,2,469.4,1
107416,2053,-5.20,56,1,361.2,1
107461,2054,-2.24,45,2,528.2,1
107531,2055,-4.01,70,2,642.8,1
107570,2056,-4.56,39,2,426.7,1
107620,2057,-4.50,50,1,425.3,1
107662,2058,-4.07,42,2,416.1,1
107696,2059,-5.93,34,0,306.5,1
107768,2060,-0.83,72,2,772.7,1
107807,2061,-4.67,39,2,545.5,1
107855,2062,-3.96,48,2,479.7,1
107899,2063,-5.20,44,1,364.0,1
107934,2064,-5.75,35,1,463.9,1
107962,2065,-5.10,28,1,435.9,1
107997,2066,-5.03,35,2,476.0,1
108043,2067,-5.83,46,1,434.3,1
108089,2068,-4.16,46,2,531.4,1
108124,2069,-5.11,35,1,566.8,1
108167,2070,-6.22,43,0,464.6,1
108269,2071,-7.00,102,2,390.3,1
108314,2072,-4.18,45,2,540.2,1
108374,2073,-2.17,60,2,722.7,1
108414,2074,-4.30,40,2,544.6,1
108461,2075,-5.06,47,2,506.1,1
108534,2076,-2.83,73,2,844.8,1
108558,2077,-6.16,24,1,127.7,1
108603,2078,-5.58,45,1,369.9,1
108629,2079,-5.98,26,0,335.2,1
108843,2080,-2.13,214,4,960.4,1
108876,2081,-8.20,33,1,173.1,1
108918,2082,-5.95,42,1,402.4,1
108963,2083,-6.04,45,1,382.8,1
109007,2084,-5.31,44,1,361.8,1
109048,2085,-8.23,41,0,19.5,1
109088,2086,-4.32,40,2,493.8,1
109134,2087,-4.16,46,1,408.5,1
109158,2088,-6.14,24,1,172.8,1
109201,2089,-4.06,43,2,507.0,1
109461,2090,-5.02,260,3,713.0,1
109503,2091,-5.43,42,1,477.5,1
109539,2092,-4.13,36,2,440.5,1
109585,2093,-3.49,46,2,493.5,1
109631,2094,-4.67,46,1,635.0,1
109670,2095,-5.71,39,1,426.0,1
109710,2096,-5.21,40,2,449.4,1
109774,2097,-2.70,64,2,827.6,1
109815,2098,-2.63,41,2,414.0,1
109872,2099,-4.45,57,1,467.5,1
109920,2100,-4.75,48,2,379.5,1
109961,2101,-4.36,41,2,467.8,1
110047,2102,0.70,86,3,797.0,1
110087,2103,-4.71,40,2,453.4,1
110161,2104,-7.04,74,1,451.1,1
110244,2105,-6.55,83,2,573.7,1
110297,2106,-4.98,53,1,479.2,1
110331,2107,-5.34,34,1,446.4,1
110402,2108,-0.61,71,3,951.3,1
110479,2109,-2.41,77,2,996.4,1
110526,2110,-4.03,47,2,511.8,1
110610,2111,-5.34,84,1,344.7,1
110642,2112,-6.13,32,1,183.6,1
110681,2113,-5.84,39,1,471.3,1
110716,2114,-5.67,35,1,394.1,1
110799,2115,-1.69,83,3,877.2,1
110841,2116,-4.45,42,1,390.3,1
110879,2117,-4.25,38,2,473.4,1
110928,2118,-4.28,49,1,410.4,1
110976,2119,-4.86,48,2,490.6,1
111017,2120,-7.92,41,0,80.2,1
111037,2121,-7.44,20,0,95.6,1
111107,2122,-0.99,70,3,861.9,1
111144,2123,-5.51,37,1,487.7,1
111314,2124,-3.45,170,3,817.0,1
111430,2125,-8.55,116,2,794.3,1
111475,2126,-4.11,45,1,430.8,1
111510,2127,-5.96,35,1,476.0,1
111561,2128,-4.15,51,2,432.7,1
111587,2129,-6.80,26,0,360.1,1
111851,2130,-7.81,264,3,596.5,1
111920,2131,-4.34,69,2,481.0,1
111946,2132,-7.21,26,0,186.0,1
111991,2133,-5.12,45,1,458.3,1
112040,2134,-5.84,49,1,474.2,1
112069,2135,-6.24,29,0,462.8,1
112115,2136,-3.15,46,2,446.0,1
112192,2137,-1.70,77,3,893.8,1
112231,2138,-5.24,39,1,455.3,1
112303,2139,-2.32,72,3,801.0,1
112343,2140,-5.32,40,1,397.1,1
112367,2141,-6.33,24,0,354.2,1
112411,2142,-3.12,44,2,477.6,1
112457,2143,-4.97,46,2,426.9,1
112982,2144,-4.22,525,4,569.4,0
113023,2145,-4.50,41,1,486.1,1
113068,2146,-4.50,45,1,539.8,1
113106,2147,-6.41,38,0,450.0,1
113145,2148,-4.71,39,1,292.2,1
113195,2149,-4.52,50,1,475.4,1
113271,2150,0.67,76,4,898.9,1
113307,2151,-5.20,36,1,416.1,1
113332,2152,-4.50,25,1,252.9,1
113397,2153,-0.73,65,2,868.4,1
113547,2154,-5.32,150,3,460.3,1
113587,2155,-4.59,40,1,560.2,1
113636,2156,-3.03,49,2,539.7,1
113724,2157,-8.43,88,1,116.3,1
113766,2158,-2.97,42,2,656.1,1
113821,2159,-5.84,55,1,480.0,1
113867,2160,-5.48,46,1,458.8,1
113909,2161,-5.07,42,2,451.4,1
113958,2162,-5.22,49,1,478.1,1
114047,2163,-0.97,89,3,919.8,1
114096,2164,-5.60,49,1,503.0,1
114143,2165,-3.18,47,2,522.5,1
114193,2166,-5.70,50,1,404.0,1
114244,2167,-6.21,51,1,447.8,1
114290,2168,-2.91,46,1,541.9,1
114329,2169,-4.30,39,2,493.2,1
114411,2170,-2.78,82,2,964.4,1
114459,2171,-4.37,48,2,523.1,1
114510,2172,-4.43,51,1,435.2,1
114603,2173,-2.86,93,2,925.2,1
114656,2174,-4.59,53,1,516.1,1
114757,2175,2.42,101,4,1125.5,1
114853,2176,2.62,96,4,1078.9,1
114914,2177,-4.63,61,1,488.0,1
114958,2178,-4.76,44,1,374.0,1
115000,2179,-4.01,42,2,441.6,1
115173,2180,-7.65,173,2,678.1,1
115208,2181,-4.34,35,2,460.1,1
115248,2182,-4.93,40,1,474.5,1
115293,2183,-2.65,45,2,605.2,1
115344,2184,-3.55,51,1,435.0,1
115387,2185,-4.90,43,1,443.0,1
115469,2186,-5.96,82,1,410.4,1
115541,2187,0.73,72,4,944.8,1
115594,2188,-1.43,53,3,856.0,1
115627,2189,-4.76,33,1,382.7,1
115929,2190,-8.83,302,2,471.8,1
115974,2191,-3.58,45,2,472.5,1
116052,2192,-2.31,78,2,823.5,1
116100,2193,-5.09,48,1,425.2,1
116149,2194,-5.66,49,1,419.4,1
116235,2195,-1.63,86,3,818.9,1
116271,2196,-4.40,36,2,479.1,1
116707,2197,-3.44,436,4,827.2,1
116795,2198,-3.15,88,2,770.2,1
116836,2199,-4.34,41,2,416.8,1
116870,2200,-6.76,34,0,288.1,1
116902,2201,-7.04,32,0,178.0,1
116923,2202,-6.45,21,1,153.7,1
116971,2203,-4.89,48,1,615.0,1
117049,2204,-3.54,78,2,897.1,1
117090,2205,-6.18,41,1,364.0,1
117133,2206,-3.79,43,1,425.9,1
117172,2207,-5.68,39,1,462.1,1
117221,2208,-4.16,49,1,406.6,1
117261,2209,-5.36,40,1,357.3,1
117304,2210,-5.88,43,1,492.0,1
117373,2211,-7.97,69,1,445.0,1
117410,2212,-6.52,37,0,416.3,1
117474,2213,-5.93,64,1,373.7,1
117524,2214,-5.87,50,1,421.9,1
117563,2215,-4.67,39,2,411.2,1
117600,2216,-5.81,37,1,459.9,1
117633,2217,-6.59,33,0,251.2,1
117882,2218,2.79,249,4,854.9,1
117952,2219,0.62,70,3,870.0,1
118170,2220,-3.41,218,4,756.6,1
118212,2221,-5.72,42,1,466.2,1
118265,2222,-4.22,53,2,469.1,1
118307,2223,-4.43,42,1,523.5,1
118354,2224,-3.61,47,2,508.2,1
118396,2225,-6.68,42,1,156.2,1
118427,2226,-6.60,31,1,63.7,1
118747,2227,-3.24,320,3,924.5,1
118777,2228,-6.67,30,1,63.4,1
118848,2229,-1.11,71,4,846.3,1
118909,2230,-4.13,61,1,417.5,1
118957,2231,-4.51,48,1,442.1,1
119026,2232,-0.04,69,3,875.5,1
119117,2233,-1.00,91,3,818.3,1
119171,2234,-3.38,54,2,453.4,1
119210,2235,-4.60,39,2,414.0,1
119382,2236,-6.45,172,2,427.7,1
119428,2237,-4.07,46,2,472.4,1
119469,2238,-4.20,41,1,425.6,1
119507,2239,-5.77,38,1,229.1,1
119607,2240,-1.28,100,4,839.4,1
119641,2241,-5.54,34,0,338.0,1
119692,2242,-4.21,51,1,487.8,1
119728,2243,-4.55,36,1,451.8,1
119770,2244,-4.73,42,2,381.4,1
119808,2245,-4.61,38,1,466.1,1
119872,2246,-5.16,64,1,497.7,1
119931,2247,-5.76,59,1,540.0,1
119993,2248,-5.61,62,1,452.3,1
120045,2249,-3.55,52,1,468.1,1
120220,2250,-7.92,175,3,423.5,1
120282,2251,-3.10,62,2,936.1,1
120311,2252,-6.17,29,1,166.5,1
120351,2253,-4.45,40,2,454.4,1
120411,2254,-5.38,60,1,350.6,1
120449,2255,-5.17,38,1,445.1,1
120516,2256,-1.88,67,3,903.3,1
120576,2257,-6.00,60,1,453.1,1
120637,2258,-2.56,61,2,569.6,1
120679,2259,-4.41,42,1,448.3,1
120718,2260,-5.56,39,1,467.1,1
120756,2261,-5.97,38,1,472.3,1
120909,2262,-8.43,153,2,410.2,1
120933,2263,-6.32,24,1,177.0,1
121143,2264,-1.33,210,4,868.2,1
121167,2265,-7.06,24,0,207.8,1
121202,2266,-5.08,35,1,292.7,1
121246,2267,-4.04,44,1,474.9,1
121299,2268,-3.74,53,1,476.4,1
121348,2269,-6.37,49,1,437.8,1
121395,2270,-5.88,47,1,416.3,1
121429,2271,-7.81,34,0,87.0,1
121487,2272,-5.29,58,1,538.9,1
121692,2273,0.71,205,3,784.2,1
121743,2274,-6.19,51,1,359.5,1
121831,2275,23.41,88,3,1280.4,0
121897,2276,-1.40,66,2,782.1,1
121931,2277,-4.40,34,2,325.5,1
121984,2278,-5.70,53,1,463.4,1
122061,2279,-1.69,77,3,960.3,1
122119,2280,-3.68,58,1,338.3,1
122264,2281,-1.38,145,4,813.0,1
122287,2282,-6.82,23,0,248.9,1
122335,2283,-3.91,48,2,646.4,1
122382,2284,-3.10,47,2,482.4,1
122426,2285,-4.13,44,2,625.5,1
122477,2286,-5.71,51,1,421.2,1
122524,2287,-5.24,47,1,390.5,1
122543,2288,-7.66,19,0,74.4,1
122578,2289,-5.78,35,0,436.1,1
122613,2290,-5.72,35,1,295.1,1
122657,2291,-3.39,44,2,478.6,1
122773,2292,22.70,116,4,1276.9,0
122836,2293,-3.20,63,2,596.8,1
122880,2294,-2.60,44,1,485.6,1
122936,2295,-6.70,56,1,406.3,1
123267,2296,-7.21,331,3,634.2,1
123311,2297,-5.50,44,1,274.0,1
123393,2298,-0.88,82,3,835.8,1
123438,2299,-5.21,45,1,461.6,1
123476,2300,-4.93,38,1,484.2,1
123511,2301,-3.90,35,1,363.5,1
123558,2302,-4.47,47,2,539.7,1
123612,2303,-3.06,54,2,555.9,1
123653,2304,-7.80,41,0,169.7,1
123707,2305,-4.63,54,2,467.0,1
123747,2306,-5.04,40,1,472.7,1
123787,2307,-5.13,40,1,385.0,1
123827,2308,-5.13,40,1,531.3,1
123869,2309,-4.87,42,0,434.8,1
123919,2310,-5.33,50,1,467.8,1
123953,2311,-5.52,34,1,489.7,1
123992,2312,-5.65,39,1,455.2,1
124033,2313,-4.23,41,1,388.4,1
124078,2314,-5.21,45,1,425.4,1
124100,2315,-7.54,22,0,88.3,1
124139,2316,-4.40,39,2,440.4,1
124198,2317,-5.46,59,1,464.0,1
124236,2318,-4.21,38,2,461.2,1
124282,2319,-5.27,46,1,536.7,1
124315,2320,-6.30,33,1,276.9,1
124350,2321,-4.64,35,2,490.8,1
124380,2322,-5.74,30,1,346.0,1
124444,2323,-3.51,64,2,524.3,1
124484,2324,-3.89,40,1,479.9,1
124521,2325,-6.04,37,0,407.3,1
124556,2326,-5.30,35,1,464.4,1
124594,2327,-5.90,38,0,481.4,1
124654,2328,-0.07,60,3,829.0,1
124703,2329,-5.14,49,1,623.7,1
124742,2330,-5.79,39,1,414.6,1
124789,2331,-3.95,47,2,460.8,1
124841,2332,-3.74,52,1,378.7,1
124882,2333,-7.37,41,0,108.1,1
124906,2334,-7.68,24,0,51.4,1
124939,2335,-5.34,33,1,460.0,1
124968,2336,-5.06,29,1,405.7,1
125013,2337,-4.64,45,2,451.8,1
125059,2338,-5.48,46,1,471.5,1
125120,2339,-4.94,61,1,556.0,1
125151,2340,-5.42,31,1,485.5,1
125185,2341,-5.02,34,1,293.6,1
125227,2342,-4.05,42,2,435.2,1
125272,2343,-4.70,45,1,370.1,1
125315,2344,-2.87,43,2,587.8,1
125363,2345,-4.55,48,2,447.9,1
125396,2346,-6.56,33,0,441.2,1
125527,2347,-4.08,131,2,628.7,1
125591,2348,-2.90,64,2,823.3,1
125783,2349,-8.53,192,2,403.7,1
125817,2350,-5.19,34,1,238.2,1
125872,2351,-5.32,55,1,452.6,1
125918,2352,-4.81,46,1,589.4,1
125971,2353,-6.89,53,1,347.8,1
126034,2354,-2.32,63,3,841.8,1
126064,2355,-6.37,30,0,493.7,1
126149,2356,-0.33,85,3,833.9,1
126277,2357,-8.82,128,3,686.2,1
126323,2358,-2.60,46,1,522.0,1
126374,2359,-3.71,51,2,451.9,1
126457,2360,-3.25,83,2,807.2,1
126500,2361,-4.43,43,2,421.5,1
126534,2362,-7.21,34,0,130.4,1
126580,2363,-5.28,46,1,410.8,1
126626,2364,-4.49,46,1,548.7,1
126672,2365,-7.85,46,1,181.3,1
126729,2366,-4.76,57,2,458.5,1
126808,2367,-1.04,79,3,867.8,1
126831,2368,-6.32,23,1,162.1,1
127053,2369,-4.74,222,2,444.5,1
127140,2370,-7.53,87,2,589.6,1
127199,2371,-2.48,59,2,620.1,1
127243,2372,-5.27,44,1,458.6,1
127312,2373,-1.72,69,2,866.7,1
127358,2374,-4.77,46,2,425.6,1
127409,2375,-4.18,51,2,411.9,1
127449,2376,-4.38,40,2,434.7,1
127503,2377,-4.19,54,1,544.3,1
127548,2378,-3.85,45,3,520.0,1
127582,2379,-5.88,34,1,501.4,1
127766,2380,1.01,184,4,844.7,1
127814,2381,-5.32,48,2,428.4,1
128170,2382,-10.31,356,3,461.9,1
128232,2383,-3.73,62,2,433.1,1
128279,2384,-4.57,47,2,530.8,1
128321,2385,-5.24,42,1,462.1,1
128439,2386,-0.93,118,3,869.5,1
128475,2387,-5.99,36,1,139.0,1
128506,2388,-6.45,31,0,421.9,1
128560,2389,-4.95,54,1,439.2,1
128597,2390,-5.59,37,1,537.7,1
128650,2391,-4.62,53,1,496.2,1
128687,2392,-4.95,37,1,487.0,1
128855,2393,-7.44,168,2,489.6,1
128918,2394,-4.10,63,2,837.7,1
128957,2395,-5.82,39,1,408.8,1
129004,2396,-2.29,47,2,476.5,1
129080,2397,-7.39,76,2,408.0,1
129121,2398,-5.37,41,1,512.5,1
129154,2399,-3.89,33,1,426.1,1
129210,2400,-5.40,56,1,490.7,1
129249,2401,-5.20,39,1,438.9,1
129290,2402,-5.30,41,1,528.7,1
129327,2403,-4.98,37,1,536.0,1
129376,2404,-5.74,49,1,390.3,1
129527,2405,-0.05,151,4,829.6,1
129562,2406,-5.90,35,1,306.5,1
129848,2407,-10.73,286,2,397.3,1
129875,2408,-5.78,27,1,401.7,1
129955,2409,0.54,80,3,756.6,1
129997,2410,-4.63,42,2,430.7,1
130143,2411,-7.48,146,2,464.8,1
130215,2412,-1.85,72,3,940.0,1
130251,2413,-5.32,36,1,321.5,1
130311,2414,-2.36,60,2,777.7,1
130335,2415,-6.56,24,0,291.6,1
130385,2416,-5.50,50,1,385.7,1
130444,2417,-2.99,59,2,593.8,1
130478,2418,-5.67,34,1,391.4,1
130515,2419,-6.22,37,0,406.7,1
130557,2420,-3.82,42,2,488.2,1
130610,2421,-4.05,53,2,498.5,1
130645,2422,-4.85,35,1,541.8,1
130678,2423,-4.32,33,2,452.8,1
130714,2424,-5.66,36,1,434.3,1
130868,2425,-1.37,154,3,634.2,1
130916,2426,-2.40,48,2,503.3,1
131047,2427,-7.88,131,2,412.0,1
131111,2428,-4.64,64,1,411.9,1
131178,2429,-0.91,67,3,898.2,1
131218,2430,-4.21,40,2,450.8,1
131259,2431,-4.25,41,2,486.2,1
131310,2432,-5.94,51,1,501.7,1
131381,2433,-5.05,71,1,493.3,1
131448,2434,-2.01,67,2,746.9,1
131490,2435,-4.73,42,1,661.9,1
131548,2436,-3.46,58,2,470.7,1
131595,2437,-4.60,47,2,423.3,1
131777,2438,-7.61,182,2,458.6,1
131813,2439,-5.96,36,0,467.6,1
132012,2440,-3.05,199,3,880.6,1
132048,2441,-5.32,36,1,314.4,1
132093,2442,-5.92,45,1,414.4,1
132294,2443,-8.33,201,3,704.4,1
132386,2444,-4.41,92,2,602.0,1
132426,2445,-4.86,40,1,393.6,1
132469,2446,-5.68,43,1,435.2,1
132628,2447,-7.97,159,2,396.4,1
132677,2448,-3.36,49,2,456.3,1
132731,2449,-2.82,54,2,408.4,1
132876,2450,-7.18,145,2,488.6,1
132922,2451,-5.35,46,1,415.7,1
132949,2452,-7.10,27,0,284.3,1
132988,2453,-7.10,39,0,372.1,1
133039,2454,-5.37,51,1,381.8,1
133086,2455,-4.55,47,2,384.7,1
133127,2456,-3.61,41,2,473.7,1
133179,2457,-3.99,52,2,496.9,1
133228,2458,-4.74,49,1,536.2,1
133284,2459,-5.43,56,1,647.4,1
133352,2460,-2.47,68,2,794.8,1
133671,2461,-6.06,319,3,675.1,1
134121,2462,0.42,450,4,891.2,1
134220,2463,-1.83,99,3,732.9,1
134265,2464,-5.84,45,1,462.7,1
134790,2465,-8.54,525,3,544.4,0
134931,2466,-5.12,141,2,573.0,1
134973,2467,-5.67,42,1,465.2,1
135378,2468,-8.11,405,3,479.5,1
135448,2469,-5.71,70,1,440.0,1
135481,2470,-3.87,33,1,417.4,1
135523,2471,-4.42,42,1,432.8,1
135680,2472,-5.86,157,3,489.3,1
135715,2473,-4.76,35,2,470.6,1
135789,2474,-8.42,74,1,87.0,1
135819,2475,-7.43,30,0,158.6,1
135960,2476,-1.72,141,4,768.5,1
136007,2477,-4.56,47,1,464.2,1
136044,2478,-5.72,37,1,470.3,1
136084,2479,-3.89,40,2,403.8,1
136136,2480,-4.75,52,1,466.6,1
136185,2481,-3.88,49,2,427.9,1
136412,2482,-1.58,227,3,695.3,1
136446,2483,-4.45,34,1,365.1,1
136480,2484,-4.30,34,1,405.6,1
136535,2485,-4.13,55,2,427.0,1
136573,2486,-5.12,38,1,255.2,1
136636,2487,-3.64,63,2,555.0,1
136693,2488,-4.89,57,1,440.9,1
136713,2489,-6.28,20,1,115.5,1
136752,2490,-3.76,39,1,411.1,1
136855,2491,-8.18,103,2,654.7,1
136900,2492,-5.89,45,1,466.2,1
137222,2493,-2.31,322,4,886.1,1
137268,2494,-5.46,46,1,413.0,1
137307,2495,-5.98,39,1,452.0,1
137331,2496,-7.19,24,0,205.8,1
137389,2497,-2.57,58,2,822.6,1
137428,2498,-5.41,39,1,410.9,1
137462,2499,-5.56,34,1,440.0,1
137566,2500,-6.70,104,2,701.9,1
137606,2501,-4.72,40,2,434.6,1
137645,2502,-5.80,39,1,384.2,1
137709,2503,-6.63,64,1,475.8,1
137901,2504,-2.07,192,3,817.0,1
137950,2505,-5.93,49,1,394.5,1
137992,2506,-5.54,42,1,405.6,1
138037,2507,-5.35,45,1,536.9,1
138079,2508,-5.51,42,1,403.7,1
138132,2509,-4.54,53,2,479.9,1
138167,2510,-6.18,35,1,270.0,1
138196,2511,-7.00,29,0,291.5,1
138251,2512,-4.59,55,2,447.5,1
138296,2513,-5.61,45,1,529.8,1
138371,2514,-2.61,75,3,761.5,1
138416,2515,-4.06,45,1,471.6,1
138476,2516,-4.55,60,1,368.0,1
138547,2517,-3.90,71,3,661.3,1
138591,2518,-5.10,44,1,432.8,1
138619,2519,-7.91,28,0,98.1,1
138660,2520,-8.25,41,1,210.1,1
138854,2521,-5.57,194,3,636.6,1
138896,2522,-3.28,42,2,498.0,1
138930,2523,-5.67,34,1,481.1,1
139105,2524,-7.59,175,2,488.5,1
139155,2525,-5.40,50,1,482.1,1
139240,2526,-0.79,85,3,861.7,1
139274,2527,-6.37,34,1,230.2,1
139331,2528,-4.29,57,2,584.2,1
139428,2529,-4.78,97,2,564.1,1
139469,2530,-6.10,41,1,277.0,1
139661,2531,-7.26,192,2,538.5,1
139708,2532,-5.93,47,1,494.5,1
139765,2533,-4.49,57,2,528.3,1
140128,2534,-13.76,363,2,414.2,1
140172,2535,-5.67,44,1,471.8,1
140225,2536,-5.82,53,1,470.3,1
140257,2537,-7.70,32,0,125.2,1
140306,2538,-3.71,49,2,451.2,1
140348,2539,-4.48,42,2,504.0,1
140411,2540,-6.77,63,1,386.8,1
140496,2541,-1.65,85,3,823.2,1
140701,2542,-4.62,205,3,874.3,1
140811,2543,2.68,110,4,1172.0,1
140941,2544,-6.19,130,2,708.1,1
141008,2545,-3.65,67,2,502.2,1
141086,2546,-3.37,78,2,917.6,1
141160,2547,-2.13,74,3,805.1,1
141205,2548,-6.46,45,1,352.7,1
141284,2549,-0.81,79,4,947.4,1
141323,2550,-5.01,39,1,489.3,1
141423,2551,0.16,100,3,787.9,1
141469,2552,-5.99,46,1,320.9,1
141732,2553,-11.84,263,2,498.6,1
141810,2554,-0.76,78,3,997.3,1
141862,2555,-4.81,52,1,404.4,1
141909,2556,-4.54,47,2,428.6,1
142165,2557,-6.19,256,2,508.3,1
142191,2558,-8.34,26,0,105.9,1
142245,2559,-5.93,54,1,463.3,1
142284,2560,-5.45,39,1,394.3,1
142331,2561,-4.12,47,1,482.0,1
142386,2562,-2.79,55,2,537.1,1
142433,2563,-5.49,47,1,408.7,1
142519,2564,-3.21,86,2,659.4,1
142667,2565,-5.61,148,2,417.5,1
142751,2566,-5.28,84,2,718.6,1
142912,2567,-7.43,161,2,463.3,1
142963,2568,-5.06,51,1,443.5,1
143017,2569,-4.16,54,2,410.9,1
143062,2570,-4.87,45,1,487.7,1
143125,2571,-6.15,63,1,477.3,1
143184,2572,-2.08,59,2,554.0,1
143232,2573,-4.98,48,1,468.6,1
143554,2574,-11.63,322,2,481.2,1
143608,2575,-5.93,54,1,447.1,1
143666,2576,-4.40,58,2,529.2,1
143714,2577,-3.69,48,2,596.2,1
143768,2578,-5.88,54,1,439.1,1
143806,2579,-5.35,38,1,444.9,1
143852,2580,-3.57,46,1,482.6,1
143894,2581,-5.77,42,1,414.8,1
143943,2582,-4.18,49,2,436.7,1
143988,2583,-3.84,45,2,504.0,1
144020,2584,-7.83,32,0,126.6,1
144073,2585,-3.55,53,2,527.5,1
144302,2586,-7.09,229,3,694.9,1
144344,2587,-5.68,42,1,346.1,1
144388,2588,-5.36,44,2,391.3,1
144482,2589,-1.47,94,3,881.6,1
144561,2590,-5.20,79,1,381.6,1
144621,2591,-3.44,60,2,574.4,1
144672,2592,-3.65,51,2,485.9,1
144714,2593,-5.27,42,1,465.4,1
144885,2594,-8.41,171,2,501.7,1
144938,2595,-4.60,53,2,515.1,1
145027,2596,-1.82,89,3,730.4,1
145095,2597,-6.13,68,1,407.2,1
145162,2598,-5.36,67,1,508.7,1
145490,2599,-12.89,328,2,432.4,1
145534,2600,-4.84,44,1,409.4,1
145576,2601,-5.05,42,2,424.3,1
145788,2602,-5.77,212,3,788.7,1
145838,2603,-9.72,50,1,355.2,1
145889,2604,-4.37,51,2,454.8,1
145931,2605,-5.72,42,1,475.5,1
145990,2606,-4.47,59,2,515.1,1
146044,2607,-5.49,54,1,341.2,1
146101,2608,-4.16,57,2,628.8,1
146293,2609,-6.36,192,2,528.7,1
146312,2610,-6.95,19,1,45.8,1
146366,2611,-5.41,54,1,399.3,1
146430,2612,-4.94,64,1,400.9,1
146509,2613,-0.44,79,3,926.6,1
146596,2614,-1.05,87,3,859.6,1
146645,2615,-4.65,49,2,425.5,1
146706,2616,-4.07,61,1,554.2,1
146847,2617,-6.54,141,2,478.5,1
146924,2618,-7.38,77,1,381.6,1
146955,2619,-5.09,31,1,345.5,1
147058,2620,2.71,103,4,915.4,1
147126,2621,-1.83,68,2,601.3,1
147211,2622,-3.08,85,3,722.2,1
147278,2623,-0.99,67,3,888.9,1
147366,2624,-1.66,88,3,789.4,1
147413,2625,-5.61,47,1,427.5,1
147462,2626,-7.06,49,0,346.8,1
147638,2627,-8.33,176,2,441.9,1
147681,2628,-3.57,43,2,501.8,1
147721,2629,-6.07,40,1,455.3,1
147753,2630,-5.45,32,1,420.2,1
147807,2631,-4.92,54,1,460.9,1
147849,2632,-5.88,42,1,186.5,1
147875,2633,-6.33,26,0,462.4,1
147929,2634,-5.67,54,1,373.9,1
147981,2635,-6.58,52,1,416.3,1
148139,2636,-2.26,158,4,953.0,1
148193,2637,-5.01,54,2,455.7,1
148520,2638,-5.60,327,3,880.3,1
148553,2639,-6.95,33,0,419.9,1
148617,2640,-6.78,64,1,426.6,1
148675,2641,-5.28,58,1,386.4,1
148716,2642,-5.85,41,1,441.7,1
148933,2643,-9.01,217,2,527.9,1
148970,2644,-4.38,37,1,535.6,1
149214,2645,-2.68,244,4,913.8,1
149284,2646,0.27,70,4,857.8,1
149331,2647,-4.89,47,2,439.1,1
149383,2648,-6.05,52,1,332.9,1
149651,2649,0.61,268,3,810.0,1
149711,2650,-2.32,60,2,650.1,1
149765,2651,-4.33,54,1,487.9,1
149922,2652,-3.73,157,4,794.9,1
149976,2653,-4.86,54,1,418.1,1
150488,2654,-8.78,512,3,848.3,1
150538,2655,-4.99,50,2,413.3,1
150599,2656,-5.40,61,1,427.3,1
150663,2657,-5.83,64,1,427.3,1
150819,2658,-3.67,156,3,474.1,1
151040,2659,-1.67,221,4,892.8,1
151094,2660,-4.81,54,1,435.8,1
151279,2661,-3.45,185,3,878.4,1
151329,2662,-7.00,50,1,390.5,1
151398,2663,-1.65,69,2,739.8,1
151440,2664,-6.45,42,1,446.3,1
151514,2665,-1.79,74,4,883.1,1
151552,2666,-5.00,38,2,122.2,1
151693,2667,-6.38,141,2,376.9,1
151784,2668,-6.76,91,1,405.3,1
151951,2669,-8.06,167,3,578.3,1
152015,2670,-5.54,64,1,538.9,1
152035,2671,-7.26,20,0,216.1,1
152092,2672,-6.21,57,1,440.5,1
152168,2673,-3.21,76,2,629.2,1
152227,2674,-3.13,59,2,551.2,1
152250,2675,-7.46,23,0,131.7,1
152608,2676,-6.78,358,3,787.9,1
152690,2677,-7.89,82,1,393.5,1
152735,2678,-5.88,45,1,457.1,1
152765,2679,-7.62,30,0,129.4,1
152815,2680,-4.30,50,2,513.2,1
152853,2681,-5.23,38,2,481.4,1
152922,2682,-1.35,69,3,792.8,1
152987,2683,-5.37,65,1,459.4,1
153060,2684,-4.51,73,1,446.5,1
153117,2685,-5.45,57,2,448.3,1
153164,2686,-5.70,47,1,458.6,1
153218,2687,-5.01,54,1,465.9,1
153257,2688,-5.17,39,1,475.3,1
153675,2689,-10.59,418,3,627.1,1
153821,2690,-8.17,146,2,391.9,1
153874,2691,-5.08,53,1,533.6,1
154159,2692,-12.48,285,3,424.8,1
154316,2693,-2.41,157,4,925.2,1
154495,2694,-9.66,179,2,498.1,1
155020,2695,-3.13,525,3,445.3,0
155077,2696,-5.07,57,2,426.9,1
155131,2697,-3.78,54,2,460.2,1
155167,2698,-5.59,36,1,400.0,1
155210,2699,-2.45,43,2,423.5,1
155260,2700,-4.58,50,2,428.0,1
155312,2701,-6.04,52,1,430.0,1
155350,2702,-5.21,38,1,472.9,1
155443,2703,-5.73,93,2,478.8,1
155492,2704,-4.67,49,1,558.2,1
155646,2705,-6.95,154,2,524.6,1
155717,2706,-6.76,71,1,388.3,1
155766,2707,-5.45,49,1,448.6,1
155937,2708,-6.81,171,2,485.6,1
155999,2709,-3.02,62,3,831.4,1
156039,2710,-5.00,40,1,375.1,1
156564,2711,1.05,525,4,711.8,0
156696,2712,-2.71,132,3,735.4,1
156831,2713,-8.27,135,2,346.6,1
156889,2714,-6.24,58,1,388.5,1
157039,2715,-7.18,150,2,436.5,1
157089,2716,-4.15,50,2,484.8,1
157163,2717,-1.49,74,4,884.9,1
157222,2718,-6.19,59,1,474.1,1
157241,2719,-7.99,19,0,23.2,1
157282,2720,-5.42,41,1,491.7,1
157340,2721,-4.93,58,1,497.7,1
157387,2722,-5.89,47,1,466.2,1
157527,2723,-7.01,140,1,346.0,1
157724,2724,-2.51,197,3,850.6,1
157948,2725,-4.39,224,3,787.9,1
158006,2726,-2.52,58,1,725.0,1
158065,2727,-4.63,59,2,398.6,1
158112,2728,-4.33,47,2,445.5,1
158276,2729,-10.01,164,1,361.3,1
158647,2730,-4.16,371,3,658.2,1
158693,2731,-6.11,46,1,473.8,1
158739,2732,-5.73,46,1,477.1,1
158791,2733,-5.58,52,1,422.6,1
158855,2734,-5.56,64,1,407.9,1
158891,2735,-5.34,36,1,361.1,1
159020,2736,-11.57,129,2,725.9,1
159066,2737,-5.19,46,1,424.3,1
159440,2738,-7.25,374,3,739.7,1
159482,2739,-4.87,42,2,433.0,1
159527,2740,-4.67,45,2,367.3,1
159577,2741,-6.01,50,1,447.9,1
159750,2742,-5.95,173,2,535.5,1
159904,2743,-6.91,154,3,458.8,1
160217,2744,-9.12,313,3,442.7,1
160258,2745,-6.11,41,1,380.9,1
160312,2746,-5.69,54,1,387.2,1
160550,2747,-10.12,238,3,412.1,1
160597,2748,-5.36,47,1,452.1,1
160675,2749,-7.10,78,1,401.8,1
160755,2750,-1.24,80,3,770.3,1
161280,2751,-7.58,525,3,617.1,0
161361,2752,-0.98,81,2,764.7,1
161437,2753,-3.89,76,2,635.2,1
161486,2754,-4.65,49,2,453.3,1
161621,2755,-5.96,135,3,461.1,1
161955,2756,-6.26,334,3,590.7,1
162186,2757,-8.34,231,3,737.6,1
162306,2758,-6.27,120,1,349.1,1
162382,2759,-5.51,76,1,463.2,1
162457,2760,-8.63,75,1,305.5,1
162505,2761,-5.81,48,1,379.9,1
162575,2762,-0.12,70,3,884.4,1
162951,2763,-13.84,376,2,478.5,1
163005,2764,-5.09,54,2,469.1,1
163054,2765,-5.20,49,1,399.3,1
163121,2766,-2.18,67,2,485.4,1
163390,2767,-9.05,269,3,496.6,1
163692,2768,-11.61,302,2,409.2,1
164217,2769,-3.55,525,4,519.3,0
164272,2770,-6.05,55,1,461.4,1
164320,2771,-5.43,48,1,453.1,1
164396,2772,-1.00,76,3,886.4,1
164578,2773,-7.97,182,2,387.4,1
164658,2774,-6.30,80,1,388.1,1
164741,2775,-3.75,83,2,647.9,1
165163,2776,-15.68,422,2,451.1,1
165205,2777,-6.38,42,0,373.4,1
165271,2778,-4.74,66,1,461.7,1
165338,2779,-5.62,67,1,476.0,1
165420,2780,-5.67,82,1,330.1,1
165488,2781,-3.35,68,3,808.4,1
165525,2782,-5.67,37,1,488.1,1
165672,2783,-4.88,147,2,419.0,1
165705,2784,-7.01,33,0,234.8,1
165852,2785,-1.17,147,3,750.1,1
165970,2786,-6.74,118,1,454.1,1
166375,2787,-7.63,405,3,616.6,1
166514,2788,-7.51,139,1,384.8,1
166818,2789,-10.79,304,2,429.5,1
166880,2790,-5.48,62,1,385.7,1
167124,2791,-10.77,244,2,391.5,1
167200,2792,-6.35,76,1,389.1,1
167256,2793,-4.51,56,2,419.2,1
167503,2794,-10.93,247,2,353.5,1
167801,2795,-11.29,298,2,396.1,1
167910,2796,-2.42,109,4,832.8,1
168254,2797,-4.67,344,4,922.2,1
168315,2798,-5.57,61,1,435.5,1
168571,2799,-5.51,256,3,557.5,1
168637,2800,-4.83,66,1,423.2,1
168705,2801,-2.15,68,2,708.8,1
168796,2802,0.61,91,4,854.2,1
168850,2803,-6.60,54,1,342.5,1
168922,2804,-6.56,72,1,335.3,1
168976,2805,-5.13,54,1,266.2,1
169416,2806,-16.40,440,2,389.9,1
169474,2807,-5.40,58,1,470.6,1
169850,2808,-9.72,376,3,469.5,1
169884,2809,-5.89,34,1,198.9,1
169958,2810,-5.24,74,1,434.4,1
170011,2811,-5.29,53,1,462.6,1
170065,2812,-5.21,54,1,415.9,1
170127,2813,-5.01,62,1,324.2,1
170307,2814,-8.17,180,2,416.7,1
170385,2815,-5.92,78,1,428.3,1
170448,2816,-6.42,63,1,310.0,1
170495,2817,-4.43,47,2,444.5,1
171020,2818,-10.70,525,2,399.0,0
171545,2819,-4.50,525,4,468.7,0
171717,2820,-7.49,172,2,415.9,1
171771,2821,-5.51,54,1,381.7,1
171821,2822,-4.72,50,2,459.4,1
171900,2823,-5.42,79,1,336.1,1
171960,2824,-5.52,60,2,458.4,1
172383,2825,-7.54,423,3,593.6,1
172446,2826,-0.68,63,3,861.4,1
172493,2827,-4.44,47,1,474.9,1
172561,2828,-3.27,68,2,849.7,1
172610,2829,-5.94,49,1,411.2,1
172782,2830,-7.61,172,2,425.0,1
172825,2831,-6.18,43,1,401.7,1
172873,2832,-5.66,48,1,388.3,1
172915,2833,-5.78,42,1,427.6,1
173034,2834,-8.32,119,1,376.2,1
173088,2835,-4.89,54,2,447.8,1
173338,2836,-10.85,250,2,395.6,1
173375,2837,-3.77,37,2,419.2,1
173698,2838,-13.60,323,2,437.1,1
173766,2839,-4.63,68,2,444.3,1
173827,2840,-4.68,61,1,481.6,1
173978,2841,-4.75,151,3,499.3,1
174355,2842,-13.90,377,2,522.8,1
174389,2843,-8.31,34,0,13.6,1
174435,2844,-5.51,46,1,387.1,1
174474,2845,-4.88,39,1,386.9,1
174577,2846,-0.83,103,4,841.4,1
174619,2847,-5.44,42,1,454.7,1
174745,2848,-7.32,126,3,664.4,1
174799,2849,-5.39,54,1,297.4,1
174897,2850,-3.04,98,2,722.7,1
174959,2851,-4.13,62,1,422.0,1
175015,2852,-5.30,56,1,416.0,1
175069,2853,-4.03,54,2,450.8,1
175366,2854,-7.42,297,2,418.0,1
175431,2855,-5.77,65,1,349.1,1
175454,2856,-7.15,23,0,166.4,1
175538,2857,-5.40,84,1,394.4,1
175778,2858,-9.18,240,2,395.8,1
175864,2859,-0.61,86,4,938.7,1
175927,2860,-4.82,63,2,482.0,1
175961,2861,-7.80,34,0,83.0,1
176017,2862,-5.69,56,1,356.8,1
176095,2863,-0.25,78,3,1027.4,1
176151,2864,-4.62,56,2,450.1,1
176205,2865,-4.84,54,1,456.9,1
176244,2866,-4.71,39,2,453.0,1
176769,2867,-7.24,525,3,407.1,0
177294,2868,-4.42,525,4,754.9,0
177343,2869,-5.62,49,1,474.9,1
177415,2870,0.69,72,3,829.2,1
177500,2871,-6.30,85,1,358.7,1
177580,2872,-3.87,80,2,702.7,1
177649,2873,-4.71,69,2,602.0,1
177696,2874,-3.69,47,2,449.1,1
177731,2875,-5.03,35,2,492.5,1
178038,2876,-1.59,307,3,697.4,1
178099,2877,-5.71,61,1,444.1,1
178192,2878,-1.22,93,3,881.0,1
178246,2879,-7.08,54,1,83.9,1
178311,2880,-5.33,65,1,423.6,1
178375,2881,-6.57,64,1,224.7,1
178544,2882,-6.26,169,2,408.6,1
178595,2883,-6.92,51,1,404.5,1
178759,2884,-8.49,164,2,357.9,1
179161,2885,-11.97,402,2,407.1,1
179322,2886,-7.55,161,2,390.0,1
179391,2887,-5.39,69,2,392.7,1
179439,2888,-7.16,48,1,403.7,1
179491,2889,-4.71,52,1,427.0,1
179545,2890,-5.07,54,1,381.2,1
179598,2891,-6.71,53,1,140.5,1
179673,2892,-5.14,75,1,442.1,1
179740,2893,-5.78,67,1,374.7,1
179798,2894,-5.81,58,1,456.6,1
180101,2895,-11.47,303,2,373.9,1
180152,2896,-4.44,51,2,427.4,1
180435,2897,-4.99,283,3,446.0,1
180698,2898,-8.06,263,2,465.6,1
180747,2899,-5.19,49,1,459.2,1
180831,2900,-4.24,84,2,485.5,1
180887,2901,-5.31,56,1,412.0,1
181256,2902,-14.24,369,2,380.5,1
181299,2903,-4.11,43,2,433.2,1
181545,2904,-7.41,246,2,404.6,1
181749,2905,-1.90,204,3,876.4,1
181857,2906,-5.23,108,2,618.1,1
182048,2907,-7.50,191,1,375.9,1
182113,2908,-3.67,65,2,638.0,1
182188,2909,-1.62,75,4,861.8,1
182264,2910,-4.98,76,1,263.0,1
182326,2911,-5.51,62,1,426.0,1
182371,2912,-4.79,45,1,348.0,1
182427,2913,-6.01,56,1,403.3,1
182478,2914,-3.49,51,2,472.5,1
182537,2915,-4.41,59,2,517.2,1
182575,2916,-4.09,38,2,468.5,1
182626,2917,-5.00,51,1,531.2,1
182642,2918,-8.00,16,0,47.0,1
182736,2919,-1.78,94,3,759.7,1
182815,2920,-3.92,79,2,842.4,1
182855,2921,-5.98,40,1,204.8,1
182954,2922,-2.02,99,3,729.0,1
183023,2923,-5.59,69,1,475.9,1
183071,2924,-6.35,48,1,230.6,1
183119,2925,-4.43,48,2,416.7,1
183300,2926,-5.85,181,2,388.9,1
183476,2927,-7.99,176,2,369.3,1
183543,2928,-5.63,67,1,362.6,1
183610,2929,-5.62,67,2,424.7,1
183723,2930,-1.25,113,3,757.5,1
183861,2931,-7.31,138,2,380.9,1
183922,2932,-3.48,61,2,413.0,1
184085,2933,-6.58,163,2,423.7,1
184125,2934,-5.52,40,1,405.4,1
184183,2935,-5.79,58,1,331.2,1
184218,2936,-8.16,35,0,62.1,1
184536,2937,-10.48,318,2,402.4,1
184925,2938,-14.74,389,2,442.3,1
184985,2939,-6.27,60,1,394.4,1
185014,2940,-8.04,29,0,80.6,1
185210,2941,-2.83,196,4,876.8,1
185291,2942,-0.81,81,4,882.2,1
185559,2943,-10.00,268,2,423.9,1
185664,2944,-1.90,105,3,790.0,1
185719,2945,-5.98,55,1,405.3,1
185791,2946,-6.37,72,1,400.8,1
185845,2947,-5.40,54,1,376.4,1
185909,2948,-5.88,64,1,456.2,1
186102,2949,-1.85,193,5,857.5,1
186627,2950,-11.21,525,2,367.2,0
186699,2951,-1.92,72,3,899.7,1
186764,2952,-5.10,65,1,440.3,1
186886,2953,-7.15,122,3,553.1,1
187344,2954,-14.38,458,2,455.4,1
187441,2955,-5.02,97,1,336.0,1
187650,2956,-8.14,209,3,465.2,1
187735,2957,-3.97,85,3,544.8,1
187876,2958,-6.02,141,2,462.7,1
187982,2959,-5.88,106,2,396.8,1
188311,2960,22.99,329,5,1276.7,0
188473,2961,-8.15,162,2,396.0,1
188622,2962,-5.56,149,2,373.4,1
189147,2963,-4.60,525,4,786.4,0
189204,2964,-5.45,57,1,442.1,1
189272,2965,-4.24,68,1,570.8,1
189335,2966,-4.93,63,1,462.9,1
189472,2967,-6.88,137,2,424.5,1
189599,2968,-5.33,127,2,487.2,1
189818,2969,-6.41,219,2,367.1,1
189854,2970,-4.74,36,1,398.9,1
190199,2971,-10.84,345,2,417.6,1
190724,2972,-11.18,525,2,363.3,0
190751,2973,-5.96,27,1,276.9,1
191060,2974,-10.79,309,2,456.9,1
191258,2975,-7.59,198,2,453.7,1
191357,2976,0.98,99,4,897.9,1
191425,2977,-5.21,68,1,445.6,1
191472,2978,-5.79,47,1,432.4,1
191527,2979,-5.29,55,1,419.5,1
191564,2980,-5.11,37,1,520.0,1
191653,2981,-4.38,89,2,528.3,1
191715,2982,-3.64,62,2,473.4,1
191813,2983,-2.53,98,3,743.8,1
191867,2984,-3.68,54,2,437.9,1
192087,2985,-8.32,220,2,337.5,1
192126,2986,-7.22,39,0,322.4,1
192200,2987,-5.12,74,1,352.5,1
192249,2988,-5.34,49,1,393.7,1
192299,2989,-5.70,50,1,382.7,1
192433,2990,-5.70,134,2,487.6,1
192490,2991,-4.62,57,1,488.4,1
192526,2992,-3.40,36,2,458.3,1
192621,2993,-1.29,95,3,809.4,1
192648,2994,-8.07,27,0,70.4,1
192694,2995,-5.50,46,1,300.1,1
192744,2996,-5.22,50,1,377.1,1
192793,2997,-5.46,49,1,381.9,1
192881,2998,-1.32,88,3,809.1,1
192935,2999,-5.57,54,1,379.4,1
193153,3000,-0.33,218,3,801.2,1
193249,3001,-1.67,96,3,838.1,1
193371,3002,-2.38,122,3,775.6,1
193896,3003,-2.93,525,4,466.9,0
194100,3004,-3.30,204,3,823.3,1
194154,3005,-5.52,54,1,420.8,1
194324,3006,-6.94,170,2,389.0,1
194377,3007,-3.80,53,2,670.0,1
194437,3008,-5.86,60,1,390.3,1
194474,3009,-5.89,37,1,189.2,1
194502,3010,-7.49,28,0,61.8,1
194662,3011,-6.27,160,2,447.3,1
194761,3012,-7.90,99,1,435.2,1
194813,3013,-5.38,52,1,399.3,1
194867,3014,-5.63,54,1,284.9,1
195032,3015,-5.65,165,3,467.1,1
195091,3016,-4.56,59,1,513.3,1
195136,3017,-6.03,45,1,455.7,1
195210,3018,-5.26,74,1,369.2,1
195330,3019,-4.83,120,2,439.4,1
195388,3020,-5.83,58,1,336.3,1
195466,3021,-5.93,78,2,395.3,1
195518,3022,-5.19,52,1,467.9,1
196043,3023,-4.14,525,3,495.0,0
196098,3024,-6.04,55,1,412.4,1
196424,3025,-9.97,326,2,470.2,1
196505,3026,-6.26,81,1,336.4,1
196573,3027,-5.81,68,1,351.5,1
196739,3028,-6.97,166,2,378.6,1
197014,3029,-9.35,275,2,408.4,1
197146,3030,-6.93,132,2,448.3,1
197330,3031,-8.14,184,2,365.5,1
197385,3032,-5.95,55,1,428.3,1
197432,3033,-5.48,47,1,196.8,1
197564,3034,-6.00,132,2,417.5,1
197644,3035,-3.60,80,2,481.3,1
197707,3036,-5.89,63,1,280.3,1
197909,3037,-7.86,202,2,451.5,1
197970,3038,-5.74,61,1,346.3,1
198215,3039,-10.12,245,2,451.2,1
198271,3040,-4.16,56,2,429.3,1
198317,3041,-4.38,46,2,331.9,1
198370,3042,-5.50,53,1,420.5,1
198403,3043,-6.44,33,1,207.4,1
198830,3044,-13.56,427,2,418.2,1
198901,3045,-5.03,71,1,430.2,1
198969,3046,-3.05,68,2,550.4,1
199494,3047,-10.06,525,2,387.2,0
199543,3048,-4.76,49,1,350.2,1
199597,3049,-6.29,54,1,317.1,1
199660,3050,-6.23,63,1,279.5,1
199701,3051,-5.25,41,1,638.0,1
199743,3052,-5.94,42,1,272.7,1
199777,3053,-5.67,34,1,278.4,1
199846,3054,-5.63,69,1,354.9,1
199900,3055,-3.24,54,2,537.0,1
199947,3056,-4.87,47,1,390.8,1
200060,3057,-5.16,113,2,501.5,1
200117,3058,-3.54,57,2,700.6,1
200406,3059,-9.19,289,2,324.4,1
200670,3060,-10.00,264,2,488.4,1
201195,3061,-10.42,525,2,411.0,0
201245,3062,-6.45,50,1,363.7,1
201424,3063,-6.38,179,2,500.6,1
201681,3064,-2.92,257,3,922.6,1
202206,3065,-8.84,525,3,428.5,0
202276,3066,-5.45,70,1,434.8,1
202445,3067,-6.41,169,2,429.4,1
202533,3068,-2.98,88,3,803.2,1
202599,3069,-4.10,66,2,415.4,1
202884,3070,-9.87,285,2,457.9,1
202950,3071,-6.14,66,1,396.5,1
203021,3072,-4.22,71,2,515.8,1
203253,3073,-7.58,232,2,390.6,1
203310,3074,-5.06,57,1,282.8,1
203362,3075,-5.36,52,1,389.5,1
203887,3076,-10.36,525,2,348.0,0
204050,3077,-9.34,163,1,210.5,1
204105,3078,-7.30,55,1,281.6,1
204607,3079,-13.23,502,2,410.7,1
205132,3080,-9.36,525,2,298.0,0
205186,3081,-6.96,54,1,72.4,1
205320,3082,-5.11,134,2,415.2,1
205365,3083,-5.10,45,1,256.6,1
205890,3084,-2.97,525,3,529.5,0
206068,3085,-5.71,178,3,509.8,1
206124,3086,-5.65,56,1,442.2,1
206154,3087,-7.69,30,0,32.9,1
206325,3088,-7.17,171,2,416.2,1
206685,3089,-10.69,360,2,420.0,1
206748,3090,-6.00,63,1,236.6,1
206833,3091,-0.53,85,4,838.1,1
207039,3092,-7.40,206,2,414.9,1
207156,3093,-1.11,117,3,824.6,1
207681,3094,-11.79,525,3,310.2,0
208126,3095,-4.16,445,3,715.1,1
208166,3096,-7.95,40,0,88.6,1
208241,3097,-2.20,75,3,818.7,1
208299,3098,-6.01,58,1,245.0,1
208383,3099,-6.31,84,1,352.0,1
208446,3100,-6.11,63,1,260.8,1
208971,3101,-4.12,525,3,435.8,0
209248,3102,-10.25,277,2,373.0,1
209473,3103,-3.85,225,3,736.4,1
209558,3104,-4.40,85,2,356.8,1
209750,3105,-5.85,192,3,712.9,1
209911,3106,-5.80,161,3,485.5,1
210101,3107,-4.15,190,3,722.3,1
210329,3108,-6.06,228,3,769.6,1
210364,3109,-7.89,35,0,57.8,1
210547,3110,-6.20,183,2,445.3,1
210667,3111,-0.48,120,4,787.4,1
210744,3112,-4.66,77,2,399.1,1
210833,3113,-5.86,89,1,252.1,1
210927,3114,-1.27,94,3,752.6,1
211452,3115,-11.70,525,2,433.9,0
211658,3116,-1.71,206,4,860.0,1
212053,3117,-11.79,395,2,475.6,1
212106,3118,-5.49,53,1,353.7,1
212160,3119,-5.19,54,1,308.4,1
212316,3120,0.41,156,4,831.1,1
212385,3121,-5.36,69,1,422.5,1
212468,3122,-3.77,83,2,533.7,1
212715,3123,-5.20,247,3,769.7,1
212764,3124,-5.95,49,1,478.7,1
212834,3125,-2.64,70,2,674.8,1
58,1,-6.60,58,1,326.9,1
79,2,-6.88,21,1,65.7,1
280,3,-7.49,201,2,473.4,1
332,4,-5.90,52,1,416.6,1
357,5,-6.91,25,1,85.8,1
405,6,-6.25,48,1,298.6,1
458,7,-8.61,53,1,126.3,1
495,8,-6.38,37,1,186.1,1
609,9,-10.20,114,1,279.4,1
642,10,-6.66,33,1,178.1,1
742,11,-6.66,100,1,222.5,1
783,12,-7.90,41,0,164.4,1
817,13,-7.92,34,0,191.2,1
846,14,-6.53,29,0,302.9,1
879,15,-6.43,33,1,128.7,1
912,16,-5.90,33,1,467.5,1
963,17,-4.42,51,1,355.4,1
1011,18,-3.82,48,2,387.9,1
1045,19,-6.81,34,1,111.5,1
1143,20,-7.55,98,1,214.4,1
1182,21,-4.12,39,2,396.5,1
1342,22,-10.60,160,1,173.0,1
1400,23,-5.79,58,1,376.9,1
1442,24,-6.65,42,0,357.6,1
1498,25,-6.45,56,1,156.7,1
1768,26,-10.06,270,2,423.0,1
1836,27,-5.86,68,1,355.3,1
2079,28,-10.79,243,1,163.5,1
2113,29,-6.45,34,1,159.5,1
2146,30,-6.10,33,1,315.5,1
2177,31,-7.50,31,0,251.5,1
2249,32,-5.55,72,1,321.5,1
2292,33,-5.20,43,1,348.5,1
2326,34,-7.53,34,1,42.4,1
2360,35,-6.24,34,1,184.6,1
2422,36,-5.41,62,1,331.1,1
2553,37,-6.90,131,2,316.7,1
2593,38,-4.16,40,2,503.3,1
2633,39,-6.92,40,1,94.9,1
2682,40,-3.29,49,1,464.5,1
2763,41,-6.61,81,1,418.3,1
2817,42,-6.53,54,1,228.9,1
2857,43,-5.54,40,1,334.8,1
2891,44,-5.76,34,1,184.5,1
2952,45,-5.31,61,1,373.6,1
2993,46,-6.82,41,1,185.5,1
3023,47,-7.38,30,0,184.3,1
3061,48,-4.58,38,2,367.5,1
48,1,-3.68,48,1,317.6,1
78,2,-6.27,30,1,199.7,1
116,3,-4.77,38,1,433.3,1
162,4,-8.59,46,1,133.6,1
233,5,-9.17,71,0,45.9,1
265,6,-7.78,32,0,148.2,1
305,7,-6.55,40,1,157.7,1
755,8,-12.76,450,2,507.3,1
781,9,-7.82,26,0,103.8,1
912,10,-5.59,131,2,598.8,1
937,11,-7.57,25,0,123.4,1
979,12,-6.30,42,1,181.3,1
1014,13,-7.94,35,0,108.7,1
1043,14,-6.65,29,0,234.9,1
1130,15,-4.53,87,1,356.9,1
1189,16,-4.37,59,1,333.1,1
1230,17,-8.74,41,0,81.7,1
1267,18,-6.50,37,1,196.7,1
1303,19,-6.81,36,0,239.7,1
1403,20,-3.09,100,2,433.2,1
1602,21,-10.68,199,1,102.9,1
1662,22,-3.91,60,2,345.2,1
1716,23,-5.22,54,1,288.6,1
1825,24,-9.36,109,1,212.2,1
1850,25,-6.27,25,1,190.4,1
1890,26,-6.04,40,1,357.6,1
1924,27,-6.17,34,1,248.4,1
1955,28,-7.62,31,0,180.4,1
1993,29,-6.06,38,1,326.7,1
2196,30,-7.68,203,2,318.1,1
2305,31,-10.36,109,1,259.5,1
2330,32,-6.62,25,1,63.6,1
2529,33,-7.56,199,1,480.1,1
2553,34,-7.32,24,0,177.7,1
2601,35,-3.55,48,2,493.3,1
2624,36,-6.08,23,1,157.1,1
2662,37,-6.67,38,1,218.7,1
2820,38,-9.76,158,1,43.4,1
2916,39,-5.30,96,3,646.3,1
2953,40,-3.18,37,2,540.3,1
2987,41,-8.23,34,0,88.5,1
3020,42,-6.84,33,1,119.2,1
3124,43,-3.74,104,2,838.3,1
3198,44,-6.10,74,1,449.1,1
3356,45,-2.68,158,2,764.6,1
3383,46,-6.42,27,1,129.3,1
3417,47,-3.76,34,3,317.2,1
3452,48,-8.65,35,0,58.3,1
3509,49,-7.22,57,1,176.8,1
3540,50,-7.44,31,0,197.1,1
3723,51,-7.99,183,2,332.0,1
3762,52,-5.96,39,0,326.7,1
3809,53,-8.41,47,0,32.6,1
3831,54,-6.74,22,1,63.5,1
3856,55,-6.99,25,0,195.9,1
3954,56,-9.94,98,1,246.5,1
4048,57,-5.95,94,1,406.3,1
4089,58,-9.42,41,0,84.2,1
4132,59,-5.52,43,1,480.2,1
4166,60,-7.70,34,0,114.6,1
4188,61,-7.48,22,0,136.1,1
4214,62,-6.08,26,1,256.3,1
4277,63,-4.25,63,1,383.7,1
4315,64,-6.84,38,0,309.2,1
4386,65,-7.17,71,1,364.3,1
4455,66,-7.55,69,1,143.2,1
4577,67,-6.08,122,1,503.0,1
4707,68,-9.78,130,1,277.0,1
4782,69,-6.88,75,1,143.9,1
4814,70,-6.58,32,1,87.7,1
4850,71,-6.49,36,0,262.7,1
4884,72,-6.94,34,1,110.7,1
5026,73,-11.06,142,1,260.7,1
5082,74,-5.93,56,1,287.6,1
5133,75,-5.29,51,1,359.1,1
5191,76,-5.46,58,2,381.8,1
5268,77,-6.81,77,1,222.6,1
5329,78,-4.02,61,3,427.8,1
5389,79,-4.25,60,1,420.7,1
5412,80,-8.10,23,0,64.4,1
5446,81,-4.63,34,2,304.5,1
5509,82,-3.12,63,2,521.9,1
5612,83,-8.49,103,2,221.8,1
5646,84,-5.21,34,2,283.2,1
5710,85,-8.34,64,1,135.9,1
5756,86,-7.04,46,0,258.5,1
5835,87,-5.39,79,2,391.7,1
5875,88,-7.11,40,1,82.2,1
5936,89,-5.94,61,1,362.7,1
6015,90,-5.62,79,1,281.5,1
6085,91,-5.82,70,1,321.7,1
6529,92,-13.83,444,2,386.4,1
6579,93,-3.71,50,1,355.4,1
6656,94,-4.36,77,2,273.4,1
6713,95,-6.26,57,1,349.4,1
6786,96,-6.14,73,1,430.6,1
6811,97,-7.21,25,0,232.1,1
6836,98,-7.42,25,0,173.2,1
6875,99,-6.64,39,1,223.2,1
6917,100,-5.33,42,2,391.6,1
6979,101,-5.97,62,1,329.6,1
7035,102,-5.38,56,2,376.4,1
7067,103,-7.24,32,0,190.2,1
7102,104,-7.17,35,1,86.6,1
7270,105,-10.48,168,1,279.2,1
7349,106,-5.99,79,2,320.0,1
7395,107,-6.54,46,1,364.3,1
7429,108,-8.44,34,0,82.8,1
7459,109,-6.17,30,1,89.3,1
7496,110,-5.84,37,1,157.6,1
7525,111,-6.23,29,1,210.9,1
7551,112,-7.16,26,0,201.4,1
7855,113,-4.75,304,4,807.0,1
7911,114,-4.11,56,2,348.8,1
7958,115,-5.61,47,1,429.1,1
8058,116,-9.51,100,1,266.0,1
8118,117,-4.52,60,1,327.5,1
8244,118,-6.69,126,1,290.2,1
8268,119,-7.83,24,0,152.5,1
8296,120,-7.00,28,1,87.0,1
8382,121,-9.43,86,0,36.0,1
8416,122,-7.40,34,0,180.5,1
8530,123,-1.36,114,3,859.2,1
8552,124,-6.46,22,1,143.5,1
8584,125,-5.79,32,1,396.3,1
8618,126,-6.22,34,1,310.7,1
8661,127,-5.70,43,1,362.3,1
8720,128,-5.25,59,1,427.8,1
8818,129,-5.66,98,1,425.1,1
8982,130,-0.43,164,3,835.0,1
9103,131,-1.79,121,3,485.4,1
9136,132,-6.19,33,1,209.6,1
9259,133,-1.48,123,3,949.0,1
9293,134,-6.73,34,1,119.4,1
9356,135,-4.74,63,1,365.2,1
9381,136,-5.80,25,1,210.2,1
9603,137,-10.25,222,1,278.8,1
9630,138,-7.68,27,0,88.2,1
9813,139,-0.89,183,5,797.5,1
9867,140,-6.66,54,1,186.1,1
9886,141,-7.95,19,0,22.9,1
9954,142,-5.96,68,1,425.0,1
10031,143,-8.87,77,1,170.6,1
10072,144,-7.49,41,0,215.2,1
10178,145,-9.63,106,1,172.6,1
10331,146,-9.64,153,1,45.5,1
10398,147,-6.04,67,1,229.9,1
10424,148,-7.42,26,0,257.2,1
10470,149,-4.83,46,0,383.8,1
10509,150,-4.48,39,2,297.5,1
10560,151,-7.00,51,1,123.1,1
10609,152,-6.28,49,1,329.2,1
10663,153,-7.06,54,1,322.1,1
10746,154,-6.71,83,1,368.7,1
10810,155,-4.90,64,1,395.4,1
10844,156,-6.68,34,1,144.0,1
10923,157,-6.59,79,1,362.9,1
11141,158,-10.62,218,1,119.4,1
11199,159,-3.52,58,2,355.7,1
11253,160,-7.15,54,1,266.8,1
11437,161,-6.60,184,2,505.6,1
11551,162,-5.57,114,2,334.7,1
11712,163,-10.38,161,1,214.4,1
11775,164,-4.90,63,1,450.1,1
11915,165,-4.15,140,3,529.7,1
11983,166,-5.42,68,1,447.8,1
12015,167,-6.22,32,0,430.8,1
12055,168,-4.55,40,2,294.6,1
12080,169,-7.59,25,0,131.7,1
12113,170,-6.81,33,1,160.0,1
12147,171,-6.31,34,1,193.7,1
12181,172,-7.00,34,1,135.6,1
12217,173,-4.12,36,2,562.0,1
12241,174,-7.49,24,0,223.1,1
12292,175,-5.90,51,1,242.6,1
12325,176,-6.56,33,1,177.7,1
12360,177,-5.35,35,1,330.5,1
12491,178,-7.34,131,2,327.4,1
12526,179,-4.09,35,2,336.5,1
12571,180,-8.43,45,0,96.4,1
12643,181,-4.42,72,1,378.1,1
12686,182,-6.80,43,0,374.2,1
12717,183,-4.98,31,1,489.4,1
12758,184,-9.67,41,0,145.6,1
12810,185,-6.49,52,1,292.1,1
13010,186,-6.88,200,2,336.2,1
13050,187,-6.59,40,0,378.1,1
13325,188,-9.92,275,1,484.9,1
13409,189,-2.14,84,3,745.5,1
13472,190,-4.93,63,1,368.0,1
13648,191,-7.18,176,1,287.0,1
13746,192,-6.10,98,1,321.2,1
13822,193,-5.26,76,2,293.9,1
13901,194,-5.65,79,1,427.7,1
13946,195,-5.41,45,1,383.1,1
14031,196,-9.38,85,1,164.5,1
14090,197,-4.00,59,1,330.3,1
14114,198,-7.21,24,0,223.2,1
14148,199,-6.26,34,1,136.8,1
14200,200,-5.07,52,1,282.9,1
14281,201,-4.35,81,1,366.2,1
14315,202,-7.03,34,1,37.3,1
14364,203,-6.08,49,1,406.4,1
14391,204,-6.28,27,1,59.4,1
14432,205,-9.21,41,0,56.5,1
14555,206,-1.94,123,2,704.4,1
14618,207,-7.74,63,1,124.5,1
14665,208,-4.41,47,2,395.7,1
14749,209,-6.05,84,1,396.3,1
14886,210,-9.92,137,1,213.6,1
14927,211,-8.72,41,0,13.6,1
14957,212,-7.27,30,0,229.4,1
14996,213,-7.02,39,0,356.3,1
15176,214,-8.65,180,1,168.2,1
15220,215,-5.60,44,1,372.3,1
15254,216,-6.14,34,1,172.1,1
15322,217,-4.59,68,1,427.1,1
15383,218,-3.83,61,1,373.3,1
15457,219,-4.43,74,1,335.3,1
15513,220,-6.07,56,1,408.3,1
15565,221,-6.22,52,1,357.2,1
15620,222,-5.70,55,1,300.1,1
15713,223,-8.59,93,1,317.3,1
15766,224,-5.63,53,1,253.4,1
15864,225,-7.87,98,1,152.8,1
15929,226,-3.82,65,1,366.7,1
16025,227,-5.96,96,1,430.2,1
16060,228,-7.47,35,0,263.3,1
16121,229,-5.52,61,1,344.3,1
16180,230,-6.51,59,1,105.6,1
16326,231,-6.63,146,2,514.6,1
16373,232,-6.09,47,1,209.1,1
16408,233,-6.70,35,1,74.7,1
16469,234,-9.21,61,0,48.1,1
16522,235,-2.45,53,2,391.3,1
16556,236,-6.95,34,1,95.0,1
16597,237,-7.08,41,0,272.2,1
16657,238,-4.10,60,1,352.2,1
16682,239,-7.60,25,0,157.6,1
16782,240,-7.91,100,1,215.0,1
16814,241,-7.53,32,0,181.4,1
16843,242,-6.80,29,1,108.8,1
16908,243,-2.73,65,2,535.1,1
16933,244,-8.37,25,0,86.0,1
17022,245,-6.21,89,1,255.0,1
17057,246,-8.05,35,0,53.9,1
17099,247,-5.66,42,1,284.1,1
17273,248,28.01,174,5,1276.9,0
17500,249,-10.89,227,1,288.3,1
17558,250,-5.11,58,1,342.9,1
17674,251,-9.43,116,1,286.8,1
17697,252,-7.68,23,0,38.1,1
17732,253,-5.12,35,1,468.3,1
17766,254,-7.72,34,0,91.8,1
17824,255,-4.35,58,1,397.3,1
17859,256,-6.07,35,1,388.4,1
17905,257,-5.82,46,1,273.7,1
17953,258,-5.31,48,2,393.2,1
18033,259,-3.10,80,2,416.2,1
18067,260,-5.86,34,1,347.3,1
18213,261,-10.73,146,1,354.9,1
18264,262,-3.77,51,2,403.6,1
18300,263,-4.09,36,2,399.9,1
18320,264,-6.69,20,1,75.8,1
18391,265,-4.30,71,3,527.5,1
18457,266,-6.34,66,1,386.1,1
18491,267,-6.48,34,0,432.8,1
18526,268,-6.61,35,0,372.7,1
18585,269,-4.65,59,2,399.9,1
18654,270,-6.10,69,1,418.0,1
18703,271,-6.93,49,1,188.9,1
18800,272,-3.71,97,1,389.7,1
18820,273,-6.38,20,1,127.1,1
18867,274,-2.57,47,2,490.5,1
18992,275,-8.78,125,1,113.6,1
19206,276,-9.89,214,1,142.2,1
19452,277,0.64,246,4,797.4,1
19505,278,-5.84,53,1,279.1,1
19552,279,-5.04,47,2,507.5,1
19642,280,-3.65,90,2,419.9,1
19728,281,-5.71,86,2,348.2,1
19810,282,-2.97,82,3,424.6,1
19857,283,-4.58,47,2,412.0,1
19912,284,-4.71,55,1,390.8,1
19981,285,-4.98,69,2,453.6,1
20006,286,-6.82,25,0,301.5,1
20053,287,-4.79,47,1,450.3,1
20092,288,-7.55,39,0,99.7,1
20134,289,-4.96,42,1,405.4,1
20205,290,-6.13,71,1,245.1,1
20240,291,-4.57,35,1,321.6,1
20258,292,-7.35,18,0,145.0,1
20280,293,-7.35,22,0,206.6,1
20363,294,-1.75,83,3,754.7,1
20421,295,-3.63,58,1,310.0,1
20490,296,-6.48,69,1,194.1,1
20536,297,-5.53,46,1,242.1,1
20581,298,-4.97,45,1,400.5,1
20648,299,-5.11,67,1,199.6,1
20728,300,-0.13,80,3,1096.3,1
20762,301,-3.97,34,3,257.7,1
20801,302,-5.90,39,1,370.1,1
20842,303,-7.59,41,1,114.2,1
20881,304,-4.90,39,1,231.7,1
20922,305,-8.40,41,0,24.1,1
20950,306,-8.94,28,0,52.7,1
20979,307,-6.45,29,0,320.1,1
21021,308,-5.29,42,1,348.5,1
21048,309,-6.98,27,0,267.1,1
21081,310,-4.64,33,2,337.3,1
21143,311,-5.37,62,1,305.2,1
21186,312,-3.47,43,2,403.2,1
21216,313,-7.81,30,0,40.3,1
21241,314,-6.91,25,0,205.9,1
21282,315,-6.88,41,0,354.0,1
21389,316,-2.22,107,2,816.1,1
21422,317,-6.23,33,1,223.9,1
21446,318,-5.62,24,2,211.5,1
21513,319,-2.85,67,2,347.6,1
21542,320,-5.82,29,1,313.4,1
21599,321,-4.65,57,2,469.0,1
21684,322,-2.06,85,2,642.9,1
21702,323,-7.03,18,0,172.0,1
21731,324,-7.03,29,0,291.1,1
21772,325,-8.16,41,0,82.7,1
21813,326,-2.85,41,2,369.7,1
21892,327,-4.65,79,1,372.1,1
21931,328,-7.72,39,1,67.7,1
21954,329,-7.28,23,0,213.4,1
21996,330,-4.24,42,2,491.6,1
22042,331,-4.71,46,2,437.2,1
22075,332,-4.34,33,2,353.3,1
22105,333,-6.92,30,0,246.2,1
22164,334,-5.73,59,1,320.3,1
22217,335,-4.82,53,2,501.0,1
22260,336,-5.27,43,1,512.4,1
22316,337,-5.89,56,1,310.7,1
22385,338,-3.22,69,1,377.7,1
22451,339,-5.41,66,1,330.5,1
22493,340,-6.52,42,1,139.4,1
22529,341,-5.06,36,1,580.0,1
22585,342,-5.68,56,1,266.1,1
22615,343,-7.71,30,0,117.5,1
22655,344,-4.42,40,2,434.2,1
22693,345,-6.57,38,0,399.4,1
22757,346,-5.60,64,1,304.7,1
22785,347,-6.73,28,0,225.4,1
22850,348,-5.66,65,1,317.7,1
22899,349,-4.54,49,1,364.3,1
22954,350,-5.72,55,1,293.1,1
23007,351,-3.62,53,2,503.3,1
23061,352,-4.88,54,2,338.3,1
23203,353,1.75,142,4,813.6,1
23263,354,-4.89,60,1,433.3,1
23318,355,-6.59,55,1,310.9,1
23420,356,-3.97,102,2,651.1,1
23441,357,-6.98,21,0,194.8,1
23599,358,-5.12,158,2,465.2,1
23655,359,-5.90,56,1,389.5,1
23734,360,-6.14,79,1,330.1,1
23767,361,-5.63,33,1,357.9,1
23801,362,-5.33,34,2,285.7,1
23891,363,2.82,90,4,1075.1,1
23932,364,-7.42,41,0,221.1,1
23986,365,-4.44,54,2,441.0,1
24050,366,-4.88,64,2,366.9,1
24080,367,-6.05,30,1,156.2,1
24111,368,-7.29,31,0,267.2,1
24131,369,-7.38,20,0,161.0,1
24231,370,-5.19,100,1,355.2,1
24290,371,-5.88,59,1,378.7,1
24336,372,-4.17,46,2,458.4,1
24370,373,-4.15,34,2,456.0,1
24409,374,-5.44,39,1,377.9,1
24442,375,-6.66,33,0,252.1,1
24501,376,-6.93,59,1,325.1,1
24536,377,-5.21,35,1,275.8,1
24554,378,-6.26,18,1,52.5,1
24603,379,-5.81,49,1,465.3,1
24659,380,-4.93,56,1,336.6,1
24699,381,-4.63,40,2,431.6,1
24748,382,-3.23,49,3,430.5,1
24792,383,-7.53,44,1,191.8,1
24830,384,-4.70,38,1,428.7,1
24887,385,-5.17,57,1,404.5,1
24932,386,-5.17,45,1,471.3,1
25023,387,-1.59,91,2,858.4,1
25056,388,-6.27,33,0,267.3,1
25249,389,-1.81,193,3,874.2,1
25290,390,-6.96,41,0,322.1,1
25364,391,-4.94,74,2,412.7,1
25441,392,-5.44,77,1,375.2,1
25488,393,-5.32,47,1,369.7,1
25542,394,-5.43,54,1,344.9,1
25583,395,-4.72,41,1,490.0,1
25625,396,-5.72,42,1,323.5,1
25662,397,-7.18,37,0,283.4,1
25702,398,-4.36,40,1,348.2,1
25802,399,-9.46,100,1,306.2,1
25847,400,-5.70,45,0,369.6,1
25903,401,-5.70,56,1,370.1,1
25985,402,-1.10,82,3,890.2,1
26019,403,-5.92,34,1,234.8,1
26291,404,-6.74,272,3,561.6,1
26319,405,-7.15,28,0,219.7,1
26471,406,-11.50,152,1,296.8,1
26513,407,-4.83,42,1,392.3,1
26566,408,-5.63,53,1,249.5,1
26635,409,-4.34,69,1,474.2,1
26699,410,-5.09,64,1,428.1,1
26749,411,-3.89,50,1,381.2,1
26835,412,-2.28,86,3,916.7,1
26889,413,-6.10,54,1,393.7,1
26955,414,-4.72,66,1,374.9,1
26980,415,-3.87,25,2,428.5,1
27034,416,-5.97,54,1,455.6,1
27104,417,-3.88,70,2,524.6,1
27147,418,-4.29,43,2,398.2,1
27213,419,-4.18,66,1,357.8,1
27247,420,-5.31,34,1,330.4,1
27280,421,-6.22,33,0,324.3,1
27335,422,-5.40,55,2,419.5,1
27399,423,-4.01,64,2,604.6,1
27440,424,-6.17,41,1,375.1,1
27487,425,-5.60,47,1,444.7,1
27531,426,-5.86,44,1,404.0,1
27575,427,-4.39,44,2,372.6,1
27607,428,-5.02,32,1,529.9,1
27644,429,-4.92,37,1,434.3,1
27716,430,-3.21,72,2,367.4,1
27848,431,1.78,132,4,1056.9,1
27911,432,-3.77,63,1,536.3,1
27996,433,-5.82,85,1,483.2,1
28040,434,-5.48,44,1,459.0,1
28063,435,-6.96,23,1,51.1,1
28157,436,0.44,94,4,962.1,1
28243,437,-4.21,86,1,372.7,1
28280,438,-9.66,37,0,78.9,1
28805,439,-11.25,525,2,390.2,0
28927,440,-1.72,122,2,862.0,1
28963,441,-6.53,36,0,445.0,1
29025,442,-4.16,62,1,470.9,1
29067,443,-4.00,42,2,411.0,1
29105,444,-6.91,38,0,365.3,1
29153,445,-8.17,48,1,176.9,1
29234,446,-1.76,81,3,936.2,1
29321,447,-1.58,87,3,430.2,1
29355,448,-5.38,34,1,317.6,1
29410,449,-4.15,55,2,333.6,1
29444,450,-7.51,34,1,77.3,1
29497,451,-3.82,53,2,499.1,1
29562,452,-2.37,65,2,496.5,1
29591,453,-5.44,29,1,150.1,1
29653,454,-5.74,62,1,468.7,1
29707,455,-5.27,54,1,481.1,1
29733,456,-6.75,26,0,316.3,1
29788,457,-3.77,55,2,407.6,1
29915,458,-2.97,127,2,833.0,1
29994,459,-4.41,79,1,396.2,1
30049,460,-3.46,55,1,365.3,1
30117,461,-3.32,68,2,507.6,1
30157,462,-5.37,40,1,175.2,1
30206,463,-6.27,49,1,404.6,1
30239,464,-6.36,33,2,279.4,1
30287,465,-4.10,48,2,428.0,1
30351,466,-3.84,64,2,501.6,1
30377,467,-7.83,26,0,56.6,1
30411,468,-6.97,34,0,244.8,1
30501,469,0.84,90,4,752.8,1
30540,470,-4.35,39,2,445.1,1
30583,471,-5.76,43,1,185.5,1
30629,472,-4.04,46,1,517.6,1
30685,473,-5.26,56,1,413.9,1
30715,474,-6.39,30,0,437.6,1
30788,475,-6.21,73,1,314.4,1
30850,476,-5.05,62,1,237.5,1
30896,477,-3.38,46,2,460.5,1
30943,478,-7.29,47,0,434.7,1
30991,479,-9.07,48,0,49.1,1
31055,480,-4.81,64,1,378.6,1
31105,481,-4.93,50,1,392.8,1
31145,482,-6.53,40,1,189.9,1
31185,483,-5.01,40,1,434.1,1
31251,484,-2.35,66,2,749.7,1
31293,485,-6.05,42,1,434.7,1
31340,486,-4.03,47,2,394.2,1
31374,487,-4.80,34,2,361.2,1
31430,488,-4.70,56,2,344.3,1
31481,489,-6.17,51,1,382.8,1
31521,490,-4.24,40,1,321.1,1
31567,491,-4.44,46,1,379.9,1
31633,492,-3.71,66,1,430.2,1
31668,493,-7.81,35,0,260.7,1
31719,494,-4.56,51,1,379.9,1
31885,495,-10.79,166,2,417.2,1
31929,496,-4.33,44,2,464.8,1
31970,497,-5.90,41,1,378.3,1
32001,498,-5.94,31,0,327.9,1
32046,499,-4.89,45,2,446.4,1
32089,500,-5.83,43,1,497.4,1
32179,501,-4.17,90,3,387.3,1
32239,502,-5.06,60,1,501.4,1
32263,503,-6.59,24,0,447.0,1
32311,504,-3.61,48,2,360.3,1
32385,505,-5.59,74,1,391.5,1
32450,506,-5.91,65,1,496.6,1
32495,507,-3.25,45,2,381.7,1
32536,508,-7.30,41,0,340.5,1
32590,509,-4.13,54,1,480.7,1
32656,510,-7.80,66,1,48.0,1
32714,511,-3.59,58,1,569.2,1
32765,512,-5.31,51,1,442.2,1
32817,513,-4.46,52,1,594.8,1
32845,514,-8.37,28,0,87.0,1
32888,515,-4.75,43,1,597.1,1
32922,516,-4.28,34,2,485.7,1
32998,517,-2.95,76,2,705.1,1
33050,518,-4.24,52,2,482.7,1
33074,519,-6.94,24,0,233.1,1
33111,520,-3.65,37,2,446.9,1
33207,521,-3.72,96,2,599.3,1
33248,522,-9.21,41,0,63.6,1
33273,523,-7.25,25,0,192.2,1
33327,524,-4.18,54,1,418.1,1
33365,525,-5.76,38,1,427.4,1
33452,526,-1.91,87,4,822.8,1
33540,527,-3.37,88,1,363.6,1
33580,528,-6.84,40,0,455.1,1
33662,529,-0.98,82,3,942.2,1
33716,530,-3.91,54,1,388.4,1
33754,531,-5.89,38,1,458.2,1
33796,532,-4.63,42,2,403.2,1
33844,533,-4.97,48,2,446.2,1
33867,534,-5.89,23,1,157.3,1
33921,535,-4.54,54,2,240.6,1
33975,536,-7.60,54,1,182.0,1
34070,537,-1.01,95,3,740.8,1
34117,538,-4.54,47,1,337.0,1
34156,539,-3.87,39,2,409.2,1
34195,540,-6.16,39,1,366.1,1
34250,541,-5.00,55,1,339.7,1
34293,542,-5.01,43,1,422.2,1
34329,543,-6.26,36,1,459.6,1
34378,544,-3.00,49,2,426.8,1
34413,545,-4.68,35,1,402.8,1
34449,546,-5.53,36,1,474.0,1
34505,547,-4.87,56,2,487.1,1
34533,548,-6.14,28,0,307.4,1
34568,549,-7.32,35,0,344.6,1
34594,550,-8.76,26,0,70.9,1
34647,551,-5.53,53,1,497.3,1
34702,552,-5.82,55,1,489.5,1
34737,553,-5.96,35,0,342.9,1
34798,554,-4.25,61,2,546.0,1
34816,555,-7.38,18,0,132.0,1
34842,556,-6.30,26,1,151.3,1
34888,557,-4.80,46,1,411.2,1
34939,558,-4.03,51,1,433.7,1
35048,559,26.43,109,5,1276.7,0
35134,560,-5.10,86,2,345.3,1
35175,561,-4.13,41,1,389.8,1
35210,562,-6.22,35,1,465.7,1
35257,563,-4.99,47,1,310.1,1
35303,564,-9.72,46,0,120.1,1
35363,565,-3.30,60,1,505.1,1
35493,566,-1.85,130,2,726.4,1
35550,567,-4.53,57,2,455.1,1
35574,568,-6.74,24,0,270.2,1
35626,569,-5.95,52,1,451.4,1
35675,570,-3.34,49,2,425.4,1
35732,571,-2.21,57,3,794.6,1
35816,572,-1.67,84,4,824.5,1
35857,573,-7.70,41,0,127.3,1
35911,574,-3.80,54,1,348.8,1
35941,575,-6.36,30,0,284.1,1
35995,576,-3.70,54,2,407.2,1
36043,577,-2.96,48,2,546.5,1
36071,578,-6.95,28,0,234.2,1
36135,579,-2.64,64,2,554.1,1
36189,580,-4.02,54,1,370.3,1
36232,581,-4.66,43,1,267.8,1
36286,582,-7.02,54,0,352.5,1
36373,583,-3.59,87,1,539.0,1
36449,584,-1.07,76,3,775.3,1
36483,585,-4.19,34,2,566.4,1
36516,586,-5.62,33,1,418.6,1
36606,587,0.38,90,3,860.1,1
36652,588,-8.68,46,0,34.4,1
36678,589,-7.33,26,0,241.7,1
36735,590,-5.53,57,1,399.5,1
36776,591,-6.80,41,1,124.5,1
36808,592,-5.00,32,1,581.0,1
36841,593,-7.55,33,0,148.7,1
36868,594,-8.05,27,0,145.2,1
36986,595,-11.52,118,2,649.5,1
37027,596,-7.19,41,1,143.2,1
37082,597,-5.96,55,1,257.2,1
37126,598,-4.30,44,1,411.1,1
37200,599,-4.94,74,1,434.1,1
37227,600,-6.41,27,0,439.2,1
37266,601,-6.88,39,0,425.8,1
37332,602,-5.67,66,1,294.1,1
37380,603,-3.35,48,2,502.0,1
37434,604,-4.79,54,2,445.0,1
37648,605,-11.27,214,1,277.3,1
37673,606,-7.43,25,0,155.1,1
37735,607,-4.86,62,2,457.5,1
37777,608,-3.11,42,2,441.2,1
37875,609,-0.51,98,3,840.0,1
37896,610,-6.83,21,0,244.3,1
37938,611,-2.76,42,2,427.2,1
37979,612,-4.65,41,1,402.1,1
38040,613,-4.66,61,1,293.8,1
38076,614,-6.84,36,1,131.8,1
38125,615,-6.25,49,1,374.4,1
38175,616,-4.91,50,1,380.5,1
38251,617,-0.94,76,3,813.1,1
38290,618,-3.52,39,2,483.1,1
38331,619,-9.74,41,0,118.8,1
38361,620,-6.72,30,0,363.1,1
38399,621,-6.38,38,1,332.6,1
38553,622,-6.36,154,2,487.7,1
38584,623,-6.43,31,1,90.2,1
38628,624,-4.36,44,1,431.8,1
38677,625,-3.23,49,2,391.3,1
38751,626,-6.34,74,1,447.1,1
38845,627,-2.25,94,4,853.3,1
38908,628,-2.25,63,2,616.3,1
39006,629,-4.61,98,1,467.7,1
39056,630,-4.88,50,2,358.6,1
39106,631,-3.94,50,2,440.4,1
39134,632,-7.76,28,0,91.7,1
39184,633,-3.24,50,2,446.3,1
39239,634,-9.92,55,0,112.1,1
39285,635,-5.23,46,1,505.4,1
39303,636,-6.46,18,1,153.1,1
39346,637,-4.47,43,1,465.4,1
39385,638,-5.16,39,1,365.3,1
39460,639,-5.43,75,2,533.1,1
39508,640,-4.47,48,1,757.9,1
39556,641,-4.92,48,1,395.0,1
39609,642,-3.84,53,1,530.6,1
39650,643,-5.69,41,1,474.7,1
39704,644,-5.01,54,1,373.6,1
39758,645,-5.62,54,1,426.8,1
39835,646,-5.37,77,1,364.7,1
39900,647,-0.05,65,4,912.5,1
39938,648,-4.11,38,2,491.9,1
39989,649,-5.61,51,1,471.3,1
40015,650,-6.20,26,0,465.5,1
40058,651,-5.11,43,1,393.1,1
40111,652,-4.06,53,1,383.4,1
40161,653,-3.64,50,1,473.1,1
40185,654,-6.22,24,1,164.1,1
40234,655,-4.46,49,1,374.8,1
40281,656,-4.91,47,1,377.6,1
40360,657,-1.93,79,2,871.3,1
40410,658,-4.02,50,1,659.0,1
40459,659,-4.76,49,1,412.9,1
40483,660,-8.42,24,0,36.4,1
40536,661,-6.40,53,1,385.8,1
40579,662,-3.77,43,1,424.8,1
40634,663,-5.16,55,1,385.5,1
40681,664,-5.31,47,1,456.7,1
40724,665,-5.45,43,1,454.3,1
40771,666,-3.67,47,2,444.4,1
40810,667,-4.13,39,2,464.6,1
40852,668,-6.81,42,0,452.9,1
40899,669,-6.02,47,1,462.2,1
40994,670,-2.36,95,3,981.6,1
41043,671,-5.81,49,1,457.2,1
41070,672,-6.05,27,0,264.4,1
41149,673,-3.39,79,2,894.4,1
41225,674,-6.15,76,1,316.8,1
41287,675,-4.46,62,1,419.6,1
41496,676,-9.59,209,1,52.6,1
41546,677,-4.13,50,1,481.8,1
41602,678,-6.31,56,1,429.5,1
41668,679,-4.08,66,2,524.2,1
41729,680,-4.19,61,1,502.6,1
41765,681,-4.60,36,1,420.7,1
41814,682,-4.12,49,2,444.5,1
41872,683,-3.13,58,2,498.6,1
41901,684,-8.18,29,0,70.7,1
42273,685,-9.64,372,2,462.6,1
42327,686,-4.00,54,2,437.0,1
42361,687,-6.01,34,1,270.8,1
42406,688,-5.04,45,1,511.3,1
42557,689,-5.25,151,3,743.2,1
42593,690,-5.54,36,1,506.6,1
42618,691,-7.29,25,0,268.3,1
42661,692,-5.20,43,1,421.3,1
42693,693,-5.45,32,1,426.6,1
42729,694,-4.54,36,2,354.9,1
42765,695,-5.21,36,1,247.9,1
42815,696,-5.19,50,1,277.5,1
42888,697,-4.82,73,1,304.5,1
42972,698,-5.05,84,1,365.6,1
43028,699,-5.05,56,2,401.4,1
43078,700,-5.47,50,1,358.1,1
43128,701,-4.54,50,1,509.4,1
43164,702,-4.99,36,1,399.8,1
43238,703,-3.67,74,2,521.0,1
43287,704,-4.12,49,2,391.4,1
43338,705,-3.59,51,2,459.3,1
43374,706,-7.00,36,0,243.0,1
43424,707,-5.26,50,1,427.2,1
43460,708,-6.69,36,0,377.1,1
43499,709,-5.36,39,1,424.5,1
43625,710,-2.98,126,3,839.9,1
43679,711,-4.88,54,2,468.4,1
43724,712,-5.44,45,1,436.5,1
43803,713,-4.52,79,2,508.8,1
43889,714,-1.85,86,2,708.6,1
43928,715,-8.59,39,0,39.3,1
43982,716,-5.04,54,1,398.9,1
44018,717,-6.46,36,0,490.2,1
44042,718,-7.81,24,0,83.3,1
44067,719,-6.69,25,0,240.9,1
44095,720,-6.50,28,1,102.7,1
44155,721,-5.08,60,1,457.4,1
44204,722,-3.94,49,1,402.6,1
44263,723,-4.33,59,1,298.8,1
44296,724,-6.32,33,1,244.0,1
44345,725,-3.80,49,2,516.8,1
44440,726,-0.45,95,3,1043.2,1
44470,727,-6.69,30,0,435.9,1
44521,728,-2.06,51,3,855.3,1
44656,729,-3.11,135,3,945.2,1
44701,730,-5.52,45,1,415.9,1
44739,731,-5.27,38,2,413.3,1
44780,732,-7.58,41,0,139.7,1
44861,733,-6.28,81,1,329.2,1
44900,734,-4.65,39,2,444.4,1
44947,735,-4.35,47,2,419.3,1
45005,736,-3.07,58,2,541.9,1
45038,737,-6.65,33,0,214.5,1
45074,738,-6.15,36,1,206.9,1
45144,739,-2.28,70,3,500.2,1
45175,740,-6.35,31,0,364.7,1
45214,741,-5.98,39,1,362.7,1
45254,742,-4.01,40,2,432.8,1
45289,743,-4.56,35,2,455.3,1
45350,744,-6.07,61,1,343.0,1
45406,745,-5.41,56,1,441.1,1
45432,746,-7.67,26,0,195.8,1
45456,747,-7.47,24,0,205.6,1
45494,748,-6.62,38,0,427.4,1
45536,749,-3.68,42,2,390.4,1
45583,750,-5.13,47,2,411.4,1
45607,751,-6.81,24,0,449.8,1
45654,752,-4.55,47,2,337.3,1
45743,753,-9.39,89,1,100.4,1
45770,754,-6.52,27,0,416.4,1
45814,755,-5.76,44,1,494.9,1
45851,756,-9.12,37,0,58.3,1
45904,757,-5.89,53,1,536.0,1
45930,758,-6.46,26,0,357.5,1
45951,759,-6.21,21,1,113.5,1
46054,760,-6.25,103,1,391.7,1
46076,761,-7.84,22,0,100.9,1
46161,762,-5.37,85,1,457.4,1
46207,763,-5.25,46,2,483.0,1
46237,764,-6.38,30,0,458.0,1
46269,765,-5.66,32,0,603.8,1
46343,766,-3.56,74,2,493.9,1
46429,767,3.24,86,4,1137.1,1
46500,768,-4.97,71,2,314.2,1
46524,769,-7.05,24,0,220.5,1
46559,770,-5.89,35,1,342.6,1
46612,771,-3.27,53,2,452.3,1
46680,772,-5.99,68,1,448.7,1
46738,773,-2.83,58,2,841.8,1
46789,774,-3.42,51,1,434.1,1
46818,775,-4.98,29,1,359.3,1
46863,776,-4.75,45,2,356.5,1
46930,777,-2.99,67,2,542.0,1
46960,778,-4.93,30,1,560.9,1
47011,779,-3.14,51,2,564.1,1
47046,780,-4.01,35,2,441.3,1
47088,781,-5.87,42,1,474.7,1
47123,782,-6.43,35,0,266.7,1
47162,783,-5.73,39,1,450.0,1
47204,784,-7.00,42,1,103.0,1
47610,785,-11.28,406,2,481.6,1
47652,786,-5.16,42,1,623.7,1
47677,787,-5.74,25,1,256.7,1
47702,788,-6.34,25,1,202.6,1
47753,789,-5.56,51,1,539.8,1
47780,790,-7.70,27,0,110.9,1
47826,791,-6.01,46,1,397.4,1
47915,792,-2.60,89,3,771.3,1
47963,793,-4.36,48,1,440.7,1
48024,794,-6.57,61,1,268.9,1
48078,795,-5.39,54,1,475.1,1
48129,796,-2.98,51,2,484.7,1
48342,797,-5.53,213,3,594.1,1
48372,798,-8.11,30,0,75.1,1
48465,799,1.97,93,4,1027.1,1
48792,800,-9.75,327,2,379.8,1
48833,801,-5.92,41,1,275.6,1
48860,802,-7.00,27,0,245.4,1
48941,803,-4.01,81,1,404.5,1
48992,804,-5.14,51,1,482.0,1
49022,805,-6.69,30,0,271.4,1
49064,806,-4.48,42,2,451.0,1
49092,807,-7.64,28,0,211.2,1
49182,808,-1.23,90,3,963.8,1
49298,809,0.48,116,3,835.7,1
49335,810,-6.45,37,1,150.9,1
49382,811,-4.18,47,2,391.1,1
49450,812,-2.44,68,3,868.2,1
49535,813,-1.96,85,2,866.8,1
49587,814,-5.67,52,1,378.9,1
49775,815,-1.50,188,4,771.8,1
50300,816,-8.86,525,4,648.4,0
50360,817,-4.53,60,1,334.3,1
50446,818,-2.66,86,2,771.4,1
50484,819,-4.89,38,1,565.4,1
50506,820,-7.41,22,0,135.6,1
50545,821,-5.35,39,1,501.1,1
50600,822,-5.64,55,1,421.1,1
50647,823,-2.63,47,2,504.1,1
50689,824,-4.86,42,2,429.3,1
50737,825,-4.45,48,2,499.0,1
50783,826,-5.21,46,1,429.0,1
50824,827,-4.28,41,2,457.6,1
50858,828,-6.43,34,1,186.9,1
50903,829,-4.44,45,2,454.4,1
51001,830,23.26,98,3,1276.2,0
51084,831,-0.68,83,2,786.0,1
51121,832,-5.80,37,1,183.5,1
51166,833,-6.18,45,1,366.1,1
51191,834,-6.84,25,1,112.8,1
51230,835,-4.46,39,2,417.7,1
51281,836,-6.56,51,1,372.5,1
51335,837,-4.21,54,1,374.8,1
51380,838,-5.77,45,1,485.9,1
51440,839,-3.01,60,2,506.9,1
51468,840,-7.23,28,0,151.7,1
51534,841,-5.17,66,1,474.0,1
51623,842,-9.34,89,1,412.5,1
51669,843,-6.08,46,1,466.9,1
51711,844,-6.61,42,0,301.7,1
51745,845,-4.85,34,1,303.1,1
51833,846,2.84,88,4,1121.3,1
51876,847,-3.45,43,2,441.4,1
52007,848,-5.68,131,2,547.5,1
52052,849,-4.70,45,2,390.5,1
52086,850,-8.69,34,0,60.1,1
52121,851,-4.23,35,2,430.5,1
52201,852,-2.74,80,3,827.7,1
52237,853,-5.16,36,1,480.4,1
52270,854,-7.23,33,0,220.9,1
52306,855,-5.30,36,1,398.9,1
52339,856,-7.10,33,0,272.9,1
52379,857,-2.93,40,1,370.6,1
52431,858,-2.99,52,2,560.2,1
52513,859,-1.27,82,3,823.3,1
52552,860,-6.17,39,0,325.6,1
52606,861,-5.90,54,1,371.3,1
52674,862,-6.17,68,1,384.9,1
52728,863,-4.36,54,2,429.6,1
52786,864,-3.70,58,1,483.6,1
52819,865,-6.14,33,1,373.8,1
52913,866,-2.25,94,3,998.1,1
52974,867,-9.61,61,1,326.9,1
53030,868,-5.80,56,1,424.9,1
53088,869,-4.12,58,2,560.5,1
53133,870,-4.62,45,1,534.4,1
53174,871,-3.01,41,2,356.8,1
53219,872,-3.59,45,1,522.8,1
53261,873,-4.82,42,1,379.5,1
53303,874,-4.06,42,2,406.9,1
53347,875,-5.05,44,1,370.0,1
53414,876,-4.84,67,1,593.1,1
53448,877,-6.12,34,1,244.7,1
53513,878,-3.95,65,1,491.7,1
53541,879,-7.49,28,0,146.3,1
53596,880,-4.23,55,1,417.8,1
53683,881,-2.72,87,2,654.4,1
53735,882,-3.34,52,2,395.9,1
53794,883,-3.29,59,2,443.6,1
53855,884,-5.40,61,1,416.9,1
53913,885,-5.55,58,1,389.3,1
53937,886,-6.82,24,0,431.2,1
53970,887,-5.14,33,1,507.5,1
53996,888,-7.61,26,0,138.4,1
54066,889,-3.33,70,1,390.3,1
54146,890,-2.96,80,3,817.0,1
54207,891,-3.56,61,2,615.7,1
54253,892,-6.03,46,1,341.6,1
54346,893,-6.05,93,1,411.4,1
54392,894,-4.99,46,1,617.8,1
54506,895,-1.46,114,3,793.8,1
54562,896,-4.68,56,1,535.0,1
54608,897,-5.20,46,1,449.8,1
54657,898,-3.16,49,1,579.0,1
54713,899,-4.12,56,1,375.2,1
54739,900,-5.94,26,1,381.7,1
54794,901,-4.20,55,2,395.0,1
54841,902,-5.77,47,1,323.0,1
54893,903,-5.87,52,1,482.9,1
54942,904,-4.51,49,2,476.2,1
54993,905,-5.16,51,1,483.1,1
55036,906,-5.74,43,1,388.3,1
55075,907,-4.41,39,2,391.7,1
55170,908,-0.88,95,3,826.5,1
55249,909,-1.54,79,3,851.1,1
55283,910,-6.44,34,0,283.6,1
55332,911,-6.00,49,1,424.9,1
55365,912,-5.37,33,1,448.2,1
55415,913,-4.18,50,1,306.8,1
55461,914,-8.65,46,1,132.2,1
55480,915,-7.29,19,0,204.5,1
55568,916,-1.49,88,3,945.8,1
55912,917,-7.59,344,3,753.7,1
55953,918,-4.94,41,1,523.5,1
56008,919,-3.33,55,2,422.2,1
56062,920,-4.55,54,1,445.3,1
56120,921,-4.55,58,1,461.9,1
56177,922,-4.95,57,2,534.2,1
56218,923,-5.76,41,1,445.0,1
56266,924,-4.16,48,1,376.8,1
56305,925,-4.64,39,2,379.2,1
56345,926,-5.55,40,1,357.7,1
56391,927,-4.77,46,2,437.4,1
56448,928,-5.91,57,1,517.6,1
56491,929,-4.20,43,2,480.8,1
56542,930,-4.73,51,1,510.7,1
56566,931,-6.76,24,0,222.2,1
56606,932,-7.35,40,0,209.3,1
56660,933,-5.31,54,1,399.4,1
56681,934,-7.51,21,0,127.3,1
56731,935,-4.46,50,1,443.9,1
56809,936,-4.48,78,2,480.9,1
56844,937,-5.44,35,1,430.6,1
56893,938,-5.20,49,1,387.3,1
56923,939,-5.44,30,1,448.0,1
56973,940,-2.73,50,1,708.8,1
57012,941,-4.61,39,1,383.6,1
57091,942,-1.47,79,3,939.3,1
57133,943,-6.25,42,1,417.2,1
57159,944,-6.40,26,0,368.2,1
57195,945,-4.52,36,2,459.8,1
57329,946,-0.31,134,4,859.7,1
57395,947,-2.25,66,2,554.7,1
57437,948,-6.37,42,1,242.7,1
57490,949,-3.60,53,2,384.3,1
57537,950,-3.68,47,2,486.1,1
57583,951,-4.90,46,1,374.5,1
57616,952,-6.13,33,1,180.9,1
57643,953,-6.09,27,1,162.2,1
57701,954,-5.86,58,1,391.0,1
57734,955,-6.60,33,1,177.8,1
57811,956,-3.24,77,2,662.8,1
57851,957,-5.36,40,2,396.4,1
57893,958,-4.52,42,1,429.4,1
57914,959,-6.01,21,1,86.2,1
58012,960,-1.23,98,3,778.7,1
58096,961,-1.96,84,3,815.7,1
58138,962,-3.53,42,2,522.0,1
58180,963,-4.65,42,2,378.0,1
58244,964,-3.81,64,2,555.3,1
58289,965,-4.09,45,1,449.8,1
58646,966,0.09,357,4,964.1,1
58720,967,-2.06,74,2,554.7,1
58767,968,-3.83,47,2,462.8,1
58815,969,-2.99,48,2,522.7,1
58857,970,-4.30,42,1,440.3,1
58917,971,-3.13,60,2,524.0,1
58950,972,-6.02,33,1,166.7,1
59000,973,-4.10,50,1,421.5,1
59041,974,-4.68,41,1,373.0,1
59122,975,-1.67,81,2,556.6,1
59207,976,-2.28,85,3,904.9,1
59256,977,-3.81,49,2,502.5,1
59299,978,-5.35,43,1,440.5,1
59325,979,-6.19,26,1,157.6,1
59382,980,-1.99,57,2,521.2,1
59417,981,-4.69,35,1,425.5,1
59450,982,-7.52,33,0,186.1,1
59484,983,-6.14,34,1,155.4,1
59531,984,-5.90,47,1,406.9,1
59572,985,-7.79,41,0,101.6,1
60097,986,-6.66,525,3,487.6,0
60158,987,-6.52,61,1,377.5,1
60200,988,-4.75,42,1,408.5,1
60226,989,-6.40,26,0,243.3,1
60290,990,-4.85,64,1,471.0,1
60340,991,-4.03,50,2,407.1,1
60362,992,-7.21,22,0,213.8,1
60397,993,-3.94,35,2,446.5,1
60445,994,-5.14,48,1,454.5,1
60465,995,-7.35,20,0,132.5,1
60499,996,-5.38,34,1,137.9,1
60543,997,-3.20,44,2,471.5,1
60588,998,-4.19,45,1,461.2,1
60636,999,-6.53,48,1,442.1,1
60658,1000,-6.61,22,0,228.3,1
60713,1001,-3.35,55,2,450.7,1
60797,1002,1.67,84,2,811.4,1
60844,1003,-4.97,47,1,306.3,1
61010,1004,-5.15,166,2,508.0,1
61064,1005,-4.93,54,1,427.4,1
61106,1006,-7.12,42,0,374.2,1
61167,1007,-2.23,61,3,930.2,1
61212,1008,-4.40,45,1,454.3,1
61255,1009,-4.16,43,1,390.9,1
61295,1010,-3.89,40,1,440.7,1
61344,1011,-2.75,49,2,437.0,1
61387,1012,-7.17,43,1,208.4,1
61438,1013,-4.80,51,1,539.7,1
61486,1014,-3.63,48,1,435.1,1
61517,1015,-6.34,31,0,429.3,1
61552,1016,-5.20,35,1,473.1,1
61629,1017,-2.15,77,3,924.0,1
61657,1018,-4.48,28,2,423.3,1
61697,1019,-5.84,40,1,380.8,1
61755,1020,-2.30,58,3,923.7,1
61776,1021,-6.94,21,0,216.1,1
61856,1022,-3.19,80,2,852.8,1
61899,1023,-3.78,43,2,474.3,1
61966,1024,-5.35,67,1,741.3,1
62043,1025,5.66,77,4,1156.3,1
62090,1026,-6.55,47,1,483.3,1
62124,1027,-5.05,34,1,532.7,1
62200,1028,-3.05,76,2,747.3,1
62290,1029,-1.91,90,3,905.3,1
62344,1030,-3.56,54,2,452.5,1
62434,1031,0.68,90,4,715.8,1
62468,1032,-5.72,34,1,283.1,1
62529,1033,-4.21,61,1,427.3,1
62629,1034,24.66,100,3,1277.3,0
62671,1035,-4.56,42,1,398.7,1
63196,1036,-7.28,525,3,509.6,0
63210,1037,-6.76,14,0,234.1,1
63261,1038,-5.35,51,1,528.7,1
63309,1039,-3.23,48,2,451.3,1
63367,1040,-4.66,58,1,331.8,1
63429,1041,-0.99,62,3,811.8,1
63485,1042,-3.11,56,2,384.5,1
63538,1043,-3.58,53,2,500.0,1
63577,1044,-3.32,39,2,448.0,1
63617,1045,-4.08,40,1,374.3,1
63649,1046,-6.05,32,0,440.6,1
63691,1047,-5.01,42,1,407.5,1
63744,1048,-5.05,53,1,469.2,1
63798,1049,-5.40,54,1,337.9,1
63871,1050,-3.81,73,2,803.0,1
63925,1051,-2.60,54,2,698.4,1
63946,1052,-6.83,21,0,233.2,1
63990,1053,-7.19,44,1,75.6,1
64085,1054,-0.15,95,3,793.8,1
64123,1055,-4.16,38,2,399.8,1
64169,1056,-5.89,46,1,364.0,1
64206,1057,-4.66,37,2,424.0,1
64250,1058,-5.29,44,1,529.9,1
64340,1059,-4.60,90,2,528.9,1
64392,1060,-4.09,52,1,548.3,1
64538,1061,-0.51,146,4,896.9,1
64587,1062,-3.73,49,2,435.9,1
64652,1063,-5.61,65,1,462.8,1
64696,1064,-5.62,44,1,344.4,1
64768,1065,-2.54,72,2,929.7,1
64806,1066,-4.12,38,1,582.5,1
64852,1067,-4.82,46,2,414.7,1
64882,1068,-4.32,30,2,484.3,1
64939,1069,-4.37,57,2,432.9,1
64983,1070,-3.95,44,2,425.1,1
65034,1071,-4.47,51,2,396.2,1
65076,1072,-7.21,42,1,123.8,1
65132,1073,-8.96,56,0,55.3,1
65259,1074,-8.72,127,2,655.9,1
65307,1075,-5.78,48,1,446.6,1
65367,1076,-5.50,60,1,327.3,1
65415,1077,-5.61,48,1,385.4,1
65443,1078,-7.13,28,0,205.8,1
65491,1079,-3.33,48,1,363.4,1
65543,1080,-3.42,52,2,489.9,1
65602,1081,-5.06,59,1,445.5,1
65658,1082,-4.06,56,1,350.9,1
65700,1083,-4.65,42,1,407.5,1
65802,1084,-4.08,102,1,430.0,1
65856,1085,-4.53,54,2,374.0,1
65902,1086,-4.89,46,1,403.4,1
65940,1087,-5.18,38,1,404.1,1
65979,1088,-3.89,39,2,552.0,1
66024,1089,-5.48,45,1,459.7,1
66058,1090,-7.54,34,0,166.5,1
66104,1091,-5.92,46,1,437.2,1
66160,1092,-4.63,56,2,400.4,1
66211,1093,-4.52,51,1,458.8,1
66255,1094,-4.11,44,1,369.2,1
66290,1095,-4.42,35,2,483.4,1
66340,1096,-3.79,50,1,387.7,1
66406,1097,-3.77,66,2,758.9,1
66446,1098,-5.13,40,1,508.4,1
66657,1099,-9.06,211,2,533.4,1
66713,1100,-5.32,56,1,394.0,1
66783,1101,-5.03,70,1,435.5,1
66822,1102,-4.93,39,1,305.1,1
66862,1103,-4.36,40,2,463.9,1
66895,1104,-6.72,33,0,403.0,1
66969,1105,-0.86,74,3,864.6,1
67014,1106,-3.32,45,2,498.0,1
67049,1107,-6.02,35,0,313.2,1
67112,1108,-5.36,63,1,414.5,1
67163,1109,-4.27,51,2,546.6,1
67199,1110,-6.43,36,0,446.0,1
67298,1111,1.38,99,4,1045.2,1
67338,1112,-2.85,40,2,444.8,1
67409,1113,-3.43,71,2,531.2,1
67451,1114,-4.69,42,1,471.9,1
67485,1115,-7.50,34,0,178.2,1
67517,1116,-6.30,32,0,542.6,1
67560,1117,-5.75,43,1,387.4,1
67609,1118,-5.74,49,1,379.0,1
67702,1119,0.30,93,3,880.6,1
67756,1120,-4.93,54,1,427.1,1
67789,1121,-6.92,33,0,433.4,1
67835,1122,-5.35,46,1,429.7,1
67887,1123,-5.20,52,1,432.6,1
67938,1124,-4.75,51,1,430.7,1
67980,1125,-5.40,42,0,367.5,1
68038,1126,-3.31,58,2,434.2,1
68142,1127,-0.93,104,3,711.7,1
68196,1128,-5.47,54,1,457.6,1
68246,1129,-3.23,50,2,662.8,1
68266,1130,-7.38,20,0,106.3,1
68307,1131,-5.12,41,1,330.9,1
68369,1132,-5.73,62,1,437.5,1
68406,1133,-5.04,37,1,566.7,1
68491,1134,-2.14,85,3,837.3,1
68532,1135,-5.83,41,0,374.4,1
68554,1136,-7.32,22,0,189.6,1
68592,1137,-5.17,38,1,442.1,1
68654,1138,-1.89,62,2,937.7,1
68707,1139,-4.28,53,2,407.7,1
68830,1140,-2.41,123,3,784.3,1
68911,1141,-1.21,81,2,883.3,1
69014,1142,-2.75,103,2,505.9,1
69039,1143,-7.51,25,0,82.7,1
69072,1144,-7.16,33,0,193.4,1
69109,1145,-3.70,37,1,464.7,1
69184,1146,-6.20,75,1,476.1,1
69233,1147,-6.49,49,1,368.5,1
69272,1148,-4.15,39,1,380.8,1
69344,1149,-4.07,72,2,568.6,1
69400,1150,-1.00,56,3,839.1,1
69472,1151,-0.01,72,3,856.1,1
69525,1152,-4.20,53,2,551.5,1
69586,1153,-3.69,61,1,379.1,1
69596,1154,-6.89,10,0,183.0,1
69670,1155,1.17,74,3,925.1,1
69716,1156,-5.37,46,1,436.0,1
69743,1157,-7.48,27,0,85.0,1
69785,1158,-3.21,42,2,436.4,1
69832,1159,-3.18,47,3,450.5,1
69900,1160,-3.45,68,2,767.3,1
69975,1161,-3.69,75,2,360.9,1
70013,1162,-3.66,38,2,522.6,1
70060,1163,-4.57,47,1,499.0,1
70124,1164,-0.79,64,3,860.6,1
70162,1165,-6.51,38,0,449.6,1
70250,1166,-1.56,88,3,836.1,1
70287,1167,-5.87,37,1,394.3,1
70382,1168,0.76,95,3,973.9,1
70416,1169,-5.96,34,1,289.0,1
70479,1170,-5.55,63,1,265.6,1
70545,1171,-5.03,66,1,365.5,1
70605,1172,-3.15,60,2,466.8,1
70655,1173,-4.57,50,1,343.5,1
70935,1174,-1.96,280,4,865.6,1
70989,1175,-2.42,54,2,705.0,1
71325,1176,-6.84,336,2,460.7,1
71360,1177,-7.81,35,0,88.4,1
71462,1178,-1.30,102,3,912.5,1
71489,1179,-7.85,27,0,74.4,1
71527,1180,-6.24,38,1,183.2,1
71572,1181,-5.62,45,1,361.7,1
71610,1182,-5.77,38,1,425.7,1
71649,1183,-4.60,39,1,479.1,1
72032,1184,-8.66,383,3,669.8,1
72080,1185,-7.69,48,1,60.5,1
72124,1186,-5.80,44,1,394.3,1
72163,1187,-6.79,39,0,385.1,1
72216,1188,-4.35,53,2,452.5,1
72265,1189,-4.19,49,2,339.7,1
72305,1190,-4.00,40,1,471.2,1
72339,1191,-6.03,34,1,256.1,1
72377,1192,-5.80,38,1,364.1,1
72426,1193,-6.44,49,1,330.5,1
72463,1194,-4.70,37,2,465.0,1
72520,1195,-4.15,57,2,457.3,1
72550,1196,-6.24,30,1,213.9,1
72597,1197,-3.43,47,2,379.1,1
72639,1198,-3.01,42,2,472.2,1
72684,1199,-3.40,45,1,467.3,1
72729,1200,-5.71,45,1,428.8,1
72765,1201,-5.62,36,1,461.3,1
72811,1202,-5.23,46,1,427.4,1
72850,1203,-4.06,39,2,498.0,1
73124,1204,-7.61,274,3,499.0,1
73161,1205,-6.45,37,1,433.1,1
73209,1206,-2.58,48,2,595.7,1
73234,1207,-6.97,25,0,208.1,1
73279,1208,-3.32,45,2,397.8,1
73307,1209,-5.25,28,1,433.4,1
73340,1210,-5.23,33,1,289.7,1
73378,1211,-5.78,38,1,405.1,1
73436,1212,-2.93,58,2,356.4,1
73468,1213,-5.73,32,1,156.0,1
73501,1214,-6.45,33,0,449.4,1
73562,1215,-6.73,61,1,320.2,1
73605,1216,-5.21,43,1,425.3,1
73628,1217,-7.33,23,0,187.5,1
73682,1218,-5.23,54,1,380.8,1
73725,1219,-4.26,43,2,423.5,1
73770,1220,-5.62,45,1,452.2,1
73818,1221,-4.73,48,1,440.4,1
73951,1222,-0.97,133,3,822.6,1
74040,1223,-1.87,89,2,764.2,1
74119,1224,-4.26,79,2,506.6,1
74141,1225,-7.01,22,0,191.6,1
74192,1226,-3.13,51,1,426.8,1
74232,1227,-3.62,40,2,521.5,1
74272,1228,-4.32,40,2,391.5,1
74336,1229,-4.51,64,2,472.1,1
74368,1230,-4.20,32,2,317.9,1
74451,1231,-1.37,83,3,881.1,1
74487,1232,-4.33,36,1,325.9,1
74521,1233,-7.99,34,0,92.7,1
74757,1234,-1.24,236,3,858.3,1
74801,1235,-3.83,44,2,500.5,1
74852,1236,-6.29,51,1,436.2,1
74903,1237,-5.07,51,1,384.3,1
74955,1238,-4.94,52,2,405.0,1
74992,1239,-5.40,37,1,473.8,1
75032,1240,-4.63,40,1,444.8,1
75109,1241,-5.12,77,1,496.8,1
75191,1242,-2.68,82,2,848.6,1
75246,1243,-4.07,55,1,386.9,1
75293,1244,-4.73,47,2,464.6,1
75371,1245,-0.78,78,3,754.6,1
75435,1246,-4.01,64,2,543.0,1
75484,1247,-4.66,49,2,470.2,1
75537,1248,-2.72,53,2,565.8,1
75750,1249,-6.74,213,2,480.5,1
75786,1250,-7.00,36,0,312.9,1
75851,1251,-5.02,65,1,425.2,1
75887,1252,-5.31,36,1,475.3,1
75938,1253,-6.35,51,0,507.6,1
75994,1254,-2.35,56,2,531.0,1
76034,1255,-4.11,40,1,431.0,1
76074,1256,-5.00,40,1,543.1,1
76172,1257,0.14,98,3,788.2,1
76224,1258,-5.54,52,1,366.1,1
76277,1259,-3.83,53,2,486.8,1
76355,1260,-1.41,78,3,828.6,1
76412,1261,-4.68,57,2,440.2,1
76445,1262,-6.52,33,0,435.3,1
76494,1263,-3.76,49,1,512.5,1
76521,1264,-7.26,27,0,192.1,1
76562,1265,-5.06,41,1,453.9,1
76603,1266,-4.66,41,1,518.3,1
76651,1267,-3.53,48,1,475.8,1
76685,1268,-4.77,34,1,519.1,1
76757,1269,-3.37,72,2,864.4,1
76801,1270,-5.95,44,1,448.2,1
76829,1271,-7.35,28,0,247.4,1
76882,1272,-6.51,53,1,455.8,1
76951,1273,-2.87,69,2,799.2,1
76991,1274,-4.27,40,2,403.8,1
77056,1275,-4.51,65,1,411.6,1
77131,1276,-4.76,75,1,416.6,1
77174,1277,-5.10,43,1,439.9,1
77699,1278,-5.34,525,4,541.3,0
77730,1279,-6.91,31,0,236.1,1
77762,1280,-7.64,32,0,168.9,1
77804,1281,-2.03,42,2,400.4,1
77846,1282,-5.11,42,1,419.1,1
77910,1283,-5.08,64,1,428.8,1
77986,1284,0.81,76,4,936.1,1
78035,1285,-3.54,49,1,337.3,1
78090,1286,-5.08,55,1,498.1,1
78400,1287,-6.76,310,3,833.0,1
78464,1288,-5.72,64,1,358.6,1
78512,1289,-4.43,48,1,453.9,1
78593,1290,-2.40,81,2,816.4,1
78648,1291,-4.48,55,2,451.8,1
78708,1292,-4.90,60,1,362.8,1
78750,1293,-3.53,42,2,384.7,1
78849,1294,2.24,99,4,1014.9,1
79171,1295,-9.58,322,2,399.3,1
79202,1296,-5.55,31,1,212.3,1
79235,1297,-4.68,33,2,417.5,1
79278,1298,-5.92,43,1,426.1,1
79315,1299,-4.01,37,2,480.0,1
79380,1300,-3.24,65,2,544.2,1
79412,1301,-4.11,32,1,326.6,1
79434,1302,-6.76,22,0,253.0,1
79464,1303,-7.09,30,0,201.7,1
79596,1304,-6.73,132,3,558.0,1
79646,1305,-3.91,50,2,412.9,1
79693,1306,-2.99,47,2,488.3,1
79740,1307,-4.32,47,1,545.0,1
79778,1308,-5.03,38,1,558.3,1
79825,1309,-4.41,47,2,414.0,1
79850,1310,-6.49,25,0,364.2,1
79910,1311,-4.98,60,1,488.2,1
80046,1312,25.35,136,4,1276.3,0
80087,1313,-4.39,41,2,588.8,1
80128,1314,-6.83,41,1,196.6,1
80169,1315,-7.04,41,1,133.7,1
80202,1316,-5.14,33,2,234.8,1
80256,1317,-5.01,54,1,389.8,1
80312,1318,-5.66,56,1,492.5,1
80355,1319,-4.84,43,2,373.5,1
80394,1320,-4.30,39,1,475.6,1
80509,1321,-3.03,115,3,827.9,1
80546,1322,-6.74,37,0,380.6,1
80587,1323,-6.27,41,1,234.3,1
80646,1324,-5.37,59,1,472.7,1
80685,1325,-3.64,39,2,524.7,1
80719,1326,-7.08,34,1,55.4,1
80768,1327,-5.17,49,2,466.0,1
80815,1328,-5.96,47,1,383.0,1
80846,1329,-6.69,31,0,368.0,1
80887,1330,-5.80,41,1,333.2,1
80931,1331,-5.56,44,1,422.5,1
80972,1332,-5.75,41,1,397.6,1
81307,1333,-5.20,335,4,855.8,1
81339,1334,-5.65,32,1,480.6,1
81402,1335,-6.76,63,1,440.2,1
81512,1336,-5.14,110,3,646.3,1
81567,1337,-4.89,55,2,402.8,1
82092,1338,-7.87,525,3,491.7,0
82126,1339,-5.54,34,1,288.6,1
82177,1340,-4.11,51,2,479.5,1
82205,1341,-6.82,28,1,78.3,1
82293,1342,-2.06,88,3,809.2,1
82340,1343,-3.49,47,1,373.2,1
82373,1344,-7.51,33,0,175.8,1
82461,1345,-0.52,88,3,924.4,1
82493,1346,-6.57,32,0,461.9,1
82545,1347,-4.16,52,2,440.0,1
82681,1348,-2.67,136,3,747.8,1
82712,1349,-7.47,31,0,222.7,1
83237,1350,-11.88,525,3,645.4,0
83273,1351,-5.17,36,1,324.0,1
83347,1352,-5.36,74,1,360.3,1
83404,1353,-5.90,57,1,299.4,1
83456,1354,-4.32,52,2,569.3,1
83478,1355,-7.65,22,0,118.2,1
83537,1356,-5.04,59,1,504.6,1
83577,1357,-6.05,40,1,191.3,1
83606,1358,-6.39,29,1,149.9,1
83674,1359,-2.79,68,2,582.8,1
83724,1360,-5.92,50,1,417.4,1
83791,1361,-5.94,67,1,377.9,1
83845,1362,-5.59,54,1,523.4,1
83899,1363,-3.82,54,2,392.5,1
83955,1364,-5.15,56,1,617.0,1
84004,1365,-4.83,49,1,455.0,1
84050,1366,-4.63,46,1,266.6,1
84156,1367,0.04,106,5,795.1,1
84253,1368,-4.68,97,2,500.5,1
84295,1369,-5.03,42,1,524.5,1
84339,1370,-4.49,44,2,439.6,1
84364,1371,-5.95,25,1,130.7,1
84402,1372,-3.53,38,2,460.9,1
84456,1373,-3.83,54,1,424.5,1
84532,1374,-5.79,76,1,380.9,1
84582,1375,-5.02,50,1,275.2,1
84626,1376,-5.26,44,1,363.6,1
84659,1377,-6.56,33,0,452.1,1
84742,1378,-3.88,83,2,808.1,1
84802,1379,-4.53,60,1,299.7,1
84865,1380,-5.35,63,2,311.0,1
84921,1381,-2.89,56,1,391.8,1
85005,1382,-2.08,84,3,852.4,1
85054,1383,-4.68,49,2,415.9,1
85103,1384,-4.61,49,1,455.6,1
85143,1385,-3.89,40,1,335.8,1
85189,1386,-9.15,46,0,59.5,1
85240,1387,-5.44,51,1,479.9,1
85270,1388,-7.48,30,0,174.4,1
85318,1389,-6.02,48,0,419.0,1
85405,1390,-3.66,87,2,758.7,1
85930,1391,-1.83,525,4,520.5,0
85986,1392,-4.07,56,2,404.1,1
86084,1393,-2.15,98,3,867.2,1
86148,1394,-4.68,64,2,359.6,1
86235,1395,-0.85,87,3,953.4,1
86270,1396,-7.16,35,0,219.4,1
86382,1397,-3.01,112,3,411.3,1
86411,1398,-7.31,29,0,310.9,1
86475,1399,-5.22,64,2,352.2,1
86509,1400,-6.53,34,1,106.6,1
86605,1401,-0.95,96,3,943.3,1
86671,1402,-5.02,66,2,417.4,1
86751,1403,-1.03,80,3,852.1,1
86834,1404,-4.31,83,2,519.2,1
87131,1405,-8.09,297,3,689.1,1
87182,1406,-5.50,51,1,445.7,1
87510,1407,-3.58,328,4,685.6,1
87566,1408,-6.24,56,1,400.3,1
87622,1409,-6.75,56,1,363.6,1
87697,1410,-5.67,75,1,483.6,1
87786,1411,-1.05,89,4,948.8,1
87838,1412,-5.90,52,1,430.9,1
87878,1413,-6.03,40,1,388.6,1
87954,1414,-5.44,76,1,428.5,1
88012,1415,-3.20,58,2,810.6,1
88066,1416,-5.04,54,2,470.8,1
88125,1417,-5.82,59,1,258.4,1
88161,1418,-5.84,36,1,263.7,1
88232,1419,-5.62,71,2,341.1,1
88279,1420,-3.81,47,1,424.9,1
88345,1421,-5.08,66,1,381.0,1
88395,1422,-5.15,50,2,323.7,1
88474,1423,-3.51,79,2,439.7,1
88643,1424,-9.82,169,3,560.5,1
89050,1425,-5.91,407,3,566.2,1
89115,1426,-4.29,65,1,398.4,1
89149,1427,-8.36,34,0,42.1,1
89259,1428,-0.68,110,3,784.9,1
89460,1429,-8.59,201,2,550.8,1
89527,1430,-5.94,67,2,198.9,1
89587,1431,-3.28,60,2,459.6,1
89641,1432,-6.31,54,1,383.3,1
89691,1433,-5.61,50,1,445.3,1
89745,1434,-4.83,54,1,392.4,1
89852,1435,-6.79,107,2,540.5,1
89907,1436,-4.26,55,2,505.3,1
90009,1437,-3.64,102,2,623.7,1
90058,1438,-4.91,49,2,429.5,1
90089,1439,-7.23,31,0,246.3,1
90156,1440,-4.95,67,1,410.0,1
90206,1441,-3.42,50,1,355.4,1
90238,1442,-7.66,32,0,140.7,1
90268,1443,-5.82,30,1,275.5,1
90351,1444,-4.26,83,2,396.2,1
90398,1445,-5.87,47,1,432.7,1
90484,1446,-5.53,86,1,431.7,1
90527,1447,-7.11,43,0,362.5,1
90704,1448,-9.81,177,2,338.1,1
90759,1449,-5.41,55,1,461.2,1
90814,1450,-6.07,55,1,447.7,1
90852,1451,-5.98,38,1,237.2,1
90945,1452,-2.94,93,2,796.7,1
91455,1453,-13.34,510,2,372.5,1
91496,1454,-6.51,41,0,369.4,1
91535,1455,-5.89,39,1,409.2,1
91578,1456,-5.59,43,1,427.9,1
91638,1457,-4.74,60,1,385.9,1
91671,1458,-6.62,33,0,432.5,1
91725,1459,-5.56,54,1,395.4,1
91812,1460,-1.88,87,3,880.4,1
91866,1461,-4.61,54,1,451.4,1
91900,1462,-6.01,34,1,244.8,1
91949,1463,-4.79,49,2,379.3,1
92000,1464,-4.76,51,1,365.5,1
92039,1465,-5.51,39,1,306.1,1
92109,1466,-5.43,70,1,412.3,1
92213,1467,-2.83,104,2,775.2,1
92265,1468,-5.31,52,1,385.5,1
92309,1469,-2.97,44,2,430.5,1
92431,1470,-1.20,122,3,829.5,1
92510,1471,-4.88,79,2,452.7,1
92566,1472,-5.29,56,2,391.4,1
92590,1473,-6.01,24,0,462.0,1
92633,1474,-5.96,43,1,415.6,1
92658,1475,-7.22,25,0,152.7,1
92721,1476,-4.27,63,1,389.4,1
92771,1477,-5.41,50,1,414.2,1
92833,1478,-4.45,62,2,436.8,1
92879,1479,-4.45,46,2,414.8,1
92968,1480,-4.24,89,2,448.8,1
93011,1481,-5.82,43,1,401.9,1
93118,1482,-3.14,107,2,403.9,1
93166,1483,-5.86,48,0,350.0,1
93251,1484,-5.79,85,1,429.3,1
93331,1485,-4.94,80,2,484.4,1
93377,1486,-6.13,46,1,166.7,1
93431,1487,-6.26,54,1,381.5,1
93509,1488,-3.49,78,2,574.8,1
93549,1489,-5.72,40,1,484.6,1
93599,1490,-4.50,50,1,416.7,1
93647,1491,-5.63,48,1,443.8,1
93683,1492,-6.02,36,0,326.4,1
93720,1493,-5.47,37,1,467.0,1
93774,1494,-4.08,54,1,308.2,1
93835,1495,-3.34,61,2,375.2,1
93888,1496,-5.05,53,1,430.0,1
93942,1497,-4.75,54,1,449.0,1
93984,1498,-5.08,42,1,436.5,1
94040,1499,-5.59,56,1,225.0,1
94132,1500,-3.37,92,2,580.5,1
94261,1501,-0.67,129,4,900.2,1
94322,1502,-5.99,61,1,467.5,1
94375,1503,-5.40,53,1,394.7,1
94435,1504,-3.68,60,2,479.2,1
94656,1505,-7.49,221,2,490.8,1
94725,1506,-4.85,69,1,394.0,1
94748,1507,-7.93,23,0,101.6,1
94840,1508,-0.34,92,3,861.7,1
94889,1509,-4.45,49,1,382.0,1
94948,1510,-5.95,59,1,228.6,1
94984,1511,-3.59,36,2,500.4,1
95020,1512,-7.19,36,0,202.4,1
95059,1513,-6.43,39,1,77.0,1
95092,1514,-5.07,33,1,333.5,1
95167,1515,-4.66,75,1,454.6,1
95212,1516,-4.30,45,2,422.7,1
95347,1517,0.34,135,4,817.6,1
95392,1518,-5.60,45,1,527.1,1
95507,1519,0.96,115,4,895.9,1
95558,1520,-4.43,51,1,459.2,1
95616,1521,-6.09,58,1,416.0,1
95682,1522,-5.75,66,1,140.9,1
95760,1523,-4.95,78,1,475.6,1
95792,1524,-7.12,32,0,178.8,1
95890,1525,-6.11,98,1,405.6,1
95918,1526,-7.49,28,0,119.9,1
95965,1527,-5.81,47,1,316.8,1
96039,1528,0.11,74,3,902.9,1
96564,1529,-6.97,525,2,375.7,0
96644,1530,-4.88,80,2,542.9,1
96696,1531,-2.99,52,2,539.8,1
96751,1532,-4.68,55,1,408.3,1
96813,1533,-6.08,62,1,303.2,1
96861,1534,-5.63,48,1,455.8,1
96916,1535,-5.80,55,1,450.2,1
97001,1536,-6.30,85,1,452.3,1
97067,1537,-5.10,66,2,445.3,1
97129,1538,-5.38,62,1,506.8,1
97233,1539,-2.02,104,2,879.8,1
97292,1540,-5.56,59,1,472.5,1
97450,1541,0.82,158,4,825.6,1
97534,1542,-4.66,84,2,479.7,1
97577,1543,-4.70,43,1,437.3,1
97628,1544,-6.12,51,1,348.4,1
97760,1545,-2.43,132,3,857.5,1
97855,1546,-4.37,95,1,342.5,1
97914,1547,-4.51,59,1,373.3,1
98005,1548,-5.06,91,2,256.2,1
98043,1549,-5.32,38,1,448.1,1
98075,1550,-7.84,32,0,185.0,1
98141,1551,-4.59,66,2,444.5,1
98215,1552,-5.33,74,2,337.6,1
98241,1553,-7.22,26,0,210.4,1
98303,1554,-4.45,62,2,453.1,1
98401,1555,-6.19,98,1,289.4,1
98464,1556,-5.88,63,1,314.4,1
98918,1557,-0.67,454,4,756.3,1
98981,1558,-5.19,63,1,469.6,1
99035,1559,-5.02,54,1,353.9,1
99082,1560,-4.81,47,1,425.4,1
99145,1561,-3.07,63,2,435.0,1
99233,1562,-5.70,88,1,385.5,1
99288,1563,-4.45,55,2,371.9,1
99322,1564,-8.36,34,0,96.4,1
99422,1565,-4.01,100,2,373.0,1
99468,1566,-5.63,46,1,438.0,1
99623,1567,-9.00,155,2,420.8,1
99688,1568,-2.59,65,2,490.1,1
99757,1569,-4.37,69,2,455.1,1
99819,1570,-5.44,62,1,397.2,1
99879,1571,-6.12,60,1,398.3,1
99935,1572,-4.31,56,2,423.7,1
99962,1573,-7.98,27,0,26.9,1
100001,1574,-8.05,39,0,54.0,1
100132,1575,-6.05,131,1,389.5,1
100167,1576,-7.77,35,0,111.0,1
100269,1577,-1.24,102,3,890.0,1
100392,1578,-1.82,123,2,482.4,1
100433,1579,-6.42,41,1,154.7,1
100533,1580,-2.95,100,3,848.3,1
100587,1581,-5.32,54,1,407.5,1
100704,1582,-5.85,117,1,361.9,1
101025,1583,-9.42,321,2,240.5,1
101079,1584,-5.07,54,1,360.8,1
101115,1585,-6.50,36,1,132.0,1
101200,1586,-6.38,85,1,299.8,1
101248,1587,-5.43,48,1,230.9,1
101346,1588,-4.58,98,1,387.6,1
101377,1589,-6.95,31,1,82.9,1
101403,1590,-8.15,26,0,24.8,1
101447,1591,-6.31,44,1,147.0,1
101558,1592,-5.19,111,2,453.7,1
101609,1593,-4.80,51,1,373.4,1
101672,1594,-5.14,63,1,401.5,1
101752,1595,-3.90,80,1,434.5,1
101780,1596,-7.14,28,0,259.8,1
101804,1597,-7.09,24,0,186.5,1
101987,1598,24.94,183,5,1276.5,0
102091,1599,-5.42,104,1,422.9,1
102198,1600,-5.78,107,1,383.5,1
102276,1601,-6.96,78,2,218.7,1
102369,1602,-4.30,93,1,445.5,1
102879,1603,-12.28,510,2,423.2,1
102973,1604,-5.29,94,1,470.8,1
103058,1605,-4.50,85,1,354.3,1
103133,1606,-2.97,75,2,466.5,1
103209,1607,-5.29,76,1,373.7,1
103428,1608,-8.20,219,3,742.8,1
103494,1609,-5.69,66,1,398.6,1
103594,1610,-6.47,100,1,260.1,1
103648,1611,-4.47,54,1,386.6,1
103686,1612,-8.34,38,0,54.2,1
103784,1613,-5.86,98,1,360.5,1
103880,1614,-5.21,96,1,407.2,1
103916,1615,-6.31,36,1,139.5,1
103972,1616,-4.35,56,1,241.8,1
104038,1617,-6.24,66,1,370.9,1
104162,1618,-0.42,124,4,816.8,1
104210,1619,-3.40,48,2,363.5,1
104253,1620,-6.12,43,1,190.1,1
104353,1621,-4.84,100,1,323.5,1
104411,1622,-5.04,58,1,447.9,1
104473,1623,-3.45,62,2,473.0,1
104521,1624,-5.47,48,1,376.0,1
104582,1625,-2.56,61,2,494.1,1
104636,1626,-4.33,54,2,379.9,1
104683,1627,-4.03,47,1,358.7,1
104737,1628,-5.10,54,1,317.0,1
104812,1629,-5.21,75,1,459.2,1
104883,1630,-4.41,71,2,528.8,1
104948,1631,-4.65,65,2,389.8,1
105018,1632,-2.89,70,2,377.3,1
105089,1633,-5.50,71,1,411.8,1
105129,1634,-7.26,40,0,334.1,1
105154,1635,-7.65,25,0,63.8,1
105195,1636,-7.59,41,0,111.4,1
105264,1637,-4.04,69,1,391.8,1
105339,1638,-3.16,75,2,552.0,1
105370,1639,-7.25,31,0,205.1,1
105411,1640,-6.44,41,1,197.5,1
105529,1641,-2.03,118,3,762.8,1
105604,1642,-3.66,75,2,531.8,1
105646,1643,-7.79,42,0,108.5,1
105713,1644,-4.88,67,1,318.6,1
105808,1645,-3.48,95,1,410.3,1
105862,1646,-5.93,54,1,162.3,1
105908,1647,-4.16,46,2,490.9,1
106049,1648,-4.64,141,3,441.0,1
106125,1649,-4.51,76,1,473.5,1
106185,1650,-6.38,60,1,179.6,1
106323,1651,-1.98,138,3,857.6,1
106376,1652,-4.63,53,2,436.0,1
106421,1653,-6.50,45,1,370.6,1
106525,1654,-5.74,104,1,403.2,1
106628,1655,-3.88,103,2,489.0,1
76,1,-4.12,76,1,314.4,1
119,2,-5.18,43,1,407.1,1
158,3,-7.87,39,0,108.0,1
238,4,-3.57,80,2,454.1,1
286,5,-2.56,48,2,516.2,1
335,6,-5.57,49,1,421.6,1
407,7,-4.42,72,2,494.9,1
2,1,6.41,2,1,0.0,0
4,2,6.41,2,1,0.0,0
6,3,6.41,2,1,0.0,0
8,4,6.41,2,1,0.0,0
10,5,6.41,2,1,0.0,0
12,6,6.41,2,1,0.0,0
14,7,6.41,2,1,0.0,0
16,8,6.41,2,1,0.0,0
24,9,4.81,8,1,0.0,0
26,10,6.41,2,1,0.0,0
28,11,6.41,2,1,0.0,0
35,12,5.07,7,1,0.0,0
43,13,4.81,8,1,0.0,0
45,14,6.41,2,1,0.0,0
53,15,4.81,8,1,0.0,0
55,16,6.41,2,1,0.0,0
63,17,4.81,8,1,0.0,0
70,18,5.07,7,1,0.0,0
72,19,6.41,2,1,0.0,0
74,20,6.41,2,1,0.0,0
76,21,6.41,2,1,0.0,0
78,22,6.41,2,1,0.0,0
80,23,6.41,2,1,0.0,0
86,24,5.34,6,1,0.0,0
88,25,6.41,2,1,0.0,0
90,26,6.41,2,1,0.0,0
96,27,5.34,6,1,0.0,0
98,28,6.41,2,1,0.0,0
104,29,5.34,6,1,0.0,0
112,30,4.81,8,1,0.0,0
114,31,6.41,2,1,0.0,0
120,32,5.34,6,1,0.0,0
128,33,4.81,8,1,0.0,0
130,34,6.41,2,1,0.0,0
132,35,6.41,2,1,0.0,0
140,36,4.81,8,1,0.0,0
142,37,6.41,2,1,0.0,0
144,38,6.41,2,1,0.0,0
149,39,5.61,5,1,0.0,0
151,40,6.41,2,1,0.0,0
153,41,6.41,2,1,0.0,0
155,42,6.41,2,1,0.0,0
162,43,5.07,7,1,0.0,0
164,44,6.41,2,1,0.0,0
170,45,5.34,6,1,0.0,0
172,46,6.41,2,1,0.0,0
174,47,6.41,2,1,0.0,0
180,48,5.34,6,1,0.0,0
187,49,5.07,7,1,0.0,0
195,50,4.81,8,1,0.0,0
202,51,5.07,7,1,0.0,0
204,52,6.41,2,1,0.0,0
210,53,5.34,6,1,0.0,0
217,54,5.07,7,1,0.0,0
219,55,6.41,2,1,0.0,0
226,56,5.07,7,1,0.0,0
228,57,6.41,2,1,0.0,0
230,58,6.41,2,1,0.0,0
238,59,4.81,8,1,0.0,0
245,60,5.07,7,1,0.0,0
252,61,4.57,7,1,0.0,0
254,62,6.41,2,1,0.0,0
256,63,6.41,2,1,0.0,0
258,64,6.41,2,1,0.0,0
263,65,5.61,5,1,0.0,0
265,66,6.41,2,1,0.0,0
267,67,6.41,2,1,0.0,0
269,68,6.41,2,1,0.0,0
271,69,6.41,2,1,0.0,0
273,70,6.41,2,1,0.0,0
278,71,5.61,5,1,0.0,0
280,72,6.41,2,1,0.0,0
288,73,4.81,8,1,0.0,0
290,74,6.41,2,1,0.0,0
292,75,6.41,2,1,0.0,0
294,76,6.41,2,1,0.0,0
296,77,6.41,2,1,0.0,0
304,78,4.81,8,1,0.0,0
306,79,6.41,2,1,0.0,0
310,80,5.87,4,1,0.0,0
312,81,6.41,2,1,0.0,0
314,82,6.41,2,1,0.0,0
317,83,6.14,3,1,0.0,0
322,84,5.61,5,1,0.0,0
324,85,6.41,2,1,0.0,0
331,86,5.07,7,1,0.0,0
333,87,6.41,2,1,0.0,0
340,88,5.07,7,1,0.0,0
344,89,5.87,4,1,0.0,0
349,90,5.61,5,1,0.0,0
351,91,6.41,2,1,0.0,0
359,92,4.81,8,1,0.0,0
361,93,6.41,2,1,0.0,0
363,94,6.41,2,1,0.0,0
371,95,4.81,8,1,0.0,0
374,96,6.14,3,1,0.0,0
376,97,6.41,2,1,0.0,0
378,98,6.41,2,1,0.0,0
380,99,6.41,2,1,0.0,0
382,100,6.41,2,1,0.0,0
384,101,6.41,2,1,0.0,0
389,102,5.61,5,1,0.0,0
391,103,6.41,2,1,0.0,0
393,104,6.41,2,1,0.0,0
395,105,6.41,2,1,0.0,0
397,106,6.41,2,1,0.0,0
399,107,6.41,2,1,0.0,0
403,108,5.87,4,1,0.0,0
405,109,6.41,2,1,0.0,0
408,110,6.14,3,1,0.0,0
410,111,6.41,2,1,0.0,0
412,112,6.41,2,1,0.0,0
414,113,6.41,2,1,0.0,0
416,114,6.41,2,1,0.0,0
418,115,6.41,2,1,0.0,0
420,116,6.41,2,1,0.0,0
422,117,6.41,2,1,0.0,0
430,118,4.81,8,1,0.0,0
432,119,6.41,2,1,0.0,0
434,120,6.41,2,1,0.0,0
436,121,6.41,2,1,0.0,0
448,122,3.01,12,1,0.0,0
450,123,6.41,2,1,0.0,0
454,124,5.87,4,1,0.0,0
456,125,6.41,2,1,0.0,0
458,126,6.41,2,1,0.0,0
460,127,6.41,2,1,0.0,0
464,128,5.87,4,1,0.0,0
470,129,5.34,6,1,0.0,0
472,130,6.41,2,1,0.0,0
479,131,5.07,7,1,0.0,0
484,132,5.61,5,1,0.0,0
490,133,5.34,6,1,0.0,0
494,134,5.87,4,1,0.0,0
496,135,6.41,2,1,0.0,0
498,136,6.41,2,1,0.0,0
502,137,5.87,4,1,0.0,0
504,138,6.41,2,1,0.0,0
510,139,5.34,6,1,0.0,0
518,140,4.81,8,1,0.0,0
522,141,5.87,4,1,0.0,0
524,142,6.41,2,1,0.0,0
526,143,6.41,2,1,0.0,0
528,144,6.41,2,1,0.0,0
530,145,6.41,2,1,0.0,0
544,146,1.96,14,1,0.0,0
546,147,6.41,2,1,0.0,0
555,148,4.54,9,1,0.0,0
557,149,6.41,2,1,0.0,0
559,150,6.41,2,1,0.0,0
563,151,5.87,4,1,0.0,0
565,152,6.41,2,1,0.0,0
569,153,5.87,4,1,0.0,0
571,154,6.41,2,1,0.0,0
573,155,6.41,2,1,0.0,0
579,156,5.34,6,1,0.0,0
587,157,4.81,8,1,0.0,0
596,158,4.54,9,1,0.0,0
598,159,6.41,2,1,0.0,0
600,160,6.41,2,1,0.0,0
608,161,4.81,8,1,0.0,0
610,162,6.41,2,1,0.0,0
618,163,4.81,8,1,0.0,0
620,164,6.41,2,1,0.0,0
628,165,4.81,8,1,0.0,0
633,166,5.61,5,1,0.0,0
635,167,6.41,2,1,0.0,0
640,168,5.61,5,1,0.0,0
642,169,6.41,2,1,0.0,0
645,170,6.14,3,1,0.0,0
651,171,5.34,6,1,0.0,0
657,172,5.34,6,1,0.0,0
659,173,6.41,2,1,0.0,0
661,174,6.41,2,1,0.0,0
670,175,4.54,9,1,0.0,0
672,176,6.41,2,1,0.0,0
674,177,6.41,2,1,0.0,0
676,178,6.41,2,1,0.0,0
678,179,6.41,2,1,0.0,0
684,180,5.34,6,1,0.0,0
687,181,6.14,3,1,0.0,0
689,182,6.41,2,1,0.0,0
691,183,6.41,2,1,0.0,0
693,184,6.41,2,1,0.0,0
695,185,6.41,2,1,0.0,0
702,186,5.07,7,1,0.0,0
710,187,4.81,8,1,0.0,0
712,188,6.41,2,1,0.0,0
714,189,6.41,2,1,0.0,0
716,190,6.41,2,1,0.0,0
718,191,6.41,2,1,0.0,0
726,192,4.81,8,1,0.0,0
728,193,6.41,2,1,0.0,0
730,194,6.41,2,1,0.0,0
738,195,4.81,8,1,0.0,0
740,196,6.41,2,1,0.0,0
742,197,6.41,2,1,0.0,0
753,198,3.49,11,1,0.0,0
762,199,4.54,9,1,0.0,0
764,200,6.41,2,1,0.0,0
770,201,5.34,6,1,0.0,0
779,202,4.54,9,1,0.0,0
781,203,6.41,2,1,0.0,0
783,204,6.41,2,1,0.0,0
789,205,5.34,6,1,0.0,0
791,206,6.41,2,1,0.0,0
793,207,6.41,2,1,0.0,0
795,208,6.41,2,1,0.0,0
797,209,6.41,2,1,0.0,0
799,210,6.41,2,1,0.0,0
801,211,6.41,2,1,0.0,0
803,212,6.41,2,1,0.0,0
808,213,5.61,5,1,0.0,0
810,214,6.41,2,1,0.0,0
818,215,4.81,8,1,0.0,0
820,216,6.41,2,1,0.0,0
827,217,5.07,7,1,0.0,0
835,218,4.81,8,1,0.0,0
843,219,4.81,8,1,0.0,0
848,220,5.61,5,1,0.0,0
857,221,4.54,9,1,0.0,0
861,222,5.87,4,1,0.0,0
865,223,5.87,4,1,0.0,0
873,224,4.81,8,1,0.0,0
875,225,6.41,2,1,0.0,0
877,226,6.41,2,1,0.0,0
879,227,6.41,2,1,0.0,0
883,228,5.87,4,1,0.0,0
891,229,4.81,8,1,0.0,0
893,230,6.41,2,1,0.0,0
895,231,6.41,2,1,0.0,0
900,232,5.61,5,1,0.0,0
906,233,5.34,6,1,0.0,0
908,234,6.41,2,1,0.0,0
913,235,5.61,5,1,0.0,0
915,236,6.41,2,1,0.0,0
917,237,6.41,2,1,0.0,0
920,238,6.14,3,1,0.0,0
922,239,6.41,2,1,0.0,0
928,240,5.34,6,1,0.0,0
930,241,6.41,2,1,0.0,0
934,242,5.87,4,1,0.0,0
941,243,5.07,7,1,0.0,0
949,244,4.81,8,1,0.0,0
951,245,6.41,2,1,0.0,0
953,246,6.41,2,1,0.0,0
955,247,6.41,2,1,0.0,0
962,248,5.07,7,1,0.0,0
964,249,6.41,2,1,0.0,0
966,250,6.41,2,1,0.0,0
974,251,4.81,8,1,0.0,0
976,252,6.41,2,1,0.0,0
979,253,6.14,3,1,0.0,0
983,254,5.87,4,1,0.0,0
985,255,6.41,2,1,0.0,0
987,256,6.41,2,1,0.0,0
992,257,5.61,5,1,0.0,0
997,258,5.61,5,1,0.0,0
1001,259,5.87,4,1,0.0,0
1009,260,4.81,8,1,0.0,0
1011,261,6.41,2,1,0.0,0
1013,262,6.41,2,1,0.0,0
1015,263,6.41,2,1,0.0,0
1023,264,4.81,8,1,0.0,0
