step,episode,ep_reward,ep_length,ep_kills,ep_max_x,died
37,1,-6.14,37,1,256.4,1
58,2,-6.86,21,0,305.6,1
89,3,-5.64,31,1,488.8,1
181,4,-3.07,92,2,706.6,1
218,5,-4.24,37,2,395.4,1
268,6,-5.04,50,1,415.7,1
301,7,-6.78,33,1,150.3,1
371,8,-6.38,70,1,409.4,1
425,9,-4.81,54,1,394.3,1
525,10,-7.36,100,1,122.0,1
579,11,-5.98,54,1,189.4,1
672,12,-7.92,93,1,319.3,1
737,13,-7.64,65,1,294.0,1
771,14,-8.43,34,0,63.9,1
792,15,-6.41,21,0,287.6,1
824,16,-6.25,32,1,170.8,1
935,17,-2.06,111,3,734.8,1
975,18,-5.88,40,1,135.4,1
999,19,-7.49,24,0,174.5,1
1033,20,-6.93,34,0,321.6,1
1066,21,-6.60,33,1,124.6,1
1097,22,-4.80,31,1,334.3,1
1143,23,-5.44,46,1,492.1,1
1185,24,-7.02,42,0,426.3,1
1263,25,-3.20,78,2,399.0,1
1442,26,-1.82,179,3,850.9,1
1474,27,-7.40,32,0,261.2,1
1519,28,-4.14,45,1,485.9,1
1556,29,-6.39,37,1,128.5,1
1586,30,-7.48,30,0,194.2,1
1666,31,-4.67,80,2,476.2,1
1725,32,-4.15,59,1,303.7,1
1770,33,-4.58,45,1,486.6,1
1809,34,-5.93,39,1,452.5,1
1838,35,-7.01,29,0,205.5,1
1857,36,-7.14,19,0,192.9,1
1990,37,-1.24,133,3,871.5,1
2043,38,-4.73,53,1,610.8,1
2076,39,-4.95,33,1,255.3,1
2137,40,-2.93,61,2,972.6,1
2662,41,-5.96,525,2,186.5,0
2707,42,-5.31,45,1,524.0,1
2754,43,-5.55,47,2,386.3,1
2822,44,-3.97,68,2,829.0,1
2892,45,-4.86,70,1,333.3,1
2923,46,-6.64,31,0,352.4,1
2957,47,-7.72,34,0,187.0,1
3011,48,-5.99,54,1,397.4,1
3070,49,-3.53,59,1,822.6,1
3102,50,-7.07,32,0,249.6,1
3135,51,-6.86,33,1,136.7,1
3168,52,-7.40,33,0,183.7,1
3193,53,-7.26,25,0,203.5,1
3269,54,-4.46,76,2,515.0,1
3311,55,-3.76,42,2,560.2,1
3337,56,-6.75,26,1,153.7,1
3378,57,-7.08,41,1,85.6,1
3432,58,-5.52,54,1,470.6,1
3477,59,-7.12,45,1,88.4,1
3510,60,-6.78,33,1,125.7,1
3732,61,-9.78,222,1,273.9,1
3795,62,-6.46,63,1,327.1,1
3880,63,-4.72,85,1,496.2,1
4051,64,25.10,171,5,1277.0,0
4090,65,-6.29,39,1,288.8,1
4136,66,-5.32,46,2,339.4,1
4158,67,-7.67,22,0,137.6,1
4213,68,-5.05,55,1,361.1,1
4271,69,-5.02,58,2,407.7,1
4307,70,-6.49,36,1,199.9,1
4336,71,-7.96,29,0,97.9,1
4356,72,-7.37,20,0,214.6,1
4382,73,-6.48,26,1,113.3,1
4504,74,-0.08,122,3,842.8,1
4540,75,-6.39,36,1,158.1,1
4620,76,-4.69,80,2,477.2,1
4681,77,-3.45,61,2,351.8,1
4713,78,-6.84,32,0,283.4,1
4823,79,-0.82,110,3,800.6,1
4861,80,-5.71,38,1,274.9,1
4946,81,-0.65,85,3,1028.6,1
4974,82,-6.08,28,1,161.5,1
5046,83,-5.29,72,1,411.0,1
5080,84,-6.70,34,1,101.1,1
5114,85,-7.94,34,0,198.4,1
5145,86,-5.66,31,1,382.5,1
5179,87,-2.94,34,2,292.5,1
5213,88,-4.09,34,2,288.8,1
5266,89,-4.26,53,1,388.2,1
5482,90,-10.60,216,1,225.9,1
5513,91,-6.00,31,1,352.2,1
5543,92,-7.95,30,0,64.9,1
5572,93,-7.47,29,0,161.6,1
5617,94,-6.35,45,1,431.0,1
5659,95,-6.03,42,1,425.3,1
5694,96,-6.01,35,1,272.0,1
5749,97,-5.92,55,1,378.5,1
5797,98,-8.55,48,0,29.9,1
5821,99,-6.42,24,0,377.2,1
5860,100,-5.69,39,1,124.0,1
5894,101,-6.34,34,1,143.2,1
5940,102,-6.15,46,1,345.5,1
5978,103,-6.11,38,1,170.8,1
6011,104,-4.91,33,1,362.6,1
6050,105,-7.09,39,0,215.5,1
6089,106,-5.40,39,1,279.2,1
6152,107,-6.03,63,1,324.2,1
6192,108,-4.74,40,1,369.3,1
6218,109,-5.85,26,1,183.6,1
6243,110,-6.94,25,0,206.8,1
6285,111,-6.34,42,0,343.1,1
6319,112,-6.14,34,1,218.9,1
6349,113,-7.74,30,0,99.0,1
6385,114,-5.95,36,1,359.1,1
6461,115,-3.43,76,1,486.4,1
6539,116,-5.53,78,1,471.2,1
6607,117,-4.12,68,2,292.9,1
6641,118,-6.19,34,1,144.4,1
6673,119,-4.28,32,2,441.2,1
6718,120,-6.13,45,1,331.0,1
6774,121,-4.60,56,1,268.4,1
6803,122,-7.53,29,0,125.1,1
6845,123,-3.16,42,2,360.2,1
6945,124,-5.13,100,1,267.0,1
7049,125,-9.54,104,1,315.2,1
7094,126,-6.68,45,1,135.5,1
7141,127,-3.44,47,2,421.8,1
7190,128,-6.41,49,1,204.7,1
7223,129,-7.15,33,0,208.2,1
7343,130,-1.25,120,3,877.9,1
7396,131,-4.43,53,2,419.3,1
7430,132,-3.51,34,1,328.6,1
7454,133,-7.54,24,0,98.4,1
7486,134,-5.93,32,1,188.4,1
7519,135,-6.42,33,1,180.4,1
7542,136,-7.57,23,0,141.3,1
7577,137,-5.52,35,1,445.2,1
7629,138,-5.58,52,1,419.6,1
7654,139,-7.31,25,0,248.5,1
7685,140,-5.65,31,1,381.3,1
7739,141,-5.60,54,1,324.7,1
7799,142,-2.45,60,3,706.6,1
7840,143,-5.41,41,1,376.5,1
7879,144,-4.13,39,1,415.9,1
7946,145,-3.61,67,2,474.1,1
7973,146,-6.31,27,0,307.5,1
8016,147,-7.44,43,0,117.6,1
8078,148,-2.31,62,2,648.1,1
8129,149,-4.67,51,2,345.8,1
8175,150,-8.68,46,0,11.0,1
8227,151,-5.35,52,1,201.0,1
8299,152,-2.07,72,2,958.9,1
8344,153,-6.90,45,0,271.8,1
8368,154,-6.69,24,1,72.5,1
8434,155,-4.92,66,2,356.4,1
8504,156,-3.80,70,1,343.7,1
8530,157,-6.57,26,1,101.9,1
8559,158,-7.25,29,0,253.5,1
8593,159,-4.67,34,1,302.0,1
8615,160,-8.08,22,0,28.1,1
8643,161,-6.10,28,1,164.2,1
8665,162,-6.78,22,0,307.9,1
8689,163,-7.29,24,0,175.5,1
8751,164,-3.51,62,1,392.5,1
8773,165,-7.08,22,0,281.6,1
8822,166,-5.88,49,1,314.3,1
8859,167,-6.95,37,0,458.8,1
8883,168,-6.97,24,0,234.1,1
8935,169,-4.98,52,1,379.2,1
8984,170,-5.52,49,1,371.8,1
9030,171,-6.80,46,1,153.6,1
9056,172,-6.29,26,0,304.4,1
9100,173,-4.57,44,2,519.7,1
9126,174,-7.69,26,0,109.5,1
9191,175,-5.89,65,1,227.2,1
9225,176,-6.85,34,0,227.2,1
9266,177,-7.34,41,0,202.6,1
9302,178,-5.89,36,1,321.7,1
9329,179,-7.20,27,0,341.5,1
9370,180,-6.11,41,1,180.6,1
9416,181,-3.51,46,3,455.7,1
9452,182,-4.86,36,1,333.2,1
9496,183,-3.72,44,1,396.8,1
9521,184,-7.37,25,0,109.9,1
9548,185,-7.03,27,0,206.2,1
9575,186,-7.15,27,0,201.2,1
9591,187,-7.14,16,0,168.8,1
9615,188,-6.19,24,0,445.1,1
9640,189,-7.31,25,0,162.3,1
9672,190,-5.95,32,0,319.2,1
9734,191,-3.78,62,1,331.7,1
9776,192,-5.75,42,1,424.7,1
9810,193,-7.90,34,0,114.1,1
9851,194,-8.26,41,0,84.9,1
9917,195,-4.80,66,1,338.1,1
9966,196,-5.75,49,1,448.8,1
10002,197,-5.64,36,2,148.0,1
10034,198,-7.32,32,0,180.8,1
10099,199,-4.35,65,2,278.7,1
10187,200,-2.76,88,2,715.0,1
10230,201,-4.30,43,1,364.6,1
10267,202,-6.96,37,1,178.3,1
10319,203,-4.68,52,1,401.2,1
10352,204,-7.16,33,0,205.0,1
10386,205,-5.19,34,1,240.8,1
10454,206,-3.47,68,1,848.8,1
10484,207,-6.16,30,0,489.7,1
10518,208,-6.01,34,1,227.0,1
10552,209,-4.57,34,1,259.5,1
10593,210,-6.02,41,1,196.3,1
10627,211,-4.31,34,1,228.0,1
10708,212,-5.06,81,1,313.4,1
10741,213,-6.41,33,0,445.4,1
10805,214,-2.88,64,2,960.8,1
10825,215,-7.47,20,0,119.1,1
10858,216,-6.31,33,0,358.3,1
10929,217,-2.15,71,2,795.4,1
10953,218,-6.48,24,0,388.9,1
10989,219,-7.01,36,0,366.1,1
11033,220,-5.26,44,1,230.0,1
11074,221,-7.34,41,0,320.7,1
11103,222,-7.49,29,0,136.1,1
11149,223,-6.57,46,1,205.1,1
11183,224,-5.55,34,1,348.3,1
11222,225,-4.96,39,0,392.7,1
11306,226,-1.85,84,3,903.6,1
11375,227,-2.40,69,2,732.7,1
11410,228,-6.96,35,0,330.3,1
11445,229,-6.34,35,0,305.9,1
11475,230,-6.55,30,0,385.6,1
11505,231,-4.72,30,1,575.8,1
11538,232,-5.55,33,1,224.5,1
11595,233,-4.45,57,1,481.0,1
11640,234,-6.56,45,0,472.5,1
11709,235,-4.55,69,1,765.8,1
11737,236,-6.20,28,1,270.7,1
11776,237,-4.19,39,2,285.6,1
11819,238,-7.27,43,0,384.0,1
11839,239,-6.85,20,0,271.7,1
11873,240,-7.73,34,0,90.7,1
11915,241,-6.68,42,0,413.3,1
11938,242,-5.42,23,1,363.0,1
11965,243,-5.99,27,1,204.2,1
11997,244,-6.78,32,0,306.7,1
12040,245,-4.67,43,1,635.7,1
12066,246,-5.92,26,1,290.3,1
12108,247,-6.23,42,1,428.8,1
12137,248,-6.86,29,0,386.2,1
12165,249,-6.24,28,0,450.4,1
12208,250,-6.11,43,0,292.9,1
12249,251,-6.73,41,0,363.8,1
12307,252,-2.30,58,3,853.6,1
12343,253,-5.39,36,1,439.6,1
12365,254,-7.10,22,0,243.8,1
12393,255,-5.86,28,0,300.9,1
12422,256,-6.71,29,0,373.4,1
12493,257,-0.57,71,3,833.7,1
12517,258,-6.01,24,1,287.0,1
12565,259,-5.66,48,1,454.2,1
12596,260,-5.24,31,1,491.3,1
12674,261,-2.57,78,2,937.6,1
12720,262,-5.94,46,1,338.6,1
12759,263,-5.77,39,1,444.7,1
12793,264,-5.34,34,1,332.3,1
12834,265,-7.02,41,0,372.7,1
12863,266,-5.44,29,1,353.6,1
12897,267,-5.80,34,1,381.9,1
12932,268,-4.65,35,1,339.8,1
12990,269,-1.53,58,2,833.1,1
13035,270,-5.65,45,1,422.4,1
13066,271,-5.71,31,1,442.1,1
13098,272,-4.37,32,1,591.3,1
13133,273,-5.79,35,1,431.5,1
13169,274,-4.81,36,1,203.1,1
13193,275,-6.24,24,0,389.4,1
13240,276,-4.33,47,1,489.6,1
13268,277,-6.89,28,0,265.6,1
13300,278,-5.48,32,1,443.9,1
13359,279,-2.94,59,2,852.9,1
13393,280,-7.28,34,0,220.5,1
13436,281,-3.91,43,2,492.2,1
13472,282,-6.83,36,0,299.9,1
13523,283,-5.55,51,1,483.3,1
13567,284,-3.19,44,2,787.8,1
13610,285,-3.55,43,2,451.1,1
13645,286,-6.61,35,0,360.9,1
13688,287,-5.46,43,1,282.0,1
13721,288,-3.05,33,1,532.2,1
13763,289,-4.28,42,2,490.1,1
13797,290,-5.12,34,2,284.8,1
13846,291,-4.58,49,1,571.9,1
13891,292,-4.90,45,1,618.1,1
13955,293,-4.47,64,2,513.3,1
13970,294,-7.03,15,0,143.6,1
13995,295,-6.93,25,0,193.2,1
14072,296,-3.71,77,2,795.5,1
14096,297,-7.53,24,0,70.8,1
14130,298,-6.22,34,0,423.8,1
14231,299,27.36,101,4,1278.7,0
14260,300,-6.26,29,0,360.9,1
14293,301,-5.13,33,0,417.2,1
14323,302,-4.62,30,1,510.2,1
14366,303,-4.46,43,1,539.1,1
14401,304,-5.00,35,2,293.2,1
14450,305,-4.75,49,2,472.3,1
14483,306,-6.54,33,0,257.1,1
14521,307,-5.36,38,1,509.8,1
14561,308,-4.57,40,1,324.7,1
14590,309,-3.88,29,1,385.5,1
14624,310,-4.84,34,1,265.5,1
14665,311,-5.59,41,1,321.0,1
14738,312,-3.97,73,2,457.8,1
14807,313,-0.48,69,3,758.6,1
14843,314,-4.93,36,1,360.2,1
14879,315,-6.58,36,0,444.6,1
14914,316,-5.45,35,0,441.7,1
14946,317,-6.54,32,0,476.5,1
15003,318,-3.18,57,2,922.9,1
15057,319,-1.89,54,2,548.1,1
15088,320,-6.04,31,0,543.6,1
15130,321,-4.23,42,1,554.6,1
15164,322,-6.41,34,1,244.7,1
15226,323,-2.54,62,2,484.1,1
15262,324,-4.96,36,1,459.0,1
15345,325,-3.74,83,2,845.5,1
15399,326,-4.67,54,1,288.9,1
15432,327,-6.34,33,0,516.8,1
15463,328,-5.00,31,1,263.3,1
15520,329,-5.59,57,1,531.0,1
15549,330,-6.46,29,0,394.1,1
15596,331,-2.84,47,3,488.6,1
15618,332,-7.42,22,0,123.6,1
15631,333,-7.25,13,0,138.1,1
15686,334,-3.27,55,2,827.6,1
15732,335,-3.23,46,1,651.0,1
15775,336,-2.79,43,2,574.5,1
15839,337,-2.07,64,2,857.5,1
15897,338,-5.10,58,1,499.0,1
15930,339,-6.44,33,0,561.3,1
15961,340,-5.05,31,1,239.7,1
15993,341,-6.60,32,0,427.0,1
16036,342,-4.73,43,2,427.5,1
16068,343,-5.24,32,1,311.3,1
16109,344,-6.96,41,1,142.6,1
16136,345,-6.69,27,0,322.1,1
16159,346,-6.20,23,0,430.1,1
16195,347,-5.54,36,1,447.6,1
16250,348,-3.21,55,1,527.2,1
16277,349,-5.42,27,1,279.8,1
16332,350,-4.26,55,1,669.4,1
16356,351,-7.27,24,0,198.4,1
16385,352,-4.86,29,2,135.5,1
16419,353,-4.75,34,1,240.9,1
16444,354,-6.44,25,0,322.2,1
16468,355,-5.69,24,1,427.4,1
16497,356,-6.72,29,0,285.6,1
16529,357,-4.81,32,1,627.8,1
16553,358,-6.50,24,0,416.7,1
16624,359,-2.32,71,2,990.2,1
16658,360,-6.20,34,0,308.1,1
16728,361,-2.71,70,2,855.7,1
16762,362,-3.76,34,1,328.1,1
16804,363,-5.11,42,1,425.9,1
16848,364,-6.10,44,1,527.5,1
16882,365,-4.77,34,2,314.3,1
16913,366,-6.28,31,0,469.6,1
16977,367,-1.00,64,2,597.7,1
17003,368,-7.57,26,0,192.0,1
17044,369,-5.23,41,1,528.2,1
17118,370,-5.90,74,2,318.5,1
17159,371,-4.47,41,2,419.1,1
17318,372,-1.54,159,3,822.1,1
17346,373,-6.56,28,0,379.7,1
17467,374,-2.89,121,3,733.1,1
17490,375,-6.53,23,0,288.2,1
17524,376,-5.06,34,1,282.3,1
17551,377,-6.21,27,0,455.6,1
17590,378,-6.33,39,0,465.4,1
17615,379,-7.02,25,0,218.1,1
17659,380,-5.76,44,1,405.4,1
17694,381,-5.29,35,1,434.6,1
17733,382,-5.34,39,1,241.4,1
17791,383,-2.80,58,3,674.2,1
17834,384,-4.89,43,1,546.9,1
17873,385,-5.68,39,1,417.9,1
17907,386,-4.73,34,2,450.9,1
17945,387,-5.66,38,1,382.2,1
17967,388,-7.17,22,0,153.4,1
17990,389,-6.84,23,0,236.9,1
18014,390,-7.48,24,0,131.3,1
18045,391,-6.34,31,0,437.7,1
18079,392,-5.37,34,0,459.9,1
18109,393,-4.96,30,1,485.4,1
18154,394,-6.43,45,0,371.6,1
18187,395,-6.99,33,0,378.2,1
18214,396,-5.03,27,1,472.2,1
18260,397,-4.91,46,1,232.5,1
18332,398,-2.80,72,2,921.5,1
18351,399,-6.74,19,0,199.7,1
18386,400,-5.00,35,1,464.8,1
18428,401,-5.32,42,1,462.4,1
18461,402,-5.20,33,0,401.0,1
18501,403,-4.14,40,1,501.2,1
18524,404,-6.75,23,0,237.2,1
19049,405,-6.54,525,4,703.3,0
19087,406,-4.87,38,1,588.2,1
19120,407,-6.45,33,0,418.3,1
19176,408,-3.72,56,1,605.0,1
19222,409,-5.23,46,1,558.1,1
19287,410,-1.89,65,3,942.0,1
19306,411,-5.26,19,1,214.3,1
19325,412,-6.99,19,0,210.4,1
19349,413,-6.40,24,0,441.1,1
19381,414,-5.13,32,1,399.6,1
19457,415,-0.31,76,2,802.4,1
19509,416,-5.09,52,1,530.1,1
19538,417,-6.08,29,0,530.8,1
19580,418,-5.47,42,0,332.1,1
19605,419,-6.76,25,0,336.4,1
19644,420,-6.29,39,0,493.2,1
19667,421,-5.26,23,1,500.8,1
19703,422,-6.32,36,0,455.7,1
19743,423,-6.60,40,0,495.1,1
19768,424,-7.53,25,0,153.0,1
19793,425,-5.84,25,1,136.7,1
19862,426,-3.94,69,1,376.5,1
19915,427,-3.57,53,2,547.7,1
19964,428,-5.42,49,1,462.1,1
20010,429,-5.20,46,1,363.2,1
20040,430,-6.58,30,0,471.7,1
20076,431,-4.47,36,1,504.3,1
20117,432,-4.62,41,2,479.5,1
20198,433,-1.54,81,3,924.8,1
20240,434,-4.69,42,1,434.3,1
20287,435,-4.84,47,1,281.7,1
20497,436,-1.48,210,4,848.5,1
20531,437,-7.04,34,0,196.4,1
20565,438,-5.37,34,1,200.1,1
20595,439,-7.23,30,0,151.1,1
20626,440,-7.47,31,0,220.8,1
20672,441,-4.88,46,1,599.9,1
20705,442,-5.00,33,1,442.2,1
20746,443,-8.61,41,0,122.3,1
20789,444,-5.69,43,1,180.4,1
20839,445,-4.35,50,1,364.0,1
20870,446,-5.20,31,1,338.3,1
20914,447,-5.86,44,0,458.1,1
20948,448,-5.23,34,1,313.1,1
20997,449,-8.48,49,0,372.9,1
21031,450,-4.74,34,2,363.5,1
21073,451,-4.85,42,1,437.9,1
21140,452,-4.55,67,1,880.5,1
21174,453,-5.99,34,1,387.1,1
21195,454,-6.47,21,0,274.2,1
21271,455,-1.06,76,2,843.1,1
21302,456,-4.96,31,1,208.7,1
21341,457,-5.72,39,1,183.3,1
21366,458,-6.50,25,0,213.4,1
21409,459,-5.96,43,0,336.0,1
21436,460,-5.53,27,1,225.5,1
21486,461,-3.85,50,2,523.7,1
21511,462,-7.15,25,0,183.3,1
21564,463,-3.72,53,2,381.5,1
21605,464,-2.91,41,2,316.9,1
21645,465,-4.95,40,0,470.1,1
21668,466,-7.08,23,0,177.1,1
21702,467,-5.16,34,2,312.8,1
21736,468,-4.32,34,2,274.7,1
21771,469,-5.70,35,0,649.8,1
21804,470,-6.12,33,0,489.8,1
21849,471,-4.36,45,0,413.7,1
21906,472,-2.77,57,2,895.5,1
21934,473,-6.67,28,0,327.1,1
21973,474,-3.88,39,1,299.6,1
22049,475,-3.57,76,1,391.9,1
22085,476,-6.34,36,0,530.4,1
22127,477,-3.96,42,1,475.3,1
22187,478,-3.02,60,2,900.9,1
22255,479,-1.05,68,2,628.8,1
22290,480,-5.85,35,0,444.7,1
22330,481,-5.41,40,0,417.9,1
22362,482,-4.82,32,1,285.8,1
22388,483,-5.07,26,1,469.7,1
22442,484,-4.67,54,1,359.1,1
22481,485,-4.36,39,1,279.8,1
22511,486,-6.21,30,0,314.7,1
22540,487,-6.41,29,0,445.2,1
22576,488,-5.00,36,1,211.8,1
22612,489,-6.04,36,0,539.9,1
22646,490,-5.59,34,1,338.8,1
22696,491,-5.44,50,1,454.3,1
22730,492,-4.31,34,1,458.5,1
22765,493,-7.14,35,0,341.7,1
22804,494,-5.08,39,1,242.7,1
22828,495,-6.57,24,0,382.9,1
22861,496,-6.39,33,0,455.2,1
22884,497,-5.60,23,1,290.6,1
23059,498,-5.12,175,3,595.4,1
23126,499,-5.06,67,1,417.1,1
23150,500,-6.77,24,0,424.9,1
23204,501,-3.07,54,2,370.7,1
23256,502,-2.17,52,1,736.1,1
23289,503,-4.85,33,1,421.5,1
23324,504,-6.34,35,0,490.8,1
23350,505,-6.91,26,1,157.7,1
23378,506,-7.67,28,0,125.2,1
23475,507,-1.20,97,2,761.3,1
23519,508,-3.85,44,2,502.7,1
23552,509,-5.57,33,1,389.3,1
23580,510,-5.26,28,1,232.5,1
23633,511,-2.68,53,1,758.8,1
23677,512,-5.49,44,0,569.5,1
23708,513,-5.27,31,1,255.2,1
23750,514,-5.88,42,0,448.1,1
23790,515,-5.78,40,0,565.4,1
23846,516,-4.91,56,1,646.2,1
23871,517,-6.23,25,0,460.3,1
23938,518,-4.09,67,2,383.1,1
23968,519,-6.18,30,0,498.9,1
24014,520,-3.67,46,2,492.6,1
24069,521,-2.94,55,1,503.0,1
24162,522,0.75,93,2,844.9,1
24198,523,-6.73,36,0,265.7,1
24233,524,-5.76,35,0,443.7,1
24268,525,-6.73,35,0,324.8,1
24295,526,-6.36,27,1,150.6,1
24326,527,-6.65,31,0,387.6,1
24365,528,-6.56,39,0,476.8,1
24564,529,-5.98,199,4,1191.4,1
24598,530,-5.44,34,1,468.5,1
24630,531,-6.48,32,0,471.3,1
24665,532,-3.07,35,2,566.2,1
24695,533,-6.19,30,0,517.6,1
24757,534,-1.50,62,2,826.5,1
24783,535,-6.30,26,0,469.0,1
24813,536,-5.12,30,1,292.0,1
24849,537,-6.14,36,0,521.9,1
24895,538,-8.52,46,1,249.1,1
24949,539,-3.95,54,1,449.7,1
24993,540,-6.17,44,1,375.9,1
25045,541,-5.33,52,1,477.7,1
25084,542,-5.73,39,1,302.5,1
25115,543,-5.40,31,1,438.9,1
25161,544,-4.33,46,1,460.0,1
25189,545,-5.84,28,0,416.5,1
25224,546,-5.90,35,0,399.0,1
25254,547,-6.07,30,0,502.6,1
25310,548,-5.35,56,1,401.5,1
25339,549,-6.29,29,0,385.9,1
25380,550,-4.07,41,1,375.6,1
25425,551,-4.82,45,1,364.4,1
25461,552,-4.84,36,2,471.3,1
25511,553,-5.43,50,1,454.5,1
25554,554,-4.64,43,1,482.2,1
25609,555,-2.03,55,2,914.3,1
25640,556,-6.19,31,0,333.8,1
25665,557,-6.60,25,0,243.2,1
25720,558,-4.48,55,1,628.6,1
25756,559,-6.22,36,0,500.2,1
25808,560,-3.08,52,1,679.9,1
25855,561,-3.76,47,2,522.5,1
25889,562,-5.00,34,1,335.8,1
25911,563,-7.29,22,0,161.6,1
25949,564,-6.75,38,0,471.1,1
25982,565,-6.32,33,0,447.1,1
26005,566,-6.85,23,0,297.2,1
26031,567,-4.28,26,2,448.4,1
26132,568,1.15,101,4,792.1,1
26192,569,-4.09,60,2,420.6,1
26218,570,-6.45,26,0,233.8,1
26253,571,-5.11,35,1,524.4,1
26287,572,-5.76,34,0,609.9,1
26324,573,-5.20,37,1,541.0,1
26369,574,-3.55,45,2,579.2,1
26428,575,-4.15,59,1,652.0,1
26487,576,-0.70,59,3,836.4,1
26526,577,-5.79,39,1,398.9,1
26555,578,-6.23,29,0,397.4,1
26622,579,-7.77,67,1,190.9,1
26664,580,-4.33,42,2,490.8,1
26697,581,-6.69,33,0,338.7,1
26738,582,-6.69,41,1,242.5,1
26761,583,-6.92,23,0,251.5,1
26791,584,-6.54,30,0,487.3,1
26823,585,-5.57,32,1,463.2,1
26859,586,-6.40,36,0,375.7,1
26893,587,-6.26,34,0,410.1,1
26941,588,-3.96,48,1,441.2,1
26973,589,-4.55,32,2,463.0,1
26998,590,-6.33,25,0,344.6,1
27037,591,-5.28,39,1,570.6,1
27095,592,-2.04,58,3,933.1,1
27125,593,-5.67,30,0,323.6,1
27186,594,-3.15,61,1,848.2,1
27711,595,-1.30,525,3,670.4,0
27759,596,-4.65,48,1,410.8,1
27820,597,-2.04,61,2,621.7,1
27849,598,-5.82,29,0,581.2,1
27871,599,-6.37,22,0,392.7,1
27891,600,-6.73,20,0,280.7,1
27924,601,-7.21,33,0,279.0,1
27970,602,-5.55,46,1,450.8,1
28002,603,-5.15,32,1,439.7,1
28220,604,0.62,218,4,819.0,1
28244,605,-6.94,24,0,247.3,1
28270,606,-5.10,26,1,500.3,1
28367,607,3.39,97,3,1004.4,1
28398,608,-4.48,31,1,573.7,1
28432,609,-5.23,34,1,527.0,1
28460,610,-5.54,28,1,162.4,1
28491,611,-3.13,31,3,460.3,1
28561,612,-0.81,70,3,996.3,1
28595,613,-5.53,34,1,266.6,1
28633,614,-6.11,38,0,632.5,1
28666,615,-5.22,33,1,444.7,1
28710,616,-3.54,44,2,545.2,1
28739,617,-5.85,29,1,280.4,1
28795,618,-5.15,56,1,371.1,1
28817,619,-5.32,22,1,390.8,1
28859,620,-5.70,42,1,432.0,1
28884,621,-6.04,25,0,505.6,1
28916,622,-5.75,32,1,368.6,1
28945,623,-5.49,29,0,427.8,1
29045,624,-9.00,100,1,244.4,1
29096,625,-1.05,51,2,512.6,1
29153,626,-2.05,57,2,834.0,1
29181,627,-6.75,28,0,353.3,1
29221,628,-5.11,40,1,555.5,1
29251,629,-6.26,30,0,472.2,1
29315,630,-3.09,64,2,881.1,1
29341,631,-5.88,26,1,395.6,1
29372,632,-3.89,31,2,392.3,1
29394,633,-5.39,22,1,327.7,1
29436,634,-5.29,42,1,434.1,1
29496,635,-2.86,60,2,827.8,1
29527,636,-3.58,31,1,403.3,1
29549,637,-6.21,22,0,290.4,1
29586,638,-4.16,37,2,504.6,1
29625,639,-5.24,39,1,518.9,1
29659,640,-6.52,34,0,359.8,1
29691,641,-5.13,32,1,210.8,1
29737,642,-5.87,46,1,192.8,1
29762,643,-5.58,25,0,614.5,1
29810,644,-5.69,48,1,248.0,1
29841,645,-5.15,31,1,471.7,1
29893,646,-4.84,52,2,293.8,1
29931,647,-3.90,38,0,662.0,1
29987,648,-3.34,56,2,476.7,1
30004,649,-5.51,17,1,214.2,1
30046,650,-6.68,42,0,433.7,1
30118,651,-3.85,72,1,652.3,1
30149,652,-5.41,31,1,437.8,1
30399,653,-5.08,250,3,875.5,1
30442,654,-2.87,43,2,486.2,1
30495,655,-4.17,53,1,717.4,1
30546,656,-5.71,51,1,370.2,1
30584,657,-4.97,38,2,437.1,1
30642,658,-3.09,58,2,808.1,1
30683,659,-5.10,41,1,277.0,1
30716,660,-5.22,33,1,486.8,1
30750,661,-5.34,34,1,502.3,1
30801,662,-3.54,51,1,469.3,1
30835,663,-6.35,34,1,79.3,1
30868,664,-5.08,33,1,511.9,1
30915,665,-4.11,47,2,479.2,1
30959,666,-5.63,44,1,250.3,1
31009,667,-2.86,50,2,915.4,1
31038,668,-7.00,29,0,235.0,1
31083,669,-4.60,45,1,597.3,1
31133,670,-3.39,50,1,659.8,1
31187,671,-0.62,54,2,851.6,1
31207,672,-6.32,20,1,252.3,1
31238,673,-6.54,31,0,466.8,1
31278,674,-4.85,40,1,289.7,1
31302,675,-5.83,24,1,218.7,1
31343,676,-4.75,41,1,242.7,1
31376,677,-6.90,33,0,445.5,1
31410,678,-6.57,34,1,192.6,1
31445,679,-6.25,35,1,139.5,1
31479,680,-5.32,34,1,224.1,1
31508,681,-6.49,29,0,444.8,1
31595,682,-1.77,87,2,678.7,1
31641,683,-4.45,46,1,717.3,1
31682,684,-6.05,41,1,145.3,1
31723,685,-5.84,41,1,252.7,1
31757,686,-4.89,34,1,543.6,1
31795,687,-5.27,38,1,440.3,1
31830,688,-5.24,35,1,449.5,1
31863,689,-7.02,33,0,423.1,1
31916,690,-2.62,53,1,608.3,1
31959,691,-3.96,43,1,412.3,1
31988,692,-7.54,29,0,54.3,1
32018,693,-6.34,30,0,525.5,1
32048,694,-6.07,30,0,597.6,1
32073,695,-5.59,25,1,184.2,1
32108,696,-5.34,35,1,262.7,1
32142,697,-7.05,34,1,303.5,1
32181,698,-4.68,39,1,531.9,1
32231,699,-4.04,50,1,848.6,1
32256,700,-6.00,25,0,519.2,1
32286,701,-5.91,30,1,335.0,1
32345,702,-5.19,59,1,663.3,1
32380,703,-3.50,35,1,439.7,1
32413,704,-4.46,33,1,274.8,1
32452,705,-4.94,39,1,522.3,1
32495,706,-4.26,43,2,513.0,1
32537,707,-3.86,42,1,830.0,1
32569,708,-6.29,32,0,517.5,1
32601,709,-5.71,32,0,508.4,1
32633,710,-3.34,32,1,599.6,1
32667,711,-6.60,34,1,111.6,1
32706,712,-5.97,39,0,473.5,1
32744,713,-3.93,38,1,485.2,1
32778,714,-5.09,34,1,284.9,1
32814,715,-5.02,36,0,413.0,1
32835,716,-6.24,21,0,481.6,1
32880,717,-4.14,45,1,572.6,1
32931,718,-4.00,51,1,862.6,1
32961,719,-6.42,30,0,495.3,1
33005,720,-4.58,44,1,715.2,1
33036,721,-5.37,31,1,481.5,1
33090,722,-1.64,54,2,810.9,1
33119,723,-7.15,29,0,221.2,1
33142,724,-6.62,23,0,451.5,1
33187,725,-4.52,45,1,744.6,1
33217,726,-6.07,30,0,585.7,1
33251,727,-4.66,34,1,236.0,1
33283,728,-6.10,32,0,482.1,1
33315,729,-6.97,32,0,442.9,1
33378,730,1.82,63,3,837.1,1
33418,731,-4.48,40,1,413.8,1
33482,732,-0.74,64,2,891.9,1
33520,733,-4.46,38,1,447.5,1
33557,734,-5.78,37,1,475.5,1
33604,735,-0.54,47,2,844.8,1
33633,736,-5.20,29,1,416.8,1
33679,737,-2.97,46,1,570.4,1
33721,738,-6.67,42,0,322.7,1
33760,739,-5.87,39,0,503.8,1
33790,740,-6.02,30,0,482.3,1
33855,741,-2.28,65,2,809.2,1
33897,742,-4.48,42,2,438.1,1
33940,743,-3.71,43,1,784.0,1
33959,744,-6.84,19,0,225.5,1
33998,745,-3.95,39,2,514.3,1
34061,746,-8.16,63,1,234.4,1
34113,747,-3.39,52,2,861.3,1
34165,748,-2.84,52,2,858.6,1
34199,749,-5.35,34,1,464.7,1
34245,750,-3.19,46,2,573.5,1
34268,751,-6.03,23,0,533.5,1
34291,752,-6.29,23,0,534.8,1
34327,753,-3.23,36,1,341.6,1
34367,754,-4.87,40,1,427.6,1
34406,755,-5.57,39,0,440.1,1
34448,756,-6.00,42,0,462.7,1
34488,757,-2.68,40,2,375.2,1
34527,758,-5.43,39,1,464.0,1
34562,759,-5.24,35,1,203.6,1
34586,760,-6.29,24,0,457.6,1
34617,761,-6.30,31,0,427.2,1
34658,762,-3.74,41,0,450.8,1
34695,763,-6.20,37,0,558.7,1
34730,764,-5.75,35,0,430.4,1
34764,765,-5.75,34,0,581.9,1
34794,766,-4.99,30,0,495.1,1
34835,767,-8.56,41,0,101.6,1
34870,768,-5.44,35,1,292.3,1
34909,769,-5.08,39,1,509.1,1
34941,770,-5.03,32,1,453.9,1
34975,771,-6.20,34,0,360.2,1
35012,772,-4.82,37,1,532.4,1
35053,773,-6.57,41,1,203.1,1
35092,774,-5.85,39,1,441.9,1
35141,775,-7.19,49,1,340.2,1
35175,776,-6.96,34,0,295.2,1
35205,777,-5.63,30,1,462.0,1
35277,778,-4.64,72,1,486.1,1
35312,779,-6.45,35,0,434.2,1
35348,780,-6.09,36,0,561.6,1
35375,781,-6.23,27,0,393.1,1
35408,782,-4.46,33,0,429.4,1
35446,783,-6.48,38,0,517.2,1
35494,784,-3.32,48,1,761.5,1
35548,785,-0.18,54,3,1018.3,1
35584,786,-5.52,36,0,499.4,1
35633,787,-2.30,49,2,473.8,1
35664,788,-5.15,31,0,443.6,1
35703,789,-5.83,39,0,411.9,1
35759,790,-1.37,56,1,904.8,1
35780,791,-5.66,21,1,321.2,1
35850,792,1.70,70,3,1234.0,1
35883,793,-3.72,33,1,437.3,1
35926,794,-2.23,43,1,763.8,1
35990,795,-2.36,64,3,852.5,1
36021,796,-4.48,31,1,377.7,1
36085,797,1.41,64,2,698.1,1
36110,798,-6.30,25,0,502.9,1
36137,799,-5.59,27,0,585.4,1
36162,800,-4.98,25,1,576.6,1
36202,801,-5.19,40,1,508.7,1
36267,802,-1.48,65,3,946.0,1
36312,803,-3.06,45,1,583.5,1
36344,804,-4.84,32,1,517.3,1
36375,805,-5.12,31,1,507.2,1
36409,806,-5.22,34,1,502.7,1
36444,807,-5.29,35,1,473.6,1
36479,808,-8.74,35,0,55.6,1
36517,809,-5.16,38,1,503.1,1
36539,810,-5.82,22,1,193.1,1
36576,811,-4.90,37,1,529.6,1
36600,812,-5.63,24,0,282.3,1
36632,813,-5.25,32,1,532.3,1
36658,814,-5.24,26,1,330.2,1
36695,815,-4.49,37,1,444.1,1
36736,816,-5.19,41,1,261.8,1
36762,817,-6.86,26,0,271.3,1
36792,818,-7.20,30,0,201.3,1
36826,819,-5.48,34,1,453.5,1
36867,820,-4.96,41,1,584.0,1
36914,821,-3.98,47,1,574.3,1
36949,822,-5.39,35,1,494.2,1
36976,823,-3.33,27,2,385.7,1
36995,824,-7.48,19,0,123.1,1
37025,825,-5.23,30,1,386.9,1
37075,826,-2.16,50,2,705.5,1
37145,827,-3.41,70,2,865.7,1
37195,828,-2.19,50,2,885.2,1
37238,829,-4.08,43,1,516.3,1
37261,830,-7.21,23,0,244.8,1
37327,831,1.09,66,3,1141.4,1
37368,832,-4.36,41,1,457.9,1
37397,833,-6.17,29,0,492.9,1
37450,834,-3.32,53,2,860.6,1
37483,835,-6.09,33,0,463.8,1
37518,836,-5.20,35,1,256.3,1
37553,837,-5.14,35,1,505.8,1
37588,838,-5.48,35,1,550.5,1
37622,839,-7.77,34,1,233.0,1
37651,840,-6.73,29,0,404.4,1
37682,841,-5.33,31,1,488.9,1
37767,842,-6.01,85,2,608.9,1
37792,843,-6.41,25,0,473.5,1
37828,844,-5.96,36,0,540.0,1
37863,845,-5.61,35,0,463.6,1
37910,846,-4.35,47,1,417.9,1
37953,847,-3.61,43,1,675.4,1
38019,848,0.09,66,2,729.9,1
38068,849,-0.62,49,2,863.2,1
38094,850,-4.61,26,2,458.2,1
38153,851,-2.43,59,2,700.8,1
38200,852,-5.01,47,1,537.5,1
38225,853,-5.02,25,1,509.0,1
38247,854,-5.89,22,0,538.9,1
38327,855,2.73,80,2,828.7,1
38350,856,-6.97,23,0,248.6,1
38390,857,-6.18,40,0,476.4,1
38426,858,-6.29,36,0,488.8,1
38456,859,-6.23,30,0,468.3,1
38526,860,-2.46,70,2,524.0,1
38549,861,-5.99,23,0,514.8,1
38595,862,-6.96,46,1,200.2,1
38624,863,-6.38,29,0,448.6,1
38659,864,-6.25,35,0,408.3,1
38780,865,-5.77,121,2,676.4,1
38867,866,-2.73,87,2,427.5,1
38913,867,-1.82,46,2,890.0,1
38943,868,-5.83,30,0,545.2,1
38982,869,-5.68,39,0,433.9,1
39027,870,-1.68,45,1,803.7,1
39107,871,25.15,80,4,1277.0,0
39132,872,-6.63,25,0,449.7,1
39160,873,-5.31,28,1,501.4,1
39190,874,-6.73,30,0,482.4,1
39223,875,-5.08,33,1,528.4,1
39259,876,-2.35,36,2,438.0,1
39287,877,-4.55,28,1,465.7,1
39312,878,-6.35,25,0,460.1,1
39361,879,-2.90,49,2,921.5,1
39383,880,-5.94,22,0,469.8,1
39414,881,-5.40,31,1,479.0,1
39450,882,-5.18,36,0,433.3,1
39497,883,-3.63,47,2,497.1,1
39532,884,-5.39,35,0,333.4,1
39571,885,-4.56,39,1,403.0,1
39609,886,-5.16,38,0,561.5,1
39668,887,-9.71,59,0,120.7,1
39697,888,-4.48,29,0,407.5,1
39758,889,-3.49,61,2,727.1,1
39788,890,-6.40,30,0,475.2,1
39819,891,-5.07,31,1,547.0,1
39849,892,-5.84,30,0,593.6,1
39872,893,-6.47,23,0,259.2,1
39901,894,-5.90,29,0,314.3,1
39941,895,-3.80,40,2,527.8,1
39991,896,-1.75,50,2,962.3,1
40040,897,-0.90,49,1,801.1,1
40071,898,-5.02,31,1,522.1,1
40096,899,-5.36,25,1,490.1,1
40130,900,-4.94,34,1,519.3,1
40167,901,-4.58,37,0,451.0,1
40211,902,-5.57,44,1,464.6,1
40253,903,-4.43,42,1,354.9,1
40287,904,-8.91,34,0,120.2,1
40347,905,0.77,60,2,893.3,1
40373,906,-4.92,26,1,472.6,1
40398,907,-6.31,25,0,500.7,1
40428,908,-5.55,30,0,594.6,1
40450,909,-7.15,22,0,169.2,1
40489,910,-2.05,39,2,456.5,1
40529,911,-3.22,40,1,580.7,1
40554,912,-5.98,25,0,265.9,1
40607,913,-1.74,53,2,848.2,1
40633,914,-4.88,26,1,537.4,1
40671,915,-4.40,38,2,577.4,1
40701,916,-5.13,30,1,527.6,1
40751,917,-4.83,50,1,402.8,1
40784,918,-6.14,33,0,512.0,1
40811,919,-3.79,27,2,521.7,1
40846,920,-3.99,35,1,606.6,1
40877,921,-5.42,31,0,677.4,1
40928,922,-3.37,51,1,503.9,1
41008,923,-4.09,80,2,558.6,1
41042,924,-5.36,34,0,501.6,1
41111,925,2.54,69,3,796.4,1
41163,926,-1.11,52,3,966.2,1
41203,927,-5.64,40,0,504.8,1
41241,928,-4.00,38,1,750.6,1
41266,929,-5.37,25,1,513.7,1
41296,930,-5.76,30,0,454.9,1
41355,931,-0.10,59,2,1152.9,1
41383,932,-5.22,28,1,547.7,1
41418,933,-3.92,35,2,483.5,1
41453,934,-5.20,35,1,495.2,1
41472,935,-7.08,19,0,155.6,1
41495,936,-5.82,23,0,513.2,1
41519,937,-5.82,24,0,508.5,1
41549,938,-6.00,30,0,446.6,1
41593,939,-4.85,44,0,415.0,1
41621,940,-6.07,28,0,529.6,1
41657,941,-5.86,36,0,510.0,1
41707,942,-4.10,50,1,709.1,1
41730,943,-6.15,23,0,476.6,1
41754,944,-6.11,24,0,460.4,1
41773,945,-6.07,19,0,430.9,1
41807,946,-3.90,34,1,491.9,1
41847,947,-5.48,40,0,504.6,1
41881,948,-6.61,34,1,197.0,1
41936,949,-3.08,55,2,838.5,1
41970,950,-3.87,34,2,525.4,1
42031,951,-0.40,61,3,965.4,1
42063,952,-5.42,32,0,456.1,1
42110,953,-1.34,47,2,868.4,1
42137,954,-7.23,27,0,243.9,1
42162,955,-6.24,25,0,487.1,1
42193,956,-6.27,31,0,473.4,1
42236,957,-2.84,43,1,550.6,1
42268,958,-5.08,32,0,718.8,1
42292,959,-4.93,24,0,440.3,1
42332,960,-2.80,40,1,445.8,1
42374,961,-6.00,42,0,359.9,1
42398,962,-6.01,24,0,463.7,1
42459,963,-3.34,61,2,800.3,1
42490,964,-5.65,31,0,468.6,1
42521,965,-3.71,31,2,600.8,1
42549,966,-3.54,28,1,475.7,1
42581,967,-2.68,32,1,702.6,1
42616,968,-3.90,35,1,423.6,1
42659,969,-3.88,43,2,393.3,1
42696,970,-3.86,37,1,477.5,1
42737,971,-3.55,41,1,661.7,1
42762,972,-6.00,25,0,487.8,1
42793,973,-5.56,31,0,425.9,1
42826,974,-6.15,33,0,491.1,1
42852,975,-4.27,26,1,221.7,1
42881,976,-4.86,29,0,402.6,1
42926,977,-3.18,45,1,825.2,1
42949,978,-5.11,23,1,500.4,1
42999,979,-2.62,50,1,511.6,1
43034,980,-3.68,35,2,439.4,1
43065,981,-4.69,31,0,455.9,1
43089,982,-4.06,24,1,422.6,1
43121,983,-5.22,32,1,499.7,1
43156,984,-5.82,35,1,461.9,1
43179,985,-6.21,23,0,520.7,1
43209,986,-6.00,30,0,597.0,1
43242,987,-5.30,33,0,546.1,1
43263,988,-6.52,21,0,356.4,1
43308,989,-2.51,45,1,647.5,1
43340,990,-3.95,32,2,595.8,1
43383,991,-3.87,43,1,674.0,1
43413,992,-5.18,30,0,493.9,1
43435,993,-6.11,22,0,470.3,1
43462,994,-5.23,27,1,463.3,1
43485,995,-5.27,23,1,486.4,1
43523,996,-5.56,38,1,497.5,1
43555,997,-4.82,32,0,684.2,1
43620,998,-0.22,65,2,888.7,1
43656,999,-5.16,36,0,703.3,1
43686,1000,-5.71,30,0,523.4,1
43714,1001,-4.96,28,1,539.1,1
43746,1002,-4.99,32,1,492.6,1
43790,1003,-5.36,44,1,512.9,1
43818,1004,-6.30,28,0,526.6,1
43850,1005,-5.73,32,0,631.1,1
43873,1006,-5.99,23,0,523.4,1
43901,1007,-5.18,28,0,377.5,1
43926,1008,-5.06,25,1,525.2,1
43953,1009,-6.23,27,0,457.9,1
44004,1010,-2.52,51,2,943.7,1
44034,1011,-6.44,30,0,538.0,1
44057,1012,-6.27,23,0,503.0,1
44091,1013,-5.19,34,1,512.2,1
44123,1014,-5.23,32,1,478.0,1
44169,1015,-5.05,46,2,299.3,1
44200,1016,-3.16,31,1,457.3,1
44225,1017,-6.20,25,0,453.6,1
44256,1018,-5.57,31,0,441.9,1
44289,1019,-6.25,33,0,522.0,1
44328,1020,-3.25,39,2,552.8,1
44358,1021,-6.17,30,0,465.9,1
44397,1022,-4.64,39,1,407.8,1
44449,1023,-1.92,52,2,889.6,1
44482,1024,-5.32,33,1,492.7,1
44512,1025,-5.91,30,0,481.4,1
44544,1026,-4.93,32,1,549.8,1
44589,1027,-2.94,45,2,861.5,1
44619,1028,-4.99,30,1,535.8,1
44647,1029,-6.01,28,0,568.1,1
44700,1030,-1.82,53,2,387.2,1
44736,1031,-5.20,36,0,549.6,1
44767,1032,-4.83,31,0,426.6,1
44795,1033,-5.64,28,0,569.6,1
44823,1034,-4.75,28,1,524.9,1
44846,1035,-6.18,23,0,444.6,1
44879,1036,-6.32,33,0,534.7,1
44904,1037,-5.86,25,0,546.8,1
44962,1038,-0.36,58,2,972.9,1
44997,1039,-3.49,35,1,441.3,1
45023,1040,-6.25,26,0,484.2,1
45056,1041,-4.22,33,1,663.4,1
45087,1042,-6.45,31,0,462.6,1
45112,1043,-4.70,25,1,270.5,1
45171,1044,-2.79,59,2,873.5,1
45201,1045,-5.16,30,1,516.6,1
45235,1046,-4.29,34,2,496.3,1
45260,1047,-6.44,25,0,401.2,1
45303,1048,-4.38,43,1,547.9,1
45331,1049,-6.97,28,0,246.5,1
45383,1050,-3.21,52,1,874.6,1
45434,1051,-2.77,51,2,888.9,1
45471,1052,-3.92,37,1,548.5,1
45517,1053,-3.16,46,1,741.3,1
45578,1054,-0.64,61,3,941.6,1
45609,1055,-4.94,31,1,518.9,1
45663,1056,-1.75,54,1,773.4,1
45699,1057,-3.30,36,1,330.5,1
45725,1058,-6.34,26,0,535.7,1
45750,1059,-5.16,25,1,236.6,1
45799,1060,-3.93,49,1,613.0,1
45839,1061,-3.76,40,1,883.7,1
45879,1062,-4.06,40,1,779.0,1
45904,1063,-5.62,25,0,436.1,1
45939,1064,-5.79,35,1,480.7,1
45963,1065,-5.25,24,1,530.0,1
45993,1066,-5.73,30,0,598.1,1
46025,1067,-6.07,32,0,476.9,1
46060,1068,-5.72,35,1,538.6,1
46091,1069,-6.19,31,0,506.3,1
46118,1070,-6.07,27,0,467.4,1
46143,1071,-6.20,25,0,455.5,1
46169,1072,-6.61,26,0,433.4,1
46210,1073,-3.34,41,1,670.1,1
46250,1074,-7.21,40,0,444.5,1
46285,1075,-4.63,35,1,632.8,1
46316,1076,-5.37,31,1,438.8,1
46342,1077,-6.40,26,0,474.4,1
46380,1078,-3.69,38,1,887.1,1
46433,1079,-2.72,53,2,857.9,1
46466,1080,-5.76,33,0,440.9,1
46503,1081,-4.29,37,1,680.5,1
46537,1082,-5.11,34,1,228.3,1
46567,1083,-6.36,30,0,462.9,1
46603,1084,-4.31,36,2,455.1,1
46646,1085,-5.52,43,1,530.9,1
46679,1086,-4.97,33,0,419.5,1
46713,1087,-2.65,34,2,526.4,1
46759,1088,-4.50,46,1,673.2,1
46792,1089,-3.78,33,1,544.1,1
46825,1090,-5.48,33,1,279.0,1
46878,1091,-2.48,53,2,847.4,1
46898,1092,-6.49,20,0,316.4,1
46923,1093,-6.62,25,0,481.7,1
46968,1094,-3.15,45,1,928.6,1
47022,1095,-1.66,54,1,834.1,1
47065,1096,-3.90,43,1,639.1,1
47094,1097,-6.39,29,0,503.1,1
47129,1098,-3.41,35,1,462.3,1
47165,1099,-4.65,36,1,573.6,1
47198,1100,-5.00,33,1,599.9,1
47226,1101,-6.08,28,0,453.4,1
47264,1102,-3.14,38,1,458.5,1
47296,1103,-5.23,32,0,715.3,1
47333,1104,-5.81,37,0,461.7,1
47368,1105,-3.11,35,1,495.2,1
47401,1106,-1.46,33,2,631.8,1
47434,1107,-5.58,33,0,610.3,1
47457,1108,-8.30,23,0,123.9,1
47506,1109,-2.82,49,2,837.6,1
47527,1110,-6.70,21,0,288.1,1
47598,1111,0.22,71,2,947.2,1
47623,1112,-5.00,25,1,519.8,1
47664,1113,-3.81,41,1,896.9,1
47685,1114,-6.10,21,0,282.6,1
47710,1115,-6.37,25,0,371.1,1
47740,1116,-5.95,30,0,488.3,1
47770,1117,-5.68,30,0,670.0,1
47800,1118,-5.76,30,0,456.2,1
47851,1119,-3.59,51,1,994.2,1
47890,1120,-4.48,39,0,449.0,1
47913,1121,-5.34,23,1,442.6,1
47942,1122,-6.29,29,0,488.4,1
47973,1123,-5.99,31,0,525.0,1
47996,1124,-5.00,23,0,429.9,1
48026,1125,-6.45,30,0,220.7,1
48062,1126,-3.03,36,1,466.8,1
48111,1127,-2.75,49,2,912.2,1
48138,1128,-4.74,27,1,583.3,1
48170,1129,-4.40,32,1,648.6,1
48205,1130,-5.13,35,1,439.5,1
48251,1131,-1.54,46,1,895.0,1
48276,1132,-5.84,25,0,551.5,1
48309,1133,-4.94,33,1,513.0,1
48352,1134,-2.49,43,2,916.8,1
48530,1135,-3.18,178,3,570.2,1
48572,1136,-4.73,42,0,441.6,1
48609,1137,-4.40,37,1,287.7,1
48635,1138,-6.49,26,0,442.4,1
48670,1139,-4.22,35,1,494.3,1
48697,1140,-6.10,27,0,530.5,1
48728,1141,-4.79,31,1,503.1,1
48758,1142,-6.48,30,0,538.8,1
48788,1143,-6.03,30,0,530.7,1
48813,1144,-5.33,25,0,404.4,1
48852,1145,-3.83,39,1,695.6,1
48893,1146,-8.06,41,1,238.3,1
48944,1147,-3.62,51,1,769.1,1
48973,1148,-5.69,29,0,583.7,1
49042,1149,-6.30,69,1,632.9,1
49078,1150,-5.91,36,0,401.1,1
49603,1151,-5.31,525,2,386.9,0
49625,1152,-6.44,22,0,447.1,1
49650,1153,-4.56,25,1,497.7,1
49685,1154,-9.04,35,0,73.1,1
49727,1155,-2.30,42,2,833.4,1
49762,1156,-4.10,35,2,474.3,1
49786,1157,-4.92,24,1,537.7,1
49819,1158,-6.12,33,0,474.0,1
49848,1159,-5.88,29,0,492.6,1
49871,1160,-6.32,23,0,352.5,1
49894,1161,-5.96,23,0,498.6,1
49946,1162,-4.69,52,0,443.7,1
49972,1163,-5.55,26,1,345.4,1
50002,1164,-6.48,30,0,458.8,1
50047,1165,-9.39,45,0,72.1,1
50079,1166,-5.71,32,0,651.0,1
50102,1167,-5.05,23,1,520.6,1
50131,1168,-3.86,29,1,427.5,1
50162,1169,-5.60,31,0,520.8,1
50211,1170,-4.53,49,1,482.1,1
50258,1171,-5.07,47,2,344.4,1
50281,1172,-6.19,23,0,269.5,1
50313,1173,-4.84,32,1,568.7,1
50356,1174,-4.41,43,1,743.0,1
50368,1175,-7.07,12,0,172.6,1
50388,1176,-5.54,20,0,448.5,1
50423,1177,-3.03,35,3,513.7,1
50446,1178,-6.26,23,0,461.0,1
50477,1179,-4.40,31,1,609.6,1
50508,1180,-4.77,31,0,422.9,1
50543,1181,-4.22,35,1,437.4,1
50589,1182,-9.29,46,0,107.2,1
50622,1183,-5.05,33,0,479.3,1
50659,1184,-4.04,37,1,460.8,1
50685,1185,-6.25,26,0,432.0,1
50721,1186,-3.34,36,1,455.5,1
50752,1187,-4.04,31,1,485.3,1
50777,1188,-5.34,25,1,477.7,1
50820,1189,-5.35,43,1,428.3,1
50848,1190,-6.28,28,0,529.6,1
50885,1191,-3.02,37,1,502.7,1
50910,1192,-4.79,25,1,470.4,1
50933,1193,-6.42,23,0,393.4,1
50969,1194,-4.05,36,2,573.2,1
51003,1195,-4.84,34,1,576.9,1
51031,1196,-5.23,28,1,514.0,1
51059,1197,-4.99,28,0,479.1,1
51083,1198,-5.91,24,0,525.4,1
51114,1199,-4.24,31,1,734.8,1
51155,1200,-1.71,41,1,753.4,1
51186,1201,-4.64,31,2,418.2,1
51223,1202,-5.22,37,1,486.9,1
51272,1203,-3.69,49,1,698.3,1
51314,1204,-5.15,42,0,471.2,1
51367,1205,-2.35,53,2,738.7,1
51391,1206,-4.97,24,1,474.4,1
51418,1207,-4.99,27,1,432.8,1
51447,1208,-5.63,29,0,463.8,1
51478,1209,-4.20,31,1,617.9,1
51533,1210,-1.95,55,1,839.7,1
51570,1211,-6.29,37,0,378.3,1
51609,1212,-3.82,39,1,536.5,1
51656,1213,-4.48,47,2,547.0,1
51705,1214,-2.87,49,1,680.3,1
51739,1215,-3.96,34,1,498.4,1
51762,1216,-6.18,23,0,254.4,1
51824,1217,-0.58,62,3,894.8,1
51881,1218,-4.58,57,1,720.9,1
51904,1219,-5.31,23,1,472.8,1
51939,1220,-4.45,35,2,472.5,1
51975,1221,-3.83,36,2,548.0,1
52011,1222,-6.08,36,0,509.8,1
52046,1223,-4.77,35,1,664.9,1
52087,1224,-5.71,41,1,269.3,1
52120,1225,-3.85,33,1,497.1,1
52158,1226,-3.21,38,1,415.9,1
52200,1227,-3.72,42,1,828.9,1
52242,1228,-2.48,42,2,889.2,1
52302,1229,-2.30,60,2,972.9,1
52330,1230,-6.44,28,0,475.1,1
52358,1231,-5.03,28,1,510.7,1
52396,1232,-4.82,38,2,469.4,1
52443,1233,-3.27,47,1,906.1,1
52475,1234,-4.09,32,0,739.1,1
52507,1235,-3.87,32,1,735.6,1
52535,1236,-4.69,28,1,408.0,1
52558,1237,-6.52,23,0,481.4,1
52583,1238,-4.63,25,1,425.3,1
52606,1239,-6.19,23,0,482.8,1
52631,1240,-6.18,25,0,493.2,1
52661,1241,-6.24,30,0,508.1,1
52711,1242,-3.94,50,1,951.8,1
52743,1243,-3.80,32,1,438.5,1
52773,1244,-6.40,30,0,480.0,1
52807,1245,-6.04,34,1,212.9,1
52834,1246,-4.29,27,1,568.8,1
52860,1247,-4.90,26,0,439.7,1
52880,1248,-5.85,20,0,542.1,1
52914,1249,-4.50,34,1,484.0,1
52936,1250,-4.89,22,1,527.6,1
52966,1251,-5.90,30,0,502.5,1
53006,1252,-3.16,40,2,830.2,1
53040,1253,-5.90,34,0,394.6,1
53081,1254,-3.76,41,2,591.6,1
53111,1255,-5.30,30,1,505.5,1
53155,1256,-1.90,44,1,874.9,1
53179,1257,-6.27,24,0,495.6,1
53202,1258,-6.16,23,0,504.4,1
53225,1259,-5.37,23,1,408.9,1
53267,1260,-3.80,42,1,890.8,1
53301,1261,-5.78,34,0,526.7,1
53324,1262,-6.25,23,0,475.5,1
53353,1263,-5.16,29,1,565.4,1
53398,1264,-3.07,45,2,895.2,1
53427,1265,-5.29,29,0,462.7,1
53452,1266,-4.50,25,1,632.2,1
53480,1267,-4.25,28,1,311.4,1
53507,1268,-4.62,27,1,499.6,1
53542,1269,-5.24,35,0,509.3,1
53576,1270,-5.66,34,0,462.1,1
53630,1271,-3.14,54,1,933.7,1
53673,1272,-4.40,43,1,698.1,1
53698,1273,-5.07,25,1,485.2,1
53712,1274,-6.82,14,0,204.4,1
53733,1275,-5.94,21,0,315.4,1
53765,1276,-5.06,32,1,539.8,1
53796,1277,-2.31,31,2,675.6,1
53823,1278,-3.57,27,1,472.9,1
53863,1279,-3.82,40,1,719.2,1
53900,1280,-0.83,37,2,883.1,1
53926,1281,-4.95,26,1,487.7,1
53951,1282,-5.21,25,1,511.2,1
53997,1283,-7.80,46,1,126.9,1
54039,1284,-4.05,42,1,875.4,1
54075,1285,-4.46,36,0,468.4,1
54107,1286,-5.27,32,1,462.4,1
54156,1287,-0.93,49,3,877.6,1
54186,1288,-4.05,30,1,490.0,1
54213,1289,-4.66,27,1,543.9,1
54232,1290,-6.47,19,0,329.2,1
54265,1291,-6.10,33,0,593.4,1
54296,1292,-6.16,31,0,558.6,1
54336,1293,-5.79,40,0,552.6,1
54380,1294,-1.28,44,2,937.7,1
54412,1295,-4.33,32,0,449.6,1
54458,1296,-1.02,46,2,769.3,1
54494,1297,-6.35,36,0,453.8,1
54526,1298,-3.21,32,1,444.5,1
54558,1299,-6.30,32,0,523.6,1
54613,1300,-0.15,55,2,1086.7,1
54663,1301,-2.99,50,2,967.4,1
54693,1302,-6.38,30,0,451.7,1
54715,1303,-5.98,22,0,509.7,1
54742,1304,-5.70,27,0,349.4,1
54787,1305,-3.86,45,1,928.1,1
54821,1306,-6.28,34,0,477.3,1
54866,1307,-3.59,45,1,908.9,1
54926,1308,-5.22,60,2,399.0,1
54958,1309,-6.15,32,0,543.6,1
54981,1310,-5.85,23,0,529.9,1
55012,1311,-6.20,31,0,473.9,1
55063,1312,-2.67,51,2,972.0,1
55112,1313,-2.40,49,1,859.4,1
55162,1314,-1.81,50,2,1027.7,1
55201,1315,-4.32,39,2,432.4,1
55268,1316,3.31,67,2,844.0,1
55295,1317,-6.34,27,0,437.9,1
55328,1318,-4.08,33,2,556.0,1
55358,1319,-5.08,30,1,598.3,1
55398,1320,-4.19,40,1,637.4,1
55427,1321,-4.46,29,1,642.3,1
55461,1322,-3.99,34,1,343.4,1
55512,1323,-1.23,51,2,869.4,1
55540,1324,-5.67,28,0,510.0,1
55586,1325,-3.75,46,1,962.1,1
55678,1326,-4.36,92,2,436.0,1
55693,1327,-6.62,15,0,291.6,1
55725,1328,-4.19,32,1,744.7,1
55747,1329,-6.45,22,0,382.7,1
55773,1330,-6.13,26,0,487.5,1
55795,1331,-5.96,22,0,497.0,1
55825,1332,-6.30,30,0,480.1,1
55860,1333,-4.69,35,1,483.6,1
55907,1334,-2.58,47,1,940.8,1
55933,1335,-6.08,26,0,493.2,1
55956,1336,-6.11,23,0,520.5,1
56001,1337,-2.17,45,1,840.5,1
56024,1338,-5.24,23,1,498.7,1
56067,1339,-2.52,43,2,718.7,1
56099,1340,-4.44,32,1,695.2,1
56124,1341,-6.17,25,0,569.2,1
56146,1342,-5.41,22,1,391.1,1
56190,1343,-3.26,44,2,876.4,1
56228,1344,-4.18,38,1,394.9,1
56276,1345,-0.81,48,2,825.1,1
56308,1346,-5.23,32,0,728.9,1
56341,1347,-4.27,33,1,708.4,1
56379,1348,-5.57,38,0,457.4,1
56410,1349,-6.28,31,0,552.7,1
56448,1350,-4.85,38,0,515.3,1
56493,1351,-4.35,45,2,362.9,1
56529,1352,-5.20,36,1,444.9,1
56554,1353,-6.47,25,0,480.0,1
56587,1354,-2.55,33,1,435.2,1
56614,1355,-5.80,27,1,373.3,1
56660,1356,-1.28,46,2,985.5,1
56693,1357,-5.59,33,1,532.6,1
56722,1358,-6.21,29,0,531.7,1
56752,1359,-6.70,30,0,374.1,1
56798,1360,-9.14,46,1,180.1,1
56834,1361,-3.30,36,1,582.2,1
56863,1362,-5.84,29,0,503.6,1
56899,1363,-2.19,36,2,826.0,1
56920,1364,-5.14,21,1,560.2,1
56955,1365,-3.10,35,1,494.6,1
57007,1366,-0.83,52,3,1044.6,1
57037,1367,-5.54,30,0,655.6,1
57069,1368,-5.80,32,0,558.2,1
57114,1369,-2.89,45,2,829.5,1
57148,1370,-3.01,34,1,556.4,1
57178,1371,-3.70,30,1,518.8,1
57200,1372,-5.97,22,0,484.0,1
57263,1373,-1.31,63,2,777.2,1
57294,1374,-4.75,31,1,613.1,1
57317,1375,-5.56,23,0,643.4,1
57340,1376,-6.27,23,0,455.4,1
57365,1377,-4.99,25,1,541.1,1
57393,1378,-4.68,28,0,529.7,1
57423,1379,-5.03,30,1,530.1,1
57460,1380,-5.63,37,1,391.4,1
57485,1381,-6.07,25,0,568.3,1
57508,1382,-5.74,23,0,582.7,1
57566,1383,-0.55,58,2,873.9,1
57600,1384,-4.91,34,1,576.3,1
57647,1385,-3.97,47,1,398.9,1
57670,1386,-6.09,23,0,530.3,1
57701,1387,-5.31,31,1,477.9,1
57724,1388,-4.94,23,1,522.5,1
57754,1389,-5.30,30,0,481.6,1
57779,1390,-5.69,25,0,605.6,1
57823,1391,-0.59,44,1,806.3,1
57857,1392,-5.28,34,1,503.1,1
57886,1393,-4.79,29,0,491.4,1
57911,1394,-5.60,25,0,387.2,1
57935,1395,-5.31,24,1,435.7,1
57965,1396,-6.15,30,0,592.4,1
57993,1397,-5.41,28,1,494.9,1
58057,1398,0.47,64,2,887.2,1
58081,1399,-5.60,24,0,308.0,1
58136,1400,-3.12,55,2,933.9,1
58159,1401,-6.00,23,0,515.1,1
58188,1402,-5.01,29,1,497.5,1
58220,1403,-5.55,32,0,668.7,1
58295,1404,1.98,75,2,825.1,1
58322,1405,-6.26,27,0,442.2,1
58348,1406,-6.21,26,0,489.6,1
58393,1407,-3.02,45,1,930.2,1
58428,1408,-5.92,35,1,337.4,1
58467,1409,-4.11,39,1,431.1,1
58509,1410,-2.60,42,3,891.1,1
58542,1411,-4.50,33,2,447.4,1
58561,1412,-5.28,19,1,204.4,1
58592,1413,-5.94,31,0,461.3,1
58628,1414,-2.18,36,2,442.0,1
58683,1415,-2.74,55,1,974.1,1
58712,1416,-3.56,29,1,604.9,1
58747,1417,-3.24,35,2,767.7,1
58776,1418,-4.16,29,1,573.7,1
58821,1419,-3.68,45,2,773.9,1
58856,1420,-5.19,35,1,518.5,1
58888,1421,-6.96,32,0,427.8,1
58913,1422,-6.19,25,0,583.5,1
58943,1423,-5.84,30,0,565.1,1
59002,1424,-2.89,59,1,478.7,1
59045,1425,-2.19,43,2,894.3,1
59082,1426,-2.59,37,2,471.6,1
59114,1427,-4.72,32,1,554.7,1
59148,1428,-5.63,34,1,488.4,1
59170,1429,-6.69,22,0,271.0,1
59201,1430,-4.65,31,1,503.2,1
59231,1431,-4.53,30,1,496.8,1
59263,1432,-5.04,32,1,529.7,1
59310,1433,-1.54,47,2,911.2,1
59344,1434,-5.75,34,1,491.4,1
59387,1435,-3.10,43,2,681.7,1
59414,1436,-3.71,27,2,311.4,1
59465,1437,-6.98,51,1,319.6,1
59489,1438,-5.38,24,1,435.7,1
59548,1439,-0.57,59,2,1148.9,1
59606,1440,-0.77,58,4,900.9,1
59649,1441,-3.89,43,1,869.3,1
59681,1442,-3.96,32,2,527.6,1
59704,1443,-6.28,23,0,442.9,1
59755,1444,-2.35,51,2,694.5,1
59800,1445,-4.25,45,1,624.8,1
59836,1446,-5.75,36,0,590.9,1
59856,1447,-5.20,20,1,397.0,1
59889,1448,-5.94,33,0,525.5,1
59921,1449,-5.01,32,1,523.6,1
59979,1450,-0.61,58,3,998.1,1
60030,1451,-0.79,51,2,890.4,1
60054,1452,-4.21,24,2,452.3,1
60088,1453,-6.61,34,1,258.6,1
60113,1454,-5.04,25,1,527.1,1
60155,1455,-3.46,42,1,781.8,1
60183,1456,-5.99,28,0,471.8,1
60215,1457,-5.57,32,0,613.6,1
60238,1458,-6.07,23,0,419.9,1
60285,1459,-1.52,47,2,894.1,1
60312,1460,-6.21,27,0,487.0,1
60347,1461,-5.27,35,1,548.6,1
60397,1462,-2.12,50,1,685.1,1
60419,1463,-4.50,22,1,443.9,1
60459,1464,-3.43,40,1,879.8,1
60485,1465,-5.76,26,0,565.3,1
60509,1466,-6.27,24,0,409.8,1
60560,1467,-1.82,51,2,929.7,1
60600,1468,-2.98,40,1,437.0,1
60629,1469,-4.24,29,2,478.5,1
60679,1470,-1.62,50,2,1015.9,1
60702,1471,-6.85,23,0,428.3,1
60730,1472,-6.35,28,0,522.1,1
60765,1473,-2.43,35,1,813.0,1
60795,1474,-6.14,30,0,555.5,1
60835,1475,-1.81,40,2,679.2,1
60879,1476,-3.64,44,1,913.3,1
60919,1477,-4.53,40,1,358.0,1
60950,1478,-4.95,31,1,581.7,1
60977,1479,-6.15,27,0,503.8,1
61013,1480,-1.66,36,3,899.6,1
61057,1481,-2.83,44,1,985.8,1
61085,1482,-4.98,28,1,323.2,1
61109,1483,-5.42,24,1,435.7,1
61149,1484,-3.20,40,1,687.7,1
61182,1485,-6.28,33,0,588.6,1
61205,1486,-5.62,23,0,330.4,1
61228,1487,-5.93,23,0,556.8,1
61257,1488,-6.46,29,0,452.5,1
61314,1489,-2.61,57,2,1035.0,1
61347,1490,-4.86,33,1,452.7,1
61370,1491,-6.13,23,0,469.8,1
61410,1492,-4.05,40,1,643.2,1
61431,1493,-6.35,21,0,467.6,1
61482,1494,-2.67,51,2,908.3,1
61530,1495,-0.47,48,2,898.9,1
61562,1496,-5.91,32,0,488.5,1
61590,1497,-5.27,28,1,501.3,1
61613,1498,-6.59,23,0,459.3,1
61659,1499,-2.15,46,2,804.7,1
61682,1500,-6.25,23,0,502.4,1
61707,1501,-5.17,25,1,469.0,1
61728,1502,-7.03,21,0,213.7,1
61760,1503,-5.13,32,1,506.5,1
61791,1504,-5.38,31,1,523.0,1
61805,1505,-7.23,14,0,220.2,1
61835,1506,-5.46,30,1,453.6,1
61853,1507,-6.76,18,0,200.3,1
61875,1508,-5.21,22,1,468.3,1
61902,1509,-5.31,27,0,479.5,1
61952,1510,-1.84,50,2,570.8,1
61996,1511,-3.06,44,2,842.1,1
62050,1512,0.02,54,3,801.1,1
62113,1513,-6.15,63,2,285.6,1
62156,1514,-2.79,43,2,403.2,1
62180,1515,-6.31,24,0,464.0,1
62222,1516,-4.93,42,1,310.9,1
62260,1517,-3.05,38,1,432.1,1
62290,1518,-6.11,30,0,523.3,1
62345,1519,0.10,55,2,911.3,1
62379,1520,-4.16,34,1,482.6,1
62403,1521,-5.09,24,1,534.2,1
62436,1522,-5.31,33,1,488.6,1
62467,1523,-6.24,31,0,473.8,1
62510,1524,-2.90,43,1,391.6,1
62542,1525,-3.09,32,1,450.4,1
62574,1526,-5.87,32,1,439.1,1
62606,1527,-5.37,32,1,478.4,1
62629,1528,-5.50,23,1,287.1,1
62651,1529,-5.35,22,1,463.0,1
62698,1530,-1.38,47,3,1018.6,1
62724,1531,-6.28,26,0,455.3,1
62769,1532,-2.78,45,1,442.8,1
62822,1533,-0.01,53,2,874.9,1
62852,1534,-4.20,30,1,481.9,1
62886,1535,-5.30,34,0,726.6,1
62920,1536,-5.33,34,0,451.9,1
62974,1537,-1.28,54,1,824.8,1
63004,1538,-6.84,30,0,558.8,1
63065,1539,1.51,61,2,754.2,1
63089,1540,-5.88,24,0,479.2,1
63115,1541,-5.08,26,1,493.6,1
63141,1542,-4.13,26,2,451.7,1
63169,1543,-6.35,28,0,402.9,1
63193,1544,-5.85,24,0,470.0,1
63216,1545,-5.20,23,1,522.6,1
63261,1546,-3.98,45,1,887.9,1
63299,1547,-3.47,38,1,978.0,1
63320,1548,-5.15,21,1,335.8,1
63342,1549,-6.14,22,0,417.9,1
63374,1550,-4.67,32,1,498.5,1
63408,1551,-4.97,34,1,592.0,1
63436,1552,-6.39,28,0,374.1,1
63466,1553,-6.34,30,0,497.0,1
63499,1554,-5.11,33,1,514.7,1
63532,1555,-4.71,33,1,362.5,1
63589,1556,-3.01,57,1,955.1,1
63630,1557,-3.39,41,1,388.7,1
63656,1558,-6.56,26,0,374.4,1
63681,1559,-5.10,25,0,459.3,1
63714,1560,-5.11,33,0,450.5,1
63761,1561,-6.23,47,0,418.7,1
63794,1562,-5.62,33,0,408.9,1
63817,1563,-6.23,23,0,529.1,1
63881,1564,2.20,64,3,910.5,1
63900,1565,-5.00,19,2,182.1,1
63933,1566,-2.83,33,1,404.1,1
63987,1567,-3.16,54,2,926.0,1
64031,1568,-3.86,44,1,638.2,1
64069,1569,-2.95,38,3,573.6,1
64090,1570,-5.85,21,1,255.0,1
64123,1571,-4.70,33,1,579.0,1
64158,1572,-5.39,35,1,468.9,1
64192,1573,-6.25,34,0,345.2,1
64225,1574,-5.15,33,1,456.0,1
64258,1575,-6.23,33,0,469.9,1
64279,1576,-6.31,21,1,125.3,1
64334,1577,-1.22,55,3,942.0,1
64371,1578,-4.69,37,0,528.0,1
64401,1579,-6.43,30,0,495.2,1
64432,1580,-5.53,31,0,535.3,1
64483,1581,-8.49,51,1,341.3,1
64531,1582,-0.99,48,2,988.0,1
64562,1583,-5.56,31,1,527.7,1
64599,1584,-2.95,37,2,340.0,1
64642,1585,-1.93,43,2,833.1,1
64673,1586,-6.10,31,0,507.0,1
64705,1587,-5.40,32,0,419.1,1
64742,1588,-3.51,37,1,376.3,1
64787,1589,-3.46,45,1,482.9,1
64820,1590,-6.12,33,1,216.6,1
64851,1591,-6.40,31,0,508.6,1
64903,1592,-2.75,52,1,759.3,1
64940,1593,-3.41,37,1,824.8,1
64963,1594,-5.43,23,1,449.5,1
64987,1595,-5.25,24,0,419.2,1
65018,1596,-5.94,31,0,520.8,1
65060,1597,-2.96,42,1,625.6,1
65086,1598,-5.55,26,0,486.2,1
65139,1599,-0.67,53,1,938.2,1
65188,1600,-5.48,49,0,367.5,1
65224,1601,-3.63,36,2,649.2,1
65256,1602,-5.18,32,0,694.1,1
65294,1603,-4.03,38,1,730.4,1
65321,1604,-5.22,27,1,412.4,1
65385,1605,-6.18,64,2,375.0,1
65411,1606,-3.47,26,2,301.0,1
65500,1607,-5.99,89,2,707.1,1
65531,1608,-5.93,31,0,575.6,1
65574,1609,-4.66,43,1,789.1,1
65603,1610,-6.51,29,0,519.8,1
65633,1611,-6.51,30,0,516.5,1
65671,1612,-3.17,38,1,403.6,1
65701,1613,-4.71,30,0,587.2,1
65795,1614,-1.72,94,2,608.6,1
65828,1615,-6.57,33,0,474.7,1
65861,1616,-4.87,33,1,607.5,1
65890,1617,-4.22,29,1,428.2,1
65918,1618,-6.13,28,0,526.3,1
65942,1619,-6.41,24,0,484.1,1
65977,1620,-5.92,35,0,612.0,1
66000,1621,-6.18,23,0,499.0,1
66060,1622,0.11,60,3,795.6,1
66087,1623,-5.40,27,0,632.2,1
66117,1624,-3.92,30,2,493.4,1
66163,1625,-3.39,46,1,744.4,1
66192,1626,-5.18,29,1,493.4,1
66270,1627,-1.59,78,2,550.2,1
66303,1628,-2.58,33,2,337.2,1
66355,1629,0.87,52,2,982.5,1
66383,1630,-4.57,28,1,313.1,1
66412,1631,-5.10,29,1,472.3,1
66461,1632,-4.09,49,1,809.4,1
66528,1633,-5.06,67,2,444.9,1
66557,1634,-5.54,29,0,634.9,1
66592,1635,-4.64,35,2,444.9,1
66615,1636,-5.16,23,1,491.3,1
66638,1637,-5.58,23,0,616.1,1
66676,1638,-4.99,38,1,481.9,1
66707,1639,-5.69,31,0,631.8,1
66744,1640,-6.54,37,0,481.8,1
66767,1641,-6.02,23,0,470.0,1
66807,1642,-3.84,40,1,588.6,1
66856,1643,-9.17,49,1,181.4,1
66891,1644,-4.86,35,1,563.6,1
66914,1645,-5.23,23,1,511.7,1
66958,1646,-3.28,44,1,861.6,1
66990,1647,-6.50,32,0,488.4,1
67015,1648,-4.67,25,1,513.4,1
67060,1649,-4.50,45,1,315.7,1
67084,1650,-6.11,24,0,411.1,1
67120,1651,-6.62,36,0,455.0,1
67148,1652,-5.87,28,0,585.2,1
67184,1653,-3.27,36,2,753.2,1
67213,1654,-5.07,29,0,690.2,1
67274,1655,-5.16,61,2,488.3,1
67304,1656,-6.17,30,0,309.4,1
67336,1657,-4.45,32,1,490.3,1
67363,1658,-5.43,27,1,353.8,1
67396,1659,-4.49,33,1,334.6,1
67431,1660,-3.97,35,1,370.1,1
67461,1661,-4.86,30,1,452.2,1
67491,1662,-4.90,30,1,541.0,1
67516,1663,-6.15,25,0,479.0,1
67564,1664,-3.28,48,2,835.7,1
67607,1665,-4.35,43,1,690.9,1
67630,1666,-6.09,23,0,527.0,1
67651,1667,-6.31,21,0,453.3,1
67678,1668,-5.82,27,0,573.2,1
67715,1669,-4.82,37,1,606.3,1
67756,1670,-4.73,41,1,275.9,1
67790,1671,-5.14,34,0,386.8,1
67824,1672,-5.74,34,1,460.7,1
67856,1673,-5.93,32,0,564.7,1
67913,1674,-8.16,57,1,216.3,1
67939,1675,-6.15,26,0,566.2,1
67977,1676,-3.34,38,1,430.2,1
68013,1677,-3.19,36,1,406.8,1
68039,1678,-6.11,26,0,454.5,1
68071,1679,-4.09,32,1,521.2,1
68112,1680,-2.63,41,1,841.6,1
68143,1681,-6.17,31,0,509.6,1
68190,1682,-4.18,47,1,908.9,1
68224,1683,-3.18,34,2,272.8,1
68249,1684,-5.82,25,1,213.3,1
68276,1685,-4.23,27,0,431.1,1
68301,1686,-4.61,25,1,605.6,1
68370,1687,-4.93,69,1,322.7,1
68400,1688,-5.63,30,1,480.4,1
68443,1689,-3.89,43,1,806.4,1
68479,1690,-4.03,36,1,547.0,1
68543,1691,-5.61,64,2,357.3,1
68579,1692,-4.52,36,1,693.1,1
68608,1693,-5.73,29,0,521.4,1
68640,1694,-5.38,32,1,485.8,1
68668,1695,-6.28,28,0,507.4,1
68694,1696,-6.36,26,0,423.9,1
68725,1697,-6.15,31,0,505.7,1
68764,1698,-4.92,39,1,607.7,1
68816,1699,-3.42,52,1,940.6,1
68841,1700,-5.22,25,1,500.3,1
68878,1701,-4.72,37,2,453.5,1
68901,1702,-6.30,23,0,531.6,1
68941,1703,-3.16,40,2,847.4,1
68963,1704,-6.23,22,0,336.0,1
68995,1705,-6.42,32,0,519.0,1
69027,1706,-6.56,32,0,476.4,1
69060,1707,-5.14,33,1,503.3,1
69101,1708,-7.83,41,1,248.1,1
69135,1709,-4.47,34,2,509.5,1
69162,1710,-5.14,27,1,443.9,1
69192,1711,-5.52,30,0,525.9,1
69218,1712,-4.33,26,1,469.3,1
69246,1713,-6.93,28,0,264.3,1
69276,1714,-5.74,30,0,429.9,1
69309,1715,-6.66,33,0,452.9,1
69340,1716,-4.84,31,1,437.7,1
69364,1717,-6.67,24,0,336.3,1
69390,1718,-5.36,26,0,387.0,1
69424,1719,-3.68,34,2,494.6,1
69448,1720,-6.83,24,0,320.9,1
69489,1721,-4.60,41,1,612.3,1
69519,1722,-5.66,30,0,473.3,1
69573,1723,-1.53,54,1,1082.9,1
69605,1724,-4.61,32,1,694.5,1
69627,1725,-7.15,22,0,170.3,1
69689,1726,-2.03,62,2,801.4,1
69744,1727,-3.62,55,1,443.9,1
69765,1728,-6.54,21,0,428.6,1
69790,1729,-6.39,25,0,498.3,1
69824,1730,-3.20,34,2,357.7,1
69857,1731,-3.90,33,1,455.1,1
69883,1732,-4.38,26,1,424.9,1
69906,1733,-6.24,23,0,485.1,1
69930,1734,-6.36,24,0,493.8,1
69964,1735,-5.44,34,1,533.9,1
69996,1736,-6.42,32,0,543.7,1
70056,1737,21.50,60,2,1279.2,0
70079,1738,-5.94,23,0,446.3,1
70108,1739,-5.42,29,1,441.0,1
70136,1740,-3.92,28,2,517.6,1
70183,1741,-2.80,47,2,841.1,1
70255,1742,-6.05,72,1,527.7,1
70290,1743,-5.84,35,0,439.0,1
70326,1744,-6.20,36,0,448.8,1
70359,1745,-3.85,33,1,439.9,1
70403,1746,-4.58,44,1,426.7,1
70426,1747,-6.33,23,0,484.1,1
70496,1748,-2.85,70,2,696.0,1
70533,1749,-4.11,37,1,463.4,1
70558,1750,-4.13,25,2,508.4,1
70597,1751,-4.41,39,0,488.2,1
70656,1752,1.23,59,3,861.7,1
70708,1753,-1.60,52,2,825.5,1
70767,1754,-4.58,59,2,367.9,1
70799,1755,-4.40,32,1,470.7,1
70837,1756,-4.39,38,2,475.8,1
70882,1757,-5.27,45,1,376.4,1
70914,1758,-5.10,32,1,570.2,1
70943,1759,-5.78,29,0,459.5,1
70973,1760,-6.54,30,0,464.1,1
71003,1761,-5.08,30,0,478.8,1
71027,1762,-3.13,24,2,316.9,1
71052,1763,-6.03,25,0,448.0,1
71096,1764,-1.49,44,3,844.9,1
71131,1765,-3.74,35,1,823.2,1
71178,1766,-5.62,47,1,289.9,1
71210,1767,-4.77,32,0,595.2,1
71246,1768,-2.83,36,1,417.1,1
71289,1769,-2.40,43,1,775.8,1
71322,1770,-5.33,33,0,420.3,1
71367,1771,-6.74,45,0,440.0,1
71389,1772,-6.55,22,0,444.2,1
71439,1773,-1.34,50,2,999.9,1
71469,1774,-5.77,30,0,507.2,1
71498,1775,-4.16,29,1,725.2,1
71526,1776,-4.50,28,0,390.8,1
71557,1777,-4.16,31,2,423.5,1
71611,1778,-3.93,54,1,439.4,1
71634,1779,-5.13,23,1,489.4,1
71663,1780,-6.39,29,0,455.1,1
71691,1781,-4.65,28,1,550.4,1
71724,1782,-5.06,33,1,594.3,1
71773,1783,-6.92,49,0,317.9,1
71805,1784,-5.19,32,0,773.0,1
71839,1785,-6.87,34,1,201.1,1
71885,1786,-2.58,46,1,910.8,1
71906,1787,-5.86,21,0,447.9,1
71934,1788,-6.15,28,0,561.5,1
71965,1789,-4.72,31,1,627.4,1
71997,1790,-6.42,32,0,548.5,1
72025,1791,-6.53,28,0,440.9,1
72076,1792,-1.77,51,2,801.1,1
72104,1793,-5.47,28,0,430.3,1
72179,1794,-4.31,75,2,408.5,1
72282,1795,0.46,103,1,777.8,1
72317,1796,-4.26,35,2,482.5,1
72346,1797,-4.64,29,1,458.1,1
72384,1798,-6.28,38,0,331.8,1
72431,1799,-2.20,47,2,920.2,1
72465,1800,-4.02,34,1,315.7,1
72529,1801,1.41,64,2,780.1,1
72598,1802,-3.40,69,1,837.8,1
72641,1803,-5.52,43,0,468.8,1
72690,1804,-4.78,49,1,612.9,1
72720,1805,-5.38,30,0,571.2,1
72743,1806,-5.22,23,1,486.7,1
72768,1807,-4.98,25,1,449.7,1
72806,1808,-5.27,38,0,476.2,1
72835,1809,-6.18,29,0,541.0,1
72879,1810,-8.50,44,1,204.9,1
72911,1811,-5.67,32,0,568.5,1
72936,1812,-5.67,25,0,507.6,1
72960,1813,-5.70,24,0,440.8,1
72984,1814,-6.31,24,0,467.7,1
73032,1815,-1.44,48,2,856.2,1
73062,1816,-6.13,30,0,410.1,1
73095,1817,-5.38,33,1,587.1,1
73119,1818,-6.63,24,0,432.9,1
73160,1819,-5.88,41,1,187.5,1
73188,1820,-3.46,28,2,514.5,1
73218,1821,-6.73,30,0,496.8,1
73267,1822,-5.91,49,0,357.3,1
73305,1823,-4.29,38,1,741.5,1
73340,1824,-3.78,35,1,399.5,1
73389,1825,-3.44,49,2,901.4,1
73415,1826,-6.56,26,0,438.3,1
73440,1827,-5.60,25,0,483.6,1
73521,1828,-3.57,81,2,596.4,1
73573,1829,-0.03,52,2,853.2,1
73605,1830,-5.30,32,1,531.2,1
73650,1831,-4.17,45,1,739.6,1
73684,1832,-6.24,34,0,582.3,1
73740,1833,-1.11,56,1,804.4,1
73766,1834,-5.29,26,1,478.4,1
73801,1835,-6.60,35,0,530.9,1
73824,1836,-6.87,23,0,341.6,1
73848,1837,-6.33,24,0,464.4,1
73887,1838,-5.42,39,0,379.5,1
73940,1839,-1.94,53,2,823.0,1
73976,1840,-5.65,36,1,467.5,1
73997,1841,-5.18,21,0,310.5,1
74044,1842,-4.13,47,1,900.3,1
74101,1843,-2.78,57,1,754.4,1
74131,1844,-5.08,30,1,515.6,1
74159,1845,-6.56,28,0,561.0,1
74193,1846,-3.58,34,1,830.4,1
74236,1847,-2.63,43,1,727.1,1
74280,1848,-1.89,44,1,823.3,1
74333,1849,-1.83,53,1,504.4,1
74356,1850,-6.47,23,0,488.3,1
74402,1851,-7.46,46,1,167.5,1
74428,1852,-2.66,26,1,436.5,1
74461,1853,-5.78,33,0,549.2,1
74543,1854,-8.77,82,2,384.1,1
74598,1855,-1.87,55,2,894.4,1
74630,1856,-4.26,32,1,656.6,1
74660,1857,-6.26,30,0,573.0,1
74702,1858,-3.88,42,1,914.0,1
74725,1859,-6.65,23,0,389.7,1
74755,1860,-4.80,30,1,649.1,1
74785,1861,-5.09,30,1,658.0,1
74810,1862,-5.65,25,0,492.6,1
74852,1863,-2.34,42,2,821.6,1
74876,1864,-5.50,24,1,428.2,1
74903,1865,-6.38,27,0,455.7,1
74937,1866,-3.75,34,1,349.5,1
74979,1867,-4.28,42,1,894.4,1
75051,1868,-5.41,72,2,392.8,1
75097,1869,-0.20,46,2,669.5,1
75144,1870,-1.70,47,2,738.8,1
75173,1871,-5.17,29,1,563.5,1
75217,1872,-2.27,44,2,935.7,1
75240,1873,-5.33,23,1,448.7,1
75274,1874,-6.28,34,1,213.6,1
75298,1875,-6.19,24,0,483.7,1
75333,1876,-3.01,35,2,547.5,1
75372,1877,-5.20,39,0,436.5,1
75398,1878,-5.19,26,1,555.6,1
75419,1879,-6.31,21,0,441.4,1
75453,1880,-4.91,34,1,620.4,1
75475,1881,-7.00,22,0,293.9,1
75517,1882,-3.93,42,1,817.7,1
75549,1883,-6.67,32,0,495.4,1
75572,1884,-6.39,23,0,488.3,1
75596,1885,-5.79,24,0,484.9,1
75626,1886,-6.22,30,0,574.5,1
75670,1887,-2.17,44,2,828.4,1
75700,1888,-6.82,30,0,504.2,1
75757,1889,0.19,57,3,876.0,1
75787,1890,-5.34,30,1,514.1,1
75822,1891,-4.41,35,1,522.4,1
75839,1892,-6.89,17,0,185.3,1
75887,1893,-3.19,48,1,721.4,1
75952,1894,-1.01,65,2,939.5,1
75981,1895,-6.60,29,0,434.0,1
76024,1896,-2.29,43,2,818.9,1
76053,1897,-5.98,29,0,534.5,1
76087,1898,-5.63,34,1,194.6,1
76132,1899,-1.48,45,2,849.6,1
76185,1900,-0.05,53,3,1066.0,1
76233,1901,-1.49,48,2,832.3,1
76260,1902,-6.44,27,0,469.3,1
76284,1903,-6.62,24,0,356.4,1
76329,1904,-5.21,45,1,493.0,1
76367,1905,-5.39,38,0,495.7,1
76401,1906,-5.23,34,1,268.3,1
76460,1907,-1.68,59,2,798.5,1
76525,1908,-2.48,65,1,716.0,1
76574,1909,-2.59,49,2,787.7,1
76629,1910,-4.36,55,1,647.4,1
76686,1911,-6.78,57,1,153.2,1
76716,1912,-6.48,30,0,463.0,1
76748,1913,-5.75,32,0,487.0,1
76786,1914,-3.96,38,2,606.9,1
76817,1915,-4.10,31,1,489.5,1
76851,1916,-6.51,34,0,485.8,1
76878,1917,-5.18,27,1,516.9,1
76922,1918,-1.47,44,1,478.7,1
76942,1919,-6.47,20,0,323.3,1
76990,1920,-4.39,48,2,586.2,1
77021,1921,-5.03,31,1,558.8,1
77056,1922,-5.38,35,0,386.1,1
77105,1923,-1.18,49,1,860.4,1
77135,1924,-5.60,30,0,465.3,1
77167,1925,-5.00,32,1,551.7,1
77190,1926,-5.22,23,1,494.0,1
77219,1927,-6.96,29,0,490.9,1
77239,1928,-6.17,20,0,416.2,1
77267,1929,-6.00,28,0,473.8,1
77298,1930,-4.16,31,1,457.2,1
77322,1931,-6.45,24,0,427.7,1
77367,1932,-3.35,45,1,783.8,1
77420,1933,-0.86,53,2,933.0,1
77483,1934,-4.95,63,1,434.4,1
77508,1935,-4.43,25,1,648.2,1
77534,1936,-6.00,26,0,397.2,1
77576,1937,-2.35,42,1,913.7,1
77610,1938,-5.56,34,0,359.4,1
77637,1939,-4.13,27,1,452.5,1
77683,1940,-3.96,46,1,798.2,1
77702,1941,-6.26,19,0,331.3,1
77740,1942,-4.01,38,1,432.5,1
77796,1943,-2.71,56,2,891.6,1
77829,1944,-3.51,33,1,388.8,1
77862,1945,-6.40,33,0,463.7,1
77907,1946,-3.70,45,1,676.0,1
77966,1947,0.39,59,3,774.5,1
78001,1948,-5.29,35,1,547.7,1
78033,1949,-6.39,32,0,509.3,1
78069,1950,-4.84,36,0,472.2,1
78101,1951,-5.00,32,1,569.8,1
78141,1952,-4.90,40,1,256.3,1
78171,1953,-5.73,30,0,633.1,1
78221,1954,-2.41,50,2,822.0,1
78261,1955,-2.61,40,2,562.2,1
78312,1956,-0.64,51,2,808.1,1
78343,1957,-6.32,31,0,468.1,1
78368,1958,-6.54,25,0,358.3,1
78402,1959,-6.67,34,1,159.0,1
78434,1960,-6.04,32,0,640.7,1
78457,1961,-5.41,23,1,508.4,1
78504,1962,-5.04,47,1,334.8,1
78541,1963,-5.52,37,1,521.7,1
78583,1964,-2.98,42,1,819.5,1
78615,1965,-4.95,32,1,527.0,1
78687,1966,-6.99,72,2,465.7,1
78725,1967,-3.04,38,1,502.9,1
78748,1968,-5.40,23,1,469.6,1
78786,1969,-4.76,38,1,690.6,1
78817,1970,-6.43,31,0,501.8,1
78851,1971,-7.02,34,1,154.9,1
78909,1972,-2.70,58,1,834.7,1
78943,1973,-6.38,34,0,499.4,1
78965,1974,-6.61,22,0,345.1,1
79012,1975,-5.26,47,1,585.9,1
79049,1976,-4.90,37,1,662.9,1
79083,1977,-4.96,34,0,524.8,1
79120,1978,-5.19,37,0,370.2,1
79161,1979,-3.52,41,2,816.4,1
79200,1980,-7.11,39,1,132.6,1
79233,1981,-3.73,33,2,271.9,1
79270,1982,-3.77,37,1,525.0,1
79295,1983,-5.10,25,1,217.5,1
79313,1984,-6.51,18,0,365.9,1
79351,1985,-5.29,38,1,493.3,1
79384,1986,-6.82,33,0,499.6,1
79411,1987,-5.54,27,1,236.3,1
79438,1988,-6.34,27,0,504.4,1
79480,1989,-2.90,42,1,851.3,1
79514,1990,-5.93,34,1,272.0,1
79543,1991,-4.10,29,1,481.0,1
79574,1992,-6.23,31,0,519.4,1
79605,1993,-4.68,31,1,469.8,1
79628,1994,-6.26,23,0,479.9,1
79661,1995,-4.12,33,1,344.9,1
79692,1996,-4.60,31,1,463.8,1
79715,1997,-6.43,23,0,480.8,1
79749,1998,-4.36,34,1,318.0,1
79778,1999,-6.49,29,0,464.3,1
79829,2000,-3.10,51,2,914.8,1
79858,2001,-5.42,29,0,537.7,1
79888,2002,-5.48,30,1,444.8,1
79915,2003,-5.69,27,1,329.6,1
79957,2004,-4.21,42,2,589.8,1
79990,2005,-4.94,33,0,423.4,1
80023,2006,-4.46,33,1,428.8,1
80069,2007,-3.11,46,1,453.0,1
80103,2008,-6.01,34,1,144.8,1
80148,2009,-0.47,45,3,827.1,1
80193,2010,-3.41,45,1,714.2,1
80229,2011,-5.09,36,1,456.6,1
80261,2012,-5.19,32,1,533.6,1
80319,2013,0.18,58,2,852.0,1
80345,2014,-6.50,26,0,481.0,1
80390,2015,-4.07,45,1,417.6,1
80432,2016,-4.45,42,1,740.0,1
80462,2017,-6.19,30,0,492.9,1
80486,2018,-6.23,24,0,520.3,1
80540,2019,0.26,54,3,726.3,1
80607,2020,-1.45,67,2,998.5,1
80641,2021,-3.57,34,2,540.8,1
80673,2022,-5.65,32,0,456.7,1
80700,2023,-5.08,27,0,331.3,1
80735,2024,-5.88,35,1,303.8,1
80757,2025,-6.27,22,0,267.4,1
80780,2026,-6.10,23,0,474.9,1
80804,2027,-6.57,24,0,422.2,1
80839,2028,-5.33,35,0,332.8,1
80862,2029,-6.62,23,0,467.7,1
80902,2030,-2.46,40,2,898.9,1
80930,2031,-5.99,28,1,127.9,1
80978,2032,-1.93,48,1,834.5,1
81011,2033,-4.91,33,1,588.4,1
81063,2034,-0.75,52,2,1046.0,1
81096,2035,-4.72,33,1,606.6,1
81124,2036,-5.56,28,1,422.2,1
81178,2037,-4.21,54,1,369.9,1
81226,2038,-2.39,48,1,841.8,1
81252,2039,-6.43,26,0,532.9,1
81278,2040,-6.27,26,0,377.5,1
81304,2041,-6.08,26,0,511.8,1
81350,2042,-4.15,46,1,316.5,1
81373,2043,-6.37,23,0,451.1,1
81406,2044,-6.08,33,0,423.2,1
81438,2045,-5.63,32,0,505.5,1
81468,2046,-6.22,30,0,564.3,1
81491,2047,-6.34,23,0,474.1,1
81531,2048,-5.80,40,0,307.6,1
81567,2049,-3.25,36,1,407.4,1
81610,2050,-4.95,43,0,420.8,1
81645,2051,-5.49,35,1,490.1,1
81665,2052,-7.28,20,0,184.1,1
81716,2053,-0.90,51,2,992.5,1
81750,2054,-5.95,34,1,198.4,1
81787,2055,-2.50,37,2,731.2,1
81820,2056,-5.10,33,0,391.8,1
81862,2057,-2.54,42,2,536.9,1
81889,2058,-3.34,27,2,478.8,1
81919,2059,-6.28,30,0,386.4,1
81953,2060,-4.50,34,2,428.8,1
82015,2061,-1.08,62,2,876.0,1
82045,2062,-5.57,30,0,459.3,1
82077,2063,-6.66,32,0,463.5,1
82128,2064,-1.57,51,2,912.6,1
82163,2065,-4.08,35,2,589.3,1
82201,2066,-3.51,38,1,713.5,1
82254,2067,-0.70,53,2,859.9,1
82282,2068,-5.21,28,1,479.5,1
82332,2069,-1.51,50,2,999.9,1
82378,2070,-7.14,46,0,375.4,1
82410,2071,-5.52,32,0,709.3,1
82441,2072,-6.03,31,0,503.8,1
82464,2073,-7.57,23,0,98.8,1
82514,2074,-1.36,50,2,1010.3,1
82550,2075,-3.33,36,1,461.0,1
82578,2076,-6.43,28,0,478.4,1
82612,2077,-4.01,34,2,541.2,1
82659,2078,-1.39,47,2,835.2,1
82695,2079,-6.24,36,1,423.2,1
82732,2080,-4.30,37,1,451.6,1
82750,2081,-6.46,18,0,299.4,1
82832,2082,-5.53,82,1,825.6,1
82893,2083,-1.12,61,2,1082.4,1
82948,2084,-1.29,55,2,827.9,1
82976,2085,-6.30,28,0,485.5,1
83014,2086,-3.51,38,1,890.7,1
83070,2087,-6.30,56,1,222.5,1
83118,2088,-3.23,48,2,926.2,1
83141,2089,-6.35,23,0,471.9,1
83162,2090,-5.25,21,1,450.4,1
83221,2091,-2.01,59,2,1053.7,1
83260,2092,-3.45,39,1,512.4,1
83290,2093,-5.92,30,0,600.6,1
83323,2094,-3.36,33,1,459.2,1
83355,2095,-4.62,32,2,502.5,1
83391,2096,-5.89,36,0,467.0,1
83433,2097,-4.29,42,1,918.5,1
83492,2098,-0.25,59,3,1018.1,1
83527,2099,-3.58,35,1,464.5,1
83553,2100,-5.56,26,1,476.1,1
83575,2101,-6.47,22,0,478.9,1
83598,2102,-5.13,23,1,389.2,1
83640,2103,-3.39,42,1,481.1,1
83677,2104,-2.56,37,2,545.5,1
83707,2105,-5.39,30,0,556.1,1
83737,2106,-6.35,30,0,464.9,1
83767,2107,-6.45,30,0,538.2,1
83812,2108,-2.98,45,1,419.2,1
83866,2109,-0.21,54,2,755.4,1
83898,2110,-4.23,32,1,592.0,1
83934,2111,-2.67,36,1,570.3,1
83966,2112,-3.53,32,1,469.9,1
84024,2113,-5.16,58,1,494.5,1
84047,2114,-6.41,23,0,471.2,1
84086,2115,-3.57,39,2,314.2,1
84127,2116,-2.68,41,1,682.9,1
84172,2117,-3.35,45,1,523.0,1
84207,2118,-6.68,35,1,186.5,1
84230,2119,-5.90,23,0,535.2,1
84258,2120,-5.04,28,1,650.2,1
84283,2121,-5.08,25,1,547.9,1
84306,2122,-3.97,23,1,504.4,1
84346,2123,-2.61,40,2,462.9,1
84389,2124,-2.19,43,2,754.1,1
84412,2125,-6.01,23,0,500.5,1
84432,2126,-5.28,20,1,407.7,1
84445,2127,-6.52,13,0,218.7,1
84506,2128,-7.31,61,2,587.0,1
84544,2129,-5.52,38,1,482.0,1
84584,2130,-3.48,40,1,516.3,1
84643,2131,-5.22,59,1,727.6,1
84666,2132,-5.22,23,1,536.7,1
84689,2133,-6.16,23,0,572.6,1
84701,2134,-7.11,12,0,167.3,1
84733,2135,-3.75,32,2,533.2,1
84788,2136,-1.94,55,2,808.8,1
84830,2137,-1.87,42,2,599.4,1
84865,2138,-3.07,35,2,560.7,1
84900,2139,-4.71,35,1,670.0,1
84940,2140,-2.28,40,2,931.6,1
84968,2141,-5.54,28,1,422.4,1
85009,2142,-6.44,41,0,532.7,1
85034,2143,-4.94,25,1,600.8,1
85077,2144,-4.09,43,1,889.0,1
85096,2145,-6.37,19,0,325.1,1
85120,2146,-5.33,24,0,350.2,1
85163,2147,-2.21,43,2,820.2,1
85187,2148,-5.18,24,1,413.8,1
85231,2149,-2.47,44,3,890.7,1
85287,2150,1.48,56,3,983.8,1
85339,2151,-1.88,52,1,964.5,1
85370,2152,-5.10,31,1,540.4,1
85393,2153,-6.08,23,0,518.4,1
85428,2154,-3.67,35,2,269.5,1
85484,2155,-1.78,56,2,999.7,1
85523,2156,-2.37,39,2,999.8,1
85556,2157,-4.23,33,0,468.6,1
85581,2158,-5.84,25,0,545.0,1
85613,2159,-4.59,32,1,422.4,1
85643,2160,-5.37,30,1,506.4,1
85697,2161,-2.13,54,3,858.7,1
85728,2162,-5.49,31,1,552.4,1
85776,2163,-2.55,48,2,763.0,1
85830,2164,-0.94,54,3,879.2,1
85879,2165,-3.34,49,2,949.6,1
85900,2166,-5.66,21,1,394.1,1
85941,2167,-3.43,41,2,807.0,1
85969,2168,-4.57,28,1,632.5,1
85994,2169,-4.99,25,1,501.3,1
86024,2170,-6.29,30,0,559.1,1
86050,2171,-3.53,26,1,440.7,1
86094,2172,-3.32,44,2,859.7,1
86129,2173,-3.70,35,1,602.4,1
86180,2174,-2.54,51,2,927.8,1
86203,2175,-4.61,23,1,452.5,1
86248,2176,-1.02,45,2,712.1,1
86278,2177,-6.37,30,0,534.9,1
86317,2178,-4.59,39,0,466.0,1
86350,2179,-4.52,33,1,515.0,1
86389,2180,-5.76,39,0,464.5,1
86412,2181,-5.26,23,1,492.8,1
86442,2182,-6.67,30,0,516.8,1
86496,2183,1.23,54,2,960.2,1
86526,2184,-6.73,30,0,516.1,1
86550,2185,-6.21,24,0,461.7,1
86576,2186,-6.62,26,0,560.9,1
86616,2187,-3.01,40,2,781.5,1
86645,2188,-6.23,29,0,519.0,1
86671,2189,-5.15,26,0,439.0,1
86707,2190,-2.96,36,1,429.8,1
86760,2191,-2.92,53,2,938.2,1
86800,2192,-2.49,40,2,836.8,1
86833,2193,-5.23,33,1,481.4,1
86869,2194,-6.05,36,0,567.8,1
86904,2195,-5.87,35,1,476.6,1
86935,2196,-5.79,31,1,489.6,1
86965,2197,-6.36,30,0,520.3,1
87016,2198,-1.74,51,2,915.4,1
87046,2199,-6.43,30,0,514.6,1
87083,2200,-3.18,37,1,531.7,1
87127,2201,-1.79,44,2,574.3,1
87179,2202,0.12,52,2,759.9,1
87207,2203,-5.50,28,1,458.4,1
87230,2204,-5.94,23,0,303.8,1
87264,2205,-3.19,34,1,523.0,1
87298,2206,-6.04,34,0,615.3,1
87330,2207,-5.15,32,0,572.9,1
87375,2208,-2.98,45,1,729.6,1
87405,2209,-5.65,30,0,528.6,1
87445,2210,-4.33,40,1,757.5,1
87475,2211,-5.56,30,0,667.6,1
87508,2212,-5.89,33,0,450.9,1
87538,2213,-5.34,30,1,550.2,1
87587,2214,-2.57,49,1,842.9,1
87621,2215,-5.02,34,1,591.0,1
87643,2216,-4.79,22,1,478.4,1
87668,2217,-5.47,25,0,494.6,1
87725,2218,0.67,57,1,813.1,1
87757,2219,-4.40,32,1,551.5,1
87784,2220,-6.32,27,0,506.5,1
87837,2221,-2.19,53,1,738.2,1
87870,2222,-5.09,33,1,441.9,1
87894,2223,-5.50,24,0,425.5,1
87947,2224,-2.53,53,2,477.5,1
88006,2225,0.96,59,2,1258.9,1
88055,2226,-4.14,49,1,959.6,1
88100,2227,-4.00,45,1,822.9,1
88133,2228,-6.23,33,0,505.3,1
88166,2229,-2.92,33,1,435.5,1
88198,2230,-5.78,32,0,517.6,1
88231,2231,-3.53,33,1,454.1,1
88266,2232,-5.58,35,1,507.3,1
88300,2233,-4.38,34,1,662.8,1
88336,2234,-5.21,36,0,511.9,1
88380,2235,-3.58,44,1,804.8,1
88410,2236,-5.33,30,0,637.1,1
88443,2237,-5.34,33,0,477.6,1
88486,2238,-1.85,43,2,904.3,1
88516,2239,-6.24,30,0,517.3,1
88550,2240,-4.40,34,1,329.8,1
88593,2241,-2.36,43,1,660.2,1
88626,2242,-5.24,33,0,452.8,1
88655,2243,-6.53,29,0,517.4,1
88687,2244,-4.23,32,0,476.1,1
88755,2245,-7.19,68,1,184.4,1
88798,2246,-3.08,43,1,666.3,1
88831,2247,-5.02,33,1,542.7,1
88875,2248,-4.37,44,1,836.1,1
88921,2249,-3.08,46,2,883.2,1
88968,2250,-2.14,47,3,811.9,1
89016,2251,-4.35,48,1,850.0,1
89050,2252,-5.94,34,0,602.1,1
89081,2253,-2.64,31,2,377.4,1
89118,2254,-3.52,37,1,473.5,1
89149,2255,-4.45,31,1,496.3,1
89167,2256,-8.53,18,0,91.6,1
89227,2257,-0.80,60,2,812.8,1
89250,2258,-6.43,23,0,465.2,1
89283,2259,-6.75,33,0,443.4,1
89332,2260,-6.17,49,2,313.4,1
89380,2261,-3.66,48,2,639.3,1
89416,2262,-4.57,36,1,464.6,1
89448,2263,-4.97,32,0,467.0,1
89484,2264,-4.80,36,2,490.8,1
89513,2265,-3.34,29,1,448.0,1
89543,2266,-6.33,30,0,541.6,1
89582,2267,-5.03,39,0,424.4,1
89625,2268,-2.33,43,2,944.2,1
89675,2269,-1.38,50,2,908.0,1
89711,2270,-4.47,36,2,607.1,1
89745,2271,-6.69,34,1,194.2,1
89796,2272,-3.37,51,1,832.0,1
89820,2273,-4.48,24,2,460.2,1
89850,2274,-5.28,30,1,451.7,1
89865,2275,-7.01,15,0,200.4,1
89897,2276,-4.82,32,0,476.4,1
89920,2277,-6.05,23,0,500.7,1
89955,2278,-4.71,35,1,302.4,1
89995,2279,-5.82,40,0,664.6,1
90026,2280,-5.32,31,1,448.6,1
90057,2281,-3.25,31,1,433.2,1
90108,2282,-2.69,51,1,951.8,1
90139,2283,-5.82,31,0,328.5,1
90171,2284,-3.48,32,1,486.5,1
90201,2285,-6.59,30,0,480.5,1
90232,2286,-6.28,31,0,527.5,1
90257,2287,-6.23,25,0,434.8,1
90298,2288,-5.31,41,0,575.2,1
90328,2289,-6.14,30,0,523.7,1
90365,2290,-4.25,37,1,545.2,1
90393,2291,-4.98,28,1,468.0,1
90424,2292,-5.84,31,0,480.8,1
90460,2293,-4.73,36,1,427.8,1
90491,2294,-5.78,31,0,651.7,1
90521,2295,-4.59,30,1,441.5,1
90551,2296,-5.30,30,1,511.9,1
90577,2297,-5.53,26,0,406.6,1
90614,2298,-4.35,37,1,454.5,1
90647,2299,-6.64,33,0,416.7,1
90681,2300,-8.38,34,1,151.3,1
90708,2301,-5.81,27,0,334.0,1
90751,2302,-2.98,43,1,747.9,1
90783,2303,-5.47,32,0,505.0,1
90814,2304,-3.59,31,1,324.3,1
90865,2305,-1.84,51,2,858.6,1
90902,2306,-3.58,37,1,530.1,1
90952,2307,-1.79,50,1,911.0,1
90977,2308,-4.85,25,1,492.3,1
91010,2309,-5.23,33,0,429.6,1
91082,2310,-1.16,72,1,905.7,1
91125,2311,-2.72,43,2,955.8,1
91158,2312,-5.10,33,0,444.5,1
91208,2313,-0.80,50,2,930.3,1
91324,2314,-7.21,116,1,577.0,1
91366,2315,-0.44,42,3,752.4,1
91389,2316,-6.28,23,0,509.5,1
91424,2317,-3.41,35,1,393.1,1
91452,2318,-4.14,28,2,506.8,1
91486,2319,-6.11,34,1,196.6,1
91518,2320,-2.27,32,1,459.5,1
91569,2321,0.13,51,2,865.4,1
91593,2322,-6.74,24,1,204.7,1
91662,2323,-3.02,69,2,431.8,1
91689,2324,-6.61,27,0,445.4,1
91723,2325,-4.09,34,1,298.3,1
91759,2326,-5.66,36,0,474.5,1
91789,2327,-6.26,30,0,566.3,1
91871,2328,-9.72,82,1,367.2,1
91901,2329,-5.40,30,0,494.1,1
91927,2330,-5.11,26,1,537.3,1
91957,2331,-5.00,30,1,530.4,1
91980,2332,-6.25,23,0,496.7,1
92015,2333,-5.21,35,1,463.5,1
92052,2334,-3.01,37,1,520.6,1
92086,2335,-3.95,34,1,340.2,1
92116,2336,-5.78,30,0,543.4,1
92149,2337,-4.84,33,1,569.6,1
92196,2338,-3.28,47,1,701.2,1
92246,2339,-0.28,50,1,708.7,1
92288,2340,-1.22,42,2,451.7,1
92318,2341,-5.31,30,0,576.4,1
92378,2342,-2.72,60,2,449.4,1
92402,2343,-6.66,24,0,243.5,1
92430,2344,-4.87,28,0,365.6,1
92465,2345,-5.98,35,1,236.8,1
92498,2346,-3.22,33,1,444.6,1
92556,2347,-4.36,58,1,672.3,1
92630,2348,-7.26,74,1,746.4,1
92660,2349,-5.98,30,0,511.8,1
92732,2350,-6.33,72,1,566.5,1
92764,2351,-5.01,32,0,743.4,1
92806,2352,-4.33,42,1,448.0,1
92821,2353,-6.69,15,0,260.8,1
92851,2354,-5.85,30,0,580.6,1
92875,2355,-4.86,24,1,217.0,1
92903,2356,-3.90,28,1,615.8,1
92917,2357,-6.65,14,0,242.4,1
92947,2358,-6.33,30,0,561.2,1
92983,2359,-5.30,36,0,533.9,1
93012,2360,-6.09,29,0,292.4,1
93044,2361,-3.36,32,1,456.1,1
93102,2362,-2.08,58,2,747.9,1
93150,2363,-7.48,48,1,356.2,1
93171,2364,-6.67,21,0,242.9,1
93204,2365,-5.84,33,1,216.3,1
93243,2366,-4.24,39,0,441.6,1
93288,2367,-2.45,45,1,491.3,1
93325,2368,-3.42,37,2,506.4,1
93359,2369,-5.88,34,0,325.4,1
93468,2370,-10.22,109,1,325.3,1
93494,2371,-5.88,26,0,498.4,1
93546,2372,0.19,52,2,827.8,1
93577,2373,-6.48,31,0,493.0,1
93601,2374,-5.15,24,1,483.8,1
93655,2375,-1.19,54,1,929.6,1
93693,2376,-5.79,38,1,466.2,1
93743,2377,-2.96,50,1,921.4,1
93783,2378,-2.70,40,1,465.6,1
93821,2379,-5.64,38,1,206.1,1
93868,2380,-3.60,47,1,500.3,1
93891,2381,-5.96,23,0,546.8,1
93917,2382,-3.57,26,2,413.3,1
93945,2383,-4.60,28,1,597.5,1
93997,2384,-2.82,52,1,857.0,1
94077,2385,0.73,80,2,812.0,1
94117,2386,-4.11,40,1,509.5,1
94137,2387,-6.09,20,1,125.8,1
94195,2388,-0.82,58,2,1000.6,1
94237,2389,-2.11,42,2,825.0,1
94274,2390,-6.15,37,0,562.5,1
94303,2391,-4.94,29,0,467.9,1
94326,2392,-5.96,23,1,175.1,1
94357,2393,-4.96,31,1,470.8,1
94882,2394,-8.45,525,2,401.9,0
94926,2395,-5.16,44,1,330.8,1
94965,2396,-6.59,39,1,184.1,1
94999,2397,-5.33,34,1,564.0,1
95043,2398,-4.80,44,1,354.5,1
95085,2399,-4.26,42,1,674.7,1
95108,2400,-6.44,23,0,492.9,1
95135,2401,-4.40,27,2,516.4,1
95206,2402,1.51,71,2,859.1,1
95233,2403,-4.32,27,1,476.4,1
95274,2404,-4.31,41,1,819.1,1
95298,2405,-6.33,24,0,278.5,1
95321,2406,-6.23,23,0,478.5,1
95354,2407,-3.09,33,1,461.2,1
95390,2408,-7.30,36,1,180.2,1
95472,2409,-3.07,82,2,490.9,1
95503,2410,-3.27,31,2,555.2,1
95529,2411,-4.96,26,1,197.2,1
95557,2412,-7.17,28,0,189.8,1
95595,2413,-2.10,38,1,832.0,1
95618,2414,-6.26,23,0,471.7,1
95655,2415,-4.92,37,0,496.9,1
95702,2416,-2.52,47,2,806.6,1
95738,2417,-6.33,36,0,523.7,1
95771,2418,-6.79,33,0,453.0,1
95801,2419,-6.71,30,0,501.9,1
95836,2420,-3.84,35,2,526.6,1
95866,2421,-5.13,30,0,554.8,1
95899,2422,-6.26,33,0,443.8,1
95925,2423,-6.29,26,0,458.7,1
95959,2424,-4.08,34,2,288.6,1
95988,2425,-6.09,29,0,563.4,1
96031,2426,-3.43,43,2,836.5,1
96076,2427,-4.25,45,1,873.1,1
96106,2428,-5.55,30,1,480.2,1
96137,2429,-6.56,31,0,501.7,1
96211,2430,-4.04,74,1,546.8,1
96265,2431,-2.73,54,1,674.4,1
96297,2432,-6.10,32,0,595.2,1
96332,2433,-4.94,35,1,565.5,1
96364,2434,-5.48,32,1,469.5,1
96401,2435,-4.10,37,1,406.7,1
96432,2436,-5.02,31,1,568.6,1
96465,2437,-5.46,33,1,523.0,1
96500,2438,-4.66,35,1,481.9,1
96531,2439,-5.03,31,1,544.6,1
96563,2440,-4.64,32,1,490.3,1
96599,2441,-3.57,36,2,716.5,1
96626,2442,-6.13,27,0,482.3,1
96685,2443,-4.19,59,2,377.1,1
96717,2444,-6.31,32,0,265.2,1
96782,2445,2.75,65,3,1192.8,1
96817,2446,-4.87,35,2,483.3,1
96855,2447,-5.92,38,0,442.2,1
96885,2448,-5.17,30,0,611.2,1
96913,2449,-2.91,28,1,427.0,1
96941,2450,-4.25,28,2,489.9,1
96974,2451,-5.47,33,1,479.2,1
97002,2452,-5.67,28,0,478.5,1
97053,2453,-3.64,51,1,932.5,1
97079,2454,-3.11,26,1,486.0,1
97119,2455,-2.98,40,1,754.3,1
97159,2456,-3.55,40,1,425.7,1
97183,2457,-5.15,24,1,423.7,1
97238,2458,-2.49,55,1,905.0,1
97271,2459,-4.48,33,1,365.2,1
97316,2460,-3.57,45,1,569.5,1
97358,2461,-1.97,42,2,673.0,1
97389,2462,-5.33,31,1,532.2,1
97416,2463,-5.05,27,1,324.6,1
97476,2464,-2.35,60,1,889.5,1
97507,2465,-2.83,31,2,325.7,1
97552,2466,-1.30,45,2,938.4,1
97575,2467,-6.45,23,0,444.0,1
97618,2468,-2.38,43,2,871.0,1
97646,2469,-5.10,28,0,440.0,1
97679,2470,-5.96,33,0,462.0,1
97705,2471,-5.41,26,0,478.0,1
97733,2472,-6.20,28,1,206.7,1
97767,2473,-4.63,34,1,328.3,1
97802,2474,-4.89,35,1,245.4,1
97825,2475,-6.25,23,0,485.0,1
97876,2476,-2.08,51,2,430.1,1
97938,2477,-1.46,62,1,646.7,1
97968,2478,-6.08,30,0,478.4,1
97994,2479,-4.06,26,1,490.9,1
98040,2480,-2.63,46,1,776.6,1
98071,2481,-5.58,31,0,666.4,1
98136,2482,0.97,65,2,858.8,1
98173,2483,-3.51,37,1,376.2,1
98199,2484,-6.37,26,0,437.8,1
98258,2485,0.82,59,2,852.5,1
98289,2486,-3.37,31,1,470.9,1
98348,2487,-1.35,59,2,812.3,1
98380,2488,-3.95,32,1,585.5,1
98413,2489,-4.97,33,0,379.0,1
98450,2490,-2.52,37,1,480.6,1
98486,2491,-3.19,36,2,344.7,1
98541,2492,-2.57,55,2,1025.4,1
98589,2493,-1.66,48,3,961.9,1
98619,2494,-4.85,30,0,586.5,1
98692,2495,-0.31,73,2,693.4,1
98715,2496,-6.48,23,0,458.7,1
98749,2497,-6.95,34,0,444.3,1
98832,2498,-9.68,83,1,309.1,1
98862,2499,-6.54,30,0,517.8,1
98914,2500,-0.01,52,2,1056.0,1
98942,2501,-6.09,28,0,582.3,1
99002,2502,3.87,60,2,1063.6,1
99037,2503,-5.29,35,0,468.7,1
99079,2504,-2.05,42,2,907.2,1
99113,2505,-5.45,34,1,492.1,1
99138,2506,-6.12,25,0,535.5,1
99171,2507,-4.11,33,1,519.5,1
99207,2508,-4.09,36,0,474.5,1
99253,2509,-2.30,46,1,805.1,1
99286,2510,-3.95,33,0,485.7,1
99322,2511,-4.28,36,1,285.6,1
99353,2512,-3.70,31,2,472.1,1
99385,2513,-4.83,32,1,546.6,1
99427,2514,-3.91,42,1,956.2,1
99477,2515,-1.46,50,2,900.0,1
99513,2516,-2.73,36,1,575.4,1
99536,2517,-6.00,23,0,571.3,1
99588,2518,-0.61,52,2,802.3,1
99616,2519,-4.91,28,0,368.8,1
99647,2520,-4.96,31,1,570.1,1
99679,2521,-4.57,32,1,536.7,1
99716,2522,-2.46,37,1,459.2,1
99747,2523,-4.89,31,1,474.7,1
99772,2524,-2.95,25,1,369.3,1
99826,2525,-2.50,54,1,816.8,1
99856,2526,-6.06,30,0,527.0,1
99883,2527,-5.30,27,1,491.2,1
99915,2528,-4.97,32,0,371.5,1
99959,2529,-3.48,44,1,952.3,1
99992,2530,-6.33,33,0,421.6,1
100022,2531,-6.12,30,0,488.7,1
100049,2532,-4.72,27,1,413.9,1
23,1,-6.50,23,0,282.5,1
55,2,-4.20,32,1,504.8,1
88,3,-3.94,33,2,600.1,1
122,4,-4.95,34,1,537.2,1
163,5,-4.57,41,0,473.5,1
187,6,-6.33,24,0,487.4,1
218,7,-5.20,31,0,533.4,1
251,8,-5.37,33,0,439.2,1
304,9,1.58,53,3,812.1,1
355,10,-1.23,51,3,731.0,1
389,11,-3.92,34,1,320.9,1
420,12,-4.82,31,0,483.8,1
455,13,-4.17,35,1,594.5,1
500,14,-1.80,45,2,860.7,1
530,15,-4.80,30,1,645.8,1
563,16,-5.92,33,1,155.4,1
588,17,-5.14,25,1,497.1,1
633,18,-3.53,45,1,726.9,1
677,19,0.48,44,3,957.8,1
734,20,-0.15,57,3,924.4,1
756,21,-5.77,22,1,265.3,1
793,22,-3.62,37,1,595.8,1
825,23,-6.33,32,0,483.6,1
858,24,-5.00,33,0,408.8,1
890,25,-4.00,32,1,515.4,1
940,26,-0.35,50,2,811.7,1
970,27,-5.25,30,1,446.4,1
983,28,-6.69,13,0,207.3,1
23,1,-6.55,23,0,449.2,1
73,2,-0.72,50,2,871.6,1
107,3,-8.20,34,1,183.6,1
147,4,-2.78,40,1,519.6,1
192,5,-3.07,45,1,629.6,1
225,6,-6.14,33,0,584.9,1
280,7,-4.11,55,1,341.1,1
350,8,0.54,70,2,882.3,1
875,9,-5.13,525,2,421.2,0
911,10,-6.50,36,0,514.2,1
945,11,-3.42,34,1,524.2,1
997,12,-0.69,52,2,952.0,1
1048,13,-7.88,51,1,180.3,1
1071,14,-6.44,23,0,462.3,1
1100,15,-5.10,29,0,465.3,1
1123,16,-6.53,23,0,447.7,1
1146,17,-3.51,23,1,348.5,1
1170,18,-6.10,24,0,466.0,1
1196,19,-6.06,26,0,511.0,1
1230,20,-4.63,34,2,281.8,1
1283,21,-2.10,53,1,815.5,1
1308,22,-4.94,25,1,523.4,1
1333,23,-5.90,25,0,547.8,1
1358,24,-5.69,25,0,592.9,1
1407,25,-1.34,49,1,873.5,1
1432,26,-5.08,25,1,497.5,1
1458,27,-4.31,26,0,451.9,1
1491,28,-3.32,33,1,466.8,1
1554,29,23.01,63,3,1276.9,0
1580,30,-5.94,26,0,540.1,1
1608,31,-5.22,28,1,391.4,1
1653,32,-4.01,45,1,908.1,1
1692,33,-3.01,39,1,517.0,1
1739,34,-3.29,47,1,881.6,1
1784,35,-1.16,45,2,861.1,1
1818,36,-5.43,34,1,498.0,1
1869,37,-0.47,51,2,947.7,1
1909,38,-2.36,40,2,831.9,1
1939,39,-6.18,30,0,523.0,1
1983,40,-1.94,44,2,798.1,1
2015,41,-4.61,32,1,483.2,1
2047,42,-3.64,32,1,477.1,1
2073,43,-3.65,26,1,456.9,1
2106,44,-1.51,33,2,398.2,1
2163,45,-1.85,57,2,846.4,1
2210,46,-3.41,47,2,891.9,1
2237,47,-5.07,27,1,478.3,1
2289,48,1.89,52,3,823.9,1
2319,49,-6.41,30,0,487.9,1
2342,50,-6.65,23,0,424.9,1
2372,51,-5.17,30,1,507.6,1
2417,52,-1.65,45,3,891.2,1
2449,53,-4.96,32,1,546.7,1
2479,54,-5.84,30,0,613.6,1
2512,55,-6.36,33,0,490.1,1
2567,56,0.72,55,3,1008.2,1
2597,57,-3.02,30,1,455.1,1
2630,58,-5.73,33,0,622.9,1
2659,59,-5.14,29,1,539.9,1
2692,60,-4.25,33,1,473.9,1
2757,61,22.89,65,3,1277.0,0
2790,62,-5.24,33,1,470.8,1
2814,63,-6.16,24,0,383.9,1
2850,64,-5.58,36,1,246.3,1
2869,65,-6.36,19,0,245.9,1
2903,66,-3.33,34,1,758.2,1
2974,67,-6.46,71,2,662.2,1
3015,68,-3.61,41,1,841.7,1
3055,69,-3.84,40,1,718.5,1
3088,70,-4.92,33,1,491.3,1
3130,71,-3.17,42,2,843.3,1
3160,72,-6.00,30,0,475.3,1
3184,73,-6.31,24,0,469.4,1
3223,74,-2.17,39,2,423.1,1
3264,75,-1.52,41,2,868.0,1
3298,76,-5.04,34,1,291.1,1
3329,77,-5.13,31,1,371.1,1
3360,78,-3.93,31,1,537.0,1
3388,79,-4.24,28,1,478.1,1
3419,80,-4.49,31,1,665.0,1
3482,81,24.45,63,3,1278.1,0
3539,82,0.37,57,1,723.3,1
3571,83,-4.35,32,1,442.5,1
3605,84,-2.81,34,2,332.9,1
3631,85,-5.66,26,0,407.0,1
3663,86,-3.85,32,1,509.7,1
3710,87,-1.26,47,3,949.6,1
3735,88,-6.11,25,0,502.4,1
3765,89,-5.52,30,0,641.4,1
3789,90,-6.29,24,0,461.4,1
3836,91,-2.89,47,2,898.5,1
3866,92,-3.86,30,1,690.4,1
3912,93,-7.80,46,1,218.9,1
3945,94,-5.01,33,0,803.1,1
3977,95,-6.30,32,0,522.9,1
4016,96,-5.67,39,1,263.1,1
4043,97,-5.50,27,1,466.2,1
4093,98,-3.13,50,2,831.2,1
4138,99,-2.77,45,1,727.4,1
4169,100,-5.29,31,0,480.7,1
4206,101,-4.70,37,1,507.0,1
4224,102,-5.95,18,0,301.1,1
4250,103,-5.08,26,0,719.3,1
4320,104,2.51,70,2,757.4,1
4369,105,-2.08,49,1,879.7,1
4414,106,-2.49,45,2,827.2,1
4445,107,-4.72,31,0,503.0,1
4509,108,1.44,64,2,738.8,1
4563,109,-0.35,54,3,989.7,1
4640,110,-1.71,77,2,512.5,1
4680,111,-5.55,40,1,225.4,1
4714,112,-4.72,34,1,521.5,1
4757,113,-2.47,43,2,695.4,1
4790,114,-3.41,33,2,326.9,1
4828,115,-3.73,38,1,726.7,1
4872,116,-2.69,44,2,877.2,1
4902,117,-5.26,30,0,696.4,1
4928,118,-5.44,26,1,214.3,1
4958,119,-4.89,30,0,488.2,1
5002,120,-2.25,44,1,946.8,1
5038,121,-5.02,36,1,549.4,1
5064,122,-5.34,26,0,424.2,1
5119,123,-4.39,55,2,396.3,1
5178,124,1.19,59,2,656.7,1
5240,125,-4.21,62,2,626.4,1
5261,126,-6.07,21,1,161.5,1
5306,127,-1.67,45,2,829.9,1
5361,128,-1.17,55,2,800.9,1
5395,129,-6.72,34,1,221.4,1
5431,130,-2.97,36,1,469.2,1
5480,131,-6.72,49,0,358.9,1
5516,132,-4.90,36,0,516.1,1
5568,133,-2.88,52,1,424.2,1
5597,134,-4.72,29,1,625.3,1
5623,135,-5.37,26,0,374.3,1
5663,136,-1.89,40,1,454.3,1
5693,137,-4.42,30,1,513.3,1
5724,138,-5.74,31,0,498.8,1
5749,139,-6.07,25,0,505.4,1
5796,140,-5.07,47,0,396.9,1
5832,141,-3.14,36,1,456.9,1
5863,142,-4.68,31,1,589.0,1
5906,143,-2.10,43,1,483.8,1
5942,144,-5.13,36,0,466.0,1
5998,145,-1.40,56,2,797.6,1
6083,146,-2.75,85,2,585.9,1
6115,147,-4.56,32,1,580.0,1
6131,148,-6.79,16,0,226.0,1
6144,149,-6.98,13,0,245.1,1
6165,150,-5.71,21,0,345.7,1
6200,151,-2.98,35,1,465.2,1
6244,152,-0.96,44,2,756.5,1
6291,153,-2.46,47,1,882.1,1
6335,154,0.08,44,2,799.8,1
6368,155,-5.83,33,0,508.9,1
6393,156,-5.15,25,1,474.1,1
6433,157,-4.12,40,1,847.9,1
6505,158,2.21,72,2,722.1,1
6535,159,-4.67,30,1,633.1,1
6554,160,-7.28,19,0,147.4,1
6584,161,-4.80,30,0,465.7,1
6641,162,-1.70,57,1,898.0,1
6671,163,-4.77,30,0,466.3,1
6704,164,-5.13,33,0,451.3,1
6767,165,-7.14,63,1,125.8,1
6796,166,-6.14,29,0,418.2,1
6828,167,-2.80,32,1,479.9,1
6862,168,-5.01,34,1,510.5,1
6897,169,-2.70,35,1,439.4,1
6924,170,-3.11,27,2,696.5,1
6947,171,-5.22,23,1,385.4,1
6976,172,-6.57,29,0,486.0,1
7008,173,-6.37,32,0,533.7,1
7091,174,-1.89,83,2,661.5,1
7121,175,-5.26,30,0,496.1,1
7148,176,-3.46,27,1,458.0,1
7193,177,-1.50,45,1,796.9,1
7218,178,-6.62,25,0,372.9,1
7293,179,-0.94,75,2,605.7,1
7337,180,-3.09,44,1,690.4,1
7361,181,-6.95,24,0,326.1,1
7404,182,-3.91,43,1,844.6,1
7448,183,-2.41,44,2,846.2,1
7479,184,-5.49,31,0,521.2,1
7524,185,0.08,45,2,807.3,1
7561,186,-3.34,37,1,493.8,1
7612,187,-2.79,51,2,897.8,1
7672,188,-1.04,60,1,731.4,1
7720,189,-1.52,48,2,595.9,1
7752,190,-3.40,32,1,487.3,1
7786,191,-5.20,34,0,475.8,1
7831,192,-3.82,45,1,451.2,1
7881,193,-1.13,50,1,675.7,1
7963,194,-4.26,82,1,555.6,1
7997,195,-4.37,34,1,301.9,1
8029,196,-5.04,32,1,551.8,1
8059,197,-3.35,30,2,460.7,1
8095,198,-3.01,36,2,346.5,1
8125,199,-6.05,30,0,503.3,1
8156,200,-3.76,31,1,451.3,1
8195,201,-4.93,39,1,556.9,1
8221,202,-4.02,26,0,434.9,1
8258,203,-5.43,37,1,470.4,1
8293,204,-5.45,35,0,433.7,1
8316,205,-5.41,23,0,390.1,1
8348,206,-4.18,32,2,505.1,1
8384,207,-3.51,36,1,451.8,1
8416,208,-4.84,32,1,538.1,1
8452,209,-5.13,36,0,494.2,1
8489,210,-4.72,37,1,484.4,1
8555,211,-0.83,66,2,689.5,1
8586,212,-4.18,31,1,528.1,1
8618,213,-2.82,32,2,520.0,1
8670,214,-1.16,52,1,657.5,1
8725,215,-3.62,55,2,380.1,1
8763,216,-5.09,38,0,635.4,1
8810,217,-3.30,47,2,915.3,1
8900,218,-2.17,90,2,672.6,1
8937,219,-4.68,37,1,316.7,1
8993,220,-3.41,56,1,982.5,1
9026,221,-3.33,33,1,708.7,1
9073,222,-1.48,47,2,870.3,1
9155,223,3.06,82,2,874.6,1
9186,224,-6.59,31,0,491.4,1
9229,225,-3.16,43,2,882.5,1
9250,226,-6.71,21,0,317.1,1
9279,227,-5.97,29,0,473.6,1
9307,228,-5.19,28,1,538.5,1
9353,229,-1.68,46,2,842.5,1
9376,230,-6.32,23,0,477.7,1
9495,231,-2.99,119,2,522.6,1
9547,232,-1.83,52,2,825.6,1
9573,233,-5.14,26,1,538.9,1
9590,234,-6.04,17,0,382.9,1
9622,235,-7.08,32,0,221.0,1
9657,236,-3.78,35,1,490.6,1
9687,237,-6.32,30,0,488.4,1
9721,238,-4.19,34,1,300.2,1
9752,239,-3.53,31,1,341.9,1
9781,240,-6.35,29,0,395.8,1
9829,241,-0.55,48,2,536.8,1
9873,242,-0.78,44,2,964.7,1
9893,243,-5.20,20,1,303.9,1
9935,244,-2.42,42,2,970.3,1
9983,245,-2.62,48,2,362.2,1
10017,246,-4.99,34,1,302.4,1
10046,247,-6.25,29,0,564.5,1
10076,248,-3.32,30,1,431.3,1
10144,249,27.83,68,4,1277.5,0
10194,250,-2.55,50,2,849.9,1
10220,251,-4.74,26,0,381.1,1
10246,252,-6.67,26,0,384.3,1
10282,253,-4.40,36,1,505.8,1
10329,254,-2.33,47,2,860.5,1
10359,255,-6.62,30,0,487.6,1
10397,256,-3.68,38,1,467.9,1
10426,257,-8.16,29,0,76.0,1
10451,258,-6.19,25,0,520.8,1
10477,259,-7.38,26,0,194.5,1
10527,260,-0.72,50,2,905.0,1
10568,261,-5.40,41,1,474.3,1
10640,262,-4.98,72,2,305.5,1
10668,263,-6.00,28,0,409.8,1
10712,264,-3.40,44,1,692.2,1
10747,265,-3.19,35,1,491.4,1
10784,266,-2.87,37,1,527.9,1
10825,267,-4.56,41,1,606.2,1
10859,268,-3.16,34,2,283.5,1
10893,269,-2.52,34,2,404.9,1
10938,270,-4.10,45,1,476.6,1
10993,271,0.70,55,3,1067.4,1
11048,272,0.17,55,2,601.0,1
11081,273,-4.62,33,0,434.6,1
11268,274,-5.81,187,2,419.3,1
11322,275,-0.85,54,2,800.7,1
11347,276,-5.20,25,1,529.4,1
11395,277,-1.50,48,2,905.1,1
11423,278,-4.93,28,0,522.1,1
11511,279,-9.71,88,1,264.5,1
11536,280,-5.88,25,0,527.5,1
11562,281,-6.63,26,1,211.7,1
11584,282,-6.16,22,1,127.2,1
11629,283,-2.96,45,1,839.1,1
11696,284,-5.84,67,2,376.7,1
11728,285,-6.34,32,0,565.6,1
11773,286,-2.25,45,2,870.4,1
11825,287,-4.43,52,1,381.2,1
11860,288,-6.12,35,1,272.9,1
11922,289,0.29,62,1,881.2,1
11956,290,-4.54,34,1,218.7,1
11982,291,-4.07,26,1,263.4,1
12041,292,-2.07,59,1,469.6,1
12076,293,-3.64,35,2,512.6,1
12111,294,-6.96,35,0,242.8,1
12142,295,-6.15,31,1,201.6,1
12168,296,-5.36,26,0,443.9,1
12203,297,-2.86,35,1,417.5,1
12245,298,-6.57,42,1,260.8,1
12292,299,-6.93,47,2,341.0,1
12318,300,-4.41,26,1,290.4,1
12365,301,-1.08,47,2,865.3,1
12388,302,-6.09,23,0,454.7,1
12432,303,-2.85,44,2,910.7,1
12464,304,-4.64,32,1,577.1,1
12513,305,-2.08,49,1,924.8,1
12547,306,-4.72,34,1,485.5,1
12626,307,-1.58,79,2,626.2,1
12670,308,-3.98,44,1,424.2,1
12705,309,-3.21,35,1,367.1,1
12741,310,-3.18,36,2,345.6,1
12762,311,-5.12,21,1,278.7,1
12810,312,0.42,48,2,751.1,1
12841,313,-6.45,31,0,306.6,1
12884,314,-4.23,43,1,510.4,1
12913,315,-4.78,29,1,479.1,1
12938,316,-5.47,25,0,340.1,1
12970,317,-4.63,32,0,577.0,1
13012,318,-4.33,42,0,466.0,1
13033,319,-7.06,21,0,243.2,1
13067,320,-3.84,34,1,320.2,1
13122,321,-2.61,55,2,783.2,1
13166,322,-3.79,44,2,382.7,1
13196,323,-3.14,30,1,316.1,1
13232,324,-4.94,36,1,607.0,1
13270,325,-4.90,38,1,268.4,1
13324,326,0.96,54,3,820.9,1
13376,327,-0.62,52,2,881.2,1
13410,328,-6.19,34,0,437.6,1
13443,329,-4.56,33,1,501.5,1
13496,330,1.10,53,2,780.7,1
13526,331,-5.86,30,0,608.8,1
13556,332,-2.29,30,2,400.2,1
13582,333,-3.54,26,1,475.7,1
13623,334,-4.28,41,0,543.4,1
13690,335,2.55,67,3,1087.4,1
13745,336,0.84,55,3,896.1,1
13788,337,-4.06,43,1,287.2,1
13822,338,-5.38,34,1,290.9,1
13879,339,2.20,57,2,941.4,1
13905,340,-4.57,26,1,489.6,1
13938,341,-3.88,33,0,484.0,1
13975,342,-4.26,37,1,539.6,1
14022,343,-3.32,47,1,384.3,1
14045,344,-5.99,23,0,485.5,1
14086,345,-5.49,41,1,250.0,1
14141,346,-0.14,55,2,893.5,1
14191,347,-1.25,50,2,909.9,1
14242,348,-1.44,51,2,844.4,1
14299,349,0.33,57,2,794.8,1
14360,350,2.06,61,3,805.2,1
14395,351,-3.08,35,1,478.4,1
14428,352,-2.94,33,1,427.1,1
14462,353,-4.40,34,0,521.2,1
14488,354,-5.54,26,1,173.4,1
14535,355,-3.13,47,1,901.2,1
14578,356,-3.72,43,1,711.4,1
14600,357,-6.03,22,0,276.8,1
14624,358,-4.12,24,1,288.7,1
14666,359,-2.41,42,1,698.2,1
14709,360,-2.34,43,2,687.3,1
14754,361,-2.72,45,1,629.4,1
14790,362,-3.57,36,2,274.6,1
14829,363,-4.73,39,0,494.1,1
14873,364,-5.53,44,1,353.1,1
14911,365,-3.16,38,1,505.9,1
14948,366,-3.36,37,1,526.5,1
14981,367,-3.64,33,1,398.8,1
15051,368,4.32,70,3,1132.2,1
15082,369,-5.10,31,0,495.5,1
15120,370,-2.53,38,1,468.5,1
15246,371,-4.89,126,2,503.8,1
15274,372,-3.28,28,1,497.5,1
15308,373,-4.87,34,1,246.9,1
15353,374,-2.64,45,1,521.4,1
15387,375,-3.96,34,1,458.1,1
15413,376,-5.84,26,0,472.6,1
15454,377,-4.30,41,1,854.7,1
15507,378,-0.29,53,2,905.6,1
15542,379,-4.78,35,1,311.8,1
15575,380,-5.78,33,1,195.9,1
15622,381,-3.75,47,1,511.5,1
15658,382,-3.46,36,2,536.0,1
15705,383,-4.05,47,1,436.7,1
15748,384,-2.66,43,1,709.7,1
15786,385,-4.36,38,1,458.7,1
15819,386,-5.30,33,0,434.6,1
15840,387,-4.83,21,1,270.1,1
15868,388,-4.39,28,1,299.0,1
15913,389,-1.64,45,2,1030.6,1
15936,390,-6.27,23,1,134.8,1
16001,391,-0.44,65,2,680.0,1
16032,392,-5.96,31,0,455.6,1
16067,393,-4.26,35,0,728.0,1
16100,394,-2.57,33,1,435.4,1
16164,395,0.42,64,2,896.6,1
16194,396,-3.47,30,1,479.9,1
16237,397,-0.92,43,3,893.9,1
16267,398,-5.95,30,0,517.9,1
16322,399,-1.35,55,3,788.8,1
16382,400,-0.25,60,2,809.6,1
16432,401,0.28,50,3,856.1,1
16458,402,-3.67,26,1,478.7,1
16513,403,-0.24,55,2,839.7,1
16541,404,-3.96,28,1,325.2,1
16580,405,-1.40,39,3,757.8,1
16607,406,-4.26,27,1,473.2,1
16635,407,-5.65,28,0,500.4,1
16677,408,-3.64,42,1,511.8,1
16707,409,-5.07,30,1,596.2,1
16758,410,0.55,51,2,871.0,1
16793,411,-3.13,35,1,460.5,1
16842,412,-2.50,49,1,649.9,1
16885,413,-2.62,43,2,747.1,1
16919,414,-1.75,34,2,631.4,1
16949,415,-4.23,30,0,467.9,1
16983,416,-5.79,34,0,333.2,1
17021,417,-2.37,38,2,828.0,1
17039,418,-5.05,18,1,218.3,1
17078,419,-4.21,39,1,517.8,1
17111,420,-3.54,33,1,462.2,1
17142,421,-5.22,31,1,519.5,1
17177,422,-3.87,35,1,432.9,1
17213,423,-4.34,36,1,471.0,1
17258,424,-3.12,45,1,978.5,1
17313,425,-0.86,55,2,859.0,1
17353,426,-3.27,40,2,827.3,1
17393,427,-3.06,40,1,901.7,1
17432,428,-3.14,39,1,554.0,1
17474,429,-3.70,42,1,399.4,1
17507,430,-4.99,33,1,576.4,1
17530,431,-4.88,23,0,488.8,1
17555,432,-5.28,25,0,373.6,1
17578,433,-5.51,23,1,177.9,1
17628,434,-1.29,50,2,937.0,1
17685,435,-1.20,57,2,902.6,1
17719,436,-3.75,34,1,759.4,1
17744,437,-5.19,25,1,467.1,1
17818,438,3.21,74,3,1155.3,1
17852,439,-5.57,34,1,509.9,1
17881,440,-6.10,29,0,478.1,1
17899,441,-6.74,18,0,274.0,1
17953,442,0.84,54,2,819.7,1
17976,443,-6.02,23,0,456.5,1
18004,444,-3.43,28,1,482.7,1
18070,445,3.38,66,3,997.6,1
18109,446,-1.22,39,1,648.3,1
18133,447,-6.27,24,0,379.2,1
18167,448,-4.93,34,1,464.1,1
18194,449,-3.02,27,2,567.7,1
18229,450,-3.37,35,1,490.2,1
18260,451,-6.11,31,0,506.6,1
18328,452,1.57,68,2,850.3,1
18369,453,-2.11,41,2,794.3,1
18397,454,-4.93,28,1,229.7,1
18430,455,-6.17,33,0,536.5,1
18462,456,-4.74,32,1,421.7,1
18489,457,-5.14,27,1,396.6,1
18537,458,-3.24,48,1,931.8,1
18595,459,1.80,58,2,926.6,1
18634,460,-4.02,39,2,279.1,1
18705,461,4.14,71,3,860.8,1
18741,462,-6.31,36,1,241.9,1
18786,463,-1.94,45,2,841.5,1
18823,464,-2.87,37,1,425.6,1
18879,465,-1.72,56,2,926.5,1
18909,466,-4.57,30,1,473.4,1
18962,467,-1.53,53,1,832.1,1
18989,468,-5.54,27,1,272.4,1
19023,469,-3.84,34,1,318.8,1
19053,470,-4.38,30,2,487.6,1
19092,471,-3.83,39,1,425.8,1
19119,472,-5.91,27,0,635.8,1
19151,473,-3.09,32,1,576.9,1
19178,474,-3.85,27,1,461.2,1
19207,475,-4.12,29,1,280.1,1
19237,476,-5.19,30,0,479.6,1
19289,477,-7.53,52,2,307.9,1
19316,478,-2.89,27,1,418.9,1
19366,479,0.62,50,1,738.7,1
19419,480,-1.50,53,2,968.1,1
19466,481,-6.31,47,1,222.1,1
19527,482,1.49,61,3,874.9,1
19560,483,-3.20,33,1,444.8,1
19611,484,-5.19,51,1,278.6,1
19658,485,-5.00,47,2,382.3,1
19698,486,-2.80,40,1,467.8,1
19746,487,-2.64,48,2,952.8,1
19778,488,-4.77,32,1,480.1,1
19817,489,-4.98,39,1,646.8,1
19852,490,-4.24,35,1,453.5,1
19912,491,0.34,60,2,715.5,1
19955,492,-2.36,43,2,656.3,1
19983,493,-3.08,28,1,495.8,1
20026,494,-2.71,43,1,699.0,1
20060,495,-0.33,34,2,614.6,1
20107,496,-1.86,47,2,831.5,1
20137,497,-3.72,30,1,355.5,1
20171,498,-3.91,34,2,314.1,1
20228,499,0.56,57,2,971.7,1
20265,500,-4.87,37,1,545.4,1
20312,501,-5.51,47,2,377.4,1
20335,502,-3.11,23,2,330.3,1
20377,503,-3.19,42,1,483.8,1
20410,504,-3.33,33,1,447.4,1
20445,505,-5.16,35,1,617.9,1
20494,506,0.32,49,2,1110.6,1
20529,507,-3.28,35,1,620.8,1
20561,508,-5.58,32,1,548.8,1
20595,509,-4.72,34,1,238.7,1
20651,510,1.26,56,2,764.4,1
20696,511,-2.29,45,1,559.2,1
20720,512,-6.30,24,0,481.8,1
20750,513,-6.13,30,0,467.9,1
20781,514,-4.79,31,1,545.8,1
20818,515,-4.58,37,0,430.7,1
20855,516,-3.05,37,1,555.8,1
20910,517,0.93,55,3,870.3,1
20956,518,-6.11,46,1,237.3,1
21008,519,-0.77,52,3,855.2,1
21028,520,-6.32,20,0,312.7,1
21079,521,0.65,51,2,963.6,1
21109,522,-6.31,30,0,461.2,1
21161,523,-2.25,52,2,948.5,1
21191,524,-4.42,30,1,620.5,1
21236,525,-6.37,45,1,306.1,1
21258,526,-6.70,22,0,403.0,1
21286,527,-6.30,28,0,475.9,1
21344,528,-0.95,58,2,972.5,1
21381,529,-2.41,37,1,573.8,1
21424,530,-3.83,43,1,936.9,1
21482,531,-2.16,58,1,874.9,1
21512,532,-5.42,30,0,604.1,1
21554,533,-2.95,42,2,769.8,1
21592,534,-2.95,38,1,494.6,1
21644,535,-1.04,52,2,857.8,1
21678,536,-3.47,34,2,339.2,1
21749,537,-0.37,71,2,916.5,1
21792,538,-4.48,43,1,336.0,1
21827,539,-3.33,35,1,551.4,1
21872,540,-0.48,45,1,851.5,1
21918,541,-2.70,46,2,840.4,1
21952,542,-4.72,34,1,210.5,1
22009,543,1.85,57,2,849.5,1
22053,544,-1.73,44,2,733.6,1
22112,545,-2.19,59,2,571.1,1
22137,546,-4.90,25,1,503.0,1
22167,547,-6.42,30,0,538.1,1
22200,548,-2.43,33,2,590.7,1
22247,549,0.50,47,2,922.9,1
22273,550,-6.32,26,1,161.1,1
22318,551,-3.14,45,1,637.3,1
22346,552,-3.02,28,2,487.9,1
22384,553,-3.09,38,1,532.9,1
22418,554,-1.95,34,1,473.5,1
22451,555,-2.94,33,1,472.7,1
22488,556,-2.76,37,2,722.7,1
22540,557,-1.04,52,2,881.2,1
22571,558,-5.05,31,1,467.4,1
22639,559,0.73,68,2,852.3,1
22697,560,0.48,58,2,833.0,1
22760,561,0.63,63,2,983.4,1
22846,562,2.82,86,3,892.7,1
22875,563,-6.28,29,0,517.6,1
22934,564,0.17,59,2,893.6,1
22982,565,-1.46,48,1,745.7,1
23009,566,-5.25,27,1,491.9,1
23063,567,-0.77,54,2,865.5,1
23096,568,-4.07,33,2,455.3,1
23128,569,-3.72,32,1,521.7,1
23162,570,-2.81,34,1,508.1,1
23223,571,-0.06,61,2,990.9,1
23270,572,-1.24,47,3,1026.8,1
23303,573,-3.40,33,1,658.0,1
23340,574,-3.37,37,1,467.7,1
23389,575,-1.29,49,2,893.0,1
23474,576,-2.69,85,3,1155.5,1
23522,577,-1.57,48,2,724.0,1
23546,578,-4.47,24,1,446.1,1
23586,579,-3.02,40,2,729.3,1
23632,580,-1.08,46,2,910.4,1
23664,581,-3.46,32,2,518.6,1
23705,582,-1.99,41,2,828.1,1
23758,583,0.32,53,2,838.8,1
23830,584,1.77,72,3,1100.4,1
23860,585,-5.37,30,1,428.4,1
23903,586,-3.17,43,2,829.5,1
23954,587,-2.19,51,2,852.0,1
24004,588,-3.35,50,1,887.0,1
24034,589,-6.05,30,0,457.7,1
24076,590,-3.25,42,2,882.8,1
24241,591,-4.35,165,3,538.2,1
24290,592,0.14,49,3,915.1,1
24325,593,-4.40,35,1,624.8,1
24358,594,-5.70,33,1,384.0,1
24388,595,-4.76,30,1,582.6,1
24436,596,-3.96,48,1,847.4,1
24469,597,-5.26,33,0,535.1,1
24507,598,-3.78,38,1,729.8,1
24539,599,-3.81,32,1,456.6,1
24572,600,-2.33,33,1,409.9,1
24634,601,0.43,62,2,867.0,1
24666,602,-4.14,32,1,518.2,1
24697,603,-4.61,31,0,478.7,1
24739,604,-3.39,42,1,524.2,1
24776,605,-3.98,37,2,586.0,1
24809,606,-3.50,33,1,367.4,1
24861,607,-1.42,52,2,857.9,1
24911,608,-1.17,50,2,840.3,1
24936,609,-6.49,25,0,498.5,1
24968,610,-3.43,32,1,493.0,1
25023,611,-0.60,55,2,747.5,1
25056,612,-6.25,33,1,167.2,1
25082,613,-5.65,26,0,501.7,1
25107,614,-5.47,25,1,502.3,1
25140,615,-4.82,33,2,301.8,1
25170,616,-4.81,30,0,598.3,1
25184,617,-6.82,14,0,192.3,1
25207,618,-4.81,23,1,247.2,1
25238,619,-5.14,31,0,494.0,1
25263,620,-6.29,25,0,532.9,1
25298,621,-5.12,35,1,487.4,1
25321,622,-5.75,23,0,444.1,1
25353,623,-4.27,32,1,452.9,1
25383,624,-6.39,30,0,490.4,1
25440,625,-1.72,57,2,823.4,1
25499,626,0.68,59,1,848.0,1
25536,627,-3.16,37,1,737.0,1
25579,628,-4.77,43,2,368.3,1
25612,629,-2.23,33,1,480.2,1
25644,630,-4.05,32,1,507.9,1
25683,631,-4.62,39,0,485.0,1
25720,632,-2.67,37,2,428.6,1
25762,633,-6.09,42,1,388.3,1
25814,634,-3.08,52,1,521.2,1
25860,635,-1.89,46,1,689.1,1
25881,636,-6.80,21,0,330.9,1
25906,637,-4.98,25,1,521.6,1
25942,638,-4.61,36,0,466.6,1
25997,639,-0.79,55,2,871.2,1
26038,640,-3.52,41,2,875.8,1
26067,641,-4.13,29,1,441.3,1
26098,642,-4.83,31,0,528.9,1
26154,643,0.24,56,2,798.7,1
26187,644,-5.10,33,0,446.0,1
26218,645,-4.68,31,1,474.0,1
26279,646,0.58,61,2,1197.8,1
26317,647,-2.22,38,2,781.5,1
26343,648,-5.11,26,1,474.3,1
26381,649,-2.41,38,1,450.7,1
26419,650,-4.07,38,1,458.4,1
26465,651,-1.85,46,2,999.7,1
26485,652,-5.93,20,1,130.7,1
26506,653,-5.90,21,1,239.8,1
26558,654,1.30,52,3,1047.4,1
26594,655,-2.47,36,2,427.8,1
26652,656,-1.95,58,2,860.0,1
26675,657,-5.27,23,1,499.1,1
26712,658,-4.30,37,2,512.2,1
26753,659,-3.16,41,2,915.3,1
26807,660,-0.35,54,3,972.1,1
26857,661,-1.64,50,2,738.5,1
26891,662,-3.97,34,2,282.8,1
26942,663,-1.13,51,2,946.5,1
26999,664,-0.07,57,2,849.6,1
27032,665,-4.19,33,1,572.8,1
27074,666,-2.76,42,2,853.9,1
27115,667,-4.76,41,1,874.4,1
27150,668,-3.27,35,1,518.5,1
27185,669,-2.93,35,1,746.4,1
27218,670,-5.54,33,0,702.2,1
27242,671,-4.52,24,1,310.6,1
27280,672,-2.62,38,1,409.6,1
27342,673,2.54,62,2,968.0,1
27380,674,-2.58,38,2,595.5,1
27412,675,-4.47,32,1,677.8,1
27446,676,-3.94,34,1,533.1,1
27509,677,-0.47,63,3,939.2,1
27596,678,3.66,87,4,957.1,1
27631,679,-4.43,35,1,445.1,1
27669,680,-4.44,38,2,511.9,1
27697,681,-6.62,28,0,433.3,1
27735,682,-3.61,38,1,439.6,1
27787,683,-0.83,52,2,835.5,1
27824,684,-3.54,37,1,566.3,1
27872,685,-1.08,48,3,914.8,1
27912,686,-5.11,40,1,469.9,1
27938,687,-5.42,26,0,467.3,1
27973,688,-4.65,35,1,452.9,1
28000,689,-3.56,27,1,496.7,1
28034,690,-4.25,34,1,334.0,1
28078,691,-1.21,44,2,788.3,1
28108,692,-5.96,30,0,482.1,1
28145,693,-5.00,37,1,447.8,1
28197,694,-1.06,52,2,915.9,1
28229,695,-4.78,32,1,501.3,1
28280,696,-4.19,51,1,988.2,1
28331,697,-0.98,51,2,1066.0,1
28358,698,-5.19,27,1,460.6,1
28396,699,-2.95,38,1,464.0,1
28431,700,-5.47,35,1,536.0,1
28454,701,-5.39,23,1,481.5,1
28529,702,-0.22,75,2,787.2,1
28579,703,-0.31,50,2,1021.8,1
28621,704,-2.83,42,2,848.0,1
28648,705,-6.34,27,0,454.6,1
28709,706,-0.28,61,2,809.9,1
28753,707,-1.42,44,2,849.7,1
28782,708,-4.56,29,1,506.2,1
28818,709,-3.71,36,1,517.5,1
28873,710,-0.19,55,1,969.5,1
28925,711,-1.75,52,2,896.1,1
29073,712,-7.59,148,1,540.6,1
29106,713,-4.68,33,0,458.9,1
29162,714,-1.55,56,2,871.0,1
29194,715,-5.08,32,1,575.1,1
29248,716,-0.17,54,2,976.8,1
29277,717,-5.07,29,0,435.0,1
29312,718,-4.06,35,1,500.8,1
29343,719,-5.97,31,0,553.4,1
29370,720,-5.09,27,1,449.8,1
29436,721,0.16,66,2,873.3,1
29465,722,-5.92,29,0,555.6,1
29497,723,-5.92,32,0,549.7,1
29543,724,-2.47,46,1,751.4,1
29588,725,-1.27,45,2,845.7,1
29625,726,-3.69,37,1,575.3,1
29646,727,-6.53,21,0,282.6,1
29691,728,-1.47,45,2,839.3,1
29710,729,-5.05,19,1,197.3,1
29775,730,1.76,65,2,895.6,1
29810,731,-3.36,35,2,697.0,1
29843,732,-3.00,33,1,445.3,1
29898,733,-0.85,55,2,865.7,1
29937,734,-3.79,39,2,581.8,1
29977,735,-3.24,40,1,464.1,1
30033,736,-0.36,56,2,853.2,1
30052,737,-5.19,19,1,209.8,1
30078,738,-3.54,26,1,437.3,1
30109,739,-5.20,31,1,427.5,1
30140,740,-6.23,31,0,486.4,1
30170,741,-4.57,30,1,594.7,1
30204,742,-3.67,34,1,495.7,1
30239,743,-3.19,35,1,473.6,1
30285,744,-1.11,46,2,874.3,1
30298,745,-6.99,13,0,187.6,1
30332,746,-5.41,34,1,506.1,1
30387,747,1.95,55,3,952.5,1
30443,748,-0.11,56,2,598.9,1
30469,749,-5.12,26,1,542.0,1
30515,750,-2.01,46,1,915.0,1
30544,751,-6.03,29,0,548.7,1
30576,752,-5.27,32,1,559.3,1
30613,753,-2.84,37,1,637.4,1
30651,754,-3.35,38,1,523.2,1
30683,755,-4.02,32,1,454.4,1
30708,756,-5.89,25,0,590.5,1
30740,757,-3.06,32,1,487.6,1
30776,758,-1.68,36,2,434.8,1
30803,759,-4.39,27,1,465.1,1
30853,760,-2.95,50,2,936.6,1
30896,761,-4.76,43,1,714.7,1
30921,762,-4.39,25,1,496.7,1
30954,763,-4.21,33,1,606.3,1
30987,764,-2.47,33,2,578.8,1
31028,765,-3.71,41,1,820.1,1
31077,766,0.17,49,2,781.5,1
31109,767,-3.24,32,1,465.4,1
31151,768,-3.12,42,2,580.1,1
31199,769,-1.83,48,1,792.5,1
31237,770,-3.86,38,1,492.6,1
31261,771,-4.32,24,1,336.9,1
31296,772,-5.73,35,0,386.3,1
31342,773,-2.10,46,1,804.5,1
31380,774,-5.52,38,0,461.6,1
31426,775,-3.15,46,1,777.1,1
31468,776,-2.25,42,2,841.7,1
31520,777,-0.50,52,2,762.1,1
31549,778,-6.16,29,0,492.3,1
31581,779,-5.12,32,1,521.2,1
31610,780,-4.70,29,1,376.9,1
31652,781,-4.90,42,0,406.9,1
31711,782,-1.66,59,1,786.9,1
31737,783,-4.88,26,0,457.7,1
31831,784,-7.75,94,3,690.4,1
31864,785,-6.12,33,0,515.0,1
31901,786,-3.66,37,1,590.5,1
31931,787,-4.22,30,2,499.6,1
31966,788,-3.17,35,1,492.0,1
32019,789,-2.54,53,2,857.7,1
32059,790,-4.46,40,0,748.0,1
32085,791,-6.28,26,0,467.2,1
32110,792,-3.03,25,1,345.2,1
32175,793,2.92,65,3,910.6,1
32231,794,1.31,56,3,915.6,1
32263,795,-3.66,32,1,732.7,1
32310,796,-1.03,47,1,897.6,1
32337,797,-5.27,27,0,437.5,1
32384,798,-3.07,47,1,739.7,1
32441,799,-2.16,57,2,989.0,1
32480,800,-4.79,39,1,600.8,1
32514,801,-5.14,34,1,536.9,1
32548,802,-4.85,34,0,635.7,1
32583,803,-5.11,35,1,547.6,1
32669,804,-0.93,86,3,764.7,1
32711,805,-3.13,42,2,943.5,1
32736,806,-6.55,25,0,474.3,1
32804,807,0.38,68,2,828.0,1
32832,808,-5.30,28,0,378.1,1
32876,809,-2.14,44,2,997.3,1
32906,810,-4.86,30,1,458.5,1
32971,811,1.22,65,3,891.1,1
33021,812,0.18,50,3,922.1,1
33052,813,-4.46,31,1,302.1,1
33094,814,-3.27,42,1,521.6,1
33137,815,-2.24,43,1,644.5,1
33162,816,-4.93,25,1,483.6,1
33219,817,-0.52,57,2,834.1,1
33320,818,-3.54,101,2,572.6,1
33353,819,-2.69,33,1,531.8,1
33386,820,-4.19,33,1,512.1,1
33423,821,-4.51,37,1,497.4,1
33439,822,-6.82,16,0,205.2,1
33477,823,-1.80,38,2,628.1,1
33512,824,-5.00,35,1,485.1,1
33564,825,-0.81,52,2,963.6,1
33594,826,-3.16,30,2,484.0,1
33627,827,-4.73,33,1,590.3,1
33680,828,0.04,53,3,1005.9,1
33700,829,-4.46,20,1,284.8,1
33741,830,-4.21,41,1,778.8,1
33780,831,-3.06,39,2,493.9,1
33813,832,-4.97,33,1,520.8,1
33856,833,-1.62,43,2,853.6,1
33884,834,-5.99,28,0,363.5,1
33934,835,-2.67,50,2,833.5,1
33975,836,-3.22,41,1,575.4,1
34029,837,0.95,54,3,1122.8,1
34076,838,-3.16,47,1,665.8,1
34134,839,-1.01,58,2,1087.1,1
34170,840,-2.87,36,1,571.3,1
34224,841,-8.22,54,1,170.3,1
34284,842,-2.26,60,2,783.5,1
34324,843,-3.56,40,1,589.6,1
34397,844,1.65,73,3,1045.1,1
34461,845,0.62,64,2,882.6,1
34491,846,-4.68,30,0,493.8,1
34537,847,0.52,46,3,966.3,1
34587,848,-1.91,50,2,874.6,1
34624,849,-3.47,37,1,355.9,1
34658,850,-4.44,34,1,608.3,1
34700,851,0.42,42,2,646.7,1
34737,852,-2.95,37,1,568.7,1
34796,853,0.45,59,3,910.9,1
34829,854,-4.35,33,1,446.2,1
34870,855,-6.33,41,0,527.1,1
34906,856,-3.49,36,2,593.5,1
34938,857,-5.01,32,1,463.5,1
34987,858,-2.63,49,2,931.7,1
35011,859,-6.41,24,1,178.1,1
35056,860,-3.99,45,1,575.4,1
35108,861,-2.68,52,1,841.1,1
35149,862,-4.38,41,1,616.1,1
35190,863,-3.27,41,1,521.6,1
35241,864,-6.56,51,1,303.5,1
35277,865,-3.14,36,1,532.0,1
35301,866,-6.07,24,0,523.0,1
35338,867,-5.33,37,1,462.3,1
35393,868,-1.36,55,2,826.6,1
35432,869,-5.69,39,0,435.8,1
35473,870,-3.64,41,1,456.3,1
35502,871,-5.68,29,0,483.6,1
35537,872,-3.00,35,1,535.4,1
35601,873,0.42,64,2,700.3,1
35646,874,-1.51,45,2,626.7,1
35675,875,-4.02,29,1,479.0,1
35709,876,-4.50,34,1,309.2,1
35738,877,-4.69,29,1,304.2,1
35796,878,2.18,58,3,789.7,1
35820,879,-6.81,24,0,220.5,1
35855,880,-4.19,35,1,546.5,1
35876,881,-6.59,21,0,422.6,1
35933,882,0.96,57,3,831.9,1
35958,883,-6.01,25,0,355.9,1
36022,884,0.12,64,2,910.3,1
36059,885,-4.66,37,1,430.6,1
36091,886,-3.61,32,1,666.7,1
36156,887,1.41,65,2,840.3,1
36186,888,-3.60,30,1,421.4,1
36213,889,-3.12,27,2,519.1,1
36248,890,-4.38,35,1,480.0,1
36280,891,-4.71,32,0,475.8,1
36344,892,25.04,64,4,1276.1,0
36383,893,-4.54,39,0,390.9,1
36417,894,-5.58,34,0,322.9,1
36458,895,-1.33,41,3,632.6,1
36618,896,-9.68,160,1,280.3,1
36655,897,-4.09,37,2,582.1,1
36698,898,-3.15,43,1,472.7,1
36744,899,-3.76,46,1,850.8,1
36830,900,6.49,86,3,1158.8,1
36865,901,-4.44,35,1,348.4,1
36906,902,-4.44,41,1,847.1,1
36954,903,-2.65,48,2,841.3,1
36978,904,-6.04,24,1,182.2,1
37006,905,-5.13,28,0,480.3,1
37049,906,-2.88,43,2,807.9,1
37078,907,-4.80,29,1,428.5,1
37118,908,-1.93,40,2,612.3,1
37164,909,-2.86,46,1,776.9,1
37198,910,-3.43,34,1,470.1,1
37256,911,-1.36,58,2,964.0,1
37281,912,-4.24,25,1,454.4,1
37307,913,-5.38,26,1,377.2,1
37337,914,-5.40,30,0,650.6,1
37359,915,-7.07,22,0,218.5,1
37390,916,-5.25,31,1,556.2,1
37422,917,-4.67,32,1,492.4,1
37460,918,-3.07,38,1,523.0,1
37493,919,-4.74,33,0,450.2,1
37526,920,-5.48,33,1,463.0,1
37549,921,-6.29,23,0,461.5,1
37581,922,-3.20,32,1,446.7,1
37607,923,-5.84,26,0,553.5,1
37644,924,-4.14,37,1,674.7,1
37681,925,-3.36,37,1,518.6,1
37706,926,-6.44,25,0,455.3,1
37742,927,-2.92,36,1,414.0,1
37766,928,-6.29,24,0,479.5,1
37830,929,1.76,64,2,917.1,1
37880,930,-2.39,50,2,954.8,1
37940,931,0.10,60,3,1032.3,1
37976,932,-4.40,36,1,533.2,1
38041,933,2.30,65,2,1026.7,1
38078,934,-2.89,37,2,655.3,1
38134,935,-1.31,56,2,960.9,1
38160,936,-4.67,26,1,485.2,1
38187,937,-4.04,27,1,459.6,1
38200,938,-6.33,13,0,219.6,1
38244,939,-3.17,44,2,416.8,1
38309,940,1.70,65,2,886.9,1
38336,941,-6.19,27,0,533.0,1
38363,942,-5.59,27,0,327.5,1
38405,943,-2.84,42,1,492.6,1
38458,944,-0.66,53,2,862.5,1
38512,945,0.30,54,2,983.8,1
38532,946,-6.77,20,0,218.5,1
38558,947,-6.33,26,0,281.7,1
38592,948,-3.78,34,1,457.4,1
38633,949,-2.10,41,2,799.7,1
38658,950,-5.74,25,0,483.2,1
38674,951,-5.32,16,1,219.5,1
38699,952,-5.38,25,1,488.4,1
38757,953,-0.78,58,2,860.0,1
38782,954,-5.73,25,1,232.2,1
38814,955,-4.27,32,2,572.3,1
38847,956,-5.57,33,0,387.0,1
38882,957,-2.71,35,1,645.7,1
38912,958,-6.06,30,1,177.2,1
38947,959,-3.41,35,1,481.7,1
38985,960,-1.90,38,2,508.5,1
39044,961,1.84,59,3,1008.5,1
39076,962,-3.09,32,1,451.5,1
39113,963,-2.66,37,1,722.9,1
39146,964,-3.16,33,1,461.9,1
39178,965,-3.10,32,1,482.4,1
39196,966,-6.22,18,1,176.2,1
39248,967,0.24,52,3,900.2,1
39301,968,-3.05,53,1,772.8,1
39335,969,-3.44,34,2,575.6,1
39376,970,-4.51,41,1,833.9,1
39441,971,0.63,65,2,610.7,1
39482,972,-3.16,41,1,858.1,1
39525,973,-3.89,43,1,477.3,1
39548,974,-6.03,23,0,485.7,1
39602,975,1.70,54,2,1064.4,1
39667,976,-0.47,65,2,987.3,1
39699,977,-2.23,32,2,554.8,1
39758,978,1.71,59,3,975.4,1
39797,979,-2.44,39,2,412.9,1
39830,980,-3.36,33,1,483.2,1
39865,981,-4.27,35,2,465.9,1
39899,982,-4.85,34,1,559.4,1
39932,983,-5.62,33,1,402.5,1
39958,984,-5.58,26,0,302.6,1
40020,985,2.31,62,3,1153.8,1
40041,986,-5.28,21,0,361.2,1
40065,987,-5.20,24,1,194.3,1
40100,988,-4.52,35,1,464.5,1
40145,989,-3.08,45,1,591.1,1
40170,990,-6.25,25,0,488.6,1
40209,991,-3.93,39,1,533.3,1
40241,992,-3.06,32,1,680.8,1
40289,993,-1.19,48,2,836.1,1
40323,994,-1.96,34,2,587.2,1
40356,995,-3.27,33,1,419.2,1
40407,996,1.09,51,3,983.5,1
40441,997,-3.43,34,1,534.0,1
40484,998,-3.69,43,1,751.0,1
40533,999,0.30,49,2,908.7,1
40567,1000,-3.19,34,1,485.6,1
40619,1001,0.43,52,2,885.4,1
40642,1002,-3.71,23,1,440.1,1
40681,1003,-4.80,39,1,474.2,1
40717,1004,-3.45,36,2,692.4,1
40745,1005,-4.94,28,1,488.7,1
40786,1006,-3.34,41,1,923.2,1
40846,1007,3.75,60,3,801.5,1
40883,1008,0.29,37,2,610.4,1
40913,1009,-4.00,30,1,468.5,1
40948,1010,-3.10,35,1,466.0,1
41006,1011,0.87,58,2,832.5,1
41035,1012,-5.31,29,1,529.0,1
41078,1013,-2.95,43,1,354.1,1
41110,1014,-7.88,32,1,121.6,1
41130,1015,-4.90,20,0,365.8,1
41151,1016,-5.62,21,1,185.5,1
41185,1017,-4.45,34,1,442.2,1
41233,1018,-2.15,48,1,1070.3,1
41280,1019,-1.54,47,2,946.8,1
41303,1020,-5.35,23,1,456.2,1
41365,1021,2.58,62,2,1069.8,1
41392,1022,-3.66,27,1,479.0,1
41434,1023,-3.54,42,1,511.9,1
41465,1024,-6.49,31,0,493.3,1
41504,1025,-2.72,39,1,464.4,1
41550,1026,-1.59,46,2,661.1,1
41584,1027,-4.63,34,0,532.3,1
41636,1028,-0.41,52,3,904.3,1
41703,1029,2.33,67,3,932.3,1
41738,1030,-5.25,35,1,458.3,1
41768,1031,-3.28,30,1,452.3,1
41808,1032,-1.97,40,1,671.3,1
41842,1033,-5.19,34,1,280.8,1
41878,1034,-4.87,36,0,464.4,1
41907,1035,-3.21,29,1,461.5,1
41944,1036,-2.41,37,1,461.4,1
41981,1037,-3.08,37,1,492.7,1
42013,1038,-4.15,32,1,524.4,1
42051,1039,-2.81,38,2,743.7,1
42084,1040,-3.20,33,1,457.5,1
42116,1041,-4.05,32,0,547.7,1
42142,1042,-3.43,26,1,458.3,1
42176,1043,-3.86,34,1,534.2,1
42212,1044,-4.41,36,1,522.0,1
42264,1045,0.28,52,3,918.8,1
42290,1046,-5.13,26,1,503.2,1
42324,1047,-4.41,34,1,330.0,1
42350,1048,-5.02,26,0,469.7,1
42382,1049,-4.15,32,1,519.6,1
42445,1050,3.78,63,3,1180.8,1
42492,1051,1.20,47,2,808.4,1
42526,1052,-6.03,34,0,522.6,1
42595,1053,1.89,69,2,829.9,1
42651,1054,-0.82,56,2,845.5,1
42701,1055,-3.73,50,1,624.1,1
42739,1056,-1.86,38,2,891.6,1
42796,1057,0.75,57,3,987.8,1
42832,1058,-4.37,36,1,470.5,1
42868,1059,-2.30,36,1,503.9,1
42900,1060,-3.51,32,1,472.8,1
42932,1061,-4.11,32,1,534.1,1
42956,1062,-4.63,24,1,248.1,1
42995,1063,-5.39,39,0,489.7,1
43029,1064,-5.60,34,0,499.6,1
43065,1065,-3.79,36,1,410.1,1
43105,1066,-3.04,40,2,623.5,1
43157,1067,-0.89,52,3,872.3,1
43208,1068,-0.60,51,2,878.6,1
43256,1069,-2.36,48,2,920.6,1
43281,1070,-3.58,25,1,344.1,1
43324,1071,-2.50,43,2,901.8,1
43361,1072,-4.28,37,1,464.6,1
43394,1073,-4.29,33,1,305.0,1
43442,1074,-2.41,48,2,702.9,1
43484,1075,-2.59,42,2,862.4,1
43527,1076,-2.42,43,1,681.5,1
43578,1077,-0.21,51,2,863.3,1
43628,1078,-3.91,50,1,771.4,1
43680,1079,-1.34,52,2,878.3,1
43714,1080,-4.78,34,1,227.8,1
43739,1081,-4.67,25,1,299.4,1
43779,1082,-3.11,40,1,606.7,1
43818,1083,-3.78,39,1,863.2,1
43843,1084,-4.32,25,1,493.6,1
43879,1085,-3.45,36,1,445.5,1
43910,1086,-4.41,31,1,293.8,1
43963,1087,-0.23,53,2,837.6,1
44025,1088,2.01,62,2,816.4,1
44078,1089,-0.76,53,2,882.4,1
44109,1090,-3.97,31,1,474.3,1
44137,1091,-5.45,28,1,467.2,1
44172,1092,-4.47,35,1,267.6,1
44221,1093,-1.95,49,2,910.5,1
44249,1094,-5.79,28,0,533.5,1
44277,1095,-3.49,28,1,353.8,1
44305,1096,-5.24,28,0,390.5,1
44355,1097,-2.32,50,2,663.8,1
44393,1098,-5.98,38,0,507.3,1
44455,1099,1.74,62,2,900.7,1
44481,1100,-5.72,26,0,296.9,1
44535,1101,0.17,54,3,970.4,1
44600,1102,1.50,65,2,821.5,1
44664,1103,2.23,64,3,1035.4,1
44700,1104,-2.58,36,1,454.5,1
44753,1105,0.74,53,2,572.6,1
44784,1106,-4.48,31,1,281.6,1
44831,1107,-1.90,47,2,785.1,1
44861,1108,-4.88,30,0,616.6,1
44910,1109,-1.90,49,2,848.7,1
44948,1110,-4.72,38,1,536.3,1
44985,1111,-4.82,37,1,521.6,1
45050,1112,1.30,65,3,941.6,1
45104,1113,-1.69,54,3,967.6,1
45133,1114,-5.05,29,1,512.0,1
45156,1115,-5.40,23,1,432.8,1
45185,1116,-6.38,29,0,502.9,1
45219,1117,-4.33,34,1,314.6,1
45240,1118,-4.39,21,1,276.2,1
45290,1119,-1.37,50,2,973.5,1
45315,1120,-4.54,25,1,287.0,1
45346,1121,-3.48,31,1,515.1,1
45375,1122,-6.12,29,0,463.4,1
45427,1123,-2.10,52,2,759.1,1
45475,1124,-1.57,48,1,853.4,1
45511,1125,-4.03,36,1,516.5,1
45549,1126,-3.01,38,1,453.2,1
45580,1127,-4.12,31,1,545.7,1
45607,1128,-3.47,27,1,491.2,1
45638,1129,-6.54,31,0,283.9,1
45694,1130,1.09,56,3,1035.7,1
45739,1131,-3.31,45,1,833.8,1
45774,1132,-4.15,35,1,487.0,1
45814,1133,-3.81,40,1,548.6,1
45844,1134,-4.86,30,0,441.3,1
45879,1135,-2.41,35,1,469.4,1
45935,1136,-0.73,56,2,994.2,1
45975,1137,-3.89,40,1,479.7,1
46009,1138,-2.53,34,2,542.7,1
46041,1139,-3.97,32,1,532.5,1
46104,1140,-2.09,63,2,832.0,1
46131,1141,-3.82,27,1,438.8,1
46164,1142,-5.03,33,0,442.3,1
46196,1143,-5.07,32,0,459.6,1
46251,1144,-0.24,55,2,1120.9,1
46300,1145,-1.10,49,2,923.6,1
46359,1146,-7.57,59,1,420.3,1
46390,1147,-5.86,31,0,567.1,1
46445,1148,1.47,55,3,897.8,1
46476,1149,-3.51,31,1,464.0,1
46521,1150,-2.69,45,1,747.6,1
46573,1151,-4.20,52,1,971.0,1
46614,1152,-1.44,41,3,850.6,1
46652,1153,-2.54,38,1,445.4,1
46699,1154,-1.42,47,3,927.6,1
46737,1155,-1.76,38,1,455.8,1
46787,1156,-1.03,50,2,868.4,1
46850,1157,1.03,63,2,824.1,1
46885,1158,-9.71,35,0,125.7,1
46912,1159,-4.92,27,1,475.5,1
46957,1160,-3.96,45,1,919.8,1
47009,1161,-0.90,52,2,801.7,1
47040,1162,-3.70,31,1,437.3,1
47069,1163,-5.00,29,1,426.1,1
47113,1164,-2.92,44,2,299.6,1
47174,1165,0.80,61,2,852.7,1
47228,1166,-0.54,54,2,837.9,1
47260,1167,-4.13,32,2,526.3,1
47310,1168,-1.23,50,3,1038.3,1
47349,1169,-3.19,39,1,496.8,1
47410,1170,0.77,61,3,1055.6,1
47439,1171,-3.92,29,1,503.8,1
47486,1172,-1.60,47,2,793.2,1
47534,1173,0.02,48,3,868.0,1
47597,1174,-0.01,63,2,879.5,1
47643,1175,-2.58,46,1,898.0,1
47710,1176,2.75,67,5,984.6,1
47742,1177,-4.70,32,1,535.3,1
47765,1178,-6.19,23,0,465.7,1
47797,1179,-3.61,32,1,467.8,1
47824,1180,-4.99,27,1,507.8,1
47859,1181,-3.46,35,1,546.1,1
47924,1182,1.54,65,3,1218.0,1
47956,1183,-4.15,32,1,503.4,1
48023,1184,3.31,67,3,958.1,1
48074,1185,-0.41,51,3,950.8,1
48124,1186,-1.06,50,1,876.1,1
48174,1187,-0.19,50,2,851.6,1
48209,1188,-2.94,35,1,529.2,1
48240,1189,-3.51,31,1,494.5,1
48274,1190,-3.30,34,1,511.3,1
48304,1191,-6.38,30,0,455.2,1
48328,1192,-6.95,24,0,195.1,1
48360,1193,-4.10,32,1,407.2,1
48385,1194,-5.64,25,0,458.9,1
48432,1195,-1.21,47,2,789.1,1
48463,1196,-4.34,31,1,464.0,1
48491,1197,-4.84,28,1,504.9,1
48524,1198,-5.19,33,0,504.6,1
48554,1199,-5.90,30,0,612.1,1
48581,1200,-6.69,27,1,190.9,1
48618,1201,-4.46,37,1,397.7,1
48655,1202,-3.30,37,1,659.2,1
48717,1203,-0.70,62,2,856.1,1
48777,1204,4.09,60,2,969.0,1
48829,1205,0.29,52,4,770.1,1
48884,1206,0.38,55,3,960.4,1
48918,1207,-2.85,34,2,596.9,1
48956,1208,-2.65,38,1,730.7,1
49003,1209,-2.13,47,2,915.4,1
49056,1210,0.09,53,3,851.2,1
49112,1211,0.78,56,2,879.5,1
49167,1212,0.39,55,3,1024.4,1
49341,1213,-1.95,174,3,938.7,1
49377,1214,-3.72,36,1,516.1,1
49412,1215,-4.34,35,1,518.1,1
49443,1216,-3.46,31,1,475.9,1
49472,1217,-5.11,29,0,451.3,1
49529,1218,-2.27,57,2,930.6,1
49576,1219,-1.36,47,2,818.4,1
49639,1220,4.29,63,3,1121.0,1
49684,1221,-0.34,45,2,865.1,1
49745,1222,3.72,61,3,836.2,1
49776,1223,-6.02,31,0,481.4,1
49826,1224,-1.14,50,2,650.6,1
49860,1225,-4.15,34,1,402.4,1
49906,1226,-2.02,46,3,797.5,1
49938,1227,-4.36,32,1,530.5,1
49974,1228,-2.85,36,1,489.9,1
49999,1229,-5.56,25,1,173.4,1
50032,1230,-2.84,33,1,421.6,1
50059,1231,-6.32,27,0,491.0,1
50116,1232,1.05,57,3,921.8,1
50151,1233,-2.94,35,1,456.9,1
50188,1234,-4.30,37,1,507.5,1
50249,1235,3.41,61,3,819.8,1
50300,1236,-1.49,51,2,808.0,1
50364,1237,0.31,64,3,984.2,1
50406,1238,-2.89,42,1,734.3,1
50457,1239,-0.40,51,2,898.1,1
50489,1240,-3.96,32,1,373.6,1
50515,1241,-4.68,26,1,487.8,1
50562,1242,-0.47,47,3,882.4,1
50594,1243,-5.38,32,1,481.2,1
50625,1244,-3.41,31,2,623.3,1
50651,1245,-3.84,26,1,487.0,1
50685,1246,-2.88,34,1,516.9,1
50741,1247,0.12,56,2,975.8,1
50779,1248,-2.91,38,2,453.7,1
50901,1249,0.89,122,4,1208.2,1
50957,1250,-0.33,56,3,875.7,1
50999,1251,-1.76,42,2,428.7,1
51038,1252,-3.83,39,1,513.2,1
51065,1253,-5.38,27,0,351.4,1
51121,1254,0.01,56,2,896.8,1
51168,1255,-0.31,47,3,888.3,1
51224,1256,0.32,56,2,904.2,1
51273,1257,-1.25,49,2,997.4,1
51307,1258,-5.21,34,1,204.7,1
51358,1259,-1.75,51,2,865.0,1
51393,1260,-4.13,35,1,484.8,1
51429,1261,-4.23,36,2,449.0,1
51487,1262,-0.99,58,3,901.7,1
51536,1263,0.08,49,3,1014.3,1
51560,1264,-6.24,24,0,430.6,1
51600,1265,-3.40,40,1,563.7,1
51645,1266,-2.27,45,1,761.5,1
51675,1267,-3.85,30,1,532.0,1
51712,1268,-4.40,37,1,594.3,1
51746,1269,-4.81,34,1,541.6,1
51779,1270,-5.27,33,0,454.8,1
51814,1271,-3.60,35,1,520.5,1
51849,1272,-3.44,35,1,557.3,1
51914,1273,0.81,65,3,928.3,1
51946,1274,-3.80,32,1,488.9,1
52009,1275,24.36,63,4,1278.6,0
52071,1276,0.85,62,2,896.7,1
52109,1277,-3.84,38,1,488.1,1
52132,1278,-4.49,23,1,249.6,1
52159,1279,-3.81,27,2,402.5,1
52207,1280,-3.60,48,1,418.6,1
52242,1281,-5.41,35,1,459.1,1
52284,1282,-1.58,42,2,548.3,1
52316,1283,-3.74,32,1,542.6,1
52344,1284,-6.22,28,0,376.6,1
52388,1285,-2.08,44,2,791.2,1
52438,1286,-2.15,50,1,925.8,1
52479,1287,-3.26,41,1,473.2,1
52529,1288,1.27,50,4,911.5,1
52552,1289,-6.13,23,0,487.7,1
52608,1290,-0.47,56,2,916.5,1
52642,1291,-3.33,34,1,474.1,1
52667,1292,-5.15,25,1,476.4,1
52706,1293,-3.41,39,1,451.8,1
52739,1294,-3.13,33,1,482.3,1
52810,1295,24.98,71,3,1280.1,0
52866,1296,3.57,56,3,1031.2,1
52899,1297,-4.41,33,1,502.0,1
52927,1298,-3.39,28,2,436.2,1
52968,1299,-1.50,41,2,821.9,1
52998,1300,-6.45,30,0,500.9,1
53059,1301,2.48,61,3,1081.7,1
53120,1302,-0.75,61,3,920.2,1
53157,1303,-2.40,37,2,518.0,1
53205,1304,-2.63,48,2,947.8,1
53266,1305,0.48,61,3,944.0,1
53314,1306,-0.92,48,3,908.8,1
53359,1307,-2.78,45,2,903.4,1
53408,1308,-1.59,49,2,792.7,1
53442,1309,-5.13,34,1,496.4,1
53492,1310,-0.81,50,2,823.5,1
53549,1311,-0.38,57,3,1021.0,1
53618,1312,3.98,69,3,1185.4,1
53664,1313,-1.13,46,1,959.8,1
53710,1314,-2.19,46,2,915.1,1
53755,1315,-2.72,45,1,729.5,1
53810,1316,0.77,55,3,1052.6,1
53868,1317,0.71,58,3,991.2,1
53926,1318,-0.38,58,3,948.1,1
53949,1319,-4.59,23,2,347.4,1
53995,1320,-3.40,46,1,711.0,1
54049,1321,0.43,54,2,830.8,1
54097,1322,-1.51,48,2,877.8,1
54134,1323,-2.67,37,1,550.8,1
54205,1324,24.45,71,4,1280.2,0
54263,1325,-0.51,58,2,878.2,1
54298,1326,-4.17,35,1,601.4,1
54351,1327,-1.18,53,3,943.3,1
54395,1328,-2.94,44,1,556.2,1
54447,1329,-1.17,52,2,936.4,1
54482,1330,-5.25,35,1,262.7,1
54546,1331,-0.28,64,2,856.5,1
54601,1332,-1.75,55,2,870.6,1
54666,1333,-1.33,65,2,868.7,1
54711,1334,-5.23,45,1,486.8,1
54743,1335,-4.15,32,2,579.6,1
54775,1336,-3.89,32,2,569.9,1
54815,1337,-4.51,40,1,720.3,1
54857,1338,-1.64,42,2,850.5,1
54876,1339,-6.54,19,0,241.3,1
54922,1340,-1.53,46,1,866.8,1
54967,1341,-1.28,45,2,832.2,1
54989,1342,-4.86,22,1,499.4,1
55033,1343,-2.13,44,2,878.2,1
55084,1344,-1.43,51,3,914.5,1
55137,1345,-1.09,53,2,1014.9,1
55168,1346,-4.89,31,1,570.8,1
55193,1347,-5.18,25,1,356.5,1
55221,1348,-5.04,28,1,614.0,1
55250,1349,-4.16,29,1,279.6,1
55295,1350,-2.02,45,3,869.4,1
55333,1351,-4.18,38,1,659.3,1
55371,1352,-2.88,38,1,440.6,1
55419,1353,0.93,48,2,845.0,1
55453,1354,-3.59,34,1,502.3,1
55499,1355,-2.36,46,1,987.8,1
55536,1356,-5.22,37,1,547.2,1
55591,1357,0.20,55,3,906.5,1
55626,1358,-3.50,35,1,508.3,1
55665,1359,-5.72,39,0,617.8,1
55690,1360,-4.16,25,1,460.3,1
55718,1361,-5.87,28,0,560.4,1
55754,1362,-4.26,36,1,564.0,1
55798,1363,-0.19,44,2,903.3,1
55832,1364,-3.12,34,1,484.2,1
55859,1365,-4.76,27,1,520.4,1
55893,1366,-3.87,34,1,519.0,1
55919,1367,-4.27,26,1,457.7,1
55957,1368,-6.04,38,0,548.7,1
55989,1369,-4.07,32,1,551.8,1
56044,1370,-0.41,55,2,921.7,1
56066,1371,-5.90,22,1,156.4,1
56128,1372,3.98,62,4,1229.7,1
56176,1373,2.67,48,4,933.0,1
56222,1374,-0.24,46,3,963.7,1
56292,1375,3.42,70,3,1055.6,1
56352,1376,2.20,60,3,806.4,1
56398,1377,-3.53,46,1,929.8,1
56448,1378,0.01,50,2,601.3,1
56481,1379,-4.47,33,0,458.3,1
56524,1380,-3.26,43,1,503.6,1
56548,1381,-4.90,24,1,234.2,1
56590,1382,-4.40,42,1,824.1,1
56638,1383,-3.60,48,2,903.4,1
56704,1384,0.94,66,2,1170.2,1
56757,1385,0.73,53,3,812.2,1
56780,1386,-6.11,23,0,482.5,1
56807,1387,-6.23,27,0,503.7,1
56853,1388,-2.75,46,2,933.2,1
56907,1389,1.31,54,3,1030.0,1
56938,1390,-4.57,31,1,424.0,1
56980,1391,-2.00,42,2,888.2,1
57006,1392,-6.27,26,0,484.5,1
57050,1393,-2.78,44,2,763.7,1
57083,1394,-4.43,33,1,465.5,1
57144,1395,0.32,61,3,1023.9,1
57194,1396,-2.00,50,2,900.4,1
57224,1397,-5.19,30,1,522.8,1
57250,1398,-4.46,26,2,447.9,1
57308,1399,0.91,58,2,755.1,1
57342,1400,-4.22,34,1,313.1,1
57366,1401,-5.98,24,0,478.8,1
57397,1402,-4.46,31,0,505.7,1
57451,1403,1.20,54,3,915.5,1
57498,1404,0.28,47,3,891.2,1
57530,1405,-3.70,32,1,500.3,1
57563,1406,-3.93,33,1,606.0,1
57585,1407,-5.84,22,1,155.4,1
57621,1408,-4.77,36,1,657.9,1
57647,1409,-5.47,26,0,452.7,1
57671,1410,-5.13,24,1,503.4,1
57712,1411,-3.73,41,2,715.8,1
57760,1412,-0.33,48,3,870.8,1
57779,1413,-5.45,19,1,240.8,1
57826,1414,-2.86,47,1,920.2,1
57864,1415,-3.46,38,2,586.0,1
57918,1416,0.80,54,3,936.4,1
57950,1417,-5.40,32,1,489.8,1
58007,1418,0.99,57,3,1023.3,1
58060,1419,-0.68,53,2,882.6,1
58087,1420,-3.98,27,1,483.6,1
58122,1421,-2.75,35,1,774.5,1
58147,1422,-3.50,25,1,364.0,1
58183,1423,-4.34,36,1,569.0,1
58218,1424,-3.32,35,1,645.2,1
58253,1425,-2.36,35,1,630.3,1
58283,1426,-3.33,30,1,539.4,1
58333,1427,-0.38,50,2,994.2,1
58356,1428,-4.45,23,1,381.5,1
58403,1429,-0.63,47,3,837.3,1
58438,1430,-3.92,35,1,683.6,1
58490,1431,-1.01,52,3,842.4,1
58516,1432,-5.37,26,1,367.0,1
58570,1433,-1.27,54,3,925.9,1
58618,1434,-0.66,48,2,1049.9,1
58648,1435,-5.41,30,0,633.3,1
58686,1436,-4.54,38,1,597.7,1
58727,1437,-2.25,41,2,934.9,1
58764,1438,-5.58,37,1,533.9,1
58801,1439,-2.96,37,1,493.4,1
58826,1440,-4.74,25,1,450.8,1
58859,1441,-5.26,33,1,482.9,1
58887,1442,-4.08,28,2,459.5,1
58941,1443,0.03,54,3,968.3,1
58971,1444,-6.60,30,0,539.5,1
59019,1445,-1.68,48,3,967.6,1
59051,1446,-4.67,32,1,502.8,1
59103,1447,-1.09,52,2,894.6,1
59131,1448,-3.67,28,2,375.3,1
59180,1449,-1.67,49,1,863.2,1
59235,1450,-2.30,55,1,861.9,1
59282,1451,-3.33,47,2,903.8,1
59331,1452,-4.01,49,1,890.6,1
59358,1453,-4.19,27,2,524.9,1
59406,1454,-1.36,48,2,854.6,1
59452,1455,-2.98,46,1,806.0,1
59484,1456,-2.77,32,2,562.5,1
59539,1457,0.76,55,3,838.5,1
59581,1458,-3.19,42,1,617.4,1
59631,1459,-1.46,50,3,960.9,1
59673,1460,-3.37,42,2,526.7,1
59732,1461,-0.20,59,3,803.2,1
59766,1462,-3.33,34,1,544.7,1
59823,1463,-3.55,57,2,817.9,1
59878,1464,-1.73,55,2,974.1,1
59913,1465,-3.13,35,1,496.5,1
59944,1466,-4.66,31,1,546.9,1
59996,1467,-2.52,52,2,974.4,1
60049,1468,0.26,53,3,1024.5,1
60085,1469,-3.94,36,1,643.8,1
60143,1470,-0.13,58,3,887.7,1
60183,1471,-2.70,40,1,895.2,1
60228,1472,-2.46,45,1,889.3,1
60282,1473,0.63,54,2,807.3,1
60334,1474,-0.71,52,3,907.7,1
60381,1475,-4.42,47,1,714.9,1
60412,1476,-6.37,31,0,448.7,1
60469,1477,0.06,57,1,1003.1,1
60516,1478,-0.32,47,2,623.8,1
60563,1479,-3.78,47,2,644.6,1
60598,1480,-5.22,35,0,515.4,1
60624,1481,-5.00,26,1,469.0,1
60663,1482,-4.36,39,1,571.2,1
60704,1483,-2.44,41,2,847.6,1
60758,1484,-0.74,54,2,870.2,1
60784,1485,-4.29,26,1,481.4,1
60802,1486,-6.76,18,0,247.7,1
60839,1487,-2.04,37,1,832.8,1
60877,1488,-4.85,38,1,546.6,1
60912,1489,-9.46,35,0,118.0,1
60962,1490,-7.69,50,1,384.1,1
60988,1491,-3.14,26,1,380.1,1
61035,1492,-3.95,47,1,1035.2,1
61060,1493,-5.93,25,0,502.6,1
61090,1494,-3.55,30,2,474.4,1
61146,1495,-0.56,56,2,891.5,1
61196,1496,-3.23,50,1,876.0,1
61244,1497,-2.57,48,2,832.2,1
61269,1498,-4.60,25,1,497.7,1
61388,1499,-8.75,119,3,767.1,1
61433,1500,-1.67,45,2,916.3,1
61473,1501,-4.29,40,1,662.2,1
61516,1502,-1.19,43,3,660.1,1
61547,1503,-5.76,31,0,485.5,1
61601,1504,-0.19,54,3,909.6,1
61658,1505,-0.60,57,2,880.0,1
61684,1506,-5.80,26,0,443.1,1
61721,1507,-1.95,37,2,681.9,1
61753,1508,-3.41,32,1,521.9,1
61780,1509,-4.16,27,1,460.5,1
61801,1510,-5.20,21,1,420.4,1
61856,1511,0.08,55,3,976.9,1
61907,1512,-2.89,51,2,909.9,1
61956,1513,-0.95,49,2,816.5,1
61996,1514,-2.90,40,2,863.9,1
62054,1515,0.79,58,2,871.8,1
62080,1516,-5.21,26,1,492.9,1
62107,1517,-4.69,27,1,272.1,1
62149,1518,-2.06,42,2,1019.3,1
62191,1519,-3.64,42,1,681.1,1
62236,1520,-3.54,45,2,872.4,1
62267,1521,-4.08,31,1,557.0,1
62299,1522,-5.30,32,1,475.3,1
62333,1523,-2.23,34,2,503.5,1
62366,1524,-4.33,33,0,488.3,1
62417,1525,-2.42,51,2,848.2,1
62460,1526,-1.62,43,1,807.8,1
62492,1527,-3.06,32,2,526.4,1
62520,1528,-3.03,28,1,488.9,1
62629,1529,-5.04,109,3,832.6,1
62655,1530,-6.13,26,0,488.7,1
62684,1531,-3.00,29,2,523.3,1
62749,1532,3.60,65,4,1069.6,1
62780,1533,-5.50,31,1,421.2,1
62823,1534,-1.32,43,2,834.7,1
62849,1535,-4.75,26,1,403.6,1
62890,1536,0.06,41,3,842.7,1
62922,1537,-4.43,32,0,753.8,1
62972,1538,-1.41,50,2,897.3,1
63024,1539,0.43,52,2,935.1,1
63075,1540,0.47,51,3,916.5,1
63114,1541,-2.13,39,2,673.1,1
63171,1542,3.36,57,3,1037.9,1
63222,1543,0.95,51,3,886.6,1
63286,1544,-0.56,64,2,940.3,1
63333,1545,-1.09,47,2,869.6,1
63370,1546,-1.93,37,2,541.7,1
63436,1547,24.34,66,3,1279.1,0
63492,1548,0.99,56,3,867.5,1
63539,1549,-2.23,47,2,915.5,1
63578,1550,-3.76,39,2,511.5,1
63605,1551,-3.33,27,1,487.1,1
63659,1552,-1.02,54,3,944.2,1
63691,1553,-4.22,32,2,492.2,1
63740,1554,-1.83,49,2,870.2,1
63782,1555,-1.92,42,2,897.3,1
63826,1556,-1.99,44,2,853.8,1
63878,1557,-1.36,52,2,902.5,1
63930,1558,-2.50,52,2,922.1,1
63956,1559,-4.81,26,1,397.3,1
63989,1560,-5.11,33,1,476.7,1
64020,1561,-6.41,31,0,429.6,1
64066,1562,-1.73,46,2,897.4,1
64098,1563,-3.78,32,1,477.3,1
64118,1564,-5.12,20,1,182.8,1
64156,1565,-5.40,38,1,587.8,1
64208,1566,-1.45,52,3,957.6,1
64242,1567,-3.64,34,1,502.4,1
64292,1568,1.79,50,4,857.6,1
64325,1569,-3.94,33,2,600.0,1
64351,1570,-5.34,26,1,489.1,1
64396,1571,-1.00,45,2,836.5,1
64444,1572,-1.92,48,2,1007.7,1
64485,1573,-0.08,41,2,748.9,1
64518,1574,-2.76,33,1,515.5,1
64551,1575,-2.94,33,1,418.0,1
64583,1576,-3.01,32,1,511.2,1
64635,1577,-3.18,52,2,944.3,1
64690,1578,0.81,55,3,1026.5,1
64713,1579,-6.34,23,0,486.1,1
64741,1580,-3.09,28,1,462.3,1
64799,1581,-1.94,58,2,884.5,1
64845,1582,-3.14,46,2,819.1,1
64889,1583,-2.55,44,2,504.3,1
64914,1584,-4.30,25,1,467.7,1
64963,1585,0.33,49,3,854.8,1
65018,1586,2.70,55,3,1059.8,1
65065,1587,-2.21,47,2,840.3,1
65094,1588,-3.24,29,1,458.9,1
65132,1589,-2.57,38,1,455.6,1
65162,1590,-6.23,30,0,548.2,1
65198,1591,-1.71,36,2,630.9,1
65242,1592,-3.58,44,1,932.2,1
65294,1593,-0.08,52,2,911.9,1
65342,1594,-2.17,48,3,890.8,1
65396,1595,-2.86,54,2,1007.9,1
65445,1596,-1.79,49,2,909.7,1
65479,1597,-4.22,34,1,319.0,1
65532,1598,-2.50,53,2,798.4,1
65563,1599,-6.54,31,0,417.4,1
65591,1600,-5.90,28,0,538.1,1
65608,1601,-6.07,17,0,249.4,1
65659,1602,-2.36,51,2,926.0,1
65711,1603,-1.22,52,2,893.0,1
65739,1604,-4.25,28,1,508.8,1
65790,1605,1.10,51,3,931.1,1
65812,1606,-6.79,22,0,202.4,1
65865,1607,-0.06,53,2,917.3,1
65900,1608,-4.27,35,1,603.7,1
65948,1609,-1.76,48,3,1005.9,1
66006,1610,1.52,58,3,1033.5,1
66052,1611,-0.52,46,3,981.6,1
66084,1612,-3.42,32,1,488.3,1
66131,1613,-0.89,47,2,866.3,1
66157,1614,-3.43,26,1,503.7,1
66207,1615,-1.90,50,2,870.6,1
66253,1616,-1.56,46,2,836.9,1
66299,1617,-4.21,46,1,956.0,1
66351,1618,1.05,52,3,986.8,1
66375,1619,-5.16,24,0,417.3,1
66424,1620,-1.48,49,2,933.9,1
66459,1621,-2.52,35,2,608.4,1
66492,1622,-3.05,33,2,578.9,1
66522,1623,-5.52,30,0,632.0,1
66558,1624,-5.15,36,0,468.8,1
66599,1625,-3.27,41,2,524.7,1
66636,1626,-1.78,37,3,551.5,1
66687,1627,-1.20,51,2,898.8,1
66730,1628,-1.35,43,2,831.7,1
66757,1629,-4.38,27,1,480.3,1
66808,1630,-2.26,51,1,1053.5,1
66852,1631,-2.23,44,3,798.8,1
66884,1632,-4.83,32,1,254.4,1
66925,1633,-3.42,41,1,700.3,1
66969,1634,-2.64,44,2,869.1,1
67020,1635,0.30,51,2,798.1,1
67076,1636,-2.16,56,2,782.0,1
67118,1637,-1.25,42,2,892.5,1
67144,1638,-4.96,26,1,472.5,1
67177,1639,-4.69,33,1,475.5,1
67213,1640,-3.37,36,1,629.6,1
67256,1641,-1.93,43,2,921.4,1
67308,1642,-1.10,52,2,818.0,1
67345,1643,-1.68,37,2,734.3,1
67409,1644,3.77,64,3,1054.5,1
67453,1645,-1.62,44,2,863.6,1
67486,1646,-4.14,33,2,410.9,1
67543,1647,-0.96,57,2,951.8,1
67580,1648,-2.18,37,2,664.5,1
67641,1649,-1.86,61,3,887.7,1
67676,1650,-2.13,35,2,671.5,1
67723,1651,1.46,47,3,976.7,1
67756,1652,-3.61,33,1,620.7,1
67817,1653,0.22,61,2,851.8,1
67872,1654,-2.27,55,2,827.0,1
67898,1655,-5.45,26,1,458.9,1
67960,1656,-0.59,62,2,1070.7,1
67994,1657,-3.96,34,1,516.0,1
68026,1658,-3.07,32,1,537.7,1
68076,1659,-1.38,50,2,957.2,1
68108,1660,-4.03,32,1,484.1,1
68158,1661,-1.40,50,1,877.5,1
68206,1662,-2.70,48,2,912.3,1
68224,1663,-6.20,18,1,187.3,1
68265,1664,-2.21,41,2,823.4,1
68322,1665,-2.92,57,2,1012.0,1
68378,1666,-0.12,56,2,835.1,1
68410,1667,-3.34,32,2,548.3,1
68453,1668,-1.16,43,2,883.6,1
68509,1669,1.13,56,3,936.1,1
68541,1670,-3.66,32,1,505.5,1
68593,1671,-1.26,52,2,959.8,1
68643,1672,-0.26,50,3,906.0,1
68675,1673,-3.34,32,1,495.6,1
68739,1674,0.39,64,3,1071.5,1
68785,1675,-0.95,46,2,896.8,1
68855,1676,2.74,70,3,1160.0,1
68911,1677,0.44,56,2,843.9,1
68946,1678,-2.49,35,2,570.1,1
69003,1679,3.28,57,3,1007.7,1
69037,1680,-2.69,34,1,499.0,1
69078,1681,-0.67,41,2,698.1,1
69111,1682,-5.78,33,0,648.9,1
69154,1683,-0.53,43,3,816.3,1
69181,1684,-3.55,27,1,470.3,1
69226,1685,-1.60,45,3,888.2,1
69259,1686,-3.40,33,1,554.0,1
69312,1687,1.21,53,3,823.7,1
69344,1688,-2.79,32,2,551.1,1
69400,1689,-1.37,56,3,818.9,1
69455,1690,0.24,55,3,914.8,1
69487,1691,-4.83,32,1,555.0,1
69537,1692,0.62,50,3,960.9,1
69592,1693,1.84,55,3,949.5,1
69638,1694,-3.62,46,1,907.2,1
69689,1695,2.62,51,3,964.2,1
69721,1696,-4.46,32,1,500.4,1
69772,1697,-2.24,51,3,975.4,1
69818,1698,-1.64,46,2,991.9,1
69847,1699,-5.43,29,1,514.0,1
69886,1700,-1.73,39,4,846.1,1
69946,1701,-0.80,60,2,976.8,1
70002,1702,0.96,56,2,1021.3,1
70053,1703,-1.82,51,1,751.0,1
70110,1704,-0.16,57,2,988.5,1
70150,1705,-1.81,40,2,845.4,1
70180,1706,-2.30,30,2,428.6,1
70224,1707,-2.75,44,1,708.2,1
70252,1708,-2.54,28,3,511.2,1
70302,1709,-1.09,50,3,919.5,1
70348,1710,-2.34,46,2,816.4,1
70390,1711,-3.21,42,2,854.7,1
70424,1712,-1.38,34,2,589.3,1
70452,1713,-3.26,28,1,475.3,1
70488,1714,-3.22,36,1,750.2,1
70521,1715,-5.08,33,1,556.5,1
70551,1716,-6.55,30,0,462.1,1
70575,1717,-5.87,24,1,305.7,1
70600,1718,-4.50,25,1,446.6,1
70635,1719,-2.39,35,1,704.9,1
70662,1720,-3.90,27,1,442.9,1
70687,1721,-4.28,25,1,473.8,1
70712,1722,-4.46,25,1,386.8,1
70742,1723,-5.09,30,1,534.0,1
70804,1724,1.50,62,3,1050.2,1
70835,1725,-2.38,31,1,418.4,1
70897,1726,2.42,62,3,1077.2,1
70926,1727,-1.91,29,2,521.0,1
70958,1728,-4.05,32,1,503.0,1
70984,1729,-3.55,26,1,467.7,1
71042,1730,1.49,58,3,1041.7,1
71079,1731,-3.12,37,1,649.4,1
71118,1732,-0.33,39,3,876.6,1
71163,1733,-0.81,45,2,1030.7,1
71195,1734,-2.98,32,1,653.5,1
71245,1735,-0.43,50,2,850.4,1
71268,1736,-5.35,23,1,186.3,1
71309,1737,-2.22,41,2,888.4,1
71352,1738,-0.93,43,2,845.0,1
71378,1739,-3.62,26,1,484.4,1
71408,1740,-5.93,30,0,496.2,1
71460,1741,0.06,52,2,910.8,1
71502,1742,-2.62,42,2,874.4,1
71549,1743,-0.38,47,3,931.9,1
71567,1744,-5.93,18,1,169.3,1
71594,1745,-4.97,27,1,544.6,1
71641,1746,-0.44,47,3,904.5,1
71672,1747,-4.83,31,1,601.2,1
71721,1748,-2.35,49,2,941.7,1
71752,1749,-2.63,31,2,497.2,1
71798,1750,-2.16,46,1,630.8,1
71858,1751,1.48,60,3,878.9,1
71926,1752,2.23,68,2,1260.2,1
71967,1753,-1.51,41,2,830.0,1
72016,1754,-0.88,49,2,846.3,1
72053,1755,-3.21,37,1,621.1,1
72092,1756,-1.84,39,3,842.9,1
72129,1757,-2.56,37,1,460.8,1
72157,1758,-3.42,28,1,480.9,1
72188,1759,-3.23,31,1,507.5,1
72238,1760,-0.08,50,3,975.9,1
72263,1761,-6.06,25,0,407.1,1
72308,1762,-1.82,45,2,694.7,1
72356,1763,-2.54,48,1,936.6,1
72406,1764,-0.87,50,2,820.1,1
72444,1765,-3.63,38,1,471.4,1
72529,1766,1.04,85,3,916.6,1
72577,1767,-2.79,48,2,889.3,1
72615,1768,-1.15,38,2,857.8,1
72655,1769,-1.65,40,2,922.1,1
72687,1770,-3.91,32,1,676.5,1
72736,1771,-2.63,49,2,911.7,1
72783,1772,0.44,47,4,885.6,1
72833,1773,0.31,50,2,917.7,1
72883,1774,-0.26,50,2,847.2,1
72925,1775,-0.45,42,2,814.8,1
72974,1776,-2.34,49,2,935.9,1
73003,1777,-3.98,29,1,501.0,1
73058,1778,1.95,55,3,1036.9,1
73086,1779,-4.79,28,1,482.1,1
73126,1780,-2.00,40,2,835.2,1
73166,1781,-3.30,40,1,564.7,1
73197,1782,-4.53,31,1,559.8,1
73243,1783,-1.08,46,2,825.9,1
73269,1784,-4.12,26,1,473.8,1
73314,1785,-0.77,45,2,840.6,1
73347,1786,-3.86,33,1,497.1,1
73372,1787,-5.42,25,0,354.5,1
73407,1788,-2.74,35,1,584.5,1
73458,1789,-0.19,51,3,980.4,1
73509,1790,-0.69,51,3,871.8,1
73546,1791,-3.69,37,1,752.4,1
73589,1792,-2.69,43,1,1078.8,1
73645,1793,-0.63,56,3,872.2,1
73673,1794,-3.27,28,1,404.3,1
73722,1795,1.79,49,3,1002.0,1
73749,1796,-4.28,27,1,492.7,1
73786,1797,-4.00,37,1,713.1,1
73826,1798,-2.95,40,2,873.3,1
73886,1799,0.22,60,2,846.6,1
73922,1800,-4.08,36,1,540.1,1
73965,1801,-2.72,43,1,643.3,1
73990,1802,-4.37,25,1,314.0,1
74032,1803,-0.61,42,3,787.6,1
74078,1804,-1.77,46,2,906.7,1
74128,1805,2.10,50,3,1022.8,1
74178,1806,-0.59,50,2,926.8,1
74219,1807,-1.83,41,2,880.4,1
74247,1808,-2.32,28,2,580.8,1
74275,1809,-4.63,28,1,432.2,1
74319,1810,0.35,44,3,905.5,1
74363,1811,-2.89,44,1,860.5,1
74398,1812,1.42,35,3,773.2,1
74457,1813,1.79,59,2,1106.9,1
74492,1814,-6.22,35,1,203.5,1
74526,1815,-4.56,34,1,549.3,1
74560,1816,-3.27,34,2,329.2,1
74597,1817,-3.43,37,1,595.7,1
74650,1818,-0.59,53,2,860.6,1
74680,1819,-5.47,30,0,503.8,1
74708,1820,-3.73,28,1,469.2,1
74757,1821,-0.44,49,3,1022.0,1
74801,1822,-0.31,44,3,718.9,1
74835,1823,-3.72,34,1,491.7,1
74869,1824,-5.30,34,1,546.0,1
74928,1825,-0.24,59,3,829.6,1
74948,1826,-5.90,20,1,171.6,1
74998,1827,-1.19,50,2,888.7,1
75055,1828,23.70,57,3,1283.2,0
75079,1829,-4.77,24,1,272.5,1
75122,1830,-0.91,43,3,940.7,1
75167,1831,-0.06,45,3,927.2,1
75214,1832,0.38,47,3,953.7,1
75254,1833,-0.59,40,2,953.1,1
75288,1834,-2.33,34,2,536.0,1
75338,1835,-1.08,50,2,923.9,1
75385,1836,-1.58,47,2,871.0,1
75416,1837,-5.39,31,0,626.7,1
75448,1838,-4.86,32,1,592.5,1
75491,1839,-1.15,43,3,907.6,1
75541,1840,-1.11,50,2,929.6,1
75573,1841,-6.21,32,0,526.6,1
75594,1842,-5.51,21,1,230.5,1
75614,1843,-4.64,20,1,269.9,1
75660,1844,-3.06,46,2,1001.3,1
75698,1845,-0.99,38,2,620.5,1
75722,1846,-6.49,24,0,391.6,1
75764,1847,-2.29,42,2,862.0,1
75799,1848,-3.23,35,2,559.1,1
75843,1849,-4.08,44,2,707.0,1
75903,1850,2.45,60,3,1041.1,1
75958,1851,0.27,55,3,1043.2,1
76015,1852,1.16,57,3,1111.3,1
76060,1853,0.53,45,3,854.9,1
76093,1854,-4.55,33,0,640.1,1
76135,1855,-1.53,42,3,843.7,1
76179,1856,-2.94,44,1,884.5,1
76235,1857,0.81,56,3,1027.9,1
76284,1858,0.36,49,2,641.1,1
76334,1859,1.17,50,3,899.3,1
76382,1860,0.26,48,2,987.5,1
76415,1861,-2.50,33,2,582.4,1
76449,1862,-4.15,34,1,497.1,1
76496,1863,-0.67,47,3,880.7,1
76538,1864,-2.34,42,2,904.4,1
76561,1865,-5.96,23,0,528.4,1
76609,1866,-1.67,48,2,690.4,1
76663,1867,0.48,54,2,827.9,1
76697,1868,-3.18,34,1,526.8,1
76725,1869,-3.23,28,2,531.0,1
76777,1870,-0.61,52,2,893.8,1
76812,1871,-4.48,35,0,591.1,1
76863,1872,-1.38,51,1,673.9,1
76895,1873,-5.11,32,1,495.4,1
76933,1874,-4.54,38,1,567.9,1
76960,1875,-2.82,27,1,473.7,1
77009,1876,-0.89,49,2,753.1,1
77059,1877,-1.64,50,3,890.4,1
77091,1878,-3.92,32,1,465.8,1
77116,1879,-5.11,25,0,459.9,1
77147,1880,-5.40,31,1,413.8,1
77192,1881,1.22,45,3,1015.8,1
77222,1882,-4.27,30,1,540.2,1
77270,1883,-0.75,48,3,868.8,1
77319,1884,-0.37,49,2,856.2,1
77369,1885,-1.04,50,2,869.5,1
77431,1886,-0.06,62,2,886.3,1
77464,1887,-4.23,33,1,520.2,1
77491,1888,-5.24,27,1,442.3,1
77517,1889,-3.53,26,1,468.2,1
77573,1890,0.47,56,2,745.7,1
77595,1891,-4.38,22,1,238.7,1
77616,1892,-5.46,21,1,286.9,1
77663,1893,-2.56,47,2,804.5,1
77686,1894,-3.58,23,1,371.0,1
77720,1895,-4.98,34,1,328.2,1
77758,1896,-4.16,38,1,495.2,1
77785,1897,-4.76,27,1,482.1,1
77815,1898,-4.73,30,1,518.9,1
77856,1899,-4.61,41,1,503.9,1
77913,1900,2.90,57,3,1042.4,1
77977,1901,3.96,64,3,870.5,1
78026,1902,0.83,49,3,863.1,1
78062,1903,-3.73,36,1,566.5,1
78091,1904,-3.78,29,1,477.8,1
78128,1905,-3.13,37,1,505.3,1
78179,1906,1.77,51,3,818.4,1
78225,1907,0.89,46,2,820.1,1
78280,1908,0.48,55,2,880.5,1
78331,1909,-0.62,51,2,923.6,1
78381,1910,-2.01,50,2,992.4,1
78418,1911,-4.20,37,1,397.6,1
78453,1912,-4.00,35,1,461.1,1
78482,1913,-3.06,29,1,486.2,1
78517,1914,-3.40,35,1,516.6,1
78567,1915,-1.62,50,2,831.5,1
78585,1916,-5.09,18,1,206.8,1
78635,1917,0.36,50,3,905.9,1
78699,1918,1.58,64,3,964.0,1
78726,1919,-3.24,27,1,440.3,1
78781,1920,2.16,55,3,967.7,1
78815,1921,-3.87,34,1,338.0,1
78842,1922,-4.19,27,1,387.4,1
78876,1923,-3.30,34,1,566.7,1
78931,1924,1.36,55,3,933.0,1
78986,1925,-1.07,55,2,922.2,1
79033,1926,0.26,47,2,877.7,1
79068,1927,-3.02,35,2,555.2,1
79100,1928,-4.61,32,0,503.4,1
79131,1929,-3.66,31,1,492.6,1
79187,1930,-0.80,56,2,857.4,1
79222,1931,-3.18,35,1,462.9,1
79270,1932,-2.25,48,2,856.1,1
79307,1933,-2.31,37,1,600.6,1
79361,1934,0.02,54,2,954.8,1
79394,1935,-4.86,33,1,491.5,1
79444,1936,-0.92,50,2,970.9,1
79501,1937,1.35,57,3,1122.6,1
79527,1938,-4.82,26,1,457.7,1
79589,1939,-0.22,62,2,1049.1,1
79616,1940,-4.49,27,1,300.6,1
79649,1941,-3.90,33,1,463.2,1
79695,1942,-1.90,46,2,667.8,1
79722,1943,-4.17,27,1,470.6,1
79753,1944,-5.03,31,1,487.1,1
79805,1945,-0.09,52,3,1009.2,1
79826,1946,-5.33,21,1,195.3,1
79849,1947,-4.71,23,1,489.9,1
79885,1948,-2.78,36,1,401.6,1
79919,1949,-2.53,34,2,489.7,1
79953,1950,-4.97,34,0,472.4,1
79985,1951,-3.04,32,1,483.9,1
80034,1952,0.51,49,2,877.7,1
80080,1953,-3.03,46,1,431.6,1
80108,1954,-5.14,28,1,229.3,1
80162,1955,-0.72,54,2,914.3,1
80213,1956,-0.87,51,2,971.4,1
80268,1957,1.29,55,2,957.2,1
80300,1958,-2.48,32,2,572.2,1
80332,1959,-3.85,32,1,500.1,1
80368,1960,-4.51,36,1,535.4,1
80429,1961,-0.31,61,2,964.9,1
80487,1962,2.37,58,3,1028.5,1
80523,1963,-2.25,36,1,439.9,1
80577,1964,0.36,54,3,1000.9,1
80623,1965,-1.35,46,2,943.8,1
80671,1966,-3.31,48,2,853.2,1
80717,1967,-0.68,46,2,803.1,1
80755,1968,-3.39,38,1,467.3,1
80780,1969,-2.61,25,2,321.0,1
80818,1970,-2.61,38,1,474.3,1
80847,1971,-3.24,29,1,463.2,1
80903,1972,1.18,56,2,872.1,1
80953,1973,-0.08,50,2,877.8,1
80987,1974,-5.09,34,0,442.2,1
81046,1975,1.30,59,3,1004.8,1
81082,1976,-2.90,36,1,472.2,1
81133,1977,0.16,51,2,886.9,1
81160,1978,-3.67,27,1,481.0,1
81205,1979,0.06,45,3,900.2,1
81244,1980,-4.99,39,1,590.9,1
81282,1981,-2.13,38,2,713.4,1
81337,1982,0.31,55,3,982.4,1
81385,1983,-0.84,48,3,1011.0,1
81420,1984,-3.42,35,2,558.7,1
81465,1985,-0.33,45,3,943.7,1
81494,1986,-5.51,29,0,461.9,1
81544,1987,-2.23,50,2,982.2,1
81587,1988,-1.69,43,2,824.0,1
81614,1989,-3.85,27,1,498.8,1
81673,1990,3.16,59,3,1003.7,1
81709,1991,-2.47,36,2,583.2,1
81762,1992,0.62,53,2,845.5,1
81798,1993,-4.88,36,1,454.7,1
81840,1994,-1.11,42,3,695.5,1
81892,1995,-1.17,52,2,932.1,1
81923,1996,-4.04,31,1,478.7,1
81973,1997,0.87,50,2,822.0,1
82013,1998,-1.52,40,2,580.7,1
82063,1999,-2.13,50,1,860.1,1
82116,2000,0.55,53,2,834.1,1
82152,2001,-3.30,36,2,571.8,1
82178,2002,-3.32,26,1,508.5,1
82228,2003,-1.29,50,2,924.6,1
82288,2004,-0.53,60,2,884.1,1
82337,2005,0.59,49,3,1071.0,1
82367,2006,-2.34,30,2,386.1,1
82417,2007,1.41,50,2,866.7,1
82464,2008,0.47,47,2,916.8,1
82513,2009,-3.11,49,1,714.7,1
82568,2010,-1.70,55,2,923.8,1
82600,2011,-3.04,32,1,471.2,1
82659,2012,4.07,59,3,808.5,1
82687,2013,-5.49,28,1,446.2,1
82732,2014,-3.14,45,2,861.0,1
82766,2015,-5.15,34,1,513.6,1
82800,2016,-4.99,34,0,485.1,1
82849,2017,-1.10,49,2,924.0,1
82882,2018,-4.62,33,0,418.2,1
82916,2019,-3.21,34,1,510.4,1
82948,2020,-4.59,32,1,474.8,1
83004,2021,-0.61,56,2,862.3,1
83045,2022,-4.26,41,1,853.6,1
83089,2023,-2.28,44,2,675.1,1
83156,2024,0.70,67,3,1016.1,1
83212,2025,0.19,56,3,946.1,1
83243,2026,-3.81,31,1,474.6,1
83271,2027,-4.69,28,1,306.8,1
83321,2028,-0.78,50,2,849.1,1
83358,2029,-3.29,37,1,509.9,1
83399,2030,-1.01,41,2,845.6,1
83420,2031,-5.28,21,1,205.5,1
83459,2032,-1.41,39,2,725.1,1
83487,2033,-5.07,28,1,240.7,1
83536,2034,-3.00,49,1,859.4,1
83582,2035,-1.02,46,2,821.9,1
83635,2036,-0.71,53,2,876.7,1
83658,2037,-5.78,23,0,535.5,1
83690,2038,-2.59,32,1,573.2,1
83725,2039,-3.49,35,1,489.0,1
83760,2040,-3.44,35,1,502.1,1
83795,2041,-2.76,35,1,475.9,1
83824,2042,-5.13,29,1,501.4,1
83859,2043,-4.30,35,1,542.2,1
83890,2044,-2.62,31,2,504.0,1
83925,2045,-3.94,35,1,332.3,1
83973,2046,-2.76,48,1,888.3,1
84003,2047,-4.26,30,1,510.4,1
84037,2048,-4.87,34,1,219.0,1
84079,2049,-2.19,42,1,469.3,1
84113,2050,-4.88,34,1,472.2,1
84147,2051,-5.21,34,0,460.4,1
84173,2052,-4.87,26,0,475.7,1
84238,2053,0.94,65,3,836.5,1
84272,2054,-4.81,34,1,472.2,1
84336,2055,1.39,64,2,882.4,1
84404,2056,3.85,68,3,831.7,1
84448,2057,-3.86,44,1,592.3,1
84513,2058,2.01,65,3,1032.4,1
84538,2059,-4.37,25,1,258.4,1
84593,2060,-0.24,55,2,830.6,1
84633,2061,-3.38,40,1,484.0,1
84667,2062,-2.51,34,1,472.3,1
84734,2063,4.99,67,3,1125.6,1
84799,2064,2.14,65,3,861.2,1
84837,2065,-3.32,38,1,463.3,1
84859,2066,-5.17,22,1,231.9,1
84891,2067,-2.03,32,2,677.4,1
84925,2068,-4.42,34,1,257.4,1
84986,2069,0.08,61,3,905.6,1
85038,2070,0.40,52,2,866.3,1
85090,2071,0.29,52,3,925.6,1
85155,2072,1.25,65,2,874.1,1
85214,2073,1.16,59,2,917.6,1
85246,2074,-3.76,32,2,517.7,1
85282,2075,-3.91,36,1,472.8,1
85314,2076,-2.77,32,1,524.7,1
85361,2077,-0.54,47,2,803.4,1
85410,2078,-0.64,49,2,880.9,1
85454,2079,1.07,44,2,791.0,1
85536,2080,24.14,82,4,1277.3,0
85567,2081,-3.33,31,2,574.8,1
85600,2082,-2.89,33,1,460.8,1
85638,2083,-3.47,38,1,448.8,1
85688,2084,-2.05,50,2,860.8,1
85732,2085,-1.94,44,2,878.5,1
85784,2086,-0.09,52,2,986.0,1
85828,2087,0.61,44,3,841.0,1
85870,2088,-1.53,42,2,869.9,1
85935,2089,1.93,65,3,1020.9,1
85989,2090,-0.25,54,2,867.3,1
86015,2091,-5.22,26,0,531.3,1
86030,2092,-6.32,15,0,268.6,1
86053,2093,-5.12,23,1,218.0,1
86104,2094,-1.55,51,2,980.6,1
86157,2095,-0.50,53,2,819.9,1
86213,2096,-2.94,56,2,949.1,1
86237,2097,-5.82,24,1,174.9,1
86259,2098,-5.62,22,1,182.2,1
86290,2099,-3.43,31,1,397.8,1
86325,2100,-3.96,35,1,527.8,1
86364,2101,-2.13,39,1,508.9,1
86436,2102,28.62,72,4,1278.6,0
86465,2103,-3.37,29,1,481.2,1
86505,2104,-2.67,40,2,544.0,1
86534,2105,-3.32,29,1,429.6,1
86562,2106,-5.38,28,1,477.9,1
86596,2107,-4.03,34,1,527.9,1
86629,2108,-6.12,33,0,532.3,1
86681,2109,-1.50,52,2,970.6,1
86738,2110,-0.17,57,2,1027.6,1
86782,2111,-0.65,44,2,894.2,1
86834,2112,-1.79,52,2,944.8,1
86858,2113,-3.72,24,1,378.4,1
86897,2114,-3.05,39,1,474.3,1
86952,2115,-2.06,55,2,810.4,1
87006,2116,1.84,54,3,984.1,1
87034,2117,-6.16,28,0,474.0,1
87076,2118,-2.64,42,2,856.6,1
87113,2119,-2.69,37,1,462.2,1
87157,2120,-1.17,44,2,545.6,1
87211,2121,-0.02,54,3,990.2,1
87259,2122,0.23,48,2,826.3,1
87292,2123,-3.99,33,1,520.0,1
87343,2124,-2.02,51,2,986.4,1
87393,2125,-0.64,50,2,876.8,1
87441,2126,0.19,48,2,847.1,1
87500,2127,0.38,59,2,832.8,1
87548,2128,-2.23,48,2,710.0,1
87583,2129,-3.02,35,1,484.1,1
87628,2130,-2.52,45,1,833.6,1
87657,2131,-5.22,29,1,509.2,1
87700,2132,-1.71,43,2,865.5,1
87728,2133,-3.41,28,1,422.3,1
87754,2134,-4.04,26,1,279.9,1
87796,2135,-5.13,42,0,457.3,1
87830,2136,-2.41,34,1,494.2,1
87872,2137,-1.56,42,2,718.7,1
87917,2138,-1.76,45,2,862.4,1
87952,2139,-4.79,35,1,560.5,1
88016,2140,0.20,64,2,939.1,1
88065,2141,0.48,49,3,991.9,1
88101,2142,-4.28,36,1,600.0,1
88154,2143,0.10,53,2,938.9,1
88185,2144,-3.90,31,2,539.9,1
88215,2145,-5.11,30,1,528.9,1
88241,2146,-5.61,26,1,151.7,1
88294,2147,-2.05,53,2,840.4,1
88348,2148,-0.76,54,3,983.0,1
88385,2149,-3.63,37,1,565.7,1
88438,2150,0.77,53,3,812.2,1
88506,2151,0.68,68,2,952.9,1
88534,2152,-5.71,28,1,456.4,1
88566,2153,-3.28,32,1,504.9,1
88592,2154,-6.03,26,1,236.5,1
88641,2155,0.86,49,2,933.1,1
88696,2156,-1.57,55,2,900.4,1
88753,2157,-0.31,57,2,1000.1,1
88788,2158,-2.77,35,1,545.6,1
88822,2159,-3.85,34,1,483.5,1
88887,2160,2.04,65,3,1047.8,1
88926,2161,-3.79,39,1,559.0,1
88972,2162,-2.48,46,1,460.0,1
89023,2163,0.10,51,2,835.4,1
89044,2164,-5.37,21,1,224.1,1
89097,2165,-2.10,53,3,912.8,1
89131,2166,-3.26,34,1,518.0,1
89151,2167,-6.85,20,0,286.8,1
89217,2168,2.00,66,3,914.0,1
89249,2169,-4.78,32,1,493.6,1
89280,2170,-5.89,31,0,460.8,1
89302,2171,-4.37,22,1,262.9,1
89352,2172,-1.74,50,2,801.7,1
89409,2173,-0.66,57,2,1007.8,1
89460,2174,-4.13,51,1,472.0,1
89487,2175,-5.06,27,1,379.8,1
89552,2176,-0.75,65,2,894.3,1
89579,2177,-6.44,27,0,452.3,1
89606,2178,-3.57,27,2,395.1,1
89663,2179,-0.37,57,3,948.2,1
89716,2180,-0.61,53,2,844.0,1
89780,2181,0.55,64,2,838.3,1
89834,2182,-1.13,54,2,877.9,1
89872,2183,-2.13,38,1,483.6,1
89923,2184,-1.15,51,3,929.2,1
89968,2185,-0.95,45,2,690.7,1
90001,2186,-5.53,33,1,505.9,1
90037,2187,-5.31,36,0,551.7,1
90069,2188,-5.28,32,1,469.9,1
90112,2189,-1.30,43,2,908.4,1
90140,2190,-5.42,28,0,507.1,1
90202,2191,2.14,62,3,964.1,1
90247,2192,-3.56,45,2,608.6,1
90282,2193,-2.32,35,2,660.2,1
90336,2194,-1.77,54,2,837.8,1
90368,2195,-4.95,32,1,498.2,1
90410,2196,-2.14,42,2,844.4,1
90461,2197,-1.75,51,2,851.2,1
90504,2198,-0.45,43,2,743.3,1
90534,2199,-5.70,30,1,214.6,1
90586,2200,-0.31,52,2,700.5,1
90626,2201,-2.52,40,2,641.2,1
90663,2202,-3.37,37,1,480.0,1
90695,2203,-3.76,32,1,456.4,1
90743,2204,-0.23,48,2,894.7,1
90773,2205,-5.45,30,0,494.3,1
90812,2206,-3.20,39,1,471.1,1
90866,2207,-1.85,54,2,775.6,1
90899,2208,-3.98,33,1,507.8,1
90950,2209,-3.63,51,1,658.8,1
90986,2210,-2.97,36,2,292.4,1
91045,2211,-1.86,59,2,687.3,1
91107,2212,-1.04,62,3,861.0,1
91143,2213,-4.83,36,1,259.6,1
91193,2214,-0.68,50,3,828.8,1
91226,2215,-2.84,33,2,498.4,1
91270,2216,-4.02,44,1,902.6,1
91290,2217,-5.45,20,1,166.1,1
91330,2218,-3.61,40,1,619.8,1
91369,2219,-5.21,39,1,467.5,1
91404,2220,-4.22,35,1,305.6,1
91461,2221,-2.56,57,2,801.2,1
91508,2222,-1.76,47,2,941.6,1
91543,2223,-5.25,35,1,269.4,1
91582,2224,-5.59,39,1,425.8,1
91636,2225,0.81,54,3,926.4,1
91656,2226,-5.16,20,1,181.7,1
91695,2227,-4.00,39,1,493.8,1
91728,2228,-4.10,33,1,520.7,1
91797,2229,0.77,69,3,1038.5,1
91843,2230,0.28,46,2,774.8,1
91910,2231,1.72,67,3,897.7,1
91967,2232,0.38,57,2,915.7,1
92001,2233,-4.33,34,1,249.1,1
92059,2234,-0.84,58,3,934.9,1
92115,2235,1.24,56,3,1055.4,1
92160,2236,-1.65,45,2,871.3,1
92187,2237,-4.77,27,1,224.1,1
92246,2238,0.37,59,2,873.1,1
92284,2239,-3.01,38,2,484.6,1
92318,2240,-4.11,34,1,495.5,1
92339,2241,-6.26,21,0,381.1,1
92392,2242,-1.59,53,2,945.8,1
92422,2243,-5.34,30,1,532.8,1
92470,2244,-2.78,48,2,828.4,1
92522,2245,-1.54,52,2,939.4,1
92551,2246,-4.33,29,1,430.7,1
92588,2247,-4.55,37,1,580.9,1
92635,2248,-2.87,47,1,836.7,1
92691,2249,0.36,56,2,860.0,1
92751,2250,1.96,60,2,988.7,1
92821,2251,1.00,70,2,942.6,1
92858,2252,-3.55,37,1,586.8,1
92897,2253,-3.30,39,1,491.6,1
92948,2254,-2.45,51,2,937.8,1
92983,2255,-3.30,35,1,323.4,1
93019,2256,-4.81,36,1,468.5,1
93071,2257,-0.60,52,2,788.2,1
93123,2258,-1.77,52,2,755.8,1
93163,2259,-2.87,40,2,861.2,1
93199,2260,-2.84,36,2,467.6,1
93242,2261,-3.41,43,1,738.0,1
93295,2262,-3.30,53,1,554.8,1
93328,2263,-3.23,33,1,432.7,1
93351,2264,-3.38,23,1,308.8,1
93383,2265,-5.19,32,1,457.9,1
93435,2266,-0.27,52,3,891.2,1
93496,2267,1.24,61,3,975.7,1
93563,2268,-1.16,67,2,816.8,1
93618,2269,-0.29,55,3,944.1,1
93652,2270,-4.42,34,1,529.0,1
93717,2271,0.06,65,2,996.7,1
93775,2272,2.88,58,2,861.8,1
93819,2273,-2.72,44,2,847.4,1
93844,2274,-4.28,25,1,393.8,1
93892,2275,-0.21,48,2,819.2,1
93946,2276,-0.87,54,2,810.8,1
94005,2277,-1.34,59,2,864.3,1
94058,2278,-1.11,53,2,866.7,1
94088,2279,-5.36,30,0,477.8,1
94117,2280,-3.75,29,1,303.3,1
94151,2281,-2.06,34,2,532.2,1
94204,2282,-0.32,53,3,931.2,1
94224,2283,-5.06,20,1,158.6,1
94276,2284,-3.84,52,1,885.5,1
94332,2285,-2.07,56,1,933.3,1
94365,2286,-5.59,33,1,223.8,1
94433,2287,1.04,68,2,833.1,1
94485,2288,-1.49,52,2,907.9,1
94517,2289,-2.94,32,1,495.8,1
94555,2290,-4.85,38,1,431.3,1
94589,2291,-3.88,34,1,529.9,1
94607,2292,-4.97,18,1,202.0,1
94667,2293,0.14,60,3,940.2,1
94693,2294,-4.83,26,1,480.3,1
94752,2295,2.08,59,3,945.4,1
94784,2296,-3.52,32,1,499.6,1
94834,2297,-1.63,50,2,1001.4,1
94885,2298,-3.38,51,2,605.8,1
94919,2299,-3.33,34,1,506.7,1
94971,2300,-0.87,52,2,828.2,1
95005,2301,-3.90,34,1,242.8,1
95038,2302,-3.46,33,2,621.7,1
95079,2303,-3.13,41,1,520.1,1
95108,2304,-4.43,29,1,496.4,1
95139,2305,-3.68,31,1,471.0,1
95193,2306,-0.25,54,3,935.8,1
95223,2307,-3.61,30,1,333.0,1
95264,2308,-4.07,41,1,484.8,1
95324,2309,-0.74,60,2,914.6,1
95377,2310,-0.44,53,2,850.0,1
95429,2311,-0.55,52,2,789.4,1
95465,2312,-5.74,36,1,214.4,1
95516,2313,0.07,51,2,802.6,1
95580,2314,-1.10,64,3,912.8,1
95610,2315,-5.13,30,0,430.5,1
95665,2316,0.17,55,3,896.7,1
95710,2317,0.67,45,2,753.7,1
95734,2318,-5.33,24,1,262.0,1
95786,2319,-0.97,52,2,964.1,1
95834,2320,-0.38,48,2,854.0,1
95867,2321,-3.23,33,1,499.7,1
95922,2322,2.28,55,3,955.6,1
95961,2323,-3.37,39,1,484.8,1
95993,2324,-4.04,32,1,518.7,1
96049,2325,-0.98,56,3,834.9,1
96099,2326,-2.61,50,2,855.0,1
96121,2327,-5.23,22,1,218.6,1
96169,2328,-1.85,48,2,917.7,1
96198,2329,-4.78,29,1,297.3,1
96230,2330,-4.36,32,1,248.9,1
96280,2331,-2.53,50,2,786.9,1
96337,2332,1.40,57,3,889.6,1
96378,2333,-4.33,41,1,524.6,1
96410,2334,-3.43,32,1,482.7,1
96463,2335,-2.27,53,2,660.4,1
96487,2336,-5.45,24,1,319.7,1
96529,2337,-4.65,42,1,453.5,1
96566,2338,-2.73,37,1,511.0,1
96610,2339,-3.80,44,1,459.6,1
96651,2340,-2.92,41,1,546.5,1
96703,2341,1.18,52,3,977.8,1
96747,2342,-1.61,44,2,526.7,1
96810,2343,4.56,63,3,1203.4,1
96867,2344,-0.43,57,2,925.8,1
96905,2345,-3.83,38,1,481.1,1
96938,2346,-3.59,33,1,487.7,1
96982,2347,-1.65,44,2,580.3,1
97037,2348,1.88,55,3,1139.1,1
97065,2349,-3.22,28,1,485.0,1
97120,2350,0.47,55,3,936.3,1
97173,2351,-0.62,53,2,849.6,1
97198,2352,-5.06,25,1,219.1,1
97234,2353,-3.90,36,1,498.9,1
97274,2354,-0.92,40,2,838.0,1
97341,2355,-3.84,67,2,625.5,1
97369,2356,-3.02,28,1,466.6,1
97424,2357,-3.27,55,1,826.9,1
97454,2358,-5.05,30,0,483.7,1
97509,2359,-0.51,55,3,985.0,1
97545,2360,-3.54,36,1,495.2,1
97603,2361,-1.87,58,2,828.9,1
97637,2362,-4.27,34,1,575.6,1
97669,2363,-3.90,32,1,478.8,1
97725,2364,-1.79,56,2,844.4,1
97756,2365,-2.70,31,1,527.8,1
97812,2366,0.60,56,2,564.6,1
97848,2367,-3.98,36,1,456.7,1
97904,2368,-0.02,56,2,783.9,1
97945,2369,-4.11,41,1,460.4,1
97979,2370,-3.94,34,1,516.3,1
98004,2371,-5.13,25,1,199.6,1
98026,2372,-5.75,22,1,279.3,1
98059,2373,-5.30,33,1,216.6,1
98085,2374,-5.12,26,1,242.3,1
98121,2375,-4.12,36,1,472.2,1
98157,2376,-4.56,36,1,504.0,1
98207,2377,2.05,50,2,802.5,1
98243,2378,-3.61,36,2,428.3,1
98299,2379,-1.00,56,2,970.9,1
98352,2380,-0.32,53,2,880.1,1
98420,2381,3.21,68,3,1081.7,1
98447,2382,-3.22,27,1,467.0,1
98484,2383,-3.56,37,1,385.0,1
98516,2384,-4.32,32,1,298.0,1
98559,2385,-0.56,43,2,885.8,1
98596,2386,-5.10,37,0,490.4,1
98628,2387,-3.73,32,1,488.1,1
98658,2388,-5.84,30,0,511.4,1
98692,2389,-3.09,34,2,562.8,1
98734,2390,-3.08,42,2,737.4,1
98784,2391,0.07,50,3,843.0,1
98830,2392,-0.26,46,3,935.5,1
98880,2393,-0.99,50,2,1048.6,1
98936,2394,1.13,56,3,861.5,1
98969,2395,-1.80,33,2,543.7,1
99019,2396,0.05,50,3,819.8,1
99084,2397,-0.34,65,2,947.4,1
99116,2398,-2.47,32,2,491.5,1
99169,2399,-0.13,53,3,947.5,1
99207,2400,-4.06,38,1,475.4,1
99257,2401,-0.06,50,2,865.5,1
99308,2402,0.90,51,3,870.9,1
99351,2403,-0.65,43,2,843.1,1
99404,2404,1.03,53,2,835.1,1
99430,2405,-3.58,26,1,471.7,1
99463,2406,-3.64,33,1,426.9,1
99510,2407,-0.91,47,2,985.9,1
99536,2408,-3.57,26,1,471.4,1
99570,2409,-2.00,34,2,632.9,1
99638,2410,1.53,68,2,905.2,1
99667,2411,-4.75,29,1,499.2,1
99731,2412,1.98,64,3,817.2,1
99768,2413,-3.34,37,1,552.4,1
99825,2414,2.25,57,3,798.9,1
99881,2415,2.99,56,3,1041.9,1
99943,2416,2.96,62,3,852.4,1
99977,2417,-3.02,34,2,647.3,1
100043,2418,25.04,66,3,1278.4,0
100081,2419,-4.61,38,1,305.6,1
100114,2420,-3.41,33,1,499.4,1
100153,2421,-4.06,39,2,421.4,1
100191,2422,-3.76,38,2,615.1,1
100225,2423,-3.62,34,2,273.9,1
100281,2424,0.53,56,2,845.8,1
100315,2425,-2.56,34,1,654.3,1
100342,2426,-4.88,27,1,445.3,1
100374,2427,-4.15,32,2,547.4,1
100428,2428,-0.03,54,2,739.9,1
100477,2429,-0.63,49,3,903.2,1
100530,2430,0.13,53,2,882.8,1
100587,2431,2.96,57,3,1115.6,1
100639,2432,0.05,52,2,905.6,1
100701,2433,2.25,62,3,1034.1,1
100733,2434,-2.95,32,1,531.3,1
100788,2435,-0.15,55,2,736.4,1
100820,2436,-3.61,32,1,504.1,1
100877,2437,1.69,57,2,916.7,1
100906,2438,-3.09,29,1,512.0,1
100964,2439,4.73,58,3,957.2,1
100993,2440,-3.56,29,1,474.5,1
101047,2441,-0.07,54,2,902.8,1
101089,2442,-4.01,42,1,459.7,1
101145,2443,0.17,56,3,1006.4,1
101179,2444,-6.14,34,0,466.4,1
101209,2445,-3.61,30,1,456.6,1
101241,2446,-3.80,32,1,720.1,1
101292,2447,0.43,51,2,949.7,1
101354,2448,0.62,62,2,876.3,1
101377,2449,-5.58,23,1,140.7,1
101429,2450,0.86,52,3,960.0,1
101475,2451,-1.28,46,2,901.0,1
101515,2452,-0.45,40,3,846.5,1
101545,2453,-3.00,30,2,544.7,1
101596,2454,-2.24,51,2,939.3,1
101647,2455,0.11,51,2,867.7,1
101701,2456,-0.32,54,4,900.4,1
101735,2457,-4.28,34,1,291.3,1
101783,2458,-0.72,48,2,734.2,1
101839,2459,-0.04,56,2,967.9,1
101899,2460,1.70,60,3,861.8,1
101932,2461,-3.69,33,1,478.0,1
101964,2462,-3.88,32,1,512.1,1
102007,2463,-0.95,43,2,698.1,1
102057,2464,-1.59,50,2,741.0,1
102095,2465,-3.57,38,1,543.1,1
102160,2466,2.27,65,2,881.7,1
102202,2467,-2.82,42,1,566.8,1
102257,2468,-0.05,55,3,844.2,1
102292,2469,-2.97,35,1,695.4,1
102326,2470,-4.30,34,1,529.6,1
102386,2471,2.88,60,2,1016.3,1
102444,2472,0.58,58,2,849.6,1
102482,2473,-2.45,38,3,634.1,1
102516,2474,-3.77,34,1,503.1,1
102576,2475,0.60,60,3,999.6,1
102650,2476,2.84,74,3,1049.6,1
102704,2477,-0.54,54,2,851.0,1
102758,2478,2.13,54,3,1027.1,1
102794,2479,-3.21,36,2,518.0,1
102829,2480,-3.88,35,1,463.2,1
102928,2481,2.14,99,3,905.1,1
102978,2482,-2.13,50,2,751.8,1
103011,2483,-2.93,33,2,439.3,1
103082,2484,24.93,71,4,1277.0,0
103121,2485,-3.29,39,1,519.5,1
103157,2486,-3.77,36,1,488.2,1
103215,2487,3.09,58,3,957.2,1
103240,2488,-4.98,25,1,223.0,1
103274,2489,-3.33,34,1,461.3,1
103323,2490,-1.18,49,2,816.5,1
103355,2491,-3.70,32,1,540.5,1
103410,2492,1.35,55,3,931.5,1
103431,2493,-5.88,21,1,239.5,1
103499,2494,-0.39,68,2,774.0,1
103555,2495,1.17,56,3,971.6,1
103631,2496,3.28,76,4,1045.0,1
103685,2497,-1.65,54,1,898.6,1
103740,2498,1.01,55,3,995.3,1
103788,2499,0.30,48,2,821.2,1
103842,2500,0.43,54,3,1043.3,1
103884,2501,0.24,42,3,849.5,1
103926,2502,-1.13,42,2,840.1,1
103961,2503,-3.30,35,1,527.9,1
104010,2504,1.00,49,3,867.2,1
104044,2505,-4.22,34,1,318.7,1
104100,2506,1.41,56,3,944.4,1
104150,2507,2.32,50,2,921.4,1
104199,2508,-0.96,49,2,889.5,1
104240,2509,-3.20,41,2,849.8,1
104291,2510,-1.95,51,2,935.8,1
104345,2511,1.04,54,2,940.1,1
104377,2512,-5.03,32,1,648.9,1
104409,2513,-3.43,32,1,467.5,1
104441,2514,-4.98,32,1,526.2,1
104473,2515,-5.11,32,1,521.8,1
104523,2516,-1.96,50,1,919.8,1
104614,2517,-0.04,91,2,792.0,1
104646,2518,-2.52,32,1,552.7,1
104704,2519,-1.85,58,2,807.5,1
104746,2520,-2.07,42,2,552.1,1
104771,2521,-6.53,25,0,337.8,1
104823,2522,0.36,52,2,988.1,1
104883,2523,1.76,60,3,945.5,1
104931,2524,-0.47,48,3,870.3,1
104963,2525,-3.53,32,1,543.7,1
105027,2526,-0.54,64,2,898.5,1
105076,2527,-1.80,49,2,980.0,1
105101,2528,-5.85,25,1,163.4,1
105156,2529,-0.26,55,2,1063.6,1
105203,2530,-2.12,47,1,762.7,1
105250,2531,0.07,47,2,880.7,1
105300,2532,-1.20,50,3,927.7,1
105329,2533,-3.97,29,2,533.5,1
105363,2534,-3.91,34,1,551.5,1
105406,2535,-1.48,43,2,669.2,1
105425,2536,-4.73,19,1,227.7,1
105475,2537,0.16,50,2,924.0,1
105525,2538,2.72,50,3,1110.3,1
105557,2539,-4.19,32,1,619.0,1
105600,2540,-0.80,43,3,774.7,1
105655,2541,-1.34,55,2,914.8,1
105707,2542,-0.65,52,2,801.3,1
105753,2543,-0.72,46,2,667.8,1
105780,2544,-3.06,27,1,375.7,1
105833,2545,-1.45,53,2,941.2,1
105883,2546,-1.99,50,2,870.0,1
105915,2547,-2.97,32,1,497.7,1
105941,2548,-4.06,26,1,304.1,1
105976,2549,-4.65,35,1,295.4,1
106035,2550,1.51,59,3,964.1,1
106067,2551,-3.84,32,1,469.4,1
106109,2552,-2.57,42,2,861.6,1
106157,2553,-0.68,48,3,1033.5,1
106199,2554,-1.10,42,2,810.3,1
106248,2555,-0.89,49,2,797.9,1
106312,2556,0.97,64,2,992.0,1
106357,2557,-1.81,45,2,674.8,1
106382,2558,-4.76,25,1,251.7,1
106428,2559,-1.62,46,2,821.4,1
106448,2560,-5.09,20,1,198.4,1
106501,2561,-0.34,53,3,899.6,1
106556,2562,-0.46,55,2,878.6,1
106597,2563,-2.94,41,1,748.2,1
106625,2564,-3.93,28,1,382.0,1
106680,2565,0.92,55,2,850.8,1
106738,2566,-0.65,58,2,951.9,1
106772,2567,-3.14,34,1,466.6,1
106825,2568,-2.37,53,1,968.2,1
106888,2569,-0.59,63,2,872.1,1
106925,2570,-2.76,37,2,521.3,1
106962,2571,-3.17,37,1,536.8,1
106989,2572,-3.28,27,1,466.0,1
107029,2573,-2.33,40,2,588.0,1
107084,2574,1.40,55,2,929.8,1
107118,2575,-2.93,34,1,622.0,1
107160,2576,-4.60,42,1,507.0,1
107228,2577,-10.14,68,1,429.3,1
107281,2578,-1.84,53,1,881.5,1
107329,2579,-2.57,48,2,764.7,1
107371,2580,-1.18,42,3,905.3,1
107405,2581,-4.42,34,1,479.6,1
107436,2582,-2.78,31,2,565.9,1
107486,2583,-0.79,50,2,766.6,1
107557,2584,1.52,71,2,885.5,1
107578,2585,-4.05,21,1,337.8,1
107629,2586,0.50,51,2,861.3,1
107678,2587,-0.04,49,2,933.8,1
107977,2588,-1.83,299,4,846.0,1
108007,2589,-3.70,30,1,485.5,1
108063,2590,-0.23,56,2,965.7,1
108095,2591,-4.60,32,1,573.6,1
108128,2592,-4.69,33,1,527.0,1
108181,2593,-1.38,53,2,888.1,1
108233,2594,-0.91,52,2,853.7,1
108280,2595,-2.24,47,2,753.7,1
108312,2596,-4.09,32,2,522.7,1
108344,2597,-3.69,32,1,488.3,1
108395,2598,1.59,51,3,984.3,1
108453,2599,0.46,58,2,1143.7,1
108498,2600,-1.82,45,2,673.1,1
108563,2601,2.02,65,2,797.4,1
108620,2602,0.35,57,2,804.2,1
108653,2603,-3.86,33,1,451.9,1
108709,2604,0.89,56,2,910.5,1
108740,2605,-3.39,31,2,485.6,1
108788,2606,0.53,48,3,757.5,1
108839,2607,-0.13,51,3,954.3,1
108878,2608,-3.84,39,2,355.1,1
108929,2609,0.51,51,2,904.7,1
108968,2610,-3.01,39,2,471.6,1
109011,2611,-0.08,43,3,824.3,1
109067,2612,-0.28,56,2,847.9,1
109122,2613,0.91,55,3,1008.5,1
109170,2614,-0.46,48,3,828.8,1
109213,2615,-4.62,43,1,668.0,1
109272,2616,1.77,59,2,906.9,1
109299,2617,-5.06,27,1,466.6,1
109362,2618,1.52,63,3,1039.3,1
109394,2619,-3.30,32,1,538.3,1
109448,2620,-1.24,54,3,849.3,1
109483,2621,-3.55,35,1,599.2,1
109513,2622,-5.06,30,1,249.0,1
109567,2623,0.41,54,3,941.2,1
109622,2624,0.76,55,2,875.2,1
109662,2625,-4.08,40,1,567.7,1
109714,2626,-0.80,52,2,961.4,1
109759,2627,-0.30,45,2,833.8,1
109814,2628,-1.38,55,2,837.0,1
109846,2629,-4.07,32,1,487.0,1
109909,2630,0.06,63,2,944.0,1
109945,2631,-6.43,36,1,179.3,1
109997,2632,0.75,52,2,931.0,1
110053,2633,0.99,56,3,948.1,1
110100,2634,-2.94,47,1,991.7,1
110126,2635,-4.41,26,2,444.2,1
110157,2636,-3.80,31,1,511.2,1
110218,2637,-0.06,61,2,878.4,1
110282,2638,0.42,64,2,921.7,1
110315,2639,-2.90,33,1,439.7,1
110357,2640,-2.86,42,2,758.0,1
110410,2641,-0.68,53,2,809.8,1
110438,2642,-4.48,28,1,393.5,1
110487,2643,-1.03,49,2,906.1,1
110508,2644,-5.25,21,1,286.0,1
110561,2645,-0.09,53,2,856.6,1
110605,2646,-3.09,44,2,798.2,1
110661,2647,0.51,56,2,911.1,1
110700,2648,-2.43,39,2,645.0,1
110750,2649,-1.43,50,2,851.6,1
110804,2650,0.00,54,2,964.3,1
110843,2651,-1.70,39,2,466.5,1
110880,2652,-3.56,37,1,470.8,1
110937,2653,2.63,57,3,1105.5,1
110973,2654,-4.05,36,1,469.3,1
111007,2655,-3.14,34,2,364.5,1
111068,2656,0.30,61,2,982.7,1
111123,2657,2.55,55,3,1047.5,1
111160,2658,-4.92,37,1,479.7,1
111217,2659,4.25,57,3,1119.9,1
111248,2660,-2.85,31,1,492.6,1
111282,2661,-3.14,34,2,293.2,1
111305,2662,-3.51,23,1,327.7,1
111337,2663,-4.35,32,1,411.3,1
111396,2664,2.02,59,2,867.4,1
111428,2665,-3.52,32,1,479.2,1
111464,2666,-2.74,36,1,480.3,1
111494,2667,-6.19,30,0,525.7,1
111536,2668,-1.34,42,2,672.4,1
111573,2669,-3.82,37,2,514.1,1
111624,2670,0.65,51,2,743.0,1
111655,2671,-2.91,31,1,491.0,1
111720,2672,2.05,65,3,997.0,1
111775,2673,2.41,55,3,1115.6,1
111831,2674,-1.70,56,1,931.7,1
111863,2675,-4.08,32,1,527.3,1
111912,2676,-2.30,49,2,771.5,1
111946,2677,-4.66,34,1,495.5,1
111982,2678,-4.39,36,1,296.2,1
112039,2679,-0.01,57,2,867.9,1
112063,2680,-4.20,24,1,352.3,1
112110,2681,-2.89,47,2,939.7,1
112137,2682,-5.41,27,1,492.6,1
112184,2683,-2.13,47,2,919.1,1
112240,2684,-0.54,56,2,787.5,1
112273,2685,-3.78,33,1,498.7,1
112319,2686,1.32,46,3,854.1,1
112351,2687,-3.04,32,2,448.7,1
112384,2688,-2.39,33,1,421.4,1
112420,2689,-3.26,36,2,446.9,1
112453,2690,-3.26,33,1,481.4,1
112518,2691,4.64,65,3,938.5,1
112551,2692,-1.62,33,2,634.1,1
112616,2693,2.14,65,2,1019.6,1
112679,2694,2.34,63,3,978.7,1
112709,2695,-3.55,30,1,537.3,1
112741,2696,-4.08,32,1,464.0,1
112796,2697,0.36,55,3,1007.8,1
112851,2698,-0.53,55,2,907.9,1
112901,2699,-0.98,50,2,802.0,1
112927,2700,-3.37,26,1,472.0,1
112962,2701,-3.59,35,1,468.0,1
113029,2702,2.56,67,2,802.3,1
113063,2703,-4.89,34,1,265.4,1
113110,2704,-1.07,47,2,887.1,1
113136,2705,-3.86,26,1,471.1,1
113195,2706,0.48,59,2,864.6,1
113229,2707,-4.07,34,1,342.1,1
113282,2708,1.93,53,3,892.5,1
113344,2709,2.79,62,2,770.8,1
113393,2710,-2.22,49,2,971.7,1
113424,2711,-5.02,31,1,369.7,1
113480,2712,-0.74,56,2,1009.1,1
113526,2713,-3.15,46,1,479.3,1
113580,2714,-0.58,54,3,992.1,1
113630,2715,0.22,50,2,916.0,1
113680,2716,2.36,50,3,1064.8,1
113725,2717,-0.04,45,2,869.3,1
113789,2718,0.54,64,2,881.1,1
113813,2719,-5.63,24,1,387.4,1
113910,2720,-0.41,97,2,590.8,1
113942,2721,-3.80,32,1,500.1,1
114008,2722,3.49,66,3,1129.9,1
114052,2723,-1.78,44,2,871.0,1
114107,2724,2.12,55,3,992.0,1
114137,2725,-3.53,30,1,526.4,1
114182,2726,-3.26,45,1,490.6,1
114216,2727,-5.57,34,0,431.7,1
114278,2728,2.75,62,3,989.5,1
114344,2729,0.87,66,2,1000.4,1
114372,2730,-3.14,28,1,444.3,1
114414,2731,-1.39,42,2,889.2,1
114447,2732,-2.87,33,1,511.6,1
114501,2733,-0.92,54,2,814.2,1
114571,2734,2.20,70,3,1014.2,1
114608,2735,-4.07,37,1,486.7,1
114637,2736,-3.66,29,1,543.6,1
114692,2737,0.80,55,3,929.2,1
114734,2738,-0.63,42,2,863.3,1
114815,2739,4.02,81,3,953.7,1
114847,2740,-3.34,32,1,524.1,1
114893,2741,-1.89,46,2,867.1,1
114954,2742,-0.78,61,2,844.7,1
114995,2743,-3.62,41,1,938.3,1
115054,2744,-0.53,59,2,621.1,1
115086,2745,-3.36,32,1,491.6,1
115145,2746,-0.06,59,2,984.0,1
115182,2747,-3.90,37,1,479.8,1
115222,2748,-1.35,40,2,864.3,1
115269,2749,-0.49,47,2,795.9,1
115317,2750,-2.48,48,2,868.5,1
115341,2751,-3.29,24,1,362.7,1
115400,2752,-0.66,59,2,738.1,1
115438,2753,-2.63,38,2,656.4,1
115489,2754,0.62,51,2,608.8,1
115526,2755,-2.77,37,1,516.2,1
115554,2756,-3.08,28,1,440.1,1
115609,2757,-0.03,55,2,856.6,1
115660,2758,-1.10,51,2,806.3,1
115709,2759,-1.87,49,2,579.0,1
115761,2760,-1.55,52,2,931.8,1
115813,2761,-0.43,52,2,939.2,1
115845,2762,-5.57,32,0,302.1,1
115883,2763,-3.77,38,1,508.3,1
115943,2764,2.32,60,3,1025.4,1
115976,2765,-2.92,33,1,577.1,1
116013,2766,-3.46,37,1,453.8,1
116074,2767,1.48,61,2,810.3,1
116126,2768,-0.59,52,2,890.5,1
116159,2769,-4.96,33,1,434.2,1
116225,2770,1.54,66,2,1135.9,1
116259,2771,-4.25,34,1,482.3,1
116306,2772,-1.09,47,3,909.3,1
116337,2773,-4.75,31,0,457.3,1
116364,2774,-4.50,27,1,472.0,1
116429,2775,1.23,65,2,821.7,1
116464,2776,-3.39,35,1,514.7,1
116520,2777,0.04,56,2,934.4,1
116582,2778,1.87,62,2,888.0,1
116619,2779,-2.31,37,1,625.4,1
116676,2780,-0.56,57,2,911.3,1
116704,2781,-3.93,28,1,308.9,1
116738,2782,-3.78,34,1,323.1,1
116797,2783,1.98,59,3,931.7,1
116859,2784,4.64,62,3,844.5,1
116897,2785,-3.11,38,1,493.9,1
116929,2786,-2.87,32,2,551.4,1
116981,2787,-0.37,52,2,936.1,1
117047,2788,2.70,66,3,1126.7,1
117099,2789,0.15,52,2,961.1,1
117130,2790,-5.90,31,0,510.7,1
117172,2791,-3.82,42,1,625.3,1
117219,2792,1.41,47,2,834.9,1
117246,2793,-3.86,27,1,346.4,1
117291,2794,0.81,45,2,869.7,1
117323,2795,-4.47,32,1,642.3,1
117363,2796,-5.34,40,0,442.2,1
117432,2797,6.07,69,3,1085.0,1
117449,2798,-7.28,17,0,120.6,1
117493,2799,1.25,44,3,848.1,1
117535,2800,-0.48,42,2,836.1,1
117562,2801,-2.90,27,1,455.0,1
117607,2802,-3.22,45,1,506.2,1
117664,2803,0.40,57,2,911.7,1
117731,2804,28.14,67,4,1280.4,0
117764,2805,-6.06,33,0,323.2,1
117816,2806,0.10,52,2,861.6,1
117874,2807,2.59,58,3,1133.4,1
117917,2808,-2.81,43,1,566.3,1
117975,2809,-0.16,58,2,972.6,1
118031,2810,-1.69,56,2,909.5,1
118062,2811,-3.98,31,1,561.4,1
118097,2812,-1.67,35,2,499.5,1
118152,2813,-0.19,55,2,869.7,1
118198,2814,-1.92,46,2,879.7,1
118232,2815,-4.74,34,1,248.7,1
118287,2816,-0.78,55,2,868.2,1
118321,2817,-3.06,34,1,566.9,1
118377,2818,2.39,56,3,1156.4,1
118396,2819,-3.69,19,1,308.7,1
118428,2820,-3.63,32,1,686.4,1
118464,2821,-3.49,36,1,615.1,1
118494,2822,-4.56,30,1,532.3,1
118546,2823,-0.73,52,2,961.4,1
118602,2824,0.24,56,2,959.7,1
118644,2825,-0.41,42,2,878.5,1
118701,2826,-0.29,57,2,812.7,1
118758,2827,2.79,57,3,1211.3,1
118787,2828,-4.82,29,1,527.0,1
118815,2829,-3.66,28,2,426.0,1
118861,2830,-1.13,46,2,828.0,1
118909,2831,-0.92,48,2,888.3,1
118951,2832,-2.16,42,2,893.6,1
118984,2833,-1.42,33,2,416.5,1
119033,2834,0.44,49,2,943.4,1
119090,2835,0.28,57,2,905.8,1
119148,2836,4.51,58,3,1011.5,1
119202,2837,0.35,54,3,1005.0,1
119237,2838,-3.84,35,1,339.2,1
119276,2839,-5.18,39,0,493.2,1
119332,2840,-0.84,56,2,891.7,1
119364,2841,-3.05,32,1,643.3,1
119404,2842,-3.17,40,1,442.6,1
119454,2843,0.76,50,2,857.4,1
119511,2844,0.05,57,3,891.2,1
119544,2845,-4.10,33,1,476.3,1
119596,2846,0.48,52,3,974.4,1
119663,2847,1.31,67,2,684.5,1
119698,2848,-4.06,35,1,473.0,1
119732,2849,-2.59,34,1,503.9,1
119758,2850,-4.26,26,1,477.7,1
119814,2851,0.79,56,2,891.1,1
119847,2852,-3.64,33,1,454.6,1
119869,2853,-5.89,22,1,175.2,1
119902,2854,-3.48,33,2,524.6,1
119961,2855,0.24,59,2,882.0,1
120007,2856,-2.41,46,2,851.0,1
120059,2857,-0.10,52,3,1050.9,1
120116,2858,-0.37,57,2,1017.1,1
120147,2859,-4.10,31,1,443.3,1
120186,2860,-2.73,39,1,616.8,1
120211,2861,-4.58,25,1,547.4,1
120268,2862,2.49,57,4,916.8,1
120321,2863,-0.85,53,2,860.6,1
120356,2864,-3.16,35,1,479.2,1
120392,2865,-2.73,36,1,501.2,1
120441,2866,0.10,49,2,890.1,1
120477,2867,-3.85,36,1,485.3,1
120511,2868,-3.14,34,1,528.1,1
120576,2869,3.44,65,3,854.4,1
120617,2870,-2.59,41,2,491.5,1
120669,2871,0.72,52,3,857.4,1
120699,2872,-3.23,30,1,533.2,1
120743,2873,-0.56,44,3,951.5,1
120778,2874,-2.51,35,1,461.2,1
120833,2875,3.45,55,3,1001.1,1
120888,2876,2.14,55,3,1027.5,1
120939,2877,0.00,51,2,935.2,1
120989,2878,-1.34,50,2,917.8,1
121047,2879,3.53,58,3,1219.0,1
121084,2880,-3.46,37,1,625.9,1
121146,2881,3.15,62,3,982.8,1
121198,2882,-0.79,52,2,921.6,1
121247,2883,-0.71,49,3,885.4,1
121282,2884,-3.00,35,1,566.4,1
121308,2885,-3.86,26,1,487.7,1
121331,2886,-3.38,23,1,314.2,1
121386,2887,1.13,55,3,1037.8,1
121428,2888,-2.66,42,2,848.7,1
121481,2889,0.93,53,2,831.7,1
121507,2890,-3.48,26,1,508.4,1
121541,2891,-2.53,34,1,547.8,1
121600,2892,4.39,59,3,1017.4,1
121672,2893,4.56,72,4,1265.6,1
121719,2894,-2.92,47,1,842.6,1
121751,2895,-2.63,32,2,535.1,1
121779,2896,-5.27,28,1,463.6,1
121824,2897,-1.80,45,2,843.8,1
121850,2898,-3.31,26,1,457.0,1
121876,2899,-4.61,26,1,481.1,1
121929,2900,-1.34,53,2,904.8,1
121984,2901,0.48,55,2,1001.0,1
122015,2902,-4.12,31,1,537.2,1
122049,2903,-2.95,34,1,578.5,1
122106,2904,0.86,57,2,998.4,1
122157,2905,-1.01,51,2,856.9,1
122204,2906,-1.34,47,2,917.0,1
122251,2907,-0.26,47,3,884.2,1
122299,2908,-0.70,48,2,841.4,1
122316,2909,-4.89,17,1,229.1,1
122389,2910,-2.00,73,3,1051.5,1
122426,2911,-2.74,37,1,693.3,1
122456,2912,-4.68,30,0,543.2,1
122503,2913,1.21,47,3,948.5,1
122562,2914,2.83,59,2,867.9,1
122592,2915,-4.06,30,2,470.3,1
122638,2916,-0.41,46,3,935.4,1
122672,2917,-2.35,34,1,529.3,1
122706,2918,-2.39,34,1,532.0,1
122756,2919,-1.87,50,2,900.8,1
122790,2920,-3.21,34,1,526.5,1
122845,2921,0.30,55,3,993.1,1
122901,2922,0.92,56,3,861.4,1
122955,2923,0.69,54,2,847.1,1
123004,2924,-0.38,49,2,755.3,1
123034,2925,-5.04,30,1,494.8,1
123082,2926,-0.85,48,2,916.4,1
123113,2927,-2.09,31,2,488.1,1
123141,2928,-3.60,28,1,460.9,1
123171,2929,-4.29,30,1,347.7,1
123226,2930,0.23,55,2,853.5,1
123293,2931,2.27,67,2,1145.4,1
123329,2932,-1.66,36,2,531.4,1
123388,2933,3.28,59,3,1027.7,1
123408,2934,-5.42,20,1,193.1,1
123438,2935,-4.79,30,0,479.2,1
123463,2936,-5.22,25,1,380.2,1
123517,2937,-1.06,54,2,996.9,1
123551,2938,-3.72,34,1,478.0,1
123596,2939,-0.55,45,2,742.0,1
123638,2940,0.49,42,2,731.3,1
123695,2941,-2.67,57,2,973.9,1
123720,2942,-6.67,25,0,217.7,1
123775,2943,-1.28,55,2,1025.8,1
123830,2944,0.97,55,3,1020.1,1
123883,2945,3.04,53,3,984.4,1
123942,2946,3.00,59,2,965.3,1
123971,2947,-2.83,29,1,445.0,1
124023,2948,-0.79,52,3,962.2,1
124077,2949,0.85,54,3,1006.4,1
124121,2950,-0.02,44,2,847.5,1
124145,2951,-5.35,24,0,439.5,1
124195,2952,-0.81,50,2,862.2,1
124218,2953,-4.40,23,1,255.4,1
124271,2954,0.10,53,2,853.6,1
124321,2955,-1.60,50,2,621.7,1
124383,2956,3.20,62,2,954.9,1
124439,2957,0.92,56,2,859.5,1
124474,2958,-2.38,35,1,469.8,1
124522,2959,-1.03,48,2,952.6,1
124574,2960,0.98,52,2,874.1,1
124631,2961,2.36,57,3,1015.1,1
124696,2962,1.03,65,2,1011.4,1
124722,2963,-4.06,26,1,480.8,1
124774,2964,1.10,52,2,1001.4,1
124832,2965,0.11,58,2,1046.7,1
124887,2966,2.34,55,3,1097.6,1
124925,2967,-3.41,38,1,453.1,1
124982,2968,1.11,57,2,1032.4,1
125034,2969,-0.29,52,3,854.7,1
125089,2970,3.00,55,3,1135.6,1
125141,2971,-0.21,52,2,955.7,1
125206,2972,4.09,65,2,998.7,1
125244,2973,-3.04,38,1,485.3,1
125271,2974,-4.59,27,1,491.2,1
125330,2975,1.59,59,2,766.2,1
125348,2976,-6.01,18,0,257.4,1
125382,2977,-2.96,34,1,539.2,1
125411,2978,-3.26,29,1,456.0,1
125477,2979,1.48,66,2,972.0,1
125511,2980,-3.19,34,1,592.8,1
125576,2981,3.19,65,3,1017.6,1
125606,2982,-4.44,30,1,512.3,1
125634,2983,-3.52,28,1,357.7,1
125687,2984,2.03,53,3,934.6,1
125720,2985,-3.77,33,1,483.5,1
125755,2986,-3.66,35,1,591.2,1
125802,2987,-0.01,47,2,834.9,1
125833,2988,-2.48,31,2,471.0,1
125886,2989,1.51,53,2,807.8,1
125943,2990,-0.17,57,3,992.8,1
125990,2991,-1.72,47,1,797.5,1
126045,2992,-0.29,55,2,904.6,1
126100,2993,0.61,55,2,885.2,1
126138,2994,-5.12,38,1,539.0,1
126177,2995,-3.31,39,1,560.3,1
126216,2996,-1.74,39,2,634.9,1
126271,2997,2.10,55,3,1018.4,1
126310,2998,-2.99,39,1,497.4,1
126342,2999,-3.31,32,2,529.8,1
126366,3000,-5.66,24,1,183.8,1
126420,3001,0.57,54,3,860.3,1
126448,3002,-3.24,28,1,443.6,1
126477,3003,-4.90,29,0,487.4,1
126544,3004,4.01,67,3,1190.6,1
126577,3005,-3.39,33,1,437.5,1
126606,3006,-4.36,29,1,286.7,1
126635,3007,-3.43,29,1,402.0,1
126659,3008,-4.31,24,1,265.7,1
126710,3009,0.59,51,3,871.5,1
126762,3010,0.56,52,2,907.0,1
126817,3011,1.50,55,3,953.5,1
126881,3012,-0.21,64,2,991.0,1
126936,3013,2.93,55,3,1051.3,1
126959,3014,-5.79,23,0,463.8,1
127011,3015,-1.39,52,2,976.5,1
127064,3016,0.28,53,3,960.8,1
127103,3017,-3.15,39,1,469.6,1
127151,3018,-1.45,48,2,866.8,1
127205,3019,-0.95,54,2,828.8,1
127269,3020,1.17,64,3,896.9,1
127309,3021,-2.25,40,2,541.0,1
127345,3022,-2.98,36,1,475.5,1
127392,3023,-1.60,47,2,829.1,1
127445,3024,-0.14,53,2,875.8,1
127478,3025,-3.41,33,1,479.2,1
127520,3026,0.02,42,2,712.3,1
127580,3027,0.72,60,2,918.4,1
127625,3028,0.01,45,2,899.3,1
127678,3029,0.04,53,2,833.2,1
127731,3030,1.52,53,2,779.1,1
127775,3031,-2.47,44,2,763.8,1
127805,3032,-3.72,30,1,352.7,1
127844,3033,-3.50,39,1,468.4,1
127898,3034,0.81,54,3,870.0,1
127948,3035,-0.55,50,2,707.5,1
127975,3036,-3.33,27,1,484.5,1
128026,3037,1.43,51,3,1018.9,1
128087,3038,0.21,61,2,979.0,1
128134,3039,0.15,47,2,864.4,1
128153,3040,-5.12,19,1,183.4,1
128216,3041,1.24,63,3,957.5,1
128247,3042,-5.12,31,0,475.2,1
128283,3043,-3.25,36,1,461.9,1
128320,3044,-2.31,37,1,647.6,1
128377,3045,3.37,57,3,1129.1,1
128429,3046,-0.46,52,2,934.4,1
128472,3047,-2.01,43,2,649.2,1
128504,3048,-3.03,32,1,406.8,1
128566,3049,3.59,62,3,838.4,1
128604,3050,-3.20,38,1,607.7,1
128640,3051,-3.01,36,1,461.3,1
128702,3052,2.93,62,3,1112.3,1
128755,3053,1.43,53,2,949.0,1
128804,3054,0.54,49,3,919.4,1
128862,3055,3.60,58,4,966.5,1
128898,3056,-3.10,36,2,544.6,1
128942,3057,-1.42,44,2,544.4,1
128984,3058,-1.34,42,2,600.6,1
129039,3059,1.05,55,4,926.7,1
129103,3060,0.84,64,2,927.9,1
129154,3061,0.84,51,3,1001.7,1
129179,3062,-4.47,25,0,463.5,1
129218,3063,1.21,39,2,627.8,1
129270,3064,-3.72,52,1,976.4,1
129321,3065,-0.95,51,3,972.0,1
129376,3066,3.43,55,3,1101.1,1
129422,3067,-2.64,46,1,931.1,1
129444,3068,-4.45,22,1,217.7,1
129501,3069,1.63,57,2,1047.1,1
129537,3070,-3.33,36,1,471.7,1
129589,3071,2.02,52,3,1062.3,1
129625,3072,-3.16,36,2,746.1,1
129677,3073,1.10,52,2,963.2,1
129726,3074,0.63,49,2,1069.9,1
129778,3075,-0.57,52,2,858.4,1
129832,3076,1.19,54,2,1016.5,1
129885,3077,-0.86,53,2,782.1,1
129943,3078,1.29,58,3,942.1,1
130001,3079,-1.56,58,2,853.0,1
130050,3080,-0.78,49,2,910.2,1
130104,3081,-0.17,54,3,949.9,1
130149,3082,-0.93,45,2,663.9,1
130195,3083,-0.96,46,2,617.1,1
130256,3084,1.88,61,3,928.8,1
130309,3085,-0.66,53,2,925.9,1
130361,3086,0.23,52,2,926.9,1
130416,3087,-1.69,55,2,937.7,1
130469,3088,2.77,53,3,1077.7,1
130526,3089,-0.18,57,3,882.6,1
130581,3090,-1.44,55,2,832.5,1
130620,3091,-1.53,39,2,558.5,1
130661,3092,-2.08,41,2,822.9,1
130695,3093,-4.83,34,1,467.9,1
130754,3094,-0.53,59,2,881.3,1
130786,3095,-2.76,32,1,528.7,1
130816,3096,-3.23,30,1,496.2,1
130873,3097,2.78,57,3,976.3,1
130904,3098,-6.25,31,0,526.2,1
130944,3099,-3.02,40,1,421.5,1
131007,3100,0.63,63,2,967.7,1
131035,3101,-4.17,28,1,480.5,1
131081,3102,-0.90,46,2,822.4,1
131139,3103,0.93,58,2,989.8,1
131173,3104,-2.93,34,2,474.2,1
131221,3105,0.76,48,2,901.3,1
131278,3106,0.45,57,3,1020.4,1
131325,3107,-3.40,47,1,1005.8,1
131368,3108,-1.78,43,2,796.7,1
131401,3109,-3.71,33,1,465.5,1
131459,3110,0.80,58,3,844.0,1
131492,3111,-3.40,33,1,370.1,1
131543,3112,-0.37,51,3,958.2,1
131571,3113,-2.84,28,1,471.4,1
131613,3114,-2.01,42,2,844.8,1
131645,3115,-2.43,32,1,597.9,1
131677,3116,-5.08,32,1,528.1,1
131739,3117,2.16,62,3,759.9,1
131789,3118,-0.73,50,3,889.7,1
131853,3119,3.02,64,3,893.3,1
131922,3120,2.12,69,3,1013.5,1
131958,3121,-3.19,36,1,477.7,1
131989,3122,-5.83,31,0,613.4,1
132050,3123,2.85,61,3,1073.5,1
132081,3124,-3.92,31,1,441.3,1
132133,3125,3.65,52,3,992.1,1
132172,3126,-2.22,39,2,472.3,1
132225,3127,0.43,53,3,902.5,1
132274,3128,0.25,49,2,893.8,1
132322,3129,-0.91,48,2,986.8,1
132354,3130,-4.21,32,1,497.0,1
132415,3131,-0.31,61,2,799.0,1
132464,3132,0.58,49,2,917.0,1
132490,3133,-3.73,26,1,465.2,1
132541,3134,1.23,51,2,905.9,1
132581,3135,-2.71,40,1,544.7,1
132632,3136,-1.23,51,2,947.0,1
132685,3137,0.10,53,2,888.0,1
132744,3138,2.46,59,3,1100.6,1
132785,3139,-0.36,41,2,893.9,1
132817,3140,-3.48,32,1,494.8,1
132884,3141,4.30,67,3,963.1,1
132918,3142,-4.15,34,1,582.3,1
132969,3143,0.11,51,2,798.2,1
133007,3144,-3.51,38,1,465.2,1
133049,3145,0.16,42,2,846.7,1
133076,3146,-5.01,27,1,245.2,1
133113,3147,-3.40,37,1,500.0,1
133154,3148,-1.47,41,2,873.2,1
133184,3149,-3.48,30,1,441.8,1
133235,3150,1.65,51,3,1032.4,1
133291,3151,0.33,56,2,887.7,1
133332,3152,-0.36,41,2,717.5,1
133362,3153,-4.30,30,1,370.6,1
133412,3154,-1.78,50,2,838.5,1
133462,3155,-2.55,50,1,896.7,1
133528,3156,3.72,66,3,1144.6,1
133560,3157,-5.19,32,1,539.4,1
133607,3158,0.46,47,2,746.6,1
133641,3159,-1.22,34,2,562.6,1
133674,3160,-4.30,33,1,383.7,1
133717,3161,-3.09,43,2,826.7,1
133753,3162,-4.01,36,1,485.1,1
133786,3163,-3.13,33,2,578.2,1
133819,3164,-2.78,33,1,452.0,1
133874,3165,1.16,55,3,1011.8,1
133926,3166,0.01,52,2,1001.9,1
133978,3167,-0.23,52,2,867.0,1
134030,3168,-1.34,52,2,955.3,1
134082,3169,0.54,52,2,775.6,1
134136,3170,-0.84,54,2,862.2,1
134171,3171,-3.98,35,1,633.0,1
134198,3172,-5.92,27,0,474.4,1
134230,3173,-3.40,32,1,498.4,1
134284,3174,1.29,54,3,920.4,1
134344,3175,0.17,60,2,839.3,1
134393,3176,-0.56,49,2,793.3,1
134435,3177,-2.41,42,1,541.6,1
134467,3178,-3.33,32,1,494.0,1
134487,3179,-4.53,20,1,253.1,1
134513,3180,-3.18,26,1,484.2,1
134535,3181,-4.64,22,1,231.3,1
134566,3182,-2.23,31,2,502.9,1
134587,3183,-5.70,21,1,187.6,1
134630,3184,-2.50,43,2,558.6,1
134685,3185,-1.02,55,2,997.0,1
134727,3186,-3.66,42,1,596.8,1
134793,3187,3.79,66,3,1118.6,1
134820,3188,-5.22,27,1,487.2,1
134845,3189,-5.17,25,1,221.5,1
134894,3190,1.80,49,2,891.3,1
134946,3191,0.78,52,2,1117.2,1
134967,3192,-4.24,21,1,278.5,1
135013,3193,-0.19,46,2,768.4,1
135038,3194,-4.44,25,1,254.8,1
135089,3195,1.57,51,3,994.6,1
135121,3196,-5.51,32,1,468.4,1
135173,3197,0.34,52,2,839.4,1
135223,3198,-1.09,50,2,860.1,1
135251,3199,-5.35,28,0,481.0,1
135285,3200,-3.34,34,1,494.9,1
135339,3201,0.86,54,2,870.6,1
135376,3202,-4.09,37,1,579.7,1
135428,3203,-0.91,52,3,891.7,1
135489,3204,2.91,61,3,1027.8,1
135541,3205,1.06,52,2,941.1,1
135593,3206,0.43,52,2,1012.9,1
135627,3207,-3.86,34,1,484.2,1
135662,3208,-2.91,35,1,483.0,1
135712,3209,1.09,50,2,903.2,1
135757,3210,-1.51,45,2,904.4,1
135807,3211,0.88,50,2,902.2,1
135836,3212,-4.10,29,1,259.4,1
135861,3213,-3.95,25,1,483.9,1
135887,3214,-3.33,26,1,464.0,1
135943,3215,2.56,56,3,948.0,1
135991,3216,-1.30,48,2,871.4,1
136053,3217,3.45,62,3,916.2,1
136108,3218,-4.70,55,2,427.8,1
136153,3219,-0.44,45,2,837.3,1
136185,3220,-2.84,32,1,454.5,1
136232,3221,-0.22,47,2,984.1,1
136276,3222,-0.20,44,2,729.6,1
136326,3223,2.04,50,2,1012.7,1
136377,3224,1.62,51,3,873.5,1
136439,3225,3.10,62,2,888.3,1
136462,3226,-4.38,23,1,255.5,1
136509,3227,0.11,47,2,862.8,1
136567,3228,0.09,58,2,960.1,1
136598,3229,-2.40,31,2,471.8,1
136658,3230,-0.85,60,2,930.9,1
136705,3231,-1.53,47,2,902.8,1
136754,3232,-0.28,49,3,851.4,1
136786,3233,-3.30,32,1,459.8,1
136833,3234,-0.34,47,3,839.6,1
136879,3235,0.55,46,3,928.0,1
136938,3236,2.07,59,3,961.2,1
137000,3237,4.84,62,3,829.3,1
137027,3238,-4.27,27,1,460.4,1
137079,3239,-0.55,52,2,903.3,1
137134,3240,3.27,55,3,995.4,1
137186,3241,1.34,52,2,791.1,1
137211,3242,-4.43,25,1,240.0,1
137256,3243,-2.02,45,1,873.3,1
137305,3244,0.38,49,3,927.5,1
137327,3245,-4.89,22,1,239.8,1
137380,3246,0.78,53,2,863.4,1
137416,3247,-2.81,36,1,671.7,1
137465,3248,0.90,49,2,913.2,1
137517,3249,-0.72,52,2,957.4,1
137584,3250,25.93,67,3,1276.1,0
137642,3251,2.78,58,2,829.8,1
137677,3252,-2.58,35,1,644.9,1
137708,3253,-3.28,31,1,471.3,1
137763,3254,3.17,55,3,1058.6,1
137818,3255,1.95,55,3,1014.9,1
137849,3256,-2.93,31,1,518.6,1
137901,3257,1.06,52,2,937.0,1
137948,3258,-1.17,47,2,822.0,1
137982,3259,-2.43,34,2,486.3,1
138034,3260,-0.59,52,2,902.5,1
138086,3261,0.91,52,2,967.0,1
138120,3262,-2.63,34,1,592.9,1
138166,3263,0.51,46,2,906.8,1
138186,3264,-5.83,20,1,171.8,1
138239,3265,0.55,53,3,923.2,1
138283,3266,-3.05,44,1,874.0,1
138330,3267,-0.39,47,2,877.2,1
138355,3268,-5.02,25,1,470.7,1
138399,3269,0.04,44,2,828.5,1
138451,3270,0.56,52,2,943.1,1
138506,3271,0.80,55,2,978.1,1
138557,3272,2.73,51,3,955.0,1
138600,3273,-1.26,43,2,771.8,1
138651,3274,-0.24,51,2,893.6,1
138703,3275,1.78,52,3,928.1,1
138746,3276,0.33,43,2,839.0,1
138778,3277,-5.93,32,0,558.3,1
138835,3278,0.54,57,2,954.7,1
138867,3279,-2.84,32,2,498.4,1
138914,3280,-2.71,47,2,991.1,1
138956,3281,-2.02,42,2,812.2,1
138989,3282,-3.21,33,1,356.8,1
139041,3283,0.36,52,2,939.3,1
139072,3284,-2.82,31,1,503.8,1
139121,3285,0.60,49,2,817.8,1
139170,3286,2.47,49,4,913.5,1
139238,3287,24.61,68,3,1280.8,0
139266,3288,-6.18,28,0,566.1,1
139283,3289,-5.04,17,1,181.2,1
139561,3290,1.19,278,4,901.5,1
139611,3291,0.81,50,2,1058.8,1
139649,3292,-3.44,38,1,842.0,1
139676,3293,-4.56,27,1,352.1,1
139728,3294,0.78,52,3,931.1,1
139762,3295,-5.24,34,1,499.1,1
139823,3296,26.27,61,3,1277.0,0
139849,3297,-3.49,26,1,493.9,1
139901,3298,2.10,52,3,988.4,1
140023,3299,1.60,122,5,958.2,1
140114,3300,-5.70,91,3,842.8,1
140164,3301,-0.57,50,2,1001.2,1
140215,3302,0.14,51,3,998.8,1
140266,3303,-0.80,51,2,982.2,1
140316,3304,-1.09,50,2,977.4,1
140350,3305,-3.28,34,1,566.5,1
140383,3306,-3.40,33,1,428.2,1
140431,3307,-5.62,48,1,428.6,1
140485,3308,-0.24,54,3,910.9,1
140543,3309,1.43,58,2,998.8,1
140596,3310,1.40,53,3,918.9,1
140645,3311,-1.79,49,2,878.9,1
140673,3312,-4.92,28,1,526.5,1
140728,3313,1.51,55,3,917.0,1
140775,3314,-2.86,47,2,915.9,1
140823,3315,-1.20,48,2,981.7,1
140864,3316,-1.65,41,2,826.3,1
140901,3317,-2.90,37,1,640.8,1
140957,3318,2.10,56,3,959.0,1
141005,3319,-0.76,48,2,929.5,1
141033,3320,-4.10,28,1,486.9,1
141065,3321,-2.07,32,2,549.1,1
141101,3322,-2.70,36,2,615.1,1
141135,3323,-3.59,34,1,561.2,1
141170,3324,-3.31,35,1,490.6,1
141196,3325,-4.86,26,0,460.8,1
141230,3326,-3.07,34,1,535.3,1
141267,3327,-1.73,37,2,551.0,1
141299,3328,-4.86,32,1,571.8,1
141344,3329,-0.77,45,3,909.2,1
141367,3330,-5.92,23,1,252.7,1
141409,3331,-0.42,42,2,742.9,1
141451,3332,1.09,42,2,873.5,1
141478,3333,-6.05,27,0,441.7,1
141526,3334,0.15,48,3,971.8,1
141574,3335,-1.92,48,2,705.3,1
141609,3336,-1.25,35,3,621.7,1
141640,3337,-3.91,31,1,492.5,1
141689,3338,0.21,49,3,919.2,1
141731,3339,-2.21,42,2,856.1,1
141764,3340,-3.43,33,1,614.2,1
141799,3341,-2.22,35,1,431.5,1
141848,3342,-0.60,49,2,934.8,1
141904,3343,1.59,56,2,937.0,1
141943,3344,-3.26,39,1,463.0,1
141993,3345,0.63,50,3,939.3,1
142052,3346,1.50,59,3,859.4,1
142112,3347,23.06,60,3,1281.2,0
142138,3348,-5.10,26,1,211.3,1
142176,3349,-3.54,38,1,470.1,1
142231,3350,0.26,55,2,875.2,1
142287,3351,0.78,56,2,840.9,1
142336,3352,-1.15,49,3,931.5,1
142382,3353,-0.92,46,3,884.6,1
142431,3354,-0.02,49,2,931.8,1
142462,3355,-4.00,31,1,514.9,1
142519,3356,2.43,57,2,1089.9,1
142553,3357,-4.86,34,0,507.9,1
142598,3358,-0.79,45,2,895.6,1
142648,3359,-2.24,50,2,916.0,1
142676,3360,-2.67,28,1,440.9,1
142702,3361,-3.11,26,1,404.1,1
142736,3362,-3.33,34,2,339.6,1
142765,3363,-3.08,29,1,458.4,1
142798,3364,-3.18,33,1,493.6,1
142854,3365,1.45,56,2,1009.2,1
142909,3366,1.04,55,3,974.3,1
142942,3367,-3.24,33,1,528.7,1
142968,3368,-4.83,26,1,501.7,1
143011,3369,0.56,43,2,773.2,1
143061,3370,0.23,50,2,835.8,1
143093,3371,-5.13,32,1,454.6,1
143118,3372,-5.48,25,1,310.8,1
143152,3373,-2.48,34,1,651.9,1
143211,3374,2.05,59,3,1055.6,1
143234,3375,-4.49,23,1,301.4,1
143273,3376,-4.74,39,0,650.2,1
143326,3377,0.17,53,2,797.3,1
143350,3378,-5.93,24,1,179.1,1
143385,3379,-3.88,35,1,476.2,1
143431,3380,-0.30,46,2,844.4,1
143487,3381,-1.44,56,2,1027.0,1
143517,3382,-3.35,30,1,438.9,1
143548,3383,-3.36,31,1,502.7,1
143580,3384,-2.90,32,1,548.8,1
143606,3385,-4.94,26,1,468.0,1
143676,3386,26.44,70,4,1276.8,0
143697,3387,-4.94,21,1,301.6,1
143731,3388,-3.10,34,1,549.6,1
143798,3389,3.35,67,3,1193.0,1
143826,3390,-3.65,28,1,488.2,1
143881,3391,1.35,55,2,987.5,1
143921,3392,-3.90,40,1,449.4,1
143941,3393,-4.15,20,1,317.1,1
143990,3394,-1.09,49,2,828.0,1
144022,3395,-3.80,32,1,436.6,1
144059,3396,-2.19,37,1,643.5,1
144094,3397,-3.38,35,1,478.2,1
144119,3398,-3.68,25,1,428.2,1
144178,3399,2.56,59,3,952.8,1
144214,3400,-3.14,36,1,518.5,1
144268,3401,-0.12,54,2,1007.2,1
144316,3402,-0.44,48,3,922.0,1
144368,3403,-0.70,52,2,898.4,1
144414,3404,-1.02,46,2,854.7,1
144449,3405,-3.37,35,1,546.4,1
144490,3406,-1.82,41,2,869.4,1
144516,3407,-3.56,26,1,501.6,1
144561,3408,-0.61,45,2,862.7,1
144608,3409,-0.05,47,2,862.0,1
144640,3410,-2.68,32,1,553.1,1
144689,3411,1.07,49,3,813.6,1
144719,3412,-3.30,30,1,512.5,1
144766,3413,0.93,47,3,1024.9,1
144794,3414,-3.04,28,1,521.2,1
144821,3415,-4.06,27,1,498.6,1
144855,3416,-4.78,34,1,560.4,1
144901,3417,0.19,46,2,831.8,1
144957,3418,1.68,56,3,973.7,1
144991,3419,-3.54,34,1,454.4,1
145039,3420,0.17,48,2,872.4,1
145088,3421,0.53,49,2,918.5,1
145139,3422,0.16,51,3,879.8,1
145170,3423,-3.68,31,1,472.3,1
145207,3424,-2.38,37,1,707.1,1
145241,3425,-3.21,34,1,606.5,1
145294,3426,0.04,53,2,861.2,1
145327,3427,-2.81,33,1,452.3,1
145380,3428,0.83,53,2,955.4,1
145424,3429,-0.68,44,2,803.5,1
145460,3430,-2.77,36,1,537.0,1
145514,3431,-0.51,54,2,910.1,1
145571,3432,2.86,57,3,947.2,1
145602,3433,-3.29,31,1,575.1,1
145657,3434,-0.59,55,2,850.7,1
145690,3435,-3.50,33,1,491.9,1
145738,3436,0.64,48,2,890.5,1
145790,3437,0.02,52,3,999.8,1
145848,3438,0.43,58,3,839.0,1
145885,3439,-3.59,37,1,493.0,1
145935,3440,0.40,50,3,998.3,1
145993,3441,0.23,58,2,814.3,1
146033,3442,-1.41,40,1,744.0,1
146058,3443,-4.99,25,1,190.7,1
146115,3444,1.76,57,3,985.0,1
146161,3445,-1.78,46,1,691.9,1
146213,3446,0.74,52,2,864.6,1
146236,3447,-4.62,23,1,239.6,1
146262,3448,-3.04,26,1,467.7,1
146313,3449,0.73,51,3,985.1,1
146348,3450,-1.42,35,2,478.3,1
146396,3451,-1.24,48,2,922.5,1
146443,3452,0.07,47,3,901.2,1
146498,3453,0.24,55,2,898.2,1
146553,3454,1.67,55,3,941.5,1
146591,3455,-3.23,38,1,466.1,1
146608,3456,-5.85,17,1,156.2,1
146653,3457,0.26,45,2,835.5,1
146697,3458,-1.28,44,2,818.0,1
146749,3459,-0.65,52,2,945.7,1
146790,3460,-1.11,41,2,703.9,1
146841,3461,0.45,51,2,758.1,1
146889,3462,-1.80,48,2,894.1,1
146939,3463,-1.19,50,2,846.0,1
146973,3464,-2.93,34,1,528.6,1
147033,3465,2.94,60,3,1188.6,1
147064,3466,-2.46,31,1,569.3,1
147116,3467,-1.24,52,3,943.5,1
147148,3468,-3.40,32,1,447.6,1
147178,3469,-6.14,30,1,182.9,1
147232,3470,1.84,54,3,987.4,1
147281,3471,-0.77,49,2,893.4,1
147327,3472,-0.61,46,2,966.3,1
147355,3473,-3.24,28,1,484.6,1
147391,3474,-3.30,36,1,414.5,1
147447,3475,0.89,56,2,910.4,1
147478,3476,-3.59,31,1,510.8,1
147528,3477,-1.61,50,2,942.2,1
147575,3478,-1.49,47,3,935.5,1
147630,3479,-0.03,55,2,1039.6,1
147683,3480,2.67,53,3,942.6,1
147714,3481,-4.01,31,1,486.1,1
147774,3482,1.80,60,2,953.2,1
147810,3483,-5.05,36,0,463.5,1
147842,3484,-4.22,32,1,447.4,1
147870,3485,-4.49,28,1,424.0,1
147923,3486,1.47,53,2,866.5,1
147970,3487,0.14,47,2,892.3,1
147999,3488,-4.52,29,1,277.0,1
148053,3489,1.63,54,3,962.9,1
148082,3490,-4.13,29,1,515.8,1
148126,3491,-2.77,44,1,556.5,1
148181,3492,-0.67,55,2,930.6,1
148236,3493,1.51,55,3,912.0,1
148270,3494,-3.35,34,1,527.6,1
148317,3495,0.90,47,2,806.1,1
148372,3496,0.46,55,2,958.8,1
148429,3497,3.81,57,3,1051.4,1
148481,3498,0.65,52,2,1012.7,1
148536,3499,0.61,55,2,876.6,1
148592,3500,1.65,56,3,1045.0,1
148641,3501,1.22,49,3,955.2,1
148673,3502,-3.45,32,1,581.4,1
148706,3503,-3.21,33,1,554.7,1
148748,3504,-1.39,42,2,855.1,1
148803,3505,1.39,55,2,1001.8,1
148854,3506,2.34,51,3,937.4,1
148911,3507,0.37,57,2,840.9,1
148966,3508,1.87,55,3,935.6,1
149016,3509,-0.51,50,2,959.1,1
149063,3510,-0.80,47,2,656.2,1
149118,3511,-0.17,55,3,947.0,1
149168,3512,-0.72,50,2,816.8,1
149194,3513,-6.08,26,0,492.2,1
149242,3514,-0.93,48,2,947.6,1
149268,3515,-4.93,26,1,480.8,1
149319,3516,-0.94,51,2,883.9,1
149375,3517,2.66,56,3,823.1,1
149397,3518,-5.43,22,1,162.9,1
149448,3519,0.25,51,2,902.7,1
149470,3520,-5.40,22,0,413.9,1
149507,3521,-2.29,37,1,642.5,1
149561,3522,-0.62,54,2,1012.4,1
149621,3523,1.80,60,3,1094.5,1
149679,3524,2.48,58,2,843.3,1
149734,3525,2.60,55,3,918.7,1
149766,3526,-3.46,32,1,465.4,1
149817,3527,3.29,51,3,1062.3,1
149877,3528,-1.36,60,2,859.5,1
149907,3529,-4.58,30,0,619.3,1
149931,3530,-4.91,24,1,327.4,1
149970,3531,-4.47,39,1,523.4,1
150005,3532,-2.01,35,2,509.1,1
150066,3533,0.98,61,3,985.6,1
150120,3534,0.11,54,3,928.5,1
150164,3535,-0.27,44,2,780.7,1
150191,3536,-4.61,27,1,449.3,1
150244,3537,0.48,53,2,830.3,1
150292,3538,0.55,48,2,697.2,1
150321,3539,-2.94,29,1,451.4,1
150379,3540,2.22,58,3,995.3,1
150413,3541,-3.72,34,1,528.0,1
150458,3542,-2.61,45,1,654.4,1
150508,3543,-0.97,50,2,937.3,1
150563,3544,0.94,55,2,858.3,1
150597,3545,-4.31,34,1,323.8,1
150639,3546,-2.15,42,1,447.3,1
150683,3547,-0.51,44,3,691.9,1
150738,3548,-2.89,55,1,489.6,1
150792,3549,-0.23,54,2,763.8,1
150831,3550,-1.71,39,2,744.9,1
150887,3551,-1.60,56,2,841.6,1
150944,3552,0.21,57,2,774.8,1
150983,3553,-1.36,39,2,578.5,1
151017,3554,-3.75,34,1,308.4,1
151067,3555,-1.13,50,2,899.4,1
151114,3556,-0.16,47,2,882.6,1
151165,3557,0.93,51,2,911.2,1
151201,3558,-4.05,36,1,486.2,1
151251,3559,0.61,50,2,823.6,1
151307,3560,-0.97,56,2,633.0,1
151354,3561,-0.25,47,3,874.1,1
151410,3562,0.35,56,2,917.5,1
151501,3563,0.39,91,2,926.4,1
151533,3564,-3.09,32,1,488.9,1
151596,3565,4.38,63,3,944.8,1
151629,3566,-3.08,33,1,458.4,1
151664,3567,-4.00,35,1,453.4,1
151694,3568,-4.70,30,0,482.6,1
151749,3569,0.73,55,2,947.6,1
151783,3570,-4.71,34,1,225.6,1
151838,3571,-0.91,55,2,880.7,1
151880,3572,-1.64,42,3,764.8,1
151922,3573,-0.52,42,2,689.4,1
151972,3574,0.06,50,2,832.8,1
152000,3575,-2.87,28,1,468.8,1
152049,3576,-0.46,49,3,900.6,1
152081,3577,-4.23,32,1,456.9,1
152132,3578,1.21,51,2,751.1,1
152167,3579,-2.55,35,1,563.4,1
152222,3580,1.33,55,2,846.1,1
152257,3581,-3.95,35,1,520.4,1
152311,3582,1.83,54,3,1010.6,1
152340,3583,-3.16,29,1,418.8,1
152373,3584,-3.63,33,1,467.5,1
152414,3585,-2.53,41,2,624.9,1
152469,3586,1.04,55,3,929.8,1
152497,3587,-2.64,28,1,451.9,1
152524,3588,-4.40,27,1,449.9,1
152586,3589,-0.15,62,2,958.6,1
152641,3590,2.82,55,3,1039.0,1
152679,3591,-4.76,38,0,473.1,1
152722,3592,-1.79,43,2,671.0,1
152756,3593,-2.79,34,2,340.5,1
152809,3594,1.43,53,3,880.5,1
152871,3595,3.50,62,3,959.3,1
152914,3596,-0.10,43,2,767.5,1
152951,3597,-2.77,37,2,590.6,1
152991,3598,-0.66,40,2,656.3,1
153039,3599,0.78,48,2,843.1,1
153063,3600,-4.44,24,1,276.4,1
153097,3601,-3.28,34,1,459.0,1
153156,3602,2.14,59,3,1014.8,1
153188,3603,-2.93,32,1,526.8,1
153226,3604,-3.75,38,1,468.5,1
153260,3605,-2.72,34,1,540.7,1
153290,3606,-2.56,30,2,566.6,1
153316,3607,-3.38,26,1,458.0,1
153369,3608,-0.86,53,2,779.9,1
153426,3609,0.51,57,2,860.3,1
153450,3610,-5.24,24,1,354.8,1
153500,3611,0.61,50,2,984.3,1
153532,3612,-4.46,32,1,277.6,1
153576,3613,-3.01,44,1,558.7,1
153624,3614,0.23,48,2,650.3,1
153695,3615,3.91,71,3,972.4,1
153715,3616,-4.79,20,1,231.7,1
153779,3617,2.35,64,2,901.4,1
153834,3618,3.23,55,3,1041.1,1
153898,3619,2.90,64,2,1043.9,1
153935,3620,-1.96,37,2,560.0,1
153968,3621,-3.07,33,1,471.3,1
153996,3622,-5.10,28,1,205.3,1
154035,3623,-3.75,39,1,461.8,1
154073,3624,-3.55,38,1,477.2,1
154120,3625,-1.37,47,3,928.8,1
154185,3626,6.78,65,3,1113.1,1
154227,3627,-3.36,42,1,456.1,1
154282,3628,3.07,55,3,1027.7,1
154325,3629,-0.47,43,2,781.4,1
154359,3630,-3.30,34,1,495.0,1
154394,3631,-3.28,35,1,440.4,1
154449,3632,0.09,55,2,897.4,1
154487,3633,-2.71,38,1,513.6,1
154523,3634,-2.60,36,1,468.7,1
154570,3635,0.90,47,3,899.4,1
154608,3636,-0.85,38,3,556.8,1
154663,3637,-0.53,55,2,930.6,1
154698,3638,-3.63,35,1,533.4,1
154750,3639,2.35,52,3,1008.1,1
154804,3640,-1.05,54,3,1021.4,1
154861,3641,0.60,57,2,830.3,1
154927,3642,2.77,66,3,1031.3,1
154948,3643,-3.13,21,2,343.7,1
154990,3644,-1.66,42,2,621.0,1
155017,3645,-3.64,27,1,288.0,1
155042,3646,-4.48,25,0,470.1,1
155095,3647,-2.43,53,1,943.2,1
155117,3648,-5.77,22,1,176.5,1
155170,3649,-1.04,53,2,832.6,1
155230,3650,-0.58,60,2,906.6,1
155264,3651,-3.47,34,1,502.8,1
155311,3652,0.88,47,2,844.3,1
155352,3653,-1.99,41,2,851.9,1
155387,3654,-0.98,35,2,458.0,1
155412,3655,-3.54,25,1,472.2,1
155464,3656,-0.38,52,2,740.9,1
155492,3657,-3.79,28,1,492.9,1
155525,3658,-3.37,33,1,514.8,1
155570,3659,-0.44,45,2,819.3,1
155607,3660,-2.32,37,2,638.1,1
155654,3661,-0.35,47,2,826.0,1
155685,3662,-3.42,31,1,492.0,1
155725,3663,-1.63,40,2,606.8,1
155782,3664,1.74,57,3,963.2,1
155838,3665,1.02,56,3,937.4,1
155904,3666,4.95,66,3,1000.3,1
155969,3667,3.26,65,3,1082.6,1
156003,3668,-2.69,34,2,497.7,1
156046,3669,-2.66,43,2,717.2,1
156100,3670,0.12,54,2,877.2,1
156152,3671,1.42,52,2,916.8,1
156198,3672,0.16,46,2,803.5,1
156253,3673,2.38,55,3,908.2,1
156307,3674,1.30,54,3,864.9,1
156343,3675,-3.94,36,1,494.9,1
156365,3676,-4.55,22,1,184.8,1
156402,3677,-2.38,37,1,591.6,1
156452,3678,-0.33,50,2,853.1,1
156484,3679,-3.02,32,1,466.0,1
156539,3680,0.62,55,2,818.3,1
156570,3681,-3.00,31,1,507.0,1
156608,3682,-2.99,38,1,497.0,1
156638,3683,-4.29,30,1,480.6,1
156695,3684,-1.48,57,2,910.9,1
156747,3685,0.55,52,2,924.4,1
156778,3686,-3.48,31,1,463.0,1
156810,3687,-4.96,32,1,645.4,1
156862,3688,2.80,52,3,851.1,1
156897,3689,-3.14,35,1,502.6,1
156938,3690,-3.99,41,1,320.9,1
157016,3691,2.48,78,3,990.1,1
157037,3692,-3.96,21,1,275.3,1
157072,3693,-2.91,35,2,349.5,1
157115,3694,-0.74,43,2,725.2,1
157143,3695,-2.98,28,1,483.8,1
157179,3696,-3.05,36,1,620.0,1
157211,3697,-3.94,32,1,580.2,1
157269,3698,1.75,58,3,1029.9,1
157330,3699,0.84,61,3,967.5,1
157364,3700,-2.34,34,1,475.8,1
157389,3701,-4.68,25,1,230.8,1
157422,3702,-4.54,33,1,260.0,1
157458,3703,-3.13,36,1,456.0,1
157510,3704,-1.93,52,2,855.1,1
157537,3705,-3.14,27,1,436.5,1
157562,3706,-5.62,25,1,200.0,1
157596,3707,-3.16,34,2,346.5,1
157645,3708,0.53,49,3,923.0,1
157700,3709,-0.66,55,2,843.7,1
157748,3710,2.21,48,3,1013.9,1
157792,3711,-0.47,44,2,686.2,1
157827,3712,-2.86,35,1,572.3,1
157885,3713,-0.46,58,3,934.4,1
157917,3714,-3.46,32,1,501.0,1
157962,3715,-1.79,45,2,887.6,1
158020,3716,3.89,58,3,1113.2,1
158054,3717,-3.98,34,1,295.5,1
158119,3718,2.40,65,3,1072.5,1
158151,3719,-3.14,32,1,506.8,1
158205,3720,1.64,54,3,844.6,1
158259,3721,0.21,54,2,846.7,1
158316,3722,0.40,57,2,903.8,1
158346,3723,-4.47,30,1,357.8,1
158394,3724,0.18,48,2,848.6,1
158426,3725,-2.49,32,2,379.3,1
158454,3726,-2.85,28,1,408.6,1
158503,3727,-2.20,49,2,860.0,1
158535,3728,-3.66,32,1,478.7,1
158601,3729,5.89,66,3,1124.8,1
158633,3730,-2.30,32,1,502.9,1
158682,3731,-0.09,49,2,952.7,1
158736,3732,0.94,54,2,951.6,1
158785,3733,-0.17,49,2,847.5,1
158821,3734,-3.41,36,1,461.2,1
158839,3735,-5.54,18,1,188.0,1
158872,3736,-3.73,33,1,482.9,1
158939,3737,2.33,67,2,1122.0,1
158979,3738,-0.11,40,2,770.9,1
159014,3739,-3.05,35,2,347.0,1
159044,3740,-3.58,30,1,468.0,1
159094,3741,1.12,50,3,1046.7,1
159134,3742,-0.60,40,2,659.5,1
159166,3743,-2.98,32,1,422.6,1
159218,3744,1.76,52,3,970.9,1
159264,3745,0.56,46,2,876.5,1
159285,3746,-4.31,21,1,240.8,1
159353,3747,3.85,68,4,1000.3,1
159388,3748,-2.15,35,2,610.0,1
159451,3749,2.65,63,3,1036.0,1
159494,3750,0.28,43,2,885.6,1
159520,3751,-7.03,26,1,183.9,1
159585,3752,2.89,65,3,1006.5,1
159647,3753,1.21,62,3,847.2,1
159681,3754,-2.40,34,2,604.2,1
159769,3755,29.81,88,4,1279.2,0
159826,3756,0.02,57,2,1033.5,1
159861,3757,-3.72,35,1,506.2,1
159896,3758,-3.97,35,1,498.5,1
159952,3759,0.74,56,2,1029.0,1
160008,3760,3.78,56,3,999.0,1
160052,3761,-3.38,44,1,569.9,1
160123,3762,4.08,71,3,840.7,1
160148,3763,-4.29,25,1,353.7,1
160192,3764,0.21,44,2,834.4,1
160220,3765,-2.10,28,2,365.8,1
160261,3766,-3.02,41,2,526.4,1
160290,3767,-2.70,29,1,491.0,1
160343,3768,-0.15,53,2,854.6,1
160394,3769,0.88,51,2,877.6,1
160455,3770,1.61,61,3,950.6,1
160515,3771,2.83,60,3,956.0,1
160550,3772,-3.59,35,1,494.2,1
160584,3773,-2.77,34,1,600.6,1
160645,3774,0.59,61,3,879.3,1
160674,3775,-5.39,29,0,548.0,1
160708,3776,-3.80,34,1,505.1,1
160772,3777,0.41,64,2,876.1,1
160806,3778,-4.05,34,1,468.7,1
160854,3779,-1.26,48,2,893.7,1
160882,3780,-2.95,28,2,448.7,1
160932,3781,0.63,50,2,745.6,1
160959,3782,-2.57,27,2,493.1,1
161044,3783,6.39,85,3,1257.0,1
161085,3784,-3.90,41,1,918.2,1
161143,3785,0.70,58,2,1044.0,1
161186,3786,-1.65,43,2,577.5,1
161260,3787,24.70,74,3,1278.7,0
161313,3788,2.13,53,3,942.3,1
161339,3789,-2.89,26,1,407.7,1
161382,3790,0.40,43,2,838.9,1
161428,3791,0.15,46,3,860.9,1
161456,3792,-3.71,28,1,473.1,1
161488,3793,-4.26,32,1,512.8,1
161546,3794,-1.07,58,1,787.2,1
161598,3795,1.10,52,2,802.3,1
161634,3796,-4.72,36,1,473.9,1
161660,3797,-4.78,26,1,483.4,1
161730,3798,1.15,70,2,826.6,1
161779,3799,0.47,49,2,913.2,1
161821,3800,-1.80,42,2,527.9,1
161888,3801,5.63,67,3,1192.8,1
161941,3802,0.19,53,2,809.0,1
161985,3803,-1.38,44,2,675.4,1
162010,3804,-3.81,25,1,319.0,1
162062,3805,-0.90,52,2,967.8,1
162126,3806,4.26,64,3,1059.0,1
162175,3807,-1.10,49,2,956.2,1
162230,3808,0.32,55,2,947.1,1
162297,3809,-4.43,67,3,670.5,1
162325,3810,-2.02,28,2,505.1,1
162346,3811,-4.92,21,1,225.9,1
162384,3812,-1.89,38,2,609.4,1
162438,3813,-0.58,54,2,854.5,1
162490,3814,-0.41,52,2,955.3,1
162538,3815,-2.15,48,2,892.9,1
162581,3816,-2.75,43,1,664.6,1
162617,3817,-3.59,36,1,498.0,1
162669,3818,-0.58,52,2,961.3,1
162714,3819,-0.41,45,2,850.9,1
162753,3820,-1.98,39,2,590.9,1
162810,3821,2.13,57,2,859.3,1
162866,3822,-0.20,56,2,889.4,1
162909,3823,-0.08,43,3,895.4,1
162961,3824,-0.17,52,2,903.1,1
162996,3825,-4.87,35,1,465.0,1
163033,3826,-3.19,37,1,536.2,1
163078,3827,-0.28,45,2,824.8,1
163112,3828,-4.43,34,1,513.8,1
163161,3829,1.00,49,2,1004.4,1
163218,3830,4.29,57,3,1113.7,1
163250,3831,-4.17,32,1,517.0,1
163310,3832,-0.39,60,2,909.7,1
163340,3833,-4.55,30,0,440.8,1
163365,3834,-4.18,25,1,268.0,1
163420,3835,1.54,55,3,1082.7,1
163465,3836,1.28,45,2,821.2,1
163498,3837,-3.17,33,1,528.2,1
163529,3838,-4.04,31,1,435.5,1
163569,3839,-1.57,40,1,744.5,1
163618,3840,-3.67,49,2,844.5,1
163667,3841,-0.04,49,2,888.1,1
163689,3842,-4.70,22,1,226.8,1
163753,3843,0.91,64,2,781.7,1
163784,3844,-3.45,31,1,512.3,1
163835,3845,0.45,51,2,897.1,1
163869,3846,-4.18,34,1,311.9,1
163914,3847,0.24,45,2,832.9,1
163940,3848,-5.09,26,1,522.8,1
163995,3849,-0.50,55,2,1024.8,1
164029,3850,-4.56,34,1,305.2,1
164079,3851,-0.04,50,2,846.5,1
164136,3852,1.28,57,2,947.6,1
164166,3853,-3.74,30,1,491.6,1
164205,3854,-3.83,39,1,400.4,1
164234,3855,-4.31,29,1,454.0,1
164268,3856,-4.46,34,1,342.6,1
164323,3857,-0.04,55,2,906.0,1
164355,3858,-3.02,32,1,468.3,1
164387,3859,-3.62,32,1,447.5,1
164445,3860,-1.36,58,2,771.8,1
164493,3861,0.43,48,2,746.1,1
164535,3862,-3.98,42,1,484.7,1
164602,3863,1.66,67,3,841.8,1
164638,3864,-2.55,36,2,580.6,1
164667,3865,-4.01,29,1,437.0,1
164714,3866,-0.32,47,2,857.7,1
164760,3867,-1.14,46,2,918.3,1
164794,3868,-3.34,34,1,538.4,1
164848,3869,0.47,54,2,1037.8,1
164886,3870,-3.48,38,1,487.2,1
164920,3871,-3.13,34,1,530.3,1
164957,3872,-2.81,37,1,474.7,1
165016,3873,1.74,59,3,1133.8,1
165076,3874,0.86,60,2,709.3,1
165129,3875,2.05,53,3,901.7,1
165186,3876,-0.40,57,2,953.9,1
165223,3877,-2.53,37,1,660.7,1
165259,3878,-3.43,36,1,475.4,1
165295,3879,-3.15,36,1,474.2,1
165331,3880,-3.06,36,1,479.2,1
165372,3881,-2.80,41,2,571.9,1
165436,3882,2.04,64,2,855.0,1
165470,3883,-2.54,34,2,351.8,1
165522,3884,-0.91,52,2,867.2,1
165577,3885,1.53,55,2,821.8,1
165613,3886,-0.99,36,2,626.7,1
165650,3887,-3.69,37,1,513.2,1
165672,3888,-5.66,22,1,172.2,1
165728,3889,1.92,56,3,992.9,1
165760,3890,-3.56,32,1,476.9,1
165816,3891,0.61,56,2,822.6,1
165849,3892,-2.03,33,2,335.5,1
165914,3893,3.90,65,3,896.9,1
165988,3894,25.58,74,3,1281.1,0
166020,3895,-3.43,32,1,512.4,1
166077,3896,-0.83,57,2,901.3,1
166100,3897,-5.46,23,1,183.2,1
166124,3898,-5.45,24,1,412.8,1
166171,3899,-1.89,47,1,705.6,1
166205,3900,-4.58,34,1,243.1,1
166260,3901,0.85,55,2,941.7,1
166311,3902,-3.30,51,2,829.4,1
166344,3903,-2.60,33,2,499.2,1
166367,3904,-5.87,23,1,174.1,1
166427,3905,0.33,60,2,959.5,1
166496,3906,3.54,69,3,1089.7,1
166555,3907,2.04,59,3,968.6,1
166589,3908,-4.16,34,1,521.5,1
166619,3909,-5.30,30,0,537.6,1
166652,3910,-2.68,33,1,494.1,1
166704,3911,-1.30,52,2,601.5,1
166762,3912,1.28,58,2,877.8,1
166784,3913,-4.69,22,1,243.3,1
166840,3914,0.62,56,2,916.7,1
166906,3915,2.48,66,3,1147.4,1
166941,3916,-3.82,35,1,330.9,1
166974,3917,-4.19,33,1,476.1,1
167003,3918,-3.31,29,2,512.9,1
167042,3919,-0.12,39,3,617.8,1
167069,3920,-3.84,27,1,494.0,1
167123,3921,-2.03,54,2,878.4,1
167155,3922,-3.54,32,1,474.6,1
167187,3923,-3.64,32,1,457.0,1
167243,3924,0.24,56,3,966.3,1
167274,3925,-3.02,31,1,470.0,1
167310,3926,-3.68,36,1,520.7,1
167389,3927,-5.04,79,3,664.5,1
167411,3928,-4.83,22,1,271.9,1
167465,3929,-1.04,54,2,823.6,1
167513,3930,-2.09,48,2,802.5,1
167567,3931,1.88,54,2,861.3,1
167623,3932,2.48,56,3,960.9,1
167653,3933,-5.13,30,0,488.9,1
167706,3934,1.58,53,3,779.1,1
167763,3935,1.48,57,3,1013.8,1
167796,3936,-2.93,33,1,535.7,1
167840,3937,-1.71,44,2,880.1,1
167889,3938,-0.99,49,2,844.7,1
167933,3939,0.08,44,3,888.0,1
167982,3940,-0.77,49,2,647.9,1
168003,3941,-4.52,21,1,262.1,1
168049,3942,-0.57,46,3,849.7,1
168081,3943,-4.56,32,1,495.9,1
168112,3944,-4.72,31,0,489.8,1
168139,3945,-5.03,27,1,236.2,1
168164,3946,-4.28,25,1,276.6,1
168199,3947,-2.07,35,2,424.8,1
168261,3948,0.18,62,2,875.3,1
168318,3949,0.42,57,3,948.8,1
168370,3950,0.42,52,2,956.9,1
168428,3951,-0.85,58,3,942.0,1
168485,3952,-0.07,57,2,823.3,1
168551,3953,1.66,66,2,861.2,1
168604,3954,-0.42,53,2,827.3,1
168659,3955,-1.40,55,2,857.2,1
168712,3956,-0.77,53,3,1033.4,1
168747,3957,-3.99,35,1,403.9,1
168785,3958,-2.15,38,2,518.3,1
168808,3959,-2.97,23,2,399.7,1
168855,3960,-1.72,47,2,862.4,1
168913,3961,1.96,58,3,968.1,1
168958,3962,-1.66,45,2,834.1,1
168995,3963,-3.32,37,1,568.2,1
169021,3964,-4.20,26,1,474.4,1
169074,3965,0.85,53,2,645.3,1
169134,3966,2.61,60,2,860.0,1
169168,3967,-4.74,34,1,300.1,1
169205,3968,-3.60,37,1,603.5,1
169272,3969,0.75,67,3,1086.0,1
169327,3970,1.01,55,2,926.1,1
169381,3971,0.85,54,2,850.9,1
169407,3972,-4.80,26,1,240.4,1
169449,3973,-2.80,42,1,812.7,1
169488,3974,-4.42,39,1,468.2,1
169544,3975,1.89,56,3,924.5,1
169609,3976,0.52,65,2,1004.7,1
169668,3977,2.69,59,3,1014.5,1
169702,3978,-4.55,34,1,475.4,1
169765,3979,0.12,63,2,676.8,1
169807,3980,-3.39,42,1,551.0,1
169854,3981,-0.44,47,2,855.9,1
169894,3982,-3.14,40,1,687.3,1
169953,3983,0.66,59,3,915.6,1
170018,3984,0.93,65,3,1047.2,1
170055,3985,-4.72,37,1,609.4,1
170089,3986,-2.97,34,2,346.1,1
170125,3987,-3.12,36,1,464.4,1
170158,3988,-4.14,33,1,464.8,1
170184,3989,-5.06,26,1,221.3,1
170237,3990,1.80,53,2,880.4,1
170273,3991,-3.36,36,1,493.9,1
170310,3992,-3.47,37,1,685.6,1
170363,3993,-1.51,53,2,802.7,1
170417,3994,1.08,54,3,1039.0,1
170453,3995,-5.00,36,1,467.2,1
170502,3996,-1.12,49,1,827.8,1
170558,3997,-0.25,56,2,964.9,1
170594,3998,-2.34,36,2,649.6,1
170649,3999,-0.25,55,2,820.8,1
170671,4000,-5.05,22,1,207.8,1
170725,4001,-0.05,54,3,798.1,1
170784,4002,-0.25,59,2,953.3,1
170815,4003,-4.49,31,1,468.8,1
170846,4004,-4.19,31,1,538.9,1
170904,4005,0.09,58,2,825.7,1
170942,4006,-3.38,38,1,554.8,1
170976,4007,-3.93,34,1,579.0,1
171007,4008,-5.26,31,0,474.0,1
171059,4009,-1.47,52,2,849.4,1
171114,4010,1.69,55,2,942.5,1
171161,4011,-1.35,47,3,854.5,1
171201,4012,-3.08,40,1,359.2,1
171240,4013,-2.39,39,2,572.2,1
171268,4014,-2.84,28,1,461.1,1
171322,4015,-1.62,54,2,810.0,1
171366,4016,-1.73,44,2,634.7,1
171422,4017,2.08,56,2,873.8,1
171459,4018,-3.55,37,1,539.6,1
171511,4019,-2.21,52,2,875.2,1
171549,4020,-6.85,38,0,235.2,1
171601,4021,-1.11,52,2,918.9,1
171665,4022,1.68,64,2,859.3,1
171729,4023,0.94,64,3,1041.5,1
171794,4024,1.70,65,3,916.9,1
171832,4025,-4.08,38,1,460.8,1
171875,4026,-1.40,43,1,816.0,1
171903,4027,-5.35,28,1,439.9,1
171961,4028,1.43,58,3,942.3,1
171998,4029,-3.31,37,1,533.5,1
172049,4030,-0.10,51,2,890.3,1
172100,4031,1.02,51,3,1010.3,1
172136,4032,-4.43,36,1,480.3,1
172167,4033,-3.76,31,1,501.2,1
172202,4034,-3.74,35,1,460.8,1
172268,4035,5.08,66,3,1094.4,1
172327,4036,1.16,59,2,823.0,1
172386,4037,-0.70,59,2,943.9,1
172420,4038,-3.98,34,1,336.6,1
172457,4039,-4.73,37,1,475.9,1
172515,4040,-0.11,58,2,1075.4,1
172549,4041,-3.28,34,1,671.6,1
172595,4042,-0.58,46,2,807.8,1
172629,4043,-6.02,34,0,468.9,1
172684,4044,-1.42,55,3,840.9,1
172741,4045,2.36,57,3,1032.6,1
172798,4046,-0.32,57,2,1042.5,1
172858,4047,2.94,60,2,855.5,1
172911,4048,-1.20,53,2,861.2,1
172947,4049,-3.95,36,1,520.6,1
172998,4050,0.92,51,2,822.9,1
173056,4051,2.62,58,3,896.3,1
173102,4052,-0.20,46,2,739.2,1
173128,4053,-3.78,26,2,311.5,1
173183,4054,0.84,55,3,882.4,1
173209,4055,-7.03,26,0,195.5,1
173268,4056,1.73,59,3,805.8,1
173328,4057,3.51,60,4,1178.3,1
173384,4058,2.07,56,2,894.7,1
173416,4059,-3.01,32,1,483.6,1
173455,4060,-1.71,39,2,622.9,1
173512,4061,2.06,57,2,913.3,1
173577,4062,2.17,65,2,883.7,1
173629,4063,0.63,52,2,944.1,1
173665,4064,-2.42,36,1,462.4,1
173714,4065,-0.30,49,2,858.1,1
173781,4066,3.13,67,3,1078.7,1
173812,4067,-4.96,31,1,376.0,1
173834,4068,-5.92,22,0,302.1,1
173891,4069,2.05,57,3,1009.8,1
173927,4070,-2.91,36,1,480.5,1
173963,4071,-1.51,36,2,644.5,1
173993,4072,-3.88,30,1,455.0,1
174030,4073,-3.52,37,1,548.3,1
174091,4074,2.55,61,2,821.6,1
174152,4075,0.18,61,2,804.9,1
174186,4076,-4.64,34,1,436.7,1
174220,4077,-4.44,34,1,310.1,1
174262,4078,-3.41,42,1,531.3,1
174299,4079,-3.87,37,1,617.2,1
174333,4080,-3.19,34,1,466.6,1
174368,4081,-3.63,35,1,466.3,1
174404,4082,-3.85,36,1,362.2,1
174437,4083,-3.34,33,2,507.9,1
174491,4084,0.43,54,3,897.8,1
174546,4085,0.67,55,3,938.6,1
174574,4086,-2.68,28,2,472.0,1
174631,4087,1.73,57,3,988.7,1
174681,4088,0.17,50,2,815.0,1
174736,4089,1.20,55,2,792.5,1
174791,4090,0.24,55,2,829.9,1
174850,4091,0.45,59,2,862.1,1
174905,4092,2.36,55,3,929.9,1
174940,4093,-2.98,35,2,539.0,1
174973,4094,-3.23,33,1,511.3,1
175031,4095,1.00,58,2,876.2,1
175096,4096,2.43,65,2,882.4,1
175165,4097,0.66,69,3,1081.1,1
175199,4098,-4.47,34,1,237.2,1
175248,4099,-2.79,49,1,879.7,1
175310,4100,1.05,62,2,996.3,1
175369,4101,2.19,59,3,835.5,1
175421,4102,1.48,52,3,985.5,1
175474,4103,-0.43,53,2,861.4,1
175510,4104,-3.47,36,1,436.7,1
175559,4105,-1.00,49,2,912.7,1
175579,4106,-6.56,20,0,237.9,1
175614,4107,-4.62,35,1,264.7,1
175637,4108,-5.07,23,1,267.5,1
175657,4109,-4.41,20,1,287.6,1
175692,4110,-2.12,35,2,591.8,1
175746,4111,1.55,54,3,786.7,1
175781,4112,-2.72,35,2,425.2,1
175816,4113,-2.34,35,2,451.6,1
175871,4114,0.22,55,2,805.6,1
175909,4115,-3.24,38,1,514.5,1
175962,4116,0.97,53,2,828.9,1
176016,4117,0.15,54,2,874.4,1
176048,4118,-3.47,32,1,310.7,1
176083,4119,-3.54,35,1,487.8,1
176136,4120,-0.04,53,3,1029.4,1
176162,4121,-3.40,26,1,371.6,1
176191,4122,-4.94,29,1,253.6,1
176256,4123,3.17,65,4,973.0,1
176312,4124,-0.19,56,2,870.1,1
176368,4125,0.22,56,2,891.1,1
176433,4126,2.61,65,3,1038.6,1
176468,4127,-1.80,35,2,466.4,1
176510,4128,1.34,42,2,649.8,1
176533,4129,-5.09,23,1,191.6,1
176565,4130,-3.06,32,1,430.9,1
176609,4131,-0.19,44,2,696.5,1
176627,4132,-5.73,18,0,310.7,1
176685,4133,-0.40,58,2,863.8,1
176721,4134,-3.40,36,1,336.8,1
176860,4135,1.29,139,4,840.7,1
176893,4136,-4.02,33,1,376.6,1
176953,4137,1.37,60,3,987.1,1
176989,4138,-3.62,36,1,465.3,1
177025,4139,-4.01,36,1,334.3,1
177060,4140,-3.72,35,1,483.0,1
177112,4141,-0.66,52,2,854.9,1
177170,4142,0.83,58,2,744.4,1
177204,4143,-3.19,34,2,341.6,1
177267,4144,0.12,63,2,870.7,1
177323,4145,-0.59,56,2,802.8,1
177370,4146,1.18,47,2,866.9,1
177402,4147,-3.58,32,1,547.6,1
177468,4148,5.88,66,3,1104.3,1
177531,4149,0.80,63,3,966.0,1
177589,4150,2.08,58,3,1016.4,1
177650,4151,-0.80,61,2,826.9,1
177731,4152,29.36,81,4,1278.3,0
177767,4153,-5.52,36,1,506.7,1
177822,4154,2.00,55,2,865.6,1
177887,4155,0.30,65,2,991.2,1
177928,4156,-2.92,41,1,870.9,1
177958,4157,-3.40,30,2,356.0,1
178013,4158,2.96,55,3,933.7,1
178068,4159,-0.12,55,2,911.7,1
178097,4160,-3.66,29,1,432.2,1
178152,4161,0.11,55,2,846.8,1
178211,4162,2.07,59,2,831.3,1
178258,4163,-0.21,47,2,805.7,1
178318,4164,1.97,60,2,844.5,1
178354,4165,-3.60,36,1,494.6,1
178411,4166,1.36,57,2,828.8,1
178449,4167,-4.66,38,1,564.0,1
178499,4168,-0.24,50,3,832.3,1
178553,4169,0.51,54,2,908.2,1
178612,4170,2.06,59,2,928.8,1
178661,4171,0.77,49,2,863.2,1
178696,4172,-3.59,35,1,465.2,1
178756,4173,1.34,60,3,863.5,1
178811,4174,1.08,55,3,906.4,1
178879,4175,3.59,68,2,1127.7,1
178932,4176,0.33,53,2,846.4,1
178984,4177,0.00,52,2,811.3,1
179049,4178,1.46,65,3,1036.9,1
179089,4179,-1.24,40,2,675.3,1
179155,4180,4.00,66,3,1044.8,1
179190,4181,-2.97,35,1,332.9,1
179224,4182,-3.07,34,1,493.1,1
179279,4183,-0.19,55,2,871.3,1
179304,4184,-3.27,25,1,363.5,1
179354,4185,-2.30,50,1,550.8,1
179387,4186,-4.92,33,0,386.4,1
179421,4187,-5.34,34,1,176.7,1
179455,4188,-4.80,34,1,334.0,1
179516,4189,0.72,61,3,924.4,1
179543,4190,-3.47,27,1,293.2,1
179587,4191,0.08,44,2,862.3,1
179614,4192,-3.05,27,1,455.7,1
179655,4193,-3.26,41,1,506.2,1
179693,4194,-3.22,38,1,469.4,1
179730,4195,-5.00,37,1,555.0,1
179757,4196,-3.95,27,1,464.2,1
179790,4197,-3.04,33,1,468.6,1
179843,4198,-0.35,53,2,806.1,1
179895,4199,1.34,52,3,896.4,1
179940,4200,0.68,45,2,901.7,1
180002,4201,1.97,62,2,761.0,1
180067,4202,0.39,65,2,931.7,1
180089,4203,-5.64,22,1,147.5,1
180130,4204,-3.37,41,1,468.3,1
180197,4205,5.06,67,3,990.8,1
180261,4206,2.36,64,2,775.8,1
180298,4207,-4.55,37,1,483.1,1
180357,4208,-0.25,59,2,879.0,1
180411,4209,-0.39,54,2,743.1,1
180467,4210,1.79,56,2,848.6,1
180536,4211,3.04,69,2,1010.7,1
180596,4212,-0.37,60,2,774.5,1
180618,4213,-4.98,22,1,225.3,1
180649,4214,-5.41,31,0,470.4,1
180684,4215,-5.88,35,0,321.7,1
180721,4216,-2.84,37,1,461.6,1
180755,4217,-3.42,34,1,315.8,1
180829,4218,1.81,74,2,807.5,1
180866,4219,-3.14,37,1,537.4,1
180914,4220,-0.59,48,2,821.9,1
180947,4221,-3.14,33,1,461.1,1
181000,4222,-0.12,53,2,838.0,1
181027,4223,-2.80,27,2,426.2,1
181083,4224,1.32,56,3,967.1,1
181119,4225,-3.29,36,1,482.9,1
181150,4226,-2.04,31,2,385.7,1
181182,4227,-3.58,32,1,491.2,1
181216,4228,-3.50,34,2,281.2,1
181273,4229,0.62,57,2,921.4,1
181313,4230,-2.42,40,2,603.0,1
181379,4231,2.47,66,3,919.6,1
181430,4232,0.18,51,2,735.6,1
181494,4233,2.16,64,3,881.8,1
181532,4234,-3.89,38,2,455.1,1
181565,4235,-2.92,33,1,420.4,1
181631,4236,0.55,66,3,1023.9,1
181656,4237,-4.97,25,1,200.4,1
181693,4238,-3.06,37,1,550.5,1
181758,4239,1.55,65,3,913.7,1
181812,4240,1.45,54,3,878.0,1
181880,4241,2.68,68,2,797.4,1
181935,4242,1.41,55,2,791.1,1
181976,4243,-4.53,41,1,258.0,1
182063,4244,0.84,87,2,910.0,1
182118,4245,0.81,55,2,854.7,1
182152,4246,-4.57,34,1,311.6,1
182187,4247,-4.98,35,1,237.8,1
182221,4248,-4.40,34,1,327.5,1
182272,4249,-0.14,51,2,760.4,1
182295,4250,-5.49,23,1,198.9,1
182361,4251,1.60,66,2,881.4,1
182410,4252,-0.14,49,2,696.2,1
182442,4253,-2.61,32,1,474.8,1
182510,4254,1.28,68,2,941.1,1
182548,4255,-3.54,38,1,469.4,1
182589,4256,-1.89,41,2,666.5,1
182609,4257,-4.36,20,1,260.6,1
182646,4258,-3.56,37,1,466.2,1
182707,4259,2.86,61,3,1006.0,1
182759,4260,-1.99,52,2,890.5,1
182798,4261,-0.38,39,2,573.3,1
182834,4262,-3.73,36,1,516.3,1
182876,4263,-2.91,42,2,705.7,1
182909,4264,-3.34,33,1,471.3,1
182927,4265,-7.24,18,0,94.7,1
182990,4266,1.04,63,2,702.8,1
183030,4267,-3.64,40,1,496.4,1
183088,4268,0.23,58,2,832.1,1
183113,4269,-4.94,25,1,217.9,1
183170,4270,0.28,57,2,806.5,1
183204,4271,-3.69,34,1,296.0,1
183263,4272,1.26,59,3,857.3,1
183323,4273,1.73,60,3,862.4,1
183358,4274,-2.78,35,1,444.3,1
183412,4275,-2.51,54,1,742.7,1
183445,4276,-4.54,33,1,449.0,1
183483,4277,-3.22,38,1,458.2,1
183518,4278,-3.66,35,1,475.0,1
183552,4279,-3.13,34,2,289.9,1
183588,4280,-3.14,36,1,409.2,1
183652,4281,0.97,64,2,946.3,1
183676,4282,-6.13,24,1,176.4,1
183729,4283,0.41,53,2,876.5,1
183787,4284,1.71,58,2,798.5,1
183822,4285,-2.89,35,1,364.0,1
183889,4286,0.31,67,2,701.6,1
183925,4287,-1.23,36,2,564.3,1
183959,4288,-3.22,34,1,468.2,1
183993,4289,-3.59,34,2,353.6,1
184049,4290,0.36,56,2,976.1,1
184114,4291,1.96,65,2,978.8,1
184143,4292,-3.67,29,1,376.1,1
184178,4293,-2.82,35,1,503.0,1
184245,4294,1.36,67,2,901.9,1
184308,4295,2.51,63,3,979.7,1
184377,4296,-0.90,69,2,931.1,1
184420,4297,-2.74,43,1,767.0,1
184457,4298,-3.79,37,1,487.5,1
184494,4299,-2.40,37,2,564.1,1
184555,4300,1.11,61,2,984.3,1
184625,4301,1.23,70,3,927.8,1
184682,4302,2.09,57,2,871.1,1
184731,4303,-0.13,49,2,602.5,1
184772,4304,-3.37,41,1,484.6,1
184831,4305,0.85,59,2,776.1,1
184887,4306,-0.14,56,2,888.7,1
184917,4307,-4.75,30,1,235.2,1
184951,4308,-5.25,34,1,222.8,1
185000,4309,-1.48,49,2,706.2,1
185032,4310,-2.97,32,1,471.9,1
185088,4311,1.43,56,2,903.3,1
185120,4312,-5.13,32,1,509.3,1
185177,4313,1.10,57,4,925.9,1
185225,4314,-2.98,48,1,633.0,1
185263,4315,-4.96,38,1,462.8,1
185325,4316,4.02,62,3,933.9,1
185369,4317,-3.10,44,1,513.1,1
185399,4318,-3.57,30,1,331.4,1
185467,4319,1.01,68,2,1006.4,1
185495,4320,-4.07,28,1,340.5,1
185529,4321,-5.20,34,1,192.6,1
185600,4322,2.23,71,3,961.4,1
185638,4323,-3.64,38,1,487.5,1
185671,4324,-4.84,33,1,259.9,1
185730,4325,0.85,59,3,1001.1,1
185791,4326,0.27,61,2,884.7,1
185868,4327,2.60,77,3,1080.1,1
185901,4328,-3.54,33,1,486.5,1
185937,4329,-3.32,36,1,453.0,1
186001,4330,0.93,64,2,904.2,1
186054,4331,-0.38,53,2,761.9,1
186085,4332,-3.58,31,1,357.6,1
186140,4333,-1.03,55,2,926.0,1
186186,4334,-1.83,46,1,661.7,1
186246,4335,1.57,60,2,857.1,1
186286,4336,-3.85,40,1,318.1,1
186323,4337,-2.71,37,1,466.1,1
186369,4338,-1.37,46,2,484.0,1
186425,4339,0.64,56,2,582.4,1
186464,4340,-4.29,39,1,294.1,1
186501,4341,-3.79,37,1,490.0,1
186565,4342,1.17,64,2,921.0,1
186653,4343,5.62,88,3,954.7,1
186687,4344,-4.72,34,1,217.2,1
186743,4345,-0.12,56,2,782.9,1
186776,4346,-4.65,33,0,559.1,1
186837,4347,1.14,61,2,855.6,1
186883,4348,-2.47,46,2,575.9,1
186920,4349,-3.56,37,1,517.7,1
186975,4350,-1.49,55,2,778.7,1
187000,4351,-4.65,25,1,268.1,1
187034,4352,-3.82,34,1,444.7,1
187094,4353,-0.46,60,2,864.3,1
187130,4354,-2.35,36,2,360.0,1
187165,4355,-3.83,35,1,468.3,1
187195,4356,-3.83,30,1,291.3,1
187264,4357,2.86,69,2,841.5,1
187307,4358,-2.51,43,1,393.4,1
187368,4359,-0.45,61,3,878.3,1
187394,4360,-5.94,26,1,177.8,1
187471,4361,1.05,77,2,865.7,1
187533,4362,-0.23,62,3,903.4,1
187562,4363,-4.38,29,1,476.7,1
187627,4364,1.10,65,3,850.3,1
187694,4365,0.46,67,2,692.2,1
187723,4366,-5.19,29,0,457.2,1
187780,4367,0.13,57,2,727.9,1
187875,4368,1.05,95,3,892.2,1
187958,4369,-3.02,83,2,568.5,1
187998,4370,-2.91,40,1,495.7,1
188035,4371,-4.11,37,1,490.1,1
188069,4372,-5.53,34,1,221.5,1
188137,4373,0.48,68,2,855.8,1
188206,4374,-0.07,69,2,926.1,1
188265,4375,0.18,59,2,580.1,1
188303,4376,-4.08,38,1,499.7,1
188359,4377,-0.67,56,2,796.8,1
188394,4378,-4.49,35,1,423.5,1
188434,4379,-2.33,40,1,468.7,1
188500,4380,0.35,66,2,813.7,1
188536,4381,-4.45,36,1,432.3,1
188556,4382,-6.72,20,1,125.5,1
188621,4383,2.38,65,2,787.1,1
188657,4384,-3.61,36,1,420.6,1
188692,4385,-3.20,35,1,527.7,1
188726,4386,-3.77,34,1,465.7,1
188786,4387,0.74,60,2,888.8,1
188851,4388,0.33,65,2,981.7,1
188886,4389,-2.93,35,1,475.9,1
188925,4390,-2.77,39,1,480.5,1
188984,4391,-0.52,59,2,747.7,1
189019,4392,-3.89,35,1,334.5,1
189055,4393,-4.72,36,1,298.1,1
189097,4394,-2.00,42,2,576.1,1
189157,4395,0.04,60,2,820.3,1
189192,4396,-3.05,35,1,456.2,1
189226,4397,-4.83,34,1,261.7,1
189262,4398,-2.65,36,2,455.5,1
189298,4399,-4.32,36,1,476.3,1
189331,4400,-5.86,33,1,192.9,1
189365,4401,-4.76,34,1,374.6,1
189399,4402,-3.78,34,2,289.6,1
189433,4403,-4.59,34,1,335.3,1
189493,4404,3.67,60,3,805.5,1
189535,4405,-3.50,42,1,494.2,1
189566,4406,-2.83,31,2,319.2,1
189619,4407,-0.12,53,2,763.8,1
189679,4408,-0.14,60,2,846.0,1
189721,4409,-2.93,42,1,491.8,1
189754,4410,-5.71,33,1,229.7,1
189788,4411,-3.70,34,2,277.3,1
189841,4412,-0.86,53,2,793.2,1
189904,4413,1.39,63,2,852.3,1
189961,4414,2.66,57,2,894.2,1
190019,4415,0.23,58,2,812.9,1
190047,4416,-5.04,28,0,403.0,1
190081,4417,-4.10,34,2,271.6,1
190106,4418,-5.53,25,1,199.0,1
190173,4419,4.24,67,3,893.4,1
190207,4420,-3.54,34,1,337.7,1
190241,4421,-3.27,34,1,460.6,1
190266,4422,-5.69,25,1,180.5,1
190297,4423,-4.66,31,1,271.9,1
190332,4424,-3.44,35,1,487.7,1
190363,4425,-5.85,31,0,486.8,1
190388,4426,-5.78,25,1,187.4,1
190413,4427,-5.41,25,1,185.0,1
190443,4428,-5.97,30,1,183.2,1
190513,4429,1.53,70,2,838.2,1
190571,4430,1.20,58,2,641.9,1
190618,4431,-1.70,47,2,594.2,1
190673,4432,1.04,55,2,862.4,1
190692,4433,-5.22,19,1,135.8,1
190723,4434,-4.00,31,1,290.7,1
190798,4435,4.29,75,3,1131.4,1
190875,4436,6.54,77,3,1119.5,1
190913,4437,-4.16,38,1,438.7,1
190941,4438,-3.46,28,1,442.8,1
190966,4439,-4.60,25,1,262.5,1
191001,4440,-2.95,35,1,482.8,1
191066,4441,4.39,65,3,976.0,1
191100,4442,-4.56,34,1,299.9,1
191132,4443,-3.48,32,1,465.7,1
191209,4444,2.08,77,2,909.7,1
191291,4445,2.15,82,2,933.0,1
191337,4446,-3.35,46,1,583.9,1
191403,4447,0.09,66,2,796.8,1
191459,4448,-1.64,56,2,578.8,1
191486,4449,-4.55,27,1,460.5,1
191570,4450,3.55,84,3,1066.6,1
191651,4451,1.13,81,2,909.9,1
191714,4452,0.80,63,3,796.5,1
191776,4453,2.03,62,2,968.3,1
191810,4454,-3.34,34,2,290.3,1
191858,4455,0.57,48,2,817.2,1
191894,4456,-4.48,36,1,490.3,1
191917,4457,-7.41,23,0,183.2,1
191970,4458,-0.64,53,2,847.6,1
192005,4459,-3.46,35,1,495.1,1
192039,4460,-3.91,34,1,311.2,1
192098,4461,-0.42,59,2,792.9,1
192165,4462,4.49,67,3,976.0,1
192214,4463,-1.77,49,1,759.3,1
192244,4464,-4.37,30,1,293.8,1
192274,4465,-3.65,30,1,359.5,1
192339,4466,1.26,65,3,929.5,1
192360,4467,-7.56,21,0,108.1,1
192403,4468,-2.23,43,2,530.8,1
192437,4469,-9.45,34,1,207.5,1
192494,4470,0.52,57,2,843.2,1
192553,4471,1.80,59,2,910.3,1
192583,4472,-6.44,30,0,514.8,1
192648,4473,-0.14,65,2,875.4,1
192674,4474,-4.30,26,1,422.1,1
192708,4475,-6.68,34,1,77.1,1
192756,4476,-3.03,48,1,486.0,1
192785,4477,-4.07,29,1,424.4,1
192810,4478,-4.64,25,1,234.1,1
192862,4479,0.21,52,2,963.6,1
192894,4480,-3.10,32,1,492.5,1
192976,4481,1.25,82,2,922.9,1
193011,4482,-4.14,35,1,299.3,1
193051,4483,-3.39,40,1,671.8,1
193099,4484,0.61,48,2,688.3,1
193117,4485,-5.86,18,1,108.5,1
193173,4486,0.15,56,2,805.7,1
193210,4487,-3.81,37,1,473.2,1
193235,4488,-6.50,25,1,99.3,1
193294,4489,-0.85,59,3,854.1,1
193337,4490,-5.02,43,0,503.5,1
193365,4491,-4.77,28,1,218.0,1
193412,4492,-0.17,47,2,692.9,1
193470,4493,1.49,58,2,915.2,1
193507,4494,-7.65,37,1,425.2,1
193539,4495,-3.56,32,1,467.4,1
193589,4496,-1.20,50,2,669.8,1
193623,4497,-4.49,34,1,459.4,1
193643,4498,-4.10,20,1,254.3,1
193675,4499,-4.04,32,1,499.7,1
193713,4500,-3.93,38,1,492.7,1
193774,4501,0.74,61,2,826.4,1
193811,4502,-4.89,37,1,484.4,1
193847,4503,-2.98,36,1,610.3,1
193867,4504,-4.69,20,1,218.1,1
193889,4505,-4.58,22,1,326.7,1
193943,4506,0.77,54,2,925.7,1
193977,4507,-3.77,34,1,326.5,1
194014,4508,-2.94,37,1,518.9,1
194067,4509,-0.87,53,2,725.1,1
194104,4510,-4.21,37,1,469.6,1
194151,4511,-0.21,47,3,596.9,1
194176,4512,-5.51,25,0,498.8,1
194208,4513,-3.25,32,1,457.5,1
194248,4514,-3.43,40,1,473.2,1
194292,4515,-3.57,44,1,558.0,1
194315,4516,-5.04,23,1,375.1,1
194384,4517,0.63,69,3,930.8,1
194449,4518,1.12,65,2,851.7,1
194501,4519,-0.84,52,2,867.7,1
194550,4520,2.11,49,3,937.9,1
194593,4521,-0.71,43,2,691.6,1
194616,4522,-4.30,23,1,320.1,1
194650,4523,-5.85,34,0,319.4,1
194713,4524,0.90,63,3,828.6,1
194749,4525,-4.07,36,1,513.7,1
194783,4526,-3.43,34,1,470.6,1
194818,4527,-4.52,35,1,509.7,1
194879,4528,1.09,61,2,1021.8,1
194914,4529,-3.14,35,1,505.6,1
194969,4530,0.05,55,2,959.8,1
194991,4531,-5.87,22,0,291.5,1
195033,4532,-4.37,42,1,494.8,1
195064,4533,-3.88,31,1,467.6,1
195116,4534,1.66,52,3,899.1,1
195153,4535,-3.13,37,1,526.1,1
195179,4536,-5.79,26,1,207.0,1
195207,4537,-3.53,28,1,303.1,1
195239,4538,-3.66,32,1,448.3,1
195285,4539,-3.72,46,1,499.5,1
195308,4540,-4.96,23,1,201.7,1
195352,4541,-4.96,44,0,460.1,1
195408,4542,1.18,56,3,919.1,1
195443,4543,-2.04,35,2,476.9,1
195491,4544,1.08,48,2,741.6,1
195554,4545,1.92,63,2,782.9,1
195584,4546,-4.80,30,1,485.8,1
195645,4547,-1.08,61,1,1013.8,1
195715,4548,0.74,70,2,920.3,1
195751,4549,-4.10,36,1,453.7,1
195783,4550,-2.72,32,1,530.8,1
195839,4551,-0.82,56,2,907.0,1
195871,4552,-4.26,32,1,456.3,1
195904,4553,-2.93,33,1,471.3,1
195951,4554,-3.72,47,1,504.1,1
195984,4555,-4.45,33,1,423.5,1
196013,4556,-4.44,29,1,284.9,1
196046,4557,-4.09,33,1,439.4,1
196107,4558,1.05,61,2,978.0,1
196154,4559,-2.74,47,2,866.8,1
196181,4560,-4.67,27,1,234.1,1
196216,4561,-3.92,35,1,442.5,1
196258,4562,-1.42,42,2,531.1,1
196295,4563,-3.18,37,1,465.6,1
196335,4564,-2.19,40,2,603.5,1
196362,4565,-5.40,27,1,406.0,1
196402,4566,-3.48,40,1,571.1,1
196467,4567,0.89,65,3,867.0,1
196524,4568,0.20,57,2,763.8,1
196560,4569,-1.96,36,2,429.7,1
196592,4570,-3.30,32,1,475.6,1
196647,4571,-0.67,55,2,817.9,1
196711,4572,1.35,64,2,975.2,1
196736,4573,-4.60,25,1,297.5,1
196772,4574,-3.86,36,1,463.8,1
196829,4575,-0.95,57,3,908.4,1
196863,4576,-3.54,34,2,269.0,1
196916,4577,0.37,53,2,900.4,1
196949,4578,-3.54,33,1,461.2,1
196984,4579,-2.92,35,1,480.6,1
197020,4580,-2.47,36,1,692.8,1
197055,4581,-4.11,35,1,364.6,1
197098,4582,-3.20,43,1,580.9,1
197122,4583,-4.41,24,1,273.0,1
197192,4584,2.30,70,3,862.3,1
197249,4585,-1.16,57,3,880.8,1
197279,4586,-4.02,30,1,493.7,1
197336,4587,-0.11,57,2,993.5,1
197404,4588,2.95,68,3,1092.7,1
197435,4589,-3.31,31,1,466.0,1
197466,4590,-4.53,31,1,269.3,1
197511,4591,0.15,45,2,731.3,1
197550,4592,-3.07,39,1,524.7,1
197585,4593,-2.71,35,1,558.5,1
197639,4594,-0.26,54,2,926.7,1
197675,4595,-3.15,36,2,428.9,1
197712,4596,-3.39,37,1,494.6,1
197753,4597,-4.18,41,1,405.4,1
197777,4598,-5.25,24,1,232.6,1
197826,4599,0.21,49,2,797.1,1
197883,4600,-0.63,57,2,787.5,1
197950,4601,4.17,67,3,905.4,1
198005,4602,-0.00,55,3,918.5,1
198067,4603,0.17,62,2,917.4,1
198104,4604,-3.48,37,1,475.0,1
198136,4605,-4.21,32,1,549.5,1
198172,4606,-2.66,36,1,628.4,1
198216,4607,-3.06,44,1,392.5,1
198271,4608,-1.07,55,2,836.0,1
198302,4609,-3.59,31,1,503.4,1
198340,4610,-3.88,38,1,480.8,1
198395,4611,-0.27,55,3,911.3,1
198428,4612,-2.68,33,2,477.8,1
198473,4613,-1.45,45,2,753.7,1
198529,4614,-1.92,56,2,896.1,1
198565,4615,-3.26,36,2,612.7,1
198593,4616,-5.15,28,1,214.1,1
198615,4617,-6.52,22,1,154.2,1
198665,4618,-1.02,50,2,839.5,1
198710,4619,0.57,45,2,819.7,1
198767,4620,-0.63,57,2,831.7,1
198809,4621,-2.14,42,2,732.8,1
198844,4622,-3.80,35,1,492.0,1
198904,4623,1.10,60,3,820.8,1
198936,4624,-4.30,32,2,319.9,1
198971,4625,-3.53,35,1,550.5,1
199004,4626,-3.66,33,1,455.2,1
199040,4627,-3.64,36,1,494.0,1
199087,4628,-0.11,47,2,855.6,1
199132,4629,0.55,45,2,722.2,1
199166,4630,-3.36,34,2,341.6,1
199221,4631,-0.74,55,2,831.9,1
199261,4632,-4.77,40,1,532.8,1
199296,4633,-3.74,35,1,545.0,1
199359,4634,0.22,63,2,996.5,1
199414,4635,-0.83,55,2,905.0,1
199504,4636,6.92,90,4,1255.6,1
199540,4637,-3.99,36,1,487.6,1
199595,4638,0.27,55,2,850.8,1
199625,4639,-6.04,30,0,478.5,1
199662,4640,-3.77,37,1,592.4,1
199688,4641,-4.88,26,1,229.6,1
199722,4642,-3.05,34,2,338.8,1
199754,4643,-2.91,32,1,594.5,1
199791,4644,-3.65,37,1,459.6,1
199856,4645,1.53,65,2,958.0,1
199881,4646,-4.99,25,0,471.6,1
199918,4647,-3.05,37,1,534.2,1
199979,4648,1.64,61,3,928.7,1
200039,4649,1.39,60,3,828.6,1
200089,4650,-2.08,50,2,503.0,1
200124,4651,-4.23,35,1,536.6,1
200158,4652,-4.03,34,2,357.7,1
200220,4653,0.63,62,2,829.2,1
200244,4654,-4.93,24,1,323.7,1
200278,4655,-4.11,34,1,374.8,1
200312,4656,-4.53,34,1,494.8,1
200377,4657,1.35,65,3,884.2,1
200435,4658,0.11,58,2,844.1,1
200488,4659,0.42,53,3,925.3,1
200526,4660,-3.99,38,1,459.6,1
200590,4661,2.37,64,2,786.4,1
200622,4662,-3.36,32,1,481.6,1
200678,4663,0.43,56,2,831.6,1
200724,4664,-1.92,46,1,687.6,1
200795,4665,0.78,71,2,787.6,1
200851,4666,-1.12,56,2,857.1,1
200883,4667,-4.33,32,1,541.4,1
200905,4668,-5.32,22,1,201.8,1
200970,4669,3.01,65,3,987.1,1
201015,4670,-1.18,45,1,718.0,1
201099,4671,2.67,84,2,1029.1,1
201135,4672,-3.23,36,1,467.3,1
201189,4673,-1.79,54,2,881.4,1
201223,4674,-3.70,34,1,503.9,1
201256,4675,-2.06,33,2,558.8,1
201311,4676,0.12,55,2,962.3,1
201333,4677,-4.34,22,1,285.6,1
201386,4678,-1.36,53,2,833.2,1
201421,4679,-2.39,35,2,369.2,1
201462,4680,-4.50,41,2,405.9,1
201489,4681,-5.05,27,1,438.7,1
201556,4682,0.27,67,2,805.7,1
201614,4683,-0.15,58,2,812.4,1
201651,4684,-4.61,37,1,464.3,1
201683,4685,-3.28,32,1,473.2,1
201722,4686,-3.44,39,1,442.0,1
201778,4687,-0.13,56,3,948.8,1
201815,4688,-3.98,37,1,501.4,1
201884,4689,5.85,69,3,1200.0,1
201954,4690,-0.47,70,2,818.6,1
202020,4691,-0.46,66,2,971.5,1
202084,4692,1.72,64,2,777.7,1
202122,4693,-4.56,38,1,483.3,1
202157,4694,-2.42,35,1,512.7,1
202182,4695,-4.34,25,1,274.9,1
202238,4696,-0.12,56,2,850.7,1
202286,4697,-1.24,48,2,653.6,1
202318,4698,-1.60,32,2,557.1,1
202352,4699,-4.01,34,1,312.1,1
202404,4700,0.83,52,2,701.4,1
202444,4701,-1.46,40,2,605.8,1
202497,4702,0.21,53,2,853.8,1
202555,4703,1.03,58,3,925.0,1
202588,4704,-4.25,33,1,465.4,1
202654,4705,1.69,66,2,733.3,1
202699,4706,-0.22,45,2,838.6,1
202724,4707,-5.54,25,1,209.6,1
202773,4708,0.16,49,2,861.6,1
202833,4709,4.05,60,3,844.5,1
202868,4710,-3.12,35,1,485.5,1
202908,4711,-3.04,40,1,511.0,1
202956,4712,-0.91,48,2,855.3,1
202989,4713,-3.21,33,1,469.1,1
203057,4714,-1.13,68,2,852.8,1
203098,4715,-1.64,41,2,619.7,1
203131,4716,-2.35,33,2,478.4,1
203187,4717,0.51,56,2,866.1,1
203213,4718,-2.49,26,2,319.4,1
203238,4719,-3.45,25,1,333.4,1
203287,4720,-0.35,49,2,940.0,1
203357,4721,-3.91,70,2,631.1,1
203413,4722,-0.56,56,2,935.0,1
203436,4723,-5.02,23,1,220.3,1
203461,4724,-5.68,25,1,186.6,1
203488,4725,-3.93,27,1,259.8,1
203524,4726,-1.59,36,2,569.5,1
203580,4727,0.49,56,2,726.9,1
203631,4728,-1.55,51,2,911.8,1
203683,4729,1.94,52,2,840.5,1
203716,4730,-2.32,33,2,424.3,1
203749,4731,-4.70,33,0,552.6,1
203813,4732,1.26,64,3,1065.8,1
203867,4733,-0.10,54,2,827.7,1
203887,4734,-4.03,20,1,254.1,1
203944,4735,-0.26,57,2,824.4,1
204032,4736,-2.73,88,2,606.9,1
204057,4737,-4.39,25,1,262.9,1
204084,4738,-3.81,27,1,298.3,1
204148,4739,2.96,64,3,806.5,1
204170,4740,-3.70,22,1,255.6,1
204227,4741,-1.60,57,2,895.7,1
204277,4742,0.75,50,2,884.4,1
204331,4743,0.15,54,2,793.7,1
204373,4744,-0.91,42,2,686.3,1
204436,4745,1.53,63,2,881.2,1
204500,4746,4.36,64,3,1121.3,1
204549,4747,-1.50,49,3,908.5,1
204607,4748,1.15,58,2,1027.5,1
204644,4749,-3.68,37,1,446.4,1
204691,4750,-1.54,47,3,888.7,1
204755,4751,2.37,64,3,1000.0,1
204796,4752,-1.69,41,2,680.5,1
204854,4753,1.56,58,3,818.3,1
204877,4754,-5.14,23,1,222.0,1
204913,4755,-3.78,36,1,508.1,1
204934,4756,-5.81,21,1,169.1,1
204964,4757,-3.60,30,1,485.0,1
205018,4758,-1.60,54,2,573.9,1
205074,4759,0.12,56,2,867.7,1
205134,4760,2.64,60,2,784.4,1
205186,4761,-0.83,52,2,845.8,1
205230,4762,-0.82,44,2,698.6,1
205282,4763,2.11,52,3,997.4,1
205349,4764,1.66,67,2,898.7,1
205384,4765,-3.83,35,1,322.4,1
205412,4766,-4.59,28,1,357.9,1
205449,4767,-1.06,37,2,638.3,1
205475,4768,-3.42,26,1,476.8,1
205512,4769,-3.60,37,1,558.0,1
205551,4770,-3.31,39,1,476.6,1
205608,4771,-0.75,57,2,952.1,1
205677,4772,3.03,69,4,1150.7,1
205704,4773,-4.57,27,1,251.6,1
205743,4774,-5.08,39,1,336.2,1
205775,4775,-4.11,32,1,463.5,1
205839,4776,0.30,64,2,899.5,1
205884,4777,-0.22,45,2,841.6,1
205904,4778,-4.25,20,1,269.9,1
205941,4779,-3.53,37,1,470.7,1
205998,4780,0.39,57,2,877.7,1
206051,4781,0.53,53,2,862.2,1
206083,4782,-3.29,32,1,466.5,1
206134,4783,-0.87,51,2,784.8,1
206161,4784,-3.90,27,1,329.8,1
206216,4785,3.49,55,3,1044.7,1
206271,4786,0.90,55,3,924.9,1
206342,4787,1.11,71,3,877.5,1
206404,4788,4.50,62,3,1062.8,1
206481,4789,1.48,77,2,960.3,1
206534,4790,0.92,53,3,907.2,1
206589,4791,-0.30,55,2,882.4,1
206640,4792,3.04,51,4,912.6,1
206672,4793,-2.87,32,1,535.1,1
206716,4794,0.04,44,2,874.6,1
206756,4795,-1.17,40,2,643.5,1
206824,4796,24.34,68,3,1283.9,0
206890,4797,0.30,66,2,919.5,1
206941,4798,-0.04,51,2,800.0,1
206984,4799,-2.77,43,2,676.6,1
207049,4800,3.74,65,4,941.1,1
207099,4801,-1.40,50,2,852.8,1
207159,4802,0.32,60,2,841.7,1
207224,4803,-0.57,65,2,978.0,1
207246,4804,-5.12,22,1,224.8,1
207297,4805,1.73,51,3,846.7,1
207333,4806,-4.13,36,1,520.4,1
207356,4807,-5.44,23,1,198.3,1
207386,4808,-2.94,30,1,494.9,1
207452,4809,-1.79,66,2,905.3,1
207484,4810,-3.11,32,1,504.2,1
207511,4811,-2.70,27,1,443.7,1
207542,4812,-3.99,31,1,461.6,1
207573,4813,-3.56,31,1,483.1,1
207639,4814,3.95,66,3,983.5,1
207662,4815,-5.64,23,0,450.4,1
207698,4816,-4.57,36,1,489.0,1
207723,4817,-6.65,25,1,111.0,1
207780,4818,-0.75,57,3,1019.0,1
207831,4819,0.18,51,2,724.9,1
207896,4820,3.09,65,3,839.0,1
207938,4821,-4.26,42,1,539.7,1
207985,4822,-2.45,47,2,847.2,1
208040,4823,1.26,55,3,943.1,1
208076,4824,-4.16,36,1,390.8,1
208138,4825,-0.20,62,2,987.2,1
208194,4826,1.18,56,2,837.3,1
208258,4827,0.75,64,2,939.6,1
208290,4828,-1.11,32,2,466.2,1
208322,4829,-3.05,32,2,447.7,1
208369,4830,-0.44,47,2,644.2,1
208426,4831,1.21,57,3,974.0,1
208480,4832,2.45,54,3,857.3,1
208512,4833,-4.73,32,1,506.3,1
208559,4834,0.36,47,2,851.0,1
208851,4835,1.62,292,4,862.6,1
208919,4836,2.77,68,2,848.0,1
208952,4837,-3.66,33,1,491.3,1
208993,4838,-2.58,41,1,626.7,1
209049,4839,-0.47,56,3,917.3,1
209077,4840,-5.55,28,1,326.4,1
209111,4841,-2.60,34,1,536.0,1
209171,4842,1.03,60,2,924.1,1
209205,4843,-4.78,34,1,319.0,1
209264,4844,1.13,59,2,899.8,1
209322,4845,1.26,58,2,1021.6,1
209379,4846,1.98,57,3,989.2,1
209412,4847,-4.18,33,1,485.3,1
209471,4848,3.15,59,3,1090.8,1
209532,4849,-2.25,61,2,859.0,1
209581,4850,-0.13,49,2,816.5,1
209606,4851,-5.14,25,1,215.9,1
209653,4852,0.87,47,3,853.3,1
209706,4853,0.42,53,2,827.2,1
209734,4854,-3.93,28,1,284.8,1
209784,4855,-1.88,50,2,953.6,1
209807,4856,-3.73,23,1,311.0,1
209846,4857,-2.15,39,2,557.4,1
209879,4858,-3.85,33,1,457.2,1
209938,4859,2.04,59,2,928.5,1
209967,4860,-3.94,29,1,291.7,1
210012,4861,-0.59,45,2,735.3,1
210050,4862,-3.80,38,1,428.6,1
210083,4863,-4.84,33,1,452.1,1
210134,4864,-2.19,51,2,918.7,1
210186,4865,-1.40,52,2,735.7,1
210240,4866,-0.55,54,2,681.8,1
210293,4867,-0.43,53,2,863.1,1
210350,4868,-1.55,57,2,958.5,1
210376,4869,-4.81,26,1,209.2,1
210433,4870,-0.99,57,2,963.5,1
210486,4871,1.08,53,3,893.1,1
210532,4872,-0.48,46,3,917.7,1
210597,4873,0.57,65,2,789.4,1
210649,4874,-0.20,52,3,977.9,1
210688,4875,-3.30,39,1,477.9,1
210739,4876,1.65,51,2,861.0,1
210774,4877,-2.08,35,2,473.6,1
210838,4878,1.70,64,2,873.3,1
210865,4879,-4.61,27,1,419.3,1
210914,4880,-0.39,49,2,830.6,1
210945,4881,-3.83,31,1,456.7,1
210967,4882,-5.41,22,1,183.9,1
210993,4883,-3.82,26,1,332.8,1
211057,4884,1.63,64,3,882.9,1
211102,4885,-0.46,45,2,673.2,1
211154,4886,-0.19,52,2,838.5,1
211186,4887,-4.41,32,1,473.1,1
211247,4888,0.89,61,2,994.6,1
211312,4889,1.88,65,3,1004.7,1
211333,4890,-3.94,21,1,267.3,1
211386,4891,1.86,53,2,850.1,1
211423,4892,-2.97,37,1,644.9,1
211482,4893,1.24,59,3,834.1,1
211544,4894,1.68,62,3,1052.9,1
211572,4895,-4.10,28,1,251.1,1
211623,4896,0.92,51,2,898.0,1
211690,4897,3.63,67,3,1014.2,1
211736,4898,-8.34,46,1,203.9,1
211815,4899,1.42,79,3,1093.4,1
211836,4900,-4.84,21,1,230.2,1
211892,4901,3.26,56,3,879.4,1
211929,4902,-4.57,37,1,478.7,1
211975,4903,-2.06,46,2,697.5,1
212026,4904,-0.29,51,2,1000.7,1
212062,4905,-4.58,36,1,458.9,1
212118,4906,1.27,56,2,868.5,1
212150,4907,-3.74,32,1,558.7,1
212206,4908,0.76,56,2,917.1,1
212261,4909,1.49,55,3,966.3,1
212325,4910,4.04,64,3,968.3,1
212378,4911,1.95,53,3,921.9,1
212405,4912,-5.21,27,1,198.3,1
212471,4913,2.54,66,2,939.0,1
212488,4914,-4.77,17,1,204.5,1
212544,4915,1.32,56,2,1018.6,1
212580,4916,-3.64,36,1,487.6,1
212632,4917,-2.49,52,2,833.5,1
212688,4918,1.23,56,3,859.3,1
212723,4919,-3.31,35,2,268.9,1
212753,4920,-5.50,30,0,521.5,1
212785,4921,-3.88,32,1,466.6,1
212832,4922,0.80,47,2,843.5,1
212865,4923,-2.96,33,1,515.1,1
212904,4924,-1.86,39,2,651.4,1
212957,4925,0.60,53,2,899.1,1
213009,4926,0.78,52,2,910.5,1
213048,4927,-2.99,39,1,588.3,1
213098,4928,-0.75,50,2,870.2,1
213134,4929,-4.84,36,1,528.7,1
213186,4930,0.71,52,3,936.5,1
213207,4931,-5.31,21,1,183.8,1
213264,4932,2.39,57,2,803.1,1
213320,4933,1.72,56,3,929.8,1
213348,4934,-3.28,28,1,528.8,1
213381,4935,-3.65,33,1,420.3,1
213437,4936,1.22,56,2,995.4,1
213488,4937,-1.34,51,2,870.4,1
213544,4938,0.34,56,2,864.9,1
213606,4939,4.01,62,3,870.6,1
213661,4940,1.39,55,2,919.4,1
213725,4941,3.19,64,3,1071.6,1
213784,4942,0.84,59,2,810.2,1
213814,4943,-5.53,30,0,453.4,1
213850,4944,-3.45,36,1,519.1,1
213891,4945,-3.51,41,1,514.1,1
213923,4946,-4.78,32,1,558.7,1
213944,4947,-3.97,21,1,298.3,1
213979,4948,-3.37,35,1,525.6,1
214034,4949,-0.60,55,2,737.2,1
214064,4950,-4.24,30,1,327.2,1
214119,4951,-0.45,55,2,913.3,1
214174,4952,0.08,55,2,918.7,1
214227,4953,1.45,53,2,698.4,1
214291,4954,1.02,64,2,899.1,1
214326,4955,-3.16,35,1,484.9,1
214354,4956,-4.22,28,1,280.9,1
214387,4957,-2.87,33,1,632.6,1
214419,4958,-3.13,32,1,480.3,1
214480,4959,-1.58,61,2,801.4,1
214511,4960,-3.62,31,1,492.6,1
214567,4961,1.19,56,2,839.5,1
214626,4962,1.46,59,2,880.6,1
214644,4963,-5.60,18,1,226.8,1
214679,4964,-3.28,35,1,480.0,1
214721,4965,-0.48,42,2,583.6,1
214769,4966,1.30,48,2,887.3,1
214796,4967,-3.23,27,1,330.1,1
214851,4968,1.19,55,3,947.1,1
214910,4969,0.18,59,2,838.8,1
214958,4970,-0.61,48,2,817.5,1
215009,4971,0.53,51,2,845.0,1
215064,4972,0.99,55,2,954.0,1
215105,4973,-2.55,41,2,630.1,1
215163,4974,2.27,58,3,898.9,1
215216,4975,0.15,53,3,839.6,1
215254,4976,-3.19,38,1,525.8,1
215279,4977,-3.93,25,1,490.6,1
215334,4978,0.32,55,2,865.8,1
215386,4979,0.72,52,2,881.2,1
215408,4980,-4.99,22,1,220.6,1
215464,4981,0.26,56,2,814.7,1
215491,4982,-4.03,27,1,417.6,1
215510,4983,-4.63,19,1,240.3,1
215568,4984,0.55,58,2,868.7,1
215600,4985,-3.49,32,1,510.9,1
215661,4986,3.16,61,3,861.7,1
215720,4987,1.88,59,2,851.9,1
215753,4988,-3.38,33,1,556.8,1
215787,4989,-2.81,34,1,606.2,1
215822,4990,-3.09,35,1,485.0,1
215865,4991,-1.94,43,2,582.1,1
215895,4992,-2.72,30,2,441.4,1
215954,4993,-0.97,59,2,996.2,1
215997,4994,-0.00,43,2,858.2,1
216045,4995,-0.88,48,2,646.9,1
216073,4996,-2.99,28,1,314.2,1
216132,4997,-1.15,59,2,884.6,1
216161,4998,-4.34,29,1,333.2,1
216226,4999,1.00,65,2,940.4,1
216246,5000,-4.54,20,1,241.4,1
216280,5001,-3.37,34,1,565.2,1
216330,5002,-0.32,50,2,866.1,1
216379,5003,0.18,49,2,669.6,1
216411,5004,-3.37,32,1,545.5,1
216482,5005,4.30,71,3,1157.7,1
216531,5006,1.22,49,3,901.3,1
216574,5007,-1.09,43,2,667.0,1
216626,5008,1.25,52,2,907.2,1
216683,5009,1.65,57,2,908.9,1
216756,5010,5.50,73,3,1234.6,1
216790,5011,-3.95,34,1,498.1,1
216827,5012,-3.61,37,1,520.6,1
216861,5013,-4.40,34,1,297.8,1
216904,5014,-1.69,43,2,745.6,1
216937,5015,-3.65,33,1,464.9,1
217000,5016,0.45,63,3,954.7,1
217048,5017,2.12,48,3,941.5,1
217070,5018,-5.43,22,1,238.9,1
217104,5019,-3.53,34,1,447.2,1
217136,5020,-3.52,32,1,461.7,1
217188,5021,1.57,52,3,1069.5,1
217226,5022,-3.41,38,1,610.6,1
217274,5023,-1.01,48,2,823.3,1
217330,5024,0.29,56,3,972.6,1
217389,5025,0.27,59,2,868.9,1
217408,5026,-7.75,19,0,102.4,1
217460,5027,1.56,52,2,831.4,1
217491,5028,-1.79,31,2,565.4,1
217555,5029,-0.86,64,2,969.6,1
217610,5030,-2.00,55,1,688.0,1
217660,5031,-0.29,50,2,923.3,1
217699,5032,-0.33,39,2,692.4,1
217731,5033,-2.80,32,1,494.7,1
217784,5034,-0.08,53,2,839.8,1
217837,5035,0.05,53,2,1005.0,1
217884,5036,-2.93,47,1,510.3,1
217936,5037,1.22,52,2,859.9,1
217962,5038,-5.92,26,0,332.7,1
218019,5039,-1.34,57,2,944.0,1
218054,5040,-2.58,35,1,469.1,1
218087,5041,-4.21,33,1,474.6,1
218148,5042,3.83,61,3,825.1,1
218176,5043,-4.76,28,1,295.0,1
218234,5044,-0.68,58,2,903.0,1
218284,5045,-0.86,50,2,919.4,1
218318,5046,-3.78,34,1,505.1,1
218350,5047,-3.69,32,1,482.4,1
218402,5048,0.18,52,2,883.2,1
218440,5049,-3.33,38,1,465.2,1
218502,5050,2.05,62,2,897.3,1
218556,5051,1.22,54,3,917.7,1
218621,5052,0.84,65,3,1012.7,1
218678,5053,-0.62,57,2,840.2,1
218734,5054,1.48,56,2,886.5,1
218785,5055,-1.93,51,2,833.2,1
218817,5056,-3.21,32,1,443.9,1
218869,5057,0.43,52,2,880.0,1
218925,5058,-0.65,56,3,863.1,1
218957,5059,-3.62,32,1,477.7,1
218990,5060,-2.61,33,1,459.6,1
219019,5061,-3.40,29,1,333.9,1
219079,5062,3.13,60,3,1059.4,1
219134,5063,0.59,55,2,847.3,1
219186,5064,-1.08,52,2,944.5,1
219220,5065,-4.30,34,1,467.5,1
219380,5066,-2.73,160,3,655.1,1
219417,5067,-2.76,37,1,475.1,1
219600,5068,2.55,183,4,1086.6,1
219657,5069,0.73,57,2,860.0,1
219689,5070,-3.15,32,1,484.9,1
219715,5071,-4.18,26,1,284.4,1
219752,5072,-6.99,37,0,468.3,1
219809,5073,1.37,57,2,936.3,1
219844,5074,-3.07,35,2,502.6,1
219878,5075,-3.31,34,1,514.4,1
219912,5076,-3.78,34,1,481.7,1
219975,5077,1.58,63,3,811.3,1
220021,5078,-0.49,46,3,846.1,1
220059,5079,-3.46,38,1,450.7,1
220096,5080,-3.59,37,1,521.3,1
220165,5081,2.32,69,3,877.9,1
220217,5082,0.78,52,2,969.4,1
220283,5083,4.31,66,3,1158.4,1
220319,5084,-2.55,36,2,527.0,1
220373,5085,1.68,54,3,1033.5,1
220432,5086,0.47,59,2,940.4,1
220488,5087,0.08,56,2,935.3,1
220540,5088,0.01,52,2,979.8,1
220573,5089,-4.11,33,1,455.6,1
220631,5090,2.07,58,3,948.3,1
220682,5091,-0.01,51,2,956.3,1
220716,5092,-6.27,34,0,511.6,1
220790,5093,2.04,74,3,948.9,1
220830,5094,-2.99,40,1,791.5,1
220867,5095,-3.54,37,1,427.4,1
220919,5096,0.93,52,3,957.9,1
220971,5097,0.47,52,2,898.8,1
221032,5098,1.06,61,2,978.1,1
221057,5099,-3.88,25,1,333.2,1
221107,5100,-0.74,50,2,944.8,1
221143,5101,-4.12,36,1,549.0,1
221191,5102,-1.10,48,2,828.4,1
221249,5103,1.21,58,2,878.5,1
221302,5104,0.73,53,2,872.8,1
221336,5105,-2.49,34,2,480.6,1
221369,5106,-3.28,33,1,459.1,1
221420,5107,-0.36,51,3,871.0,1
221466,5108,-1.76,46,2,621.0,1
221505,5109,-3.33,39,1,568.5,1
221561,5110,-2.18,56,2,873.7,1
221622,5111,1.57,61,3,1060.1,1
221671,5112,0.21,49,2,871.9,1
221727,5113,2.04,56,2,845.7,1
221758,5114,-5.07,31,1,433.7,1
221815,5115,2.47,57,3,947.2,1
221871,5116,1.51,56,3,806.3,1
221918,5117,-1.63,47,2,878.7,1
221964,5118,-2.97,46,2,839.4,1
222019,5119,2.24,55,3,1093.7,1
222051,5120,-2.72,32,2,493.3,1
222089,5121,-2.67,38,2,581.4,1
222138,5122,0.44,49,2,906.9,1
222171,5123,-3.46,33,1,487.8,1
222227,5124,1.41,56,3,822.9,1
222268,5125,-0.51,41,2,713.0,1
222300,5126,-4.37,32,1,462.3,1
222331,5127,-3.64,31,1,478.2,1
222381,5128,0.50,50,3,857.2,1
222455,5129,25.94,74,4,1280.9,0
222503,5130,0.27,48,3,957.2,1
222568,5131,0.90,65,2,893.5,1
222626,5132,1.40,58,3,948.8,1
222683,5133,0.12,57,2,835.2,1
222744,5134,0.64,61,2,844.4,1
222918,5135,-1.69,174,5,1172.1,1
222957,5136,-2.46,39,1,492.6,1
223005,5137,1.93,48,3,745.8,1
223043,5138,-3.09,38,2,543.4,1
223085,5139,-1.17,42,2,581.5,1
223142,5140,2.47,57,3,953.6,1
223202,5141,-0.22,60,3,881.8,1
223257,5142,1.80,55,3,963.3,1
223311,5143,0.94,54,2,904.3,1
223362,5144,-1.58,51,3,884.7,1
223407,5145,-2.69,45,1,596.6,1
223439,5146,-3.91,32,1,498.4,1
223463,5147,-5.98,24,1,190.0,1
223511,5148,0.22,48,3,826.8,1
223548,5149,-2.76,37,1,571.1,1
223622,5150,0.63,74,3,1082.3,1
223663,5151,-2.56,41,2,628.3,1
223695,5152,-3.92,32,1,640.5,1
223718,5153,-5.77,23,1,153.7,1
223777,5154,0.49,59,2,880.7,1
223823,5155,-2.61,46,2,883.0,1
223868,5156,-0.31,45,2,724.2,1
223930,5157,25.29,62,3,1280.6,0
224013,5158,26.74,83,3,1277.4,0
224046,5159,-3.56,33,1,480.1,1
224096,5160,-0.36,50,2,849.4,1
224128,5161,-4.12,32,2,515.4,1
224184,5162,-1.17,56,2,852.8,1
224202,5163,-5.82,18,1,232.3,1
224236,5164,-2.61,34,2,529.8,1
224258,5165,-5.27,22,1,192.0,1
224285,5166,-4.58,27,1,464.2,1
224344,5167,0.54,59,3,951.4,1
224399,5168,-0.63,55,2,820.6,1
224444,5169,-0.51,45,2,899.9,1
224499,5170,-0.77,55,3,924.3,1
224611,5171,-1.41,112,2,725.9,1
224668,5172,0.02,57,2,999.9,1
224719,5173,-0.20,51,2,924.3,1
224778,5174,-0.38,59,2,872.0,1
224837,5175,0.76,59,2,797.8,1
224888,5176,-1.44,51,2,930.7,1
225037,5177,-0.60,149,4,862.7,1
225086,5178,-0.39,49,2,916.3,1
225117,5179,-3.60,31,1,491.0,1
225166,5180,-0.34,49,2,804.2,1
225199,5181,-4.28,33,1,480.0,1
225262,5182,0.07,63,2,807.2,1
225297,5183,-5.03,35,1,521.1,1
225364,5184,0.65,67,2,862.8,1
225402,5185,-2.35,38,1,727.7,1
225461,5186,1.41,59,2,879.5,1
225516,5187,1.18,55,2,887.4,1
225562,5188,-1.08,46,3,885.5,1
225587,5189,-3.88,25,1,382.8,1
225613,5190,-3.96,26,1,451.5,1
225664,5191,-0.62,51,3,962.8,1
225694,5192,-6.48,30,0,542.2,1
225753,5193,0.47,59,2,997.2,1
225799,5194,-1.42,46,3,886.5,1
225849,5195,0.21,50,2,867.0,1
225896,5196,1.23,47,3,832.5,1
225953,5197,1.05,57,3,904.2,1
226006,5198,-0.20,53,2,934.1,1
226031,5199,-3.85,25,1,367.6,1
226094,5200,2.01,63,3,884.2,1
226130,5201,-3.24,36,1,509.7,1
226162,5202,-4.07,32,1,442.8,1
226196,5203,-4.15,34,1,329.9,1
226255,5204,0.17,59,2,791.6,1
226291,5205,-3.28,36,2,506.8,1
226321,5206,-4.92,30,0,482.2,1
226352,5207,-3.48,31,1,453.2,1
226399,5208,-2.47,47,2,680.6,1
226427,5209,-5.69,28,0,473.5,1
226469,5210,-4.07,42,1,481.8,1
226506,5211,-3.14,37,1,504.2,1
226536,5212,-3.45,30,2,520.9,1
226572,5213,-3.35,36,1,473.5,1
226637,5214,3.58,65,3,1086.7,1
226691,5215,-1.42,54,2,861.5,1
226710,5216,-5.11,19,1,207.8,1
226760,5217,0.62,50,2,942.8,1
226814,5218,1.65,54,2,861.6,1
226847,5219,-3.08,33,1,509.0,1
226905,5220,1.55,58,2,852.8,1
226954,5221,-2.84,49,1,546.1,1
226995,5222,-3.76,41,1,851.7,1
227060,5223,-1.07,65,2,921.7,1
227113,5224,-0.76,53,2,917.6,1
227162,5225,0.29,49,3,868.0,1
227182,5226,-4.43,20,1,235.3,1
227229,5227,-2.35,47,1,846.1,1
227281,5228,-0.84,52,2,941.4,1
227331,5229,-2.45,50,2,874.8,1
227386,5230,-0.86,55,2,858.7,1
227428,5231,-2.56,42,1,583.0,1
227475,5232,-0.35,47,2,840.0,1
227541,5233,0.88,66,2,865.8,1
227571,5234,-2.18,30,2,471.0,1
227620,5235,-0.57,49,2,761.9,1
227665,5236,-1.01,45,2,877.2,1
227688,5237,-4.23,23,1,328.3,1
227758,5238,2.24,70,3,1202.1,1
227805,5239,-0.49,47,2,723.9,1
227865,5240,0.42,60,2,846.6,1
227904,5241,-3.40,39,1,506.0,1
227937,5242,-3.54,33,1,491.6,1
227971,5243,-4.89,34,1,330.4,1
228007,5244,-2.93,36,1,476.0,1
228067,5245,0.11,60,2,724.7,1
228097,5246,-3.29,30,1,496.4,1
228152,5247,-1.20,55,2,854.0,1
228183,5248,-3.52,31,1,438.0,1
228241,5249,-0.29,58,2,933.0,1
228290,5250,0.25,49,2,914.9,1
228324,5251,-2.14,34,2,616.4,1
228382,5252,-1.49,58,2,942.2,1
228429,5253,-1.99,47,1,889.4,1
228481,5254,1.65,52,3,955.9,1
228517,5255,-3.26,36,1,446.3,1
228568,5256,-1.36,51,2,945.5,1
228622,5257,-0.50,54,2,812.4,1
228679,5258,0.55,57,2,833.8,1
228745,5259,3.17,66,3,1024.6,1
228805,5260,1.20,60,3,945.6,1
228831,5261,-3.60,26,1,474.9,1
228896,5262,1.66,65,3,1037.8,1
228939,5263,-4.43,43,1,520.9,1
228991,5264,0.59,52,2,850.4,1
229047,5265,0.78,56,2,837.1,1
229102,5266,0.21,55,2,926.2,1
229170,5267,3.05,68,3,999.9,1
229223,5268,0.27,53,2,803.4,1
229281,5269,0.58,58,2,902.0,1
229320,5270,-2.18,39,2,453.8,1
229357,5271,-2.70,37,1,449.0,1
229413,5272,-0.65,56,2,722.9,1
229478,5273,3.08,65,3,982.9,1
229509,5274,-3.28,31,1,479.4,1
229561,5275,0.01,52,2,915.8,1
229604,5276,0.19,43,3,667.1,1
229659,5277,-1.72,55,2,851.2,1
229709,5278,-1.16,50,2,819.3,1
229745,5279,-3.89,36,1,323.5,1
229783,5280,-1.60,38,2,542.9,1
229811,5281,-3.95,28,1,450.1,1
229842,5282,-3.64,31,1,487.1,1
229882,5283,-4.54,40,1,552.8,1
229931,5284,-2.51,49,1,724.4,1
229963,5285,-3.37,32,1,486.5,1
230032,5286,3.80,69,3,1065.7,1
230057,5287,-4.00,25,1,249.7,1
230102,5288,-3.24,45,1,498.9,1
230159,5289,0.18,57,2,863.9,1
230196,5290,-2.91,37,1,460.4,1
230247,5291,0.92,51,3,872.5,1
230274,5292,-4.70,27,1,422.8,1
230333,5293,0.46,59,2,821.9,1
230383,5294,-4.32,50,1,661.5,1
230423,5295,-2.44,40,1,873.9,1
230448,5296,-5.30,25,1,228.1,1
230496,5297,-2.55,48,1,641.3,1
230529,5298,-4.01,33,1,464.7,1
230592,5299,4.32,63,3,1058.0,1
230656,5300,0.51,64,3,997.8,1
230719,5301,2.11,63,3,1068.2,1
230772,5302,0.92,53,2,859.7,1
230804,5303,-4.72,32,1,420.1,1
230866,5304,1.37,62,2,983.8,1
230929,5305,0.98,63,2,784.4,1
230960,5306,-3.14,31,1,533.4,1
231044,5307,6.36,84,3,1167.6,1
231085,5308,-1.92,41,2,523.2,1
231137,5309,1.77,52,3,855.6,1
231191,5310,0.61,54,2,829.1,1
231235,5311,-2.01,44,2,553.3,1
231271,5312,-3.83,36,1,459.0,1
231328,5313,-0.00,57,2,921.4,1
231380,5314,0.88,52,3,866.5,1
231422,5315,-3.02,42,2,576.2,1
231486,5316,1.56,64,2,819.0,1
231526,5317,-3.95,40,1,484.3,1
231566,5318,-3.26,40,1,471.5,1
231623,5319,1.22,57,2,741.9,1
231654,5320,-5.18,31,0,558.6,1
231681,5321,-2.96,27,1,360.5,1
231745,5322,0.63,64,3,930.9,1
231792,5323,-0.28,47,2,643.8,1
231827,5324,-2.98,35,1,425.5,1
231858,5325,-3.80,31,1,368.5,1
231920,5326,1.60,62,2,789.3,1
231975,5327,0.90,55,2,946.1,1
232023,5328,-0.16,48,2,874.5,1
232055,5329,-4.83,32,1,422.5,1
232090,5330,-4.45,35,1,462.2,1
232132,5331,-1.51,42,2,728.9,1
232191,5332,1.11,59,2,934.0,1
232259,5333,0.72,68,2,849.2,1
232324,5334,-0.01,65,2,916.2,1
232347,5335,-5.45,23,1,180.5,1
232408,5336,0.67,61,2,810.9,1
232446,5337,-3.51,38,1,480.2,1
232479,5338,-3.70,33,1,516.4,1
232522,5339,-2.85,43,2,361.9,1
232584,5340,-0.56,62,2,724.3,1
232627,5341,-2.12,43,2,569.8,1
232686,5342,0.89,59,2,820.3,1
232724,5343,-3.59,38,1,467.4,1
232772,5344,-0.01,48,2,699.5,1
232799,5345,-4.42,27,1,260.3,1
232842,5346,-3.87,43,1,662.0,1
232862,5347,-6.43,20,1,182.2,1
232893,5348,-7.29,31,0,190.6,1
232913,5349,-5.32,20,1,193.2,1
232966,5350,-0.27,53,2,840.7,1
233003,5351,-3.01,37,1,528.8,1
233027,5352,-4.49,24,1,344.6,1
233090,5353,-2.22,63,1,829.8,1
233123,5354,-5.22,33,0,445.8,1
233172,5355,0.65,49,2,679.9,1
233239,5356,2.30,67,2,833.0,1
233287,5357,-0.28,48,2,845.9,1
233333,5358,-1.47,46,2,547.7,1
233367,5359,-4.63,34,1,318.2,1
233430,5360,0.30,63,2,749.9,1
233460,5361,-3.86,30,1,274.4,1
233511,5362,-1.61,51,1,910.7,1
233553,5363,-3.28,42,1,539.5,1
233604,5364,0.67,51,2,789.8,1
233633,5365,-3.52,29,1,414.7,1
233660,5366,-4.66,27,1,250.1,1
233718,5367,1.55,58,3,1011.2,1
233776,5368,0.17,58,2,841.8,1
233821,5369,-0.73,45,2,728.0,1
233859,5370,-2.94,38,1,416.7,1
233899,5371,-3.59,40,1,550.2,1
233938,5372,-4.38,39,1,333.2,1
234007,5373,3.88,69,3,1017.8,1
234037,5374,-5.53,30,1,194.5,1
234072,5375,-3.94,35,1,336.1,1
234137,5376,-0.91,65,2,845.3,1
234172,5377,-5.69,35,1,191.4,1
234205,5378,-6.81,33,0,442.4,1
234249,5379,-3.22,44,1,463.3,1
234288,5380,-9.08,39,1,205.5,1
234332,5381,-1.24,44,2,753.4,1
234369,5382,-2.02,37,2,540.7,1
234399,5383,-6.61,30,0,551.0,1
234434,5384,-3.06,35,1,513.3,1
234502,5385,2.03,68,2,770.6,1
234549,5386,-1.53,47,2,702.1,1
234593,5387,-3.21,44,1,442.1,1
234635,5388,-3.73,42,1,489.2,1
234705,5389,2.79,70,3,906.5,1
234767,5390,-0.47,62,2,850.8,1
234799,5391,-3.36,32,1,363.4,1
234835,5392,-2.50,36,1,428.2,1
234869,5393,-2.28,34,2,499.0,1
234893,5394,-4.95,24,1,258.1,1
234935,5395,-2.70,42,1,473.0,1
235002,5396,0.82,67,2,845.7,1
235066,5397,-2.70,64,2,398.9,1
235109,5398,-3.64,43,1,759.7,1
235131,5399,-4.12,22,1,253.4,1
235169,5400,-3.12,38,1,456.7,1
235199,5401,-4.74,30,1,348.6,1
235244,5402,-0.07,45,2,772.5,1
235290,5403,-3.11,46,1,462.1,1
235336,5404,-1.82,46,2,420.3,1
235376,5405,-2.82,40,1,384.7,1
235410,5406,-3.80,34,1,322.9,1
235443,5407,-5.25,33,0,445.1,1
235474,5408,-3.39,31,1,362.2,1
235515,5409,-3.46,41,1,414.0,1
235561,5410,-1.45,46,2,586.8,1
235613,5411,-1.67,52,2,924.6,1
235639,5412,-4.59,26,1,267.7,1
235667,5413,-4.26,28,1,265.9,1
235706,5414,-4.60,39,1,467.8,1
235779,5415,2.34,73,2,787.6,1
235856,5416,1.87,77,2,907.2,1
235890,5417,-3.36,34,2,269.8,1
235921,5418,-3.45,31,1,349.1,1
235977,5419,-0.82,56,3,848.8,1
236040,5420,1.55,63,2,806.5,1
236072,5421,-4.19,32,1,466.0,1
236147,5422,3.13,75,3,1169.1,1
236176,5423,-5.04,29,0,452.0,1
236224,5424,0.23,48,2,613.6,1
236278,5425,-0.72,54,3,878.6,1
236337,5426,1.45,59,2,830.9,1
236380,5427,-3.61,43,1,448.7,1
236401,5428,-4.64,21,1,203.0,1
236456,5429,-2.30,55,2,963.2,1
236497,5430,-2.78,41,1,507.8,1
236530,5431,-3.76,33,1,464.7,1
236564,5432,-2.98,34,2,321.8,1
236596,5433,-3.56,32,1,532.9,1
236667,5434,-0.80,71,2,744.3,1
236702,5435,-3.91,35,1,245.0,1
236766,5436,1.78,64,2,825.2,1
236834,5437,2.16,68,3,1025.4,1
236859,5438,-4.46,25,1,297.9,1
236893,5439,-1.87,34,2,397.3,1
236947,5440,0.69,54,2,831.6,1
237010,5441,0.56,63,2,847.3,1
237041,5442,-4.86,31,0,510.7,1
237118,5443,1.56,77,3,931.9,1
237156,5444,-3.03,38,1,493.7,1
237190,5445,-4.48,34,1,324.1,1
237244,5446,-1.07,54,2,939.4,1
237309,5447,0.32,65,2,591.5,1
237343,5448,-3.91,34,1,341.6,1
237383,5449,-1.94,40,2,524.9,1
237428,5450,-1.87,45,2,577.5,1
237487,5451,0.85,59,2,825.4,1
237551,5452,1.45,64,2,758.2,1
237627,5453,1.92,76,2,922.4,1
237679,5454,-0.35,52,2,829.9,1
237747,5455,1.85,68,4,936.6,1
237792,5456,-2.08,45,1,498.2,1
237826,5457,-4.01,34,1,312.1,1
237881,5458,-0.48,55,2,842.7,1
237917,5459,-3.46,36,1,460.2,1
237985,5460,-0.87,68,2,864.2,1
238026,5461,-2.91,41,1,694.1,1
238062,5462,-4.14,36,1,298.1,1
238094,5463,-2.20,32,2,469.5,1
238148,5464,-9.23,54,1,326.3,1
238200,5465,-1.99,52,1,760.3,1
238227,5466,-5.20,27,1,470.0,1
238280,5467,0.65,53,2,827.3,1
238305,5468,-4.69,25,1,362.9,1
238339,5469,-3.39,34,2,347.1,1
238386,5470,-1.79,47,2,591.5,1
238416,5471,-3.08,30,1,344.2,1
238484,5472,0.97,68,2,830.7,1
238518,5473,-4.79,34,1,246.6,1
238565,5474,-3.94,47,1,586.2,1
238712,5475,-5.51,147,2,451.7,1
238777,5476,2.22,65,4,970.2,1
238805,5477,-4.42,28,1,236.5,1
238854,5478,-2.60,49,1,706.0,1
238888,5479,-3.84,34,1,317.5,1
238924,5480,-3.34,36,1,494.1,1
238975,5481,-1.33,51,2,983.8,1
239009,5482,-4.18,34,1,435.5,1
239069,5483,2.18,60,3,834.2,1
239132,5484,0.74,63,2,956.5,1
239211,5485,2.23,79,3,1037.6,1
239275,5486,3.05,64,2,842.6,1
239315,5487,-2.59,40,1,523.2,1
239352,5488,-3.35,37,1,507.4,1
239375,5489,-6.05,23,0,270.8,1
239404,5490,-7.01,29,1,176.4,1
239475,5491,1.57,71,3,944.8,1
239512,5492,-3.36,37,1,486.4,1
239545,5493,-2.38,33,2,381.0,1
239579,5494,-4.49,34,1,262.6,1
239625,5495,-3.42,46,1,458.8,1
239660,5496,-2.68,35,1,451.6,1
239689,5497,-3.23,29,1,363.7,1
239722,5498,-3.49,33,1,440.0,1
239784,5499,0.89,62,2,934.6,1
239841,5500,-0.36,57,2,936.3,1
239896,5501,-1.11,55,3,840.9,1
239948,5502,-0.48,52,2,719.4,1
239984,5503,-3.19,36,1,465.9,1
240052,5504,1.79,68,3,807.5,1
240084,5505,-4.31,32,1,473.8,1
240139,5506,1.41,55,2,642.4,1
240208,5507,2.28,69,2,888.2,1
240241,5508,-4.60,33,0,434.3,1
240286,5509,-2.03,45,2,663.5,1
240318,5510,-4.10,32,1,547.6,1
240377,5511,-0.13,59,2,803.4,1
240427,5512,0.59,50,3,887.8,1
240491,5513,-1.99,64,2,826.1,1
240528,5514,-3.07,37,1,493.9,1
240553,5515,-5.22,25,1,207.3,1
240593,5516,-3.63,40,1,603.1,1
240656,5517,2.13,63,3,1013.6,1
240693,5518,-3.90,37,1,451.9,1
240758,5519,0.94,65,3,823.5,1
240814,5520,-0.13,56,2,834.6,1
240848,5521,-3.84,34,1,310.3,1
240929,5522,2.33,81,2,886.9,1
240998,5523,3.03,69,3,1030.7,1
241022,5524,-5.55,24,1,147.9,1
241083,5525,1.23,61,3,957.4,1
241147,5526,0.82,64,2,744.4,1
241204,5527,0.23,57,3,962.5,1
241227,5528,-5.56,23,1,140.7,1
241294,5529,0.90,67,3,962.0,1
241349,5530,1.86,55,3,898.0,1
241393,5531,-2.98,44,1,549.0,1
241422,5532,-1.57,29,2,410.3,1
241461,5533,-3.27,39,1,487.7,1
241495,5534,-3.62,34,2,341.9,1
241558,5535,3.47,63,3,954.9,1
241599,5536,-9.23,41,0,207.1,1
241633,5537,-3.01,34,2,291.0,1
241654,5538,-6.05,21,0,282.5,1
241687,5539,-5.04,33,0,498.2,1
241738,5540,-1.14,51,2,845.3,1
241795,5541,0.16,57,2,976.0,1
241828,5542,-4.60,33,1,298.8,1
241891,5543,1.30,63,2,988.5,1
241955,5544,1.03,64,2,777.9,1
242008,5545,0.59,53,2,727.4,1
242080,5546,3.47,72,3,824.7,1
242113,5547,-3.41,33,1,357.0,1
242139,5548,-2.59,26,2,332.3,1
242207,5549,3.57,68,3,1094.8,1
242262,5550,-0.08,55,2,845.4,1
242294,5551,-4.01,32,1,287.0,1
242349,5552,0.50,55,2,928.3,1
242393,5553,-1.33,44,2,631.1,1
242454,5554,-1.51,61,2,777.0,1
242508,5555,0.15,54,2,897.3,1
242576,5556,1.54,68,2,902.7,1
242649,5557,0.51,73,2,788.5,1
242693,5558,-0.74,44,2,625.6,1
242757,5559,0.41,64,2,906.8,1
242791,5560,-4.20,34,1,301.0,1
242816,5561,-4.25,25,1,272.0,1
242878,5562,-0.11,62,2,835.8,1
242906,5563,-4.56,28,1,483.7,1
242968,5564,2.29,62,3,903.0,1
242991,5565,-4.36,23,1,308.2,1
243062,5566,-0.30,71,2,840.9,1
243114,5567,-1.40,52,2,730.9,1
243175,5568,-0.87,61,2,1012.1,1
243202,5569,-3.02,27,1,439.5,1
243235,5570,-3.45,33,1,429.7,1
243291,5571,-1.04,56,2,809.1,1
243347,5572,2.78,56,3,921.2,1
243402,5573,0.83,55,3,937.2,1
243445,5574,-1.66,43,2,563.9,1
243464,5575,-4.80,19,1,186.2,1
243527,5576,-0.25,63,2,914.0,1
243592,5577,-0.27,65,2,959.5,1
243614,5578,-5.04,22,1,244.3,1
243678,5579,1.22,64,3,1019.7,1
243736,5580,-0.27,58,2,694.4,1
243791,5581,-0.68,55,2,958.2,1
243830,5582,-3.69,39,1,521.0,1
243889,5583,-0.14,59,2,811.2,1
243949,5584,-0.69,60,2,1031.1,1
244019,5585,-0.57,70,2,775.0,1
244063,5586,-3.55,44,2,543.2,1
244108,5587,-4.38,45,1,613.7,1
244140,5588,-4.81,32,1,250.8,1
244203,5589,0.36,63,2,868.3,1
244271,5590,1.45,68,3,923.8,1
244304,5591,-4.35,33,1,449.8,1
244347,5592,-3.03,43,1,465.7,1
244379,5593,-2.81,32,1,485.9,1
244416,5594,-2.84,37,1,471.3,1
244434,5595,-5.21,18,1,165.4,1
244491,5596,2.13,57,3,799.1,1
244525,5597,-3.61,34,2,286.1,1
244564,5598,-4.03,39,2,448.3,1
244606,5599,-1.65,42,2,835.1,1
244679,5600,2.86,73,2,813.4,1
244712,5601,-6.55,33,0,477.3,1
244746,5602,-4.10,34,1,320.7,1
244783,5603,-3.58,37,1,500.6,1
244821,5604,-5.40,38,1,232.8,1
244871,5605,0.84,50,2,749.8,1
244905,5606,-3.63,34,2,277.9,1
244952,5607,-1.45,47,1,638.8,1
245007,5608,0.67,55,4,855.2,1
245043,5609,-3.22,36,1,479.6,1
245095,5610,-0.12,52,2,719.4,1
245131,5611,-3.40,36,1,459.4,1
245167,5612,-4.96,36,1,240.4,1
245201,5613,-0.41,34,2,636.0,1
245232,5614,-4.77,31,1,519.3,1
245281,5615,-1.33,49,2,912.3,1
245350,5616,1.69,69,3,788.9,1
245385,5617,-4.28,35,1,436.1,1
245442,5618,0.11,57,2,797.7,1
245478,5619,-4.32,36,1,459.3,1
245534,5620,0.86,56,3,810.3,1
245570,5621,-3.88,36,1,472.4,1
245609,5622,-3.31,39,1,482.3,1
245637,5623,-3.95,28,1,492.4,1
245671,5624,-4.62,34,1,282.3,1
245703,5625,-2.90,32,1,436.2,1
245723,5626,-5.79,20,1,139.5,1
245757,5627,-3.88,34,1,310.8,1
245795,5628,-4.63,38,0,405.5,1
245859,5629,2.63,64,3,1044.5,1
245916,5630,0.02,57,2,843.6,1
245943,5631,-5.17,27,1,219.6,1
245977,5632,-4.36,34,1,250.0,1
246010,5633,-3.76,33,1,440.8,1
246081,5634,-0.26,71,2,829.4,1
246109,5635,-3.40,28,1,488.5,1
246165,5636,0.35,56,2,829.3,1
246203,5637,-2.63,38,2,407.0,1
246259,5638,1.88,56,3,903.1,1
246317,5639,0.32,58,2,978.1,1
246385,5640,0.89,68,2,737.2,1
246440,5641,2.02,55,3,1005.8,1
246472,5642,-3.34,32,1,536.5,1
246510,5643,-3.58,38,1,505.3,1
246568,5644,0.11,58,3,902.2,1
246622,5645,-2.77,54,2,407.6,1
246659,5646,-3.47,37,1,512.2,1
246697,5647,-4.40,38,1,458.7,1
246722,5648,-4.13,25,1,307.6,1
246743,5649,-4.56,21,1,218.4,1
246767,5650,-6.08,24,1,177.8,1
246823,5651,0.18,56,2,809.3,1
246882,5652,-0.82,59,2,917.9,1
246937,5653,1.60,55,2,931.6,1
246965,5654,-4.76,28,1,249.5,1
246997,5655,-4.47,32,1,333.1,1
247048,5656,-0.83,51,2,641.2,1
247107,5657,1.60,59,2,869.4,1
247171,5658,-0.51,64,2,794.4,1
247239,5659,0.71,68,2,893.5,1
247301,5660,0.30,62,2,832.7,1
247373,5661,25.04,72,3,1277.7,0
247433,5662,0.37,60,3,871.9,1
247482,5663,-1.59,49,2,674.2,1
247520,5664,-1.53,38,2,535.0,1
247557,5665,-2.83,37,1,455.5,1
247593,5666,-2.38,36,2,354.9,1
247645,5667,1.08,52,2,935.2,1
247687,5668,-2.14,42,2,517.9,1
247727,5669,-1.44,40,2,578.3,1
247783,5670,2.13,56,3,863.7,1
247834,5671,-2.52,51,2,795.8,1
247897,5672,1.06,63,2,707.6,1
247934,5673,-2.85,37,2,638.6,1
247979,5674,-4.55,45,1,592.6,1
248025,5675,-7.63,46,0,95.5,1
248065,5676,-0.13,40,2,667.0,1
248105,5677,-5.24,40,0,486.4,1
248131,5678,-6.27,26,0,464.1,1
248167,5679,-3.60,36,1,506.3,1
248189,5680,-5.14,22,1,246.9,1
248212,5681,-5.14,23,1,221.6,1
248247,5682,-5.26,35,1,516.2,1
248298,5683,0.78,51,2,800.8,1
248348,5684,-0.32,50,3,936.9,1
248400,5685,0.33,52,2,917.3,1
248421,5686,-4.90,21,1,213.0,1
248468,5687,-1.13,47,2,793.7,1
248530,5688,-0.90,62,2,738.5,1
248591,5689,0.09,61,2,527.0,1
248635,5690,-2.39,44,2,491.3,1
248694,5691,1.33,59,3,833.0,1
248749,5692,0.30,55,3,886.7,1
248785,5693,-2.13,36,2,527.1,1
248845,5694,0.01,60,3,842.7,1
248881,5695,-3.71,36,1,455.2,1
248946,5696,1.22,65,2,939.0,1
248985,5697,-4.07,39,1,477.2,1
249009,5698,-4.04,24,1,284.0,1
249060,5699,-1.86,51,2,814.5,1
249094,5700,-4.49,34,1,307.3,1
249123,5701,-2.98,29,1,493.1,1
249169,5702,-1.09,46,2,653.1,1
249203,5703,-3.71,34,1,467.3,1
249230,5704,-4.88,27,1,388.7,1
249263,5705,-4.69,33,1,366.6,1
249300,5706,-3.78,37,1,459.5,1
249362,5707,2.38,62,3,809.6,1
249394,5708,-3.99,32,1,493.3,1
249442,5709,-1.71,48,2,666.4,1
249500,5710,1.65,58,3,832.7,1
249565,5711,0.25,65,2,896.5,1
249590,5712,-4.81,25,1,218.1,1
249667,5713,4.05,77,3,1094.1,1
249720,5714,0.44,53,2,845.8,1
249765,5715,-3.94,45,1,269.4,1
249815,5716,-0.20,50,2,801.1,1
249880,5717,1.84,65,3,945.3,1
249917,5718,-3.59,37,1,529.0,1
249958,5719,-4.06,41,1,555.6,1
249990,5720,-3.63,32,1,471.7,1
250014,5721,-5.82,24,1,184.5,1
250051,5722,-2.89,37,1,661.8,1
250087,5723,-3.17,36,1,460.4,1
250155,5724,-0.11,68,2,868.6,1
250215,5725,3.28,60,3,833.9,1
250251,5726,-3.95,36,1,473.9,1
250282,5727,-3.17,31,1,331.8,1
250332,5728,-0.63,50,2,755.9,1
250367,5729,-3.51,35,1,408.7,1
250439,5730,2.80,72,4,1132.4,1
250497,5731,-1.82,58,2,711.0,1
250530,5732,-3.81,33,1,361.2,1
250590,5733,-0.99,60,2,747.1,1
250624,5734,-3.83,34,1,340.7,1
250662,5735,-3.12,38,1,470.4,1
250749,5736,-1.87,87,2,635.1,1
250783,5737,-4.39,34,1,331.7,1
250824,5738,-1.49,41,1,564.6,1
250895,5739,0.63,71,2,918.4,1
250929,5740,-3.21,34,2,316.7,1
250965,5741,-3.85,36,1,326.9,1
250998,5742,-2.40,33,2,520.3,1
251025,5743,-5.23,27,1,211.1,1
251059,5744,-4.17,34,1,249.1,1
251094,5745,-3.34,35,1,405.7,1
251129,5746,-3.47,35,1,515.5,1
251158,5747,-3.12,29,1,423.9,1
251206,5748,-1.24,48,2,603.1,1
251271,5749,0.88,65,2,893.7,1
251342,5750,2.76,71,2,1045.1,1
251418,5751,3.04,76,3,993.6,1
251444,5752,-2.56,26,2,332.3,1
251481,5753,-3.54,37,1,483.6,1
251533,5754,-0.64,52,2,732.8,1
251593,5755,2.05,60,2,824.5,1
251629,5756,-2.74,36,2,614.7,1
251698,5757,1.47,69,3,979.6,1
251763,5758,1.57,65,2,974.5,1
251795,5759,-3.57,32,1,470.2,1
251823,5760,-4.51,28,1,273.8,1
251886,5761,0.87,63,3,899.9,1
251913,5762,-4.52,27,1,331.3,1
251947,5763,-3.20,34,2,341.6,1
251979,5764,-3.90,32,1,467.5,1
252030,5765,0.63,51,2,890.9,1
252091,5766,0.47,61,2,819.9,1
252155,5767,2.31,64,2,912.8,1
252215,5768,1.96,60,4,896.9,1
252247,5769,-3.47,32,1,457.5,1
252305,5770,-3.22,58,1,980.7,1
252340,5771,-2.71,35,1,371.1,1
252374,5772,-3.05,34,2,451.1,1
252444,5773,2.67,70,3,905.2,1
252505,5774,-0.25,61,2,842.5,1
252545,5775,-3.15,40,1,439.7,1
252579,5776,-5.65,34,1,215.9,1
252630,5777,-2.78,51,1,639.4,1
252656,5778,-5.41,26,1,219.7,1
252716,5779,-1.11,60,2,718.6,1
252772,5780,-0.11,56,2,867.9,1
252821,5781,-1.39,49,2,735.6,1
253015,5782,-4.29,194,4,1148.1,1
253082,5783,-0.50,67,2,811.3,1
253122,5784,-3.57,40,1,471.5,1
253186,5785,-1.36,64,2,927.2,1
253231,5786,-4.05,45,1,579.4,1
253259,5787,-5.99,28,0,456.7,1
253281,5788,-4.88,22,1,208.8,1
253316,5789,-3.21,35,1,451.8,1
253389,5790,3.92,73,4,1045.7,1
253423,5791,-5.26,34,1,264.2,1
253489,5792,3.08,66,4,1004.9,1
253524,5793,-2.97,35,1,468.1,1
253584,5794,1.00,60,3,824.3,1
253622,5795,-4.35,38,1,457.1,1
253676,5796,-0.24,54,2,899.8,1
253715,5797,-3.87,39,1,474.7,1
253750,5798,-2.92,35,1,531.2,1
253772,5799,-6.87,22,0,239.8,1
253804,5800,-3.81,32,1,489.4,1
253862,5801,1.37,58,2,714.7,1
253937,5802,1.69,75,3,1193.4,1
254004,5803,0.36,67,2,761.9,1
254040,5804,-3.53,36,1,389.1,1
254081,5805,-3.50,41,1,510.9,1
254133,5806,-0.92,52,2,868.5,1
254164,5807,-3.39,31,2,317.5,1
254234,5808,3.05,70,3,977.8,1
254274,5809,-3.35,40,1,469.1,1
254327,5810,-0.32,53,2,876.5,1
254387,5811,0.38,60,2,612.0,1
254421,5812,-3.49,34,1,471.3,1
254476,5813,1.09,55,2,870.0,1
254542,5814,0.15,66,3,923.5,1
254612,5815,4.08,70,3,938.0,1
254674,5816,0.45,62,2,908.3,1
254737,5817,0.68,63,3,770.0,1
254798,5818,-0.43,61,2,805.6,1
254862,5819,1.76,64,3,877.3,1
254907,5820,-1.87,45,2,734.5,1
254959,5821,-1.02,52,2,612.8,1
254993,5822,-5.16,34,1,192.6,1
255029,5823,-4.15,36,1,301.8,1
255061,5824,-3.35,32,1,471.9,1
255130,5825,4.29,69,3,1020.2,1
255166,5826,-2.93,36,1,494.9,1
255234,5827,2.38,68,3,888.4,1
255283,5828,0.24,49,3,849.1,1
255353,5829,0.45,70,2,885.2,1
255409,5830,3.55,56,3,950.1,1
255465,5831,-2.04,56,2,890.8,1
255477,5832,-7.74,12,0,64.2,1
255514,5833,-1.96,37,2,574.2,1
255550,5834,-4.13,36,2,540.9,1
255581,5835,-3.93,31,1,471.3,1
255600,5836,-5.77,19,1,113.2,1
255636,5837,-4.46,36,2,513.8,1
255688,5838,-1.70,52,2,907.9,1
255750,5839,-0.35,62,2,803.1,1
255856,5840,1.96,106,2,760.9,1
255921,5841,0.11,65,2,999.6,1
255976,5842,1.39,55,3,839.5,1
256051,5843,2.56,75,2,848.8,1
256085,5844,-3.39,34,1,460.3,1
256126,5845,-1.69,41,2,540.8,1
256193,5846,2.87,67,4,898.2,1
256223,5847,-3.53,30,1,359.1,1
256249,5848,-3.94,26,1,396.3,1
256299,5849,-2.30,50,1,890.1,1
256335,5850,-4.22,36,1,501.1,1
256390,5851,-1.40,55,2,919.2,1
256455,5852,2.47,65,2,897.6,1
256496,5853,-1.43,41,2,594.1,1
256544,5854,-0.58,48,2,866.8,1
256596,5855,-1.46,52,2,917.8,1
256656,5856,2.55,60,3,997.8,1
256712,5857,-1.17,56,2,808.9,1
256737,5858,-4.65,25,1,181.8,1
256764,5859,-3.39,27,1,489.7,1
256826,5860,0.05,62,2,860.3,1
256858,5861,-2.90,32,1,544.2,1
256891,5862,-4.44,33,1,436.3,1
256933,5863,-3.32,42,1,500.2,1
256994,5864,0.69,61,2,878.9,1
257016,5865,-4.94,22,1,204.6,1
257046,5866,-5.14,30,0,521.3,1
257095,5867,-0.57,49,2,689.9,1
257141,5868,-2.31,46,1,705.0,1
257163,5869,-6.16,22,0,457.7,1
257219,5870,-0.26,56,2,870.4,1
257252,5871,-3.79,33,1,478.0,1
257305,5872,-0.62,53,2,841.1,1
257360,5873,-0.05,55,2,841.3,1
257422,5874,0.90,62,2,890.8,1
257463,5875,-1.96,41,2,523.7,1
257515,5876,-1.57,52,2,869.4,1
257563,5877,-2.84,48,2,807.3,1
257604,5878,-3.39,41,1,431.1,1
257659,5879,-0.38,55,2,830.9,1
257691,5880,-3.12,32,1,531.2,1
257714,5881,-2.89,23,2,303.1,1
257750,5882,-3.21,36,1,429.0,1
257812,5883,1.17,62,3,902.1,1
257876,5884,4.82,64,3,1081.0,1
257910,5885,-2.51,34,1,579.2,1
257966,5886,0.11,56,2,900.6,1
258025,5887,0.26,59,2,830.5,1
258081,5888,-0.95,56,2,879.8,1
258120,5889,-1.94,39,2,431.4,1
258159,5890,-3.02,39,1,393.4,1
258218,5891,1.06,59,2,881.9,1
258274,5892,0.25,56,2,927.3,1
258347,5893,1.44,73,2,842.2,1
258418,5894,1.69,71,2,740.0,1
258461,5895,-3.60,43,1,562.6,1
258497,5896,-2.98,36,2,395.8,1
258543,5897,-2.12,46,2,590.2,1
258575,5898,-3.04,32,1,469.6,1
258615,5899,-4.49,40,1,540.9,1
258652,5900,-4.41,37,1,517.2,1
258703,5901,-1.30,51,2,914.6,1
258744,5902,-2.52,41,1,427.2,1
258778,5903,-5.02,34,1,555.5,1
258798,5904,-5.95,20,1,144.2,1
258833,5905,-3.69,35,1,309.6,1
258872,5906,-3.13,39,1,500.7,1
258900,5907,-3.85,28,1,344.5,1
258937,5908,-4.45,37,1,541.5,1
258993,5909,0.79,56,2,823.3,1
259015,5910,-5.29,22,1,164.3,1
259087,5911,3.58,72,3,1166.2,1
259154,5912,0.04,67,2,817.1,1
259210,5913,-0.86,56,2,858.1,1
259253,5914,-0.49,43,3,837.5,1
259287,5915,-2.28,34,2,340.2,1
259346,5916,-0.81,59,2,906.8,1
259412,5917,3.77,66,3,1085.4,1
259492,5918,4.27,80,3,949.8,1
259529,5919,-3.13,37,1,442.2,1
259561,5920,-2.28,32,2,368.9,1
259605,5921,-0.88,44,2,851.7,1
259667,5922,0.35,62,2,836.6,1
259718,5923,-1.28,51,2,745.3,1
259768,5924,0.63,50,3,876.1,1
259793,5925,-5.10,25,1,231.5,1
259830,5926,-2.47,37,1,510.3,1
259868,5927,-3.17,38,1,493.2,1
259924,5928,0.60,56,2,802.6,1
259988,5929,3.73,64,3,978.3,1
260050,5930,4.03,62,3,873.8,1
260105,5931,-0.19,55,2,826.2,1
260139,5932,-2.08,34,2,534.2,1
260177,5933,-3.07,38,1,461.9,1
260230,5934,-0.69,53,2,794.0,1
260265,5935,-4.07,35,2,273.4,1
260302,5936,-3.19,37,1,615.2,1
260328,5937,-5.80,26,1,132.3,1
260389,5938,0.13,61,2,974.2,1
260423,5939,-4.74,34,1,306.0,1
260476,5940,0.37,53,2,848.9,1
260505,5941,-4.35,29,1,446.1,1
260559,5942,0.14,54,2,862.7,1
260613,5943,2.08,54,3,896.5,1
260649,5944,-2.44,36,1,423.3,1
260681,5945,-4.00,32,1,480.8,1
260721,5946,-3.04,40,2,443.4,1
260753,5947,-3.46,32,1,394.8,1
260786,5948,-3.51,33,1,470.5,1
260857,5949,3.22,71,3,1026.9,1
260909,5950,0.24,52,2,860.6,1
260946,5951,-2.05,37,2,480.5,1
261085,5952,-5.27,139,2,427.3,1
261155,5953,2.77,70,2,903.8,1
261222,5954,2.58,67,3,829.8,1
261266,5955,-0.76,44,2,812.1,1
261314,5956,-1.46,48,1,813.2,1
261369,5957,-1.40,55,2,833.9,1
261443,5958,2.55,74,3,874.8,1
261505,5959,0.37,62,2,902.7,1
261538,5960,-5.38,33,0,460.4,1
261574,5961,-3.87,36,1,478.8,1
261630,5962,-1.12,56,2,816.0,1
261682,5963,-3.65,52,1,531.6,1
261718,5964,-4.93,36,0,583.4,1
261761,5965,-3.70,43,2,636.0,1
261794,5966,-3.40,33,2,501.1,1
261826,5967,-2.10,32,2,347.7,1
261880,5968,0.16,54,2,1014.6,1
261906,5969,-4.43,26,1,454.9,1
261950,5970,-1.56,44,2,820.4,1
262010,5971,1.52,60,2,873.8,1
262042,5972,-3.21,32,1,362.6,1
262069,5973,-3.59,27,1,461.2,1
262106,5974,-4.05,37,1,473.4,1
262421,5975,31.06,315,6,1278.0,0
262469,5976,-3.00,48,1,833.8,1
262503,5977,-4.45,34,1,319.0,1
262542,5978,-2.68,39,1,662.0,1
262593,5979,-1.64,51,2,956.0,1
262644,5980,-1.45,51,2,931.9,1
262682,5981,-2.73,38,1,534.6,1
262710,5982,-4.53,28,1,222.3,1
262749,5983,-0.91,39,2,641.6,1
262799,5984,-1.34,50,2,803.8,1
262831,5985,-3.75,32,1,463.8,1
262888,5986,-0.72,57,2,835.7,1
262915,5987,-4.38,27,1,485.1,1
262948,5988,-2.87,33,1,469.7,1
263003,5989,-0.65,55,3,867.3,1
263056,5990,0.21,53,2,860.9,1
263115,5991,2.13,59,2,832.1,1
263151,5992,-3.69,36,1,489.5,1
263195,5993,-2.12,44,2,475.0,1
263244,5994,-0.66,49,2,740.0,1
263322,5995,-1.15,78,2,864.1,1
263373,5996,0.91,51,2,807.6,1
263426,5997,-0.13,53,3,777.5,1
263460,5998,-1.82,34,2,487.7,1
263499,5999,-3.79,39,1,464.5,1
263558,6000,1.87,59,2,826.1,1
263620,6001,0.61,62,2,1032.6,1
263659,6002,-4.08,39,0,469.1,1
263693,6003,-4.27,34,1,294.7,1
263747,6004,-1.47,54,2,805.7,1
263766,6005,-5.96,19,1,129.8,1
263792,6006,-4.91,26,1,508.0,1
263828,6007,-3.74,36,1,474.2,1
263887,6008,-0.85,59,2,861.8,1
263917,6009,-3.65,30,1,284.1,1
263982,6010,4.53,65,3,971.0,1
264038,6011,-1.79,56,2,929.2,1
264064,6012,-4.40,26,1,460.1,1
264129,6013,0.32,65,2,908.5,1
264192,6014,0.83,63,2,937.0,1
264229,6015,-1.80,37,2,482.8,1
264282,6016,1.14,53,2,853.9,1
264344,6017,2.56,62,2,1004.8,1
264383,6018,-3.06,39,2,526.1,1
264438,6019,0.62,55,2,869.0,1
264476,6020,-3.69,38,1,509.6,1
264512,6021,-4.71,36,1,486.1,1
264544,6022,-3.38,32,1,463.8,1
264611,6023,-2.27,67,3,840.7,1
264640,6024,-4.67,29,1,441.8,1
264692,6025,-1.16,52,2,810.9,1
264724,6026,-1.93,32,2,567.7,1
264769,6027,-2.24,45,2,924.1,1
264812,6028,-3.29,43,2,842.8,1
264856,6029,-1.59,44,2,611.4,1
264905,6030,-1.23,49,2,871.5,1
264937,6031,-3.58,32,1,471.1,1
264964,6032,-3.25,27,1,458.0,1
264994,6033,-5.97,30,0,467.0,1
265041,6034,-0.27,47,2,848.4,1
265098,6035,0.09,57,2,898.8,1
265137,6036,-3.74,39,1,542.0,1
265195,6037,0.14,58,2,839.0,1
265240,6038,0.22,45,2,849.9,1
265287,6039,-0.14,47,2,771.5,1
265330,6040,-2.27,43,2,519.5,1
265391,6041,0.75,61,2,732.6,1
265460,6042,0.28,69,2,816.0,1
265520,6043,1.36,60,2,973.3,1
265543,6044,-4.01,23,1,293.8,1
265591,6045,-0.63,48,2,852.1,1
265638,6046,-2.50,47,2,883.3,1
265671,6047,-2.39,33,2,377.2,1
265718,6048,-1.99,47,2,863.9,1
265776,6049,-2.53,58,2,829.0,1
265842,6050,-0.61,66,2,912.1,1
265911,6051,2.73,69,2,825.2,1
265974,6052,2.69,63,3,1007.9,1
266028,6053,0.01,54,2,911.5,1
266067,6054,-3.41,39,2,600.0,1
266120,6055,-1.50,53,2,926.2,1
266188,6056,-0.62,68,2,959.7,1
266227,6057,-3.22,39,1,507.4,1
266285,6058,-0.52,58,2,1035.1,1
266320,6059,-2.70,35,1,422.5,1
266377,6060,-0.47,57,2,938.2,1
266404,6061,-4.32,27,1,446.5,1
266426,6062,-4.80,22,1,230.1,1
266490,6063,2.68,64,2,922.6,1
266549,6064,1.40,59,3,1073.4,1
266586,6065,-2.78,37,2,521.8,1
266659,6066,2.40,73,3,984.0,1
266692,6067,-5.35,33,0,483.3,1
266755,6068,0.50,63,3,889.3,1
266810,6069,-0.19,55,2,854.9,1
266838,6070,-5.20,28,1,193.5,1
266883,6071,-2.70,45,1,563.2,1
266932,6072,-2.90,49,1,785.1,1
266985,6073,-1.06,53,2,857.2,1
267014,6074,-3.30,29,2,317.5,1
267079,6075,-0.40,65,3,906.6,1
267131,6076,-1.63,52,2,979.9,1
267170,6077,-2.32,39,2,445.6,1
267227,6078,-0.06,57,2,933.3,1
267311,6079,26.00,84,4,1276.9,0
267351,6080,-3.32,40,1,512.0,1
267374,6081,-4.69,23,1,377.6,1
267428,6082,-0.93,54,2,966.9,1
267460,6083,-3.21,32,1,478.9,1
267516,6084,1.76,56,3,908.3,1
267552,6085,-4.05,36,1,451.9,1
267592,6086,-3.47,40,1,613.7,1
267650,6087,-1.82,58,2,862.1,1
267710,6088,2.29,60,2,928.2,1
267774,6089,-0.53,64,2,845.0,1
267828,6090,-0.99,54,2,849.1,1
267868,6091,-4.56,40,1,668.9,1
267900,6092,-3.70,32,1,584.8,1
267937,6093,-3.14,37,1,553.9,1
267974,6094,-4.34,37,1,630.0,1
268007,6095,-4.46,33,1,518.5,1
268062,6096,-1.06,55,3,769.9,1
268094,6097,-3.26,32,1,492.7,1
268138,6098,-0.65,44,2,782.4,1
268185,6099,0.20,47,2,844.8,1
268224,6100,-1.90,39,2,588.3,1
268256,6101,-4.54,32,1,528.7,1
268311,6102,0.54,55,3,1010.4,1
268342,6103,-2.14,31,1,468.1,1
268370,6104,-5.08,28,1,460.0,1
268440,6105,3.30,70,3,962.3,1
268476,6106,-4.45,36,1,436.2,1
268556,6107,6.17,80,4,1236.0,1
268593,6108,-3.34,37,1,485.4,1
268630,6109,-3.01,37,2,372.7,1
268687,6110,0.74,57,2,889.2,1
268749,6111,4.38,62,3,1034.3,1
268783,6112,-5.56,34,1,191.9,1
268862,6113,4.12,79,3,1228.8,1
268887,6114,-5.24,25,1,349.3,1
268913,6115,-4.28,26,1,296.9,1
268940,6116,-3.22,27,1,486.1,1
268973,6117,-3.86,33,1,459.3,1
269011,6118,-3.21,38,1,484.1,1
269072,6119,-1.09,61,2,880.4,1
269135,6120,3.53,63,3,889.6,1
269189,6121,-0.83,54,3,796.7,1
269241,6122,2.04,52,3,965.7,1
269308,6123,0.13,67,2,808.3,1
269334,6124,-5.39,26,1,316.7,1
269377,6125,-1.33,43,2,562.3,1
269408,6126,-4.78,31,0,500.4,1
269469,6127,2.91,61,3,854.6,1
269503,6128,-4.11,34,1,314.4,1
269571,6129,3.97,68,4,945.2,1
269603,6130,-3.20,32,1,435.5,1
269644,6131,-3.25,41,1,507.9,1
269720,6132,5.49,76,3,1047.3,1
269752,6133,-2.97,32,1,474.0,1
269787,6134,-3.19,35,1,452.1,1
269847,6135,1.02,60,2,814.6,1
269885,6136,-2.25,38,2,559.1,1
269940,6137,0.16,55,2,851.9,1
270004,6138,-1.14,64,2,887.8,1
270036,6139,-3.33,32,1,477.6,1
270090,6140,-0.58,54,2,860.6,1
270179,6141,24.08,89,4,1276.5,0
270199,6142,-5.27,20,1,191.9,1
270264,6143,2.03,65,2,852.5,1
270320,6144,-0.74,56,2,886.8,1
270376,6145,0.38,56,2,910.1,1
270426,6146,-2.29,50,2,973.1,1
270479,6147,-0.80,53,2,806.7,1
270511,6148,-3.25,32,1,476.7,1
270541,6149,-4.37,30,0,613.8,1
270606,6150,3.11,65,3,1020.5,1
270668,6151,0.63,62,2,794.7,1
270705,6152,-2.78,37,2,633.1,1
270736,6153,-4.02,31,1,493.1,1
270772,6154,-3.94,36,1,444.9,1
270803,6155,-3.16,31,1,529.8,1
270823,6156,-4.74,20,1,228.7,1
270878,6157,-1.38,55,2,687.9,1
270922,6158,-3.50,44,2,569.8,1
270972,6159,-1.86,50,2,821.3,1
271018,6160,-1.54,46,2,641.5,1
271067,6161,-1.00,49,2,914.8,1
271135,6162,2.09,68,3,1070.0,1
271191,6163,1.16,56,3,855.8,1
271247,6164,-0.78,56,2,916.9,1
271303,6165,-0.06,56,2,927.9,1
271348,6166,-2.43,45,1,489.8,1
271374,6167,-3.67,26,1,307.8,1
271407,6168,-3.86,33,1,463.0,1
271443,6169,-2.33,36,1,502.4,1
271517,6170,5.02,74,4,1108.1,1
271581,6171,1.33,64,3,974.5,1
271622,6172,-1.57,41,2,665.3,1
271652,6173,-3.94,30,1,302.1,1
271685,6174,-4.83,33,0,480.6,1
271721,6175,-3.96,36,1,432.4,1
271782,6176,0.98,61,3,966.5,1
271814,6177,-1.77,32,2,504.5,1
271879,6178,1.20,65,2,936.3,1
271902,6179,-6.17,23,0,489.6,1
271937,6180,-2.65,35,2,514.4,1
271985,6181,-1.01,48,1,734.6,1
272084,6182,-2.42,99,3,1102.7,1
272142,6183,-0.08,58,3,826.5,1
272177,6184,-3.27,35,2,360.6,1
272222,6185,-0.38,45,2,688.6,1
272257,6186,-2.26,35,1,463.2,1
272322,6187,0.48,65,2,951.5,1
272346,6188,-6.12,24,1,111.2,1
272393,6189,-1.13,47,2,867.2,1
272473,6190,3.12,80,3,1167.4,1
272527,6191,-0.27,54,2,850.5,1
272569,6192,-3.41,42,1,568.7,1
272623,6193,-1.56,54,2,970.7,1
272672,6194,-0.76,49,2,981.5,1
272706,6195,-1.91,34,2,339.8,1
272743,6196,-4.49,37,1,709.1,1
272796,6197,-1.93,53,2,753.2,1
272832,6198,-4.17,36,1,312.9,1
272869,6199,-2.76,37,1,557.6,1
272897,6200,-2.07,28,2,374.2,1
272956,6201,1.40,59,3,910.9,1
273015,6202,-1.43,59,3,932.6,1
273059,6203,-1.92,44,3,831.3,1
273119,6204,0.56,60,2,849.0,1
273172,6205,-0.86,53,2,842.6,1
273208,6206,-3.65,36,1,455.2,1
273242,6207,-3.41,34,1,522.4,1
273303,6208,1.88,61,3,932.9,1
273371,6209,-2.73,68,3,713.0,1
273438,6210,2.19,67,3,828.9,1
273474,6211,-3.66,36,1,455.9,1
273543,6212,1.46,69,2,728.5,1
273578,6213,-3.12,35,1,403.7,1
273612,6214,-2.71,34,2,279.6,1
273661,6215,-1.92,49,2,821.5,1
273710,6216,-2.07,49,2,807.0,1
273730,6217,-4.82,20,1,372.7,1
273762,6218,-3.04,32,2,499.4,1
273798,6219,-2.84,36,1,460.9,1
273854,6220,-0.63,56,2,849.3,1
273917,6221,1.58,63,2,954.2,1
273953,6222,-3.62,36,1,477.4,1
274007,6223,-0.39,54,2,942.8,1
274063,6224,-0.92,56,2,963.1,1
274100,6225,-2.84,37,2,512.2,1
274136,6226,-2.36,36,2,586.6,1
274177,6227,-2.95,41,2,482.7,1
274219,6228,-4.38,42,1,597.0,1
274273,6229,-0.74,54,2,813.1,1
274326,6230,0.11,53,2,806.5,1
274378,6231,0.53,52,2,724.8,1
274446,6232,1.88,68,2,882.8,1
274486,6233,-4.13,40,1,397.5,1
274540,6234,0.45,54,2,1039.2,1
274576,6235,-3.26,36,1,469.3,1
274608,6236,-2.99,32,1,467.3,1
274658,6237,-0.16,50,2,817.9,1
274725,6238,3.76,67,3,810.7,1
274797,6239,3.05,72,3,976.1,1
274832,6240,-1.82,35,2,509.1,1
274882,6241,-0.59,50,2,691.2,1
274937,6242,1.10,55,3,1062.2,1
274993,6243,0.82,56,2,886.9,1
275025,6244,-3.01,32,1,474.1,1
275066,6245,-1.17,41,2,633.4,1
275137,6246,1.99,71,3,980.6,1
275188,6247,0.19,51,2,882.4,1
275289,6248,-2.51,101,2,847.2,1
275323,6249,-3.91,34,1,325.9,1
275357,6250,-4.16,34,1,313.0,1
275414,6251,0.14,57,2,832.7,1
275468,6252,0.32,54,2,865.3,1
275505,6253,-2.66,37,2,535.1,1
275547,6254,-0.25,42,2,893.2,1
275604,6255,-0.03,57,3,855.5,1
275651,6256,-0.52,47,2,765.8,1
275676,6257,-3.91,25,1,359.7,1
275729,6258,-0.25,53,2,842.9,1
275765,6259,-3.18,36,1,528.5,1
275797,6260,-3.54,32,1,414.1,1
275865,6261,0.07,68,2,871.7,1
275907,6262,-4.29,42,1,555.0,1
275939,6263,-1.81,32,2,585.3,1
275972,6264,-3.11,33,1,499.9,1
276029,6265,1.17,57,2,993.4,1
276081,6266,-0.09,52,2,853.9,1
276141,6267,1.49,60,2,873.2,1
276193,6268,1.28,52,3,886.3,1
276227,6269,-3.31,34,1,521.7,1
276262,6270,-1.81,35,2,450.5,1
276329,6271,0.82,67,3,843.6,1
276379,6272,-0.03,50,2,909.2,1
276444,6273,1.86,65,4,976.2,1
276495,6274,0.36,51,2,907.1,1
276529,6275,-3.54,34,1,313.3,1
276600,6276,2.01,71,3,910.1,1
276670,6277,2.89,70,3,952.4,1
276729,6278,2.02,59,3,962.7,1
276788,6279,0.45,59,2,784.9,1
276858,6280,-0.56,70,2,800.8,1
276894,6281,-4.96,36,0,495.8,1
276948,6282,1.25,54,2,821.8,1
276984,6283,-2.90,36,1,406.0,1
277051,6284,22.80,67,2,1277.8,0
277085,6285,-3.35,34,1,327.7,1
277132,6286,-3.49,47,2,919.5,1
277157,6287,-4.66,25,1,230.1,1
277190,6288,-2.76,33,1,481.9,1
277215,6289,-4.01,25,1,267.3,1
277265,6290,0.32,50,2,952.5,1
277311,6291,-2.10,46,1,809.0,1
277348,6292,-3.53,37,1,500.6,1
277406,6293,0.13,58,3,958.6,1
277440,6294,-3.58,34,2,341.2,1
277474,6295,-4.33,34,1,246.9,1
277529,6296,-0.06,55,2,998.8,1
277565,6297,-3.82,36,1,490.0,1
277591,6298,-4.48,26,1,461.1,1
277625,6299,-2.39,34,2,286.8,1
277657,6300,-2.14,32,2,469.5,1
277713,6301,0.54,56,2,917.8,1
277765,6302,-1.51,52,2,963.7,1
277798,6303,-3.00,33,1,576.6,1
277860,6304,2.46,62,3,936.8,1
277906,6305,-3.53,46,1,392.0,1
277945,6306,-1.88,39,2,571.0,1
277974,6307,-4.80,29,0,503.9,1
278010,6308,-3.28,36,1,542.0,1
278065,6309,-0.15,55,2,838.9,1
278091,6310,-2.90,26,1,489.0,1
278123,6311,-4.67,32,1,458.1,1
278173,6312,-0.66,50,2,894.3,1
278231,6313,-0.03,58,2,1027.2,1
278267,6314,-2.25,36,2,460.7,1
278297,6315,-2.80,30,1,484.0,1
278349,6316,-0.68,52,2,926.6,1
278384,6317,-3.73,35,1,328.3,1
278429,6318,-1.15,45,2,947.7,1
278470,6319,-3.13,41,1,842.3,1
278524,6320,-2.00,54,3,913.0,1
278584,6321,1.03,60,3,1018.2,1
278649,6322,4.96,65,4,1083.0,1
278706,6323,-0.73,57,2,864.3,1
278743,6324,-3.20,37,1,524.5,1
278808,6325,1.01,65,2,834.5,1
278833,6326,-5.00,25,1,234.9,1
278895,6327,1.26,62,2,867.8,1
278961,6328,3.33,66,3,1126.5,1
279029,6329,2.10,68,2,826.1,1
279081,6330,-1.43,52,2,748.1,1
279131,6331,1.75,50,3,933.4,1
279184,6332,1.60,53,2,941.5,1
279244,6333,-0.63,60,2,754.7,1
279309,6334,0.86,65,2,945.7,1
279361,6335,0.32,52,2,762.8,1
279408,6336,0.27,47,2,841.4,1
279462,6337,1.71,54,3,958.4,1
279508,6338,-1.37,46,2,861.4,1
279542,6339,-3.67,34,1,332.9,1
279576,6340,-3.43,34,1,449.0,1
279610,6341,-3.31,34,1,296.9,1
279644,6342,-4.38,34,1,336.1,1
279709,6343,3.37,65,2,914.3,1
279767,6344,0.20,58,2,816.7,1
279804,6345,-3.77,37,1,534.3,1
279863,6346,3.19,59,3,870.4,1
279922,6347,-1.59,59,2,815.7,1
279940,6348,-5.55,18,1,114.3,1
279997,6349,1.51,57,2,949.4,1
280056,6350,2.99,59,2,852.9,1
280114,6351,1.53,58,3,905.0,1
280146,6352,-3.24,32,1,497.6,1
280179,6353,-3.81,33,1,322.0,1
280219,6354,-1.91,40,1,662.3,1
280256,6355,-3.76,37,1,500.2,1
280307,6356,0.22,51,3,885.1,1
280366,6357,2.20,59,3,895.1,1
280411,6358,-0.63,45,2,705.7,1
280466,6359,1.28,55,3,904.1,1
280500,6360,-3.50,34,1,294.4,1
280537,6361,-2.83,37,1,673.5,1
280589,6362,-1.33,52,2,904.9,1
280617,6363,-3.28,28,1,488.1,1
280652,6364,-2.05,35,2,560.6,1
280686,6365,-2.29,34,2,467.5,1
280733,6366,-1.48,47,2,832.7,1
280773,6367,-1.71,40,2,604.5,1
280825,6368,0.73,52,2,908.8,1
280875,6369,-0.95,50,2,853.8,1
280906,6370,-4.39,31,1,494.4,1
280969,6371,0.50,63,2,1004.1,1
280988,6372,-5.13,19,1,180.2,1
281039,6373,-1.72,51,2,822.9,1
281091,6374,-1.13,52,2,866.7,1
281141,6375,1.53,50,3,983.3,1
281177,6376,-2.57,36,2,578.5,1
281240,6377,5.39,63,3,1142.7,1
281275,6378,-4.36,35,1,540.7,1
281310,6379,-3.15,35,1,536.6,1
281332,6380,-4.13,22,1,289.0,1
281396,6381,1.71,64,3,982.8,1
281430,6382,-3.92,34,1,478.5,1
281452,6383,-5.69,22,1,147.2,1
281506,6384,0.64,54,2,783.2,1
281626,6385,-0.59,120,4,1089.6,1
281684,6386,2.30,58,2,833.1,1
281739,6387,-1.64,55,2,900.6,1
281771,6388,-2.56,32,1,555.2,1
281799,6389,-3.98,28,1,474.3,1
281827,6390,-3.70,28,1,450.4,1
281877,6391,-0.23,50,2,846.6,1
281910,6392,-2.26,33,2,563.5,1
281965,6393,-0.60,55,2,963.1,1
282014,6394,-1.74,49,2,871.9,1
282041,6395,-4.00,27,1,307.6,1
282096,6396,-2.29,55,2,892.6,1
282161,6397,2.85,65,3,851.8,1
282208,6398,-0.90,47,2,901.3,1
282272,6399,0.16,64,2,826.9,1
282326,6400,0.11,54,2,858.1,1
282353,6401,-4.48,27,2,335.1,1
282402,6402,-1.22,49,2,880.1,1
282440,6403,-3.27,38,1,374.3,1
282492,6404,0.57,52,2,941.8,1
282524,6405,-3.21,32,1,472.9,1
282598,6406,4.49,74,4,1100.2,1
282654,6407,1.12,56,2,927.3,1
282675,6408,-4.89,21,1,204.0,1
282701,6409,-2.64,26,2,375.1,1
282759,6410,1.09,58,3,995.3,1
282814,6411,1.49,55,3,850.3,1
282863,6412,1.05,49,3,905.8,1
282899,6413,-2.08,36,2,482.7,1
282930,6414,-4.00,31,1,413.4,1
282985,6415,0.16,55,3,1009.9,1
283047,6416,2.48,62,2,932.8,1
283088,6417,0.18,41,2,690.8,1
283137,6418,-1.01,49,2,797.1,1
283171,6419,-0.24,34,3,652.4,1
283208,6420,-3.08,37,1,580.5,1
283232,6421,-6.25,24,0,294.0,1
283256,6422,-4.71,24,1,306.1,1
283314,6423,3.43,58,2,838.9,1
283346,6424,-3.03,32,1,544.6,1
283371,6425,-4.54,25,1,245.1,1
283420,6426,-1.19,49,2,877.2,1
283458,6427,-1.69,38,2,580.3,1
283496,6428,-3.58,38,1,449.9,1
283552,6429,1.85,56,3,892.6,1
283586,6430,-2.72,34,1,536.4,1
283639,6431,1.83,53,3,893.8,1
283683,6432,-2.30,44,2,715.7,1
283734,6433,-0.45,51,2,927.9,1
283764,6434,-3.01,30,1,509.0,1
283794,6435,-4.01,30,1,353.6,1
283853,6436,-0.61,59,2,997.7,1
283918,6437,3.30,65,3,987.7,1
283977,6438,4.14,59,2,1202.8,1
284041,6439,3.72,64,3,889.8,1
284112,6440,28.45,71,4,1278.9,0
284150,6441,-2.24,38,2,462.6,1
284208,6442,1.52,58,2,951.0,1
284260,6443,0.50,52,3,883.0,1
284306,6444,-1.63,46,2,628.4,1
284338,6445,-3.93,32,1,485.6,1
284366,6446,-2.96,28,2,307.2,1
284413,6447,-0.95,47,2,605.8,1
284457,6448,-0.50,44,2,637.9,1
284502,6449,-0.19,45,2,656.8,1
284524,6450,-4.52,22,1,220.7,1
284545,6451,-4.46,21,1,267.5,1
284579,6452,-5.03,34,1,239.1,1
284604,6453,-4.80,25,1,258.2,1
284649,6454,0.18,45,3,813.5,1
284683,6455,-5.37,34,1,253.7,1
284747,6456,1.06,64,3,1143.5,1
284796,6457,-1.44,49,2,799.0,1
284826,6458,-4.72,30,1,358.7,1
284852,6459,-3.10,26,1,397.7,1
284885,6460,-2.04,33,2,381.9,1
284913,6461,-4.33,28,1,491.4,1
284984,6462,28.00,71,4,1279.3,0
285017,6463,-6.28,33,0,476.5,1
285055,6464,-1.09,38,2,634.5,1
285129,6465,26.96,74,3,1276.5,0
285199,6466,1.53,70,3,1076.7,1
285239,6467,-4.19,40,1,508.9,1
285292,6468,-0.16,53,2,848.8,1
285319,6469,-4.81,27,0,444.1,1
285381,6470,-0.41,62,2,887.0,1
285410,6471,-3.31,29,1,501.3,1
285475,6472,3.57,65,3,879.8,1
285529,6473,-0.87,54,2,1031.9,1
285593,6474,2.28,64,3,1049.3,1
285630,6475,-2.27,37,1,661.0,1
285676,6476,-3.32,46,1,711.7,1
285712,6477,-3.44,36,1,516.5,1
285770,6478,3.41,58,3,987.4,1
285816,6479,-4.96,46,1,596.6,1
285847,6480,-2.15,31,2,568.2,1
285899,6481,-0.03,52,2,822.2,1
285955,6482,1.46,56,3,847.5,1
286004,6483,-0.92,49,2,659.6,1
286037,6484,-4.44,33,1,469.2,1
286101,6485,1.27,64,2,793.2,1
286123,6486,-5.24,22,1,194.5,1
286158,6487,-3.44,35,1,440.7,1
286192,6488,-4.35,34,1,336.9,1
286246,6489,0.55,54,2,831.9,1
286292,6490,-2.32,46,1,526.4,1
286356,6491,2.48,64,2,797.2,1
286416,6492,-2.95,60,2,1080.5,1
286448,6493,-3.54,32,1,481.0,1
286532,6494,2.29,84,2,870.5,1
286573,6495,-1.89,41,2,830.3,1
286604,6496,-5.32,31,0,549.5,1
286665,6497,-0.19,61,2,994.9,1
286697,6498,-1.79,32,2,532.8,1
286715,6499,-6.23,18,1,176.9,1
286765,6500,-0.55,50,2,1066.3,1
286832,6501,0.54,67,2,871.7,1
286869,6502,-4.30,37,1,547.5,1
286915,6503,-0.12,46,2,848.9,1
286948,6504,-0.62,33,2,617.2,1
286972,6505,-4.25,24,1,260.7,1
287033,6506,1.05,61,3,995.6,1
287100,6507,0.81,67,2,774.2,1
287134,6508,-4.11,34,1,299.1,1
287188,6509,1.67,54,2,839.4,1
287244,6510,0.70,56,3,805.1,1
287328,6511,2.77,84,2,911.0,1
287376,6512,-1.99,48,1,869.8,1
287400,6513,-2.47,24,2,292.6,1
287461,6514,0.97,61,2,1022.2,1
287495,6515,-3.06,34,1,450.2,1
287518,6516,-4.63,23,1,265.0,1
287539,6517,-4.52,21,1,278.0,1
287603,6518,2.70,64,2,873.2,1
287631,6519,-3.26,28,1,389.9,1
287651,6520,-5.02,20,0,313.7,1
287696,6521,-2.41,45,2,641.9,1
287728,6522,-1.76,32,2,531.7,1
287792,6523,0.52,64,2,1091.7,1
287841,6524,-0.42,49,2,846.5,1
287874,6525,-5.05,33,0,448.1,1
287901,6526,-3.43,27,1,469.2,1
287947,6527,-2.38,46,2,722.2,1
288015,6528,26.20,68,3,1276.1,0
288074,6529,0.75,59,2,999.8,1
288101,6530,-4.51,27,1,233.4,1
288148,6531,-0.79,47,2,842.6,1
288168,6532,-4.12,20,1,249.3,1
288228,6533,2.46,60,3,980.5,1
288258,6534,-2.99,30,1,442.4,1
288284,6535,-4.94,26,1,256.0,1
288347,6536,1.26,63,3,929.5,1
288367,6537,-5.46,20,1,155.2,1
288434,6538,2.32,67,3,926.1,1
288509,6539,3.27,75,2,929.5,1
288546,6540,-2.40,37,1,509.1,1
288585,6541,-2.11,39,2,523.2,1
288640,6542,2.06,55,3,898.1,1
288690,6543,0.80,50,3,853.0,1
288741,6544,-1.62,51,2,901.6,1
288793,6545,-0.75,52,2,994.6,1
288861,6546,0.80,68,2,784.2,1
288914,6547,0.24,53,2,878.7,1
288969,6548,-0.88,55,2,820.1,1
289024,6549,-0.85,55,2,857.9,1
289079,6550,-0.88,55,3,805.3,1
289089,6551,-7.36,10,0,90.8,1
289124,6552,-3.52,35,1,598.1,1
289175,6553,-0.85,51,2,888.6,1
289230,6554,0.14,55,2,964.3,1
289257,6555,-2.98,27,1,494.0,1
289310,6556,0.31,53,2,905.4,1
289364,6557,1.81,54,3,891.8,1
289428,6558,2.11,64,3,1039.9,1
289475,6559,-2.83,47,2,908.5,1
289530,6560,2.34,55,3,958.6,1
289579,6561,0.94,49,3,911.5,1
289631,6562,-1.23,52,1,806.6,1
289686,6563,-0.69,55,2,908.2,1
289738,6564,0.18,52,2,1025.3,1
289790,6565,2.54,52,3,916.1,1
289861,6566,28.17,71,4,1279.4,0
289928,6567,3.12,67,2,802.9,1
289975,6568,-0.81,47,2,857.7,1
290007,6569,-2.76,32,1,521.3,1
290046,6570,-2.57,39,2,582.2,1
290104,6571,2.36,58,2,888.2,1
290144,6572,-5.22,40,0,458.3,1
290201,6573,-0.56,57,2,999.4,1
290254,6574,-0.67,53,2,907.1,1
290310,6575,-0.19,56,2,804.4,1
290374,6576,0.90,64,3,964.8,1
290437,6577,-1.30,63,2,875.9,1
290491,6578,-0.58,54,2,973.9,1
290549,6579,-0.16,58,2,846.5,1
290605,6580,-0.91,56,2,862.4,1
290642,6581,-4.60,37,1,613.2,1
290704,6582,4.11,62,3,1050.2,1
290738,6583,-2.17,34,2,515.2,1
290770,6584,-3.23,32,1,477.4,1
290829,6585,1.30,59,3,961.9,1
290862,6586,-4.22,33,1,498.7,1
290919,6587,0.29,57,2,811.6,1
290970,6588,0.59,51,2,952.8,1
290996,6589,-5.02,26,1,525.5,1
291039,6590,-0.44,43,2,633.9,1
291061,6591,-3.47,22,1,327.6,1
291103,6592,-1.93,42,2,651.4,1
291129,6593,-3.96,26,1,486.2,1
291163,6594,-3.83,34,1,544.6,1
291195,6595,-4.26,32,1,480.3,1
291257,6596,2.76,62,3,893.9,1
291308,6597,-0.30,51,3,888.6,1
291362,6598,1.02,54,2,954.8,1
291428,6599,4.31,66,3,1271.7,1
291457,6600,-3.08,29,1,504.5,1
291539,6601,4.10,82,3,1253.9,1
291570,6602,-4.45,31,1,278.2,1
291626,6603,-1.56,56,2,899.9,1
291654,6604,-3.64,28,1,318.4,1
291716,6605,3.14,62,3,861.5,1
291741,6606,-5.35,25,1,243.9,1
291795,6607,-0.01,54,2,959.6,1
291840,6608,1.11,45,3,872.2,1
291884,6609,-0.01,44,2,871.3,1
291918,6610,-2.76,34,2,511.5,1
291984,6611,-0.56,66,2,753.5,1
292032,6612,-0.68,48,2,868.0,1
292083,6613,-0.74,51,2,811.1,1
292106,6614,-3.44,23,1,282.3,1
292163,6615,2.58,57,3,981.2,1
292218,6616,0.92,55,3,886.7,1
292262,6617,-1.62,44,1,780.4,1
292293,6618,-6.30,31,0,451.8,1
292353,6619,3.24,60,4,1024.4,1
292406,6620,0.26,53,2,884.7,1
292438,6621,-2.79,32,1,494.6,1
292486,6622,0.72,48,2,888.4,1
292508,6623,-5.26,22,0,323.6,1
292551,6624,1.71,43,2,756.8,1
292619,6625,1.43,68,3,1012.5,1
292688,6626,0.15,69,2,974.6,1
292741,6627,0.86,53,2,855.0,1
292774,6628,-4.77,33,1,611.9,1
292817,6629,-1.71,43,2,530.8,1
292860,6630,-0.69,43,2,703.8,1
292882,6631,-4.05,22,1,277.9,1
292918,6632,-2.11,36,1,452.9,1
292944,6633,-5.12,26,1,265.8,1
293010,6634,4.56,66,3,980.9,1
293060,6635,-0.60,50,2,981.4,1
293119,6636,2.33,59,2,990.7,1
293153,6637,-3.91,34,1,320.5,1
293215,6638,1.57,62,2,1064.6,1
293257,6639,-1.79,42,2,603.3,1
293312,6640,1.46,55,2,745.1,1
293365,6641,-0.45,53,2,868.5,1
293421,6642,0.85,56,2,1029.1,1
293451,6643,-2.94,30,1,434.0,1
293483,6644,-4.01,32,1,504.8,1
293539,6645,1.74,56,2,889.1,1
293591,6646,1.09,52,4,912.8,1
293646,6647,0.04,55,3,907.6,1
293658,6648,-6.29,12,1,113.0,1
293711,6649,-1.06,53,2,912.0,1
293748,6650,-3.22,37,1,524.4,1
293793,6651,-0.45,45,2,832.5,1
293844,6652,-0.76,51,2,878.2,1
293894,6653,-0.46,50,2,896.6,1
293951,6654,-0.77,57,2,840.3,1
293984,6655,-2.77,33,2,615.4,1
294034,6656,0.17,50,3,917.5,1
294085,6657,0.43,51,3,879.6,1
294119,6658,-5.05,34,1,581.4,1
294153,6659,-5.42,34,1,506.4,1
294215,6660,2.32,62,2,1021.5,1
294267,6661,-0.54,52,2,886.2,1
294316,6662,0.17,49,2,851.5,1
294359,6663,-1.99,43,2,754.4,1
294415,6664,-0.46,56,2,848.1,1
294467,6665,-0.79,52,2,732.9,1
294522,6666,0.78,55,2,871.7,1
294560,6667,-2.80,38,1,523.3,1
294594,6668,-3.67,34,1,515.3,1
294661,6669,3.70,67,3,888.4,1
294718,6670,0.56,57,2,828.4,1
294760,6671,-1.10,42,1,729.8,1
294815,6672,1.51,55,3,907.2,1
294853,6673,-4.03,38,1,747.4,1
294887,6674,-3.59,34,1,482.9,1
294937,6675,-0.69,50,3,874.0,1
295000,6676,2.90,63,3,985.2,1
295055,6677,-0.03,55,2,932.6,1
295126,6678,3.64,71,2,1014.3,1
295181,6679,-2.23,55,2,914.5,1
295207,6680,-3.46,26,1,343.1,1
295253,6681,-1.08,46,2,930.4,1
295327,6682,3.26,74,3,878.4,1
295370,6683,-3.12,43,1,407.6,1
295411,6684,-3.95,41,1,504.6,1
295463,6685,0.18,52,3,693.1,1
295525,6686,2.86,62,2,849.4,1
295580,6687,2.66,55,3,1014.3,1
295616,6688,-2.93,36,1,471.8,1
295679,6689,4.63,63,3,843.6,1
295709,6690,-5.98,30,0,476.5,1
295740,6691,-3.34,31,1,327.8,1
295773,6692,-2.97,33,1,621.4,1
295809,6693,-3.48,36,1,476.2,1
295838,6694,-3.63,29,1,555.0,1
295875,6695,-2.11,37,1,470.8,1
295911,6696,-3.19,36,1,512.9,1
295965,6697,1.39,54,2,766.1,1
295998,6698,-2.50,33,1,422.3,1
296063,6699,0.75,65,2,845.6,1
296123,6700,2.11,60,2,776.4,1
296162,6701,-3.25,39,1,437.9,1
296220,6702,1.56,58,2,926.1,1
296275,6703,0.73,55,2,912.1,1
296349,6704,1.92,74,2,811.5,1
296405,6705,0.94,56,3,937.2,1
296439,6706,-3.41,34,1,475.1,1
296479,6707,-5.18,40,0,486.7,1
296534,6708,2.11,55,3,905.0,1
296571,6709,-2.78,37,1,635.5,1
296635,6710,2.97,64,3,889.3,1
296687,6711,0.40,52,2,920.5,1
296736,6712,0.46,49,2,743.9,1
296782,6713,-3.55,46,1,558.5,1
296816,6714,-5.56,34,1,217.5,1
296877,6715,1.74,61,3,931.2,1
296942,6716,2.15,65,2,870.9,1
296980,6717,-3.64,38,1,477.5,1
297030,6718,-1.19,50,2,913.4,1
297092,6719,1.92,62,3,1066.6,1
297121,6720,-4.74,29,0,508.9,1
297148,6721,-4.77,27,1,367.2,1
297175,6722,-3.97,27,1,313.3,1
297240,6723,0.28,65,2,799.7,1
297308,6724,0.50,68,2,893.7,1
297354,6725,-1.82,46,1,683.6,1
297384,6726,-3.55,30,1,300.9,1
297419,6727,-2.90,35,1,456.3,1
297486,6728,26.69,67,3,1280.0,0
297551,6729,2.19,65,3,814.4,1
297574,6730,-5.68,23,0,277.3,1
297610,6731,-2.91,36,2,541.1,1
297661,6732,-0.02,51,2,812.4,1
297694,6733,-3.59,33,1,458.2,1
297761,6734,3.65,67,2,977.5,1
297818,6735,0.42,57,2,850.6,1
297857,6736,-3.21,39,1,484.8,1
297921,6737,3.13,64,3,996.8,1
297968,6738,-0.98,47,2,602.6,1
298033,6739,0.03,65,2,963.8,1
298087,6740,-1.06,54,2,966.7,1
298106,6741,-4.66,19,1,191.8,1
298146,6742,-1.62,40,1,775.6,1
298201,6743,0.08,55,2,875.0,1
298274,6744,25.50,73,3,1278.4,0
298293,6745,-5.31,19,0,305.4,1
298316,6746,-5.17,23,1,241.9,1
298347,6747,-3.97,31,1,304.0,1
298388,6748,-2.11,41,1,612.0,1
298417,6749,-5.80,29,0,545.5,1
298459,6750,-3.45,42,1,687.6,1
298486,6751,-3.97,27,0,471.3,1
298520,6752,-3.69,34,1,327.6,1
298585,6753,2.89,65,3,1071.1,1
298617,6754,-2.36,32,2,452.9,1
298660,6755,-0.22,43,2,814.0,1
298684,6756,-4.25,24,1,226.4,1
298751,6757,4.22,67,3,1223.4,1
298781,6758,-2.04,30,2,380.6,1
298836,6759,-2.43,55,2,908.7,1
298866,6760,-5.56,30,0,451.8,1
298893,6761,-3.38,27,1,504.9,1
298960,6762,1.33,67,4,894.6,1
298992,6763,-3.50,32,1,473.6,1
299018,6764,-5.69,26,1,269.4,1
299055,6765,-2.65,37,1,587.0,1
299088,6766,-5.37,33,1,230.7,1
299143,6767,1.11,55,3,1023.8,1
299173,6768,-4.30,30,1,450.9,1
299238,6769,2.97,65,3,1049.1,1
299280,6770,-1.97,42,2,837.7,1
299306,6771,-3.66,26,1,505.2,1
299364,6772,-1.18,58,2,892.5,1
299421,6773,0.11,57,2,885.9,1
299445,6774,-4.99,24,1,207.6,1
299499,6775,-0.95,54,2,847.0,1
299536,6776,-2.91,37,1,620.3,1
299566,6777,-5.17,30,1,541.2,1
299627,6778,0.60,61,2,989.9,1
299652,6779,-7.35,25,0,191.0,1
299689,6780,-1.40,37,2,664.2,1
299746,6781,1.32,57,2,1030.6,1
299780,6782,-3.08,34,1,384.0,1
299807,6783,-3.70,27,2,485.5,1
299844,6784,-3.31,37,1,390.6,1
299880,6785,-4.62,36,1,461.7,1
299921,6786,-2.94,41,1,598.7,1
299985,6787,1.75,64,2,903.4,1
300038,6788,-0.31,53,2,870.7,1
300097,6789,0.99,59,3,1052.6,1
300173,6790,28.52,76,4,1279.6,0
300232,6791,1.96,59,2,886.8,1
300270,6792,-2.55,38,1,570.3,1
300304,6793,-3.42,34,1,477.7,1
300361,6794,0.67,57,2,813.8,1
300401,6795,-0.94,40,2,621.9,1
300457,6796,-0.08,56,2,604.5,1
300489,6797,-1.65,32,2,522.7,1
300545,6798,0.55,56,2,843.6,1
300606,6799,0.66,61,2,902.0,1
300655,6800,0.63,49,2,831.9,1
300688,6801,-3.35,33,1,481.0,1
300742,6802,-1.13,54,2,896.0,1
300790,6803,-2.74,48,2,938.8,1
300826,6804,-3.19,36,2,616.8,1
300876,6805,-1.30,50,2,809.4,1
300934,6806,0.51,58,2,899.6,1
300973,6807,-4.51,39,1,554.9,1
301001,6808,-3.86,28,1,484.4,1
301051,6809,-1.76,50,2,804.2,1
301127,6810,0.37,76,2,784.1,1
301190,6811,0.76,63,2,853.1,1
301226,6812,-1.97,36,2,402.4,1
301289,6813,2.04,63,2,775.7,1
301331,6814,-1.71,42,2,827.1,1
301381,6815,-0.29,50,2,798.9,1
301428,6816,-2.27,47,2,612.3,1
301501,6817,1.29,73,2,953.6,1
301544,6818,-3.12,43,1,326.0,1
301571,6819,-2.38,27,2,430.7,1
301591,6820,-6.30,20,1,108.2,1
301644,6821,-0.13,53,3,1002.2,1
301681,6822,-1.61,37,2,565.1,1
301721,6823,-3.07,40,1,517.4,1
301765,6824,-1.13,44,2,844.5,1
301828,6825,0.78,63,2,801.6,1
301885,6826,-0.75,57,2,633.0,1
301942,6827,0.95,57,2,855.5,1
301976,6828,-3.06,34,1,311.1,1
302028,6829,-1.01,52,2,965.2,1
302073,6830,-4.24,45,1,663.4,1
302100,6831,-4.28,27,1,236.2,1
302161,6832,23.38,61,3,1277.7,0
302229,6833,2.04,68,2,933.6,1
302261,6834,-3.58,32,1,491.8,1
302326,6835,0.50,65,2,753.8,1
302383,6836,1.41,57,2,847.4,1
302443,6837,3.02,60,4,941.2,1
302480,6838,-2.69,37,1,608.4,1
302514,6839,-1.90,34,2,574.6,1
302577,6840,2.46,63,3,887.9,1
302607,6841,-2.89,30,1,316.7,1
302643,6842,-5.18,36,1,209.8,1
302692,6843,-2.10,49,2,810.0,1
302720,6844,-3.51,28,1,326.3,1
302785,6845,2.54,65,3,1035.0,1
302847,6846,3.83,62,3,851.9,1
302887,6847,-3.08,40,1,542.6,1
302947,6848,1.72,60,3,830.7,1
303033,6849,0.57,86,2,767.9,1
303088,6850,1.07,55,3,855.8,1
303122,6851,-2.65,34,1,577.1,1
303181,6852,0.20,59,2,830.9,1
303301,6853,-6.25,120,3,825.8,1
303358,6854,0.62,57,2,790.2,1
303403,6855,-0.98,45,2,751.7,1
303458,6856,-0.09,55,3,899.4,1
303512,6857,0.16,54,2,894.1,1
303566,6858,-0.82,54,3,932.4,1
303607,6859,-2.27,41,1,420.4,1
303646,6860,-1.65,39,2,513.0,1
303665,6861,-5.73,19,1,213.4,1
303699,6862,-4.23,34,1,327.0,1
303779,6863,2.15,80,3,1176.3,1
303828,6864,-0.78,49,1,879.8,1
303855,6865,-4.80,27,1,235.5,1
303914,6866,0.49,59,2,847.2,1
303965,6867,-0.64,51,2,924.0,1
304002,6868,-3.07,37,2,548.8,1
304029,6869,-5.11,27,0,394.2,1
304054,6870,-3.33,25,1,289.3,1
304080,6871,-4.93,26,1,224.8,1
304118,6872,-3.53,38,1,654.2,1
304173,6873,1.97,55,3,938.8,1
304220,6874,-1.06,47,2,845.0,1
304284,6875,1.46,64,3,981.8,1
304316,6876,-2.15,32,2,495.4,1
304377,6877,0.21,61,3,975.5,1
304408,6878,-2.53,31,2,458.8,1
304470,6879,1.15,62,2,951.9,1
304526,6880,-1.21,56,2,923.4,1
304553,6881,-3.60,27,1,435.8,1
304616,6882,1.77,63,2,921.6,1
304648,6883,-3.38,32,1,464.9,1
304681,6884,-2.85,33,1,459.7,1
304729,6885,-2.28,48,2,813.0,1
304774,6886,-1.84,45,2,879.1,1
304803,6887,-4.93,29,1,257.2,1
304866,6888,1.74,63,2,923.8,1
304915,6889,1.09,49,3,887.8,1
304967,6890,0.34,52,2,908.4,1
304993,6891,-6.04,26,0,489.0,1
305032,6892,-2.97,39,1,510.9,1
305109,6893,2.21,77,3,934.8,1
305138,6894,-3.75,29,1,519.3,1
305160,6895,-6.90,22,0,210.7,1
305200,6896,-2.71,40,2,570.0,1
305259,6897,0.04,59,2,843.2,1
305302,6898,-1.82,43,2,563.9,1
305336,6899,-4.08,34,1,307.7,1
305401,6900,-0.22,65,2,1076.2,1
305443,6901,-0.14,42,2,510.5,1
305482,6902,-2.90,39,1,532.4,1
305514,6903,-4.24,32,1,470.1,1
305545,6904,-3.04,31,1,324.9,1
305581,6905,-3.41,36,2,359.0,1
305615,6906,-5.08,34,1,226.0,1
305652,6907,-3.55,37,1,533.6,1
305720,6908,1.77,68,2,857.9,1
305771,6909,-0.48,51,2,801.6,1
305799,6910,-4.93,28,1,232.2,1
305868,6911,0.32,69,2,855.9,1
305905,6912,-1.57,37,2,486.1,1
305941,6913,-3.35,36,1,472.9,1
305966,6914,-5.54,25,1,216.4,1
306014,6915,-3.31,48,1,444.0,1
306049,6916,-3.47,35,1,472.7,1
306101,6917,-1.86,52,2,864.6,1
306157,6918,1.03,56,2,924.0,1
306206,6919,-1.25,49,2,789.5,1
306275,6920,1.47,69,2,848.3,1
306347,6921,1.85,72,2,929.5,1
306388,6922,-2.78,41,1,500.1,1
306421,6923,-3.11,33,1,485.2,1
306444,6924,-4.23,23,1,271.8,1
306500,6925,0.26,56,2,860.7,1
306537,6926,-2.15,37,2,544.0,1
306604,6927,3.51,67,3,933.4,1
306634,6928,-4.06,30,1,368.7,1
306685,6929,-1.61,51,2,743.5,1
306760,6930,4.12,75,3,947.5,1
306793,6931,-4.44,33,1,503.2,1
306828,6932,-3.18,35,1,383.7,1
306863,6933,-1.91,35,2,515.2,1
306897,6934,-4.59,34,1,248.9,1
306923,6935,-4.63,26,1,224.6,1
306950,6936,-4.44,27,1,246.7,1
306973,6937,-4.54,23,1,245.3,1
307030,6938,1.18,57,2,813.5,1
307072,6939,-3.01,42,1,461.6,1
307130,6940,-0.77,58,2,926.7,1
307195,6941,4.09,65,3,1008.6,1
307257,6942,0.69,62,2,1055.2,1
307309,6943,-0.91,52,2,826.7,1
307368,6944,1.65,59,2,967.7,1
307426,6945,0.70,58,2,830.2,1
307452,6946,-4.47,26,1,316.7,1
307519,6947,1.52,67,2,821.5,1
307548,6948,-3.64,29,1,308.1,1
307607,6949,1.04,59,2,997.8,1
307669,6950,0.13,62,2,946.9,1
307707,6951,-2.10,38,2,467.9,1
307740,6952,-4.04,33,1,503.0,1
307788,6953,-2.23,48,1,613.3,1
307820,6954,-4.27,32,1,487.9,1
307885,6955,0.29,65,2,1120.1,1
307943,6956,-0.86,58,2,915.6,1
307995,6957,-1.54,52,1,823.0,1
308050,6958,0.49,55,2,831.4,1
308083,6959,-4.58,33,1,247.5,1
308113,6960,-4.19,30,1,250.5,1
308165,6961,0.77,52,2,836.3,1
308199,6962,-6.12,34,1,349.6,1
308232,6963,-3.66,33,1,474.0,1
308266,6964,-3.85,34,1,242.0,1
308317,6965,-0.92,51,2,792.2,1
308352,6966,-4.72,35,1,460.1,1
308386,6967,-3.76,34,1,513.4,1
308437,6968,1.27,51,2,1009.1,1
308498,6969,1.87,61,3,938.6,1
308556,6970,0.42,58,2,713.6,1
308613,6971,1.66,57,3,1002.1,1
308661,6972,0.88,48,2,885.7,1
308696,6973,-1.13,35,2,578.4,1
308767,6974,3.38,71,3,1002.2,1
308801,6975,-3.10,34,2,360.0,1
308833,6976,-3.18,32,1,491.3,1
308876,6977,-2.66,43,1,707.8,1
308909,6978,-3.53,33,1,469.0,1
308955,6979,0.18,46,2,974.1,1
308990,6980,-3.67,35,1,451.0,1
309018,6981,-4.46,28,1,242.5,1
309087,6982,2.71,69,3,1102.9,1
309112,6983,-2.43,25,2,303.9,1
309135,6984,-5.85,23,1,182.6,1
309178,6985,-0.94,43,2,723.8,1
309217,6986,-2.33,39,2,522.9,1
309277,6987,-0.09,60,2,869.3,1
309317,6988,-2.86,40,1,540.4,1
309370,6989,1.15,53,3,994.7,1
309417,6990,-0.99,47,2,845.4,1
309449,6991,-3.84,32,1,471.4,1
309494,6992,-0.36,45,2,778.2,1
309541,6993,-1.82,47,2,727.0,1
309596,6994,-0.19,55,1,906.0,1
309657,6995,2.14,61,3,892.4,1
309711,6996,1.44,54,3,897.9,1
309769,6997,-0.18,58,2,807.4,1
309797,6998,-3.86,28,1,303.9,1
309831,6999,-4.74,34,1,231.0,1
309869,7000,-0.97,38,2,554.8,1
309923,7001,-0.19,54,2,905.0,1
309957,7002,-3.39,34,1,393.7,1
309994,7003,-3.01,37,1,439.1,1
310053,7004,0.84,59,2,855.1,1
310093,7005,-1.45,40,2,529.9,1
310127,7006,-2.34,34,2,332.0,1
310193,7007,-0.01,66,2,927.9,1
310246,7008,0.09,53,2,653.7,1
310310,7009,3.05,64,3,901.5,1
310371,7010,3.10,61,3,943.1,1
310429,7011,-0.76,58,2,882.8,1
310448,7012,-7.19,19,0,140.8,1
310513,7013,3.43,65,3,907.2,1
310567,7014,-0.35,54,2,856.9,1
310599,7015,-3.00,32,1,508.1,1
310621,7016,-4.87,22,1,202.9,1
310702,7017,3.25,81,3,1029.6,1
310736,7018,-3.43,34,1,312.4,1
310787,7019,0.11,51,2,892.1,1
310837,7020,0.96,50,2,873.8,1
310894,7021,1.00,57,2,838.9,1
310926,7022,-3.57,32,1,494.1,1
310985,7023,3.45,59,3,917.4,1
311019,7024,-4.23,34,1,252.8,1
311078,7025,3.07,59,2,853.4,1
311135,7026,4.40,57,3,961.5,1
311176,7027,-1.48,41,2,602.1,1
311209,7028,-3.07,33,1,463.1,1
311235,7029,-3.46,26,1,504.1,1
311266,7030,-5.11,31,0,460.3,1
311287,7031,-5.71,21,1,125.3,1
311340,7032,-0.30,53,2,848.4,1
311503,7033,-3.04,163,5,1114.1,1
311536,7034,-2.52,33,1,484.4,1
311562,7035,-5.23,26,1,441.0,1
311603,7036,-1.35,41,1,676.4,1
311669,7037,3.11,66,2,799.3,1
311724,7038,-0.17,55,2,833.7,1
311758,7039,-2.33,34,2,495.0,1
311816,7040,1.32,58,2,951.6,1
311849,7041,-3.12,33,1,488.6,1
311883,7042,-3.33,34,2,361.3,1
311910,7043,-3.70,27,1,440.3,1
311944,7044,-5.90,34,0,448.5,1
311972,7045,-5.55,28,1,242.3,1
312009,7046,-2.26,37,1,650.8,1
312066,7047,-0.89,57,2,968.4,1
312123,7048,-0.40,57,2,926.7,1
312170,7049,-1.41,47,1,891.1,1
312220,7050,0.72,50,2,602.1,1
312262,7051,-3.32,42,1,556.7,1
312315,7052,1.58,53,2,897.8,1
312373,7053,-0.56,58,2,851.9,1
312422,7054,-1.96,49,2,753.6,1
312450,7055,-5.15,28,0,390.1,1
312505,7056,0.83,55,2,899.9,1
312545,7057,-2.86,40,1,452.5,1
312577,7058,-4.40,32,1,474.0,1
312610,7059,-3.02,33,1,409.5,1
312645,7060,-3.05,35,1,492.7,1
312671,7061,-4.57,26,1,284.9,1
312731,7062,0.68,60,3,943.7,1
312758,7063,-5.47,27,1,470.4,1
312816,7064,-1.17,58,2,823.5,1
312877,7065,1.32,61,2,717.5,1
312911,7066,-4.21,34,1,417.5,1
312980,7067,2.75,69,3,870.0,1
313016,7068,-2.00,36,2,573.3,1
313075,7069,2.15,59,3,1000.3,1
313121,7070,1.73,46,3,915.4,1
313171,7071,0.45,50,2,880.5,1
313233,7072,3.89,62,3,1114.9,1
313274,7073,-3.10,41,1,368.2,1
313319,7074,-2.35,45,1,736.7,1
313371,7075,-4.73,52,2,644.0,1
313426,7076,1.55,55,3,983.1,1
313481,7077,0.03,55,2,850.1,1
313503,7078,-4.72,22,1,240.3,1
313556,7079,1.24,53,3,833.2,1
313628,7080,3.28,72,3,1143.5,1
313652,7081,-2.49,24,2,335.0,1
313701,7082,-0.83,49,2,854.4,1
313722,7083,-4.85,21,1,202.1,1
313781,7084,2.62,59,3,1086.4,1
313820,7085,-4.35,39,1,304.8,1
313857,7086,-1.39,37,2,592.1,1
313912,7087,2.10,55,3,956.8,1
313948,7088,-2.51,36,1,517.4,1
314000,7089,-0.80,52,2,959.9,1
314024,7090,-4.60,24,1,248.6,1
314059,7091,-3.46,35,1,506.1,1
314116,7092,1.03,57,2,869.8,1
314149,7093,-2.73,33,1,455.3,1
314229,7094,0.64,80,2,804.3,1
314269,7095,-3.12,40,1,491.8,1
314302,7096,-4.97,33,0,452.5,1
314327,7097,-2.60,25,2,392.6,1
314372,7098,-2.79,45,1,556.8,1
314430,7099,2.66,58,2,878.7,1
314480,7100,0.44,50,2,917.7,1
314517,7101,-3.59,37,1,477.5,1
314550,7102,-2.74,33,1,445.9,1
314586,7103,-3.42,36,1,584.8,1
314634,7104,-2.11,48,2,580.3,1
314659,7105,-5.77,25,1,177.6,1
314716,7106,0.27,57,3,854.2,1
314734,7107,-5.68,18,0,273.1,1
314783,7108,0.09,49,2,879.3,1
314835,7109,-0.70,52,2,907.8,1
314889,7110,1.41,54,2,866.0,1
314952,7111,1.63,63,2,771.6,1
314986,7112,-3.35,34,1,467.4,1
315036,7113,1.03,50,2,840.3,1
315079,7114,-0.13,43,2,705.3,1
315137,7115,0.59,58,3,948.2,1
315203,7116,2.79,66,3,1091.7,1
315241,7117,-4.79,38,1,605.6,1
315304,7118,3.77,63,2,844.8,1
315357,7119,0.42,53,3,924.3,1
315411,7120,2.38,54,3,1061.6,1
315447,7121,-3.60,36,1,522.8,1
315481,7122,-3.00,34,1,376.5,1
315547,7123,6.57,66,3,1064.3,1
315605,7124,0.61,58,2,826.1,1
315652,7125,-1.12,47,2,857.8,1
315709,7126,0.20,57,2,914.8,1
315741,7127,-2.81,32,1,440.9,1
315806,7128,2.53,65,3,1078.0,1
315855,7129,0.51,49,2,867.8,1
315921,7130,3.01,66,2,962.9,1
315985,7131,0.15,64,2,975.5,1
316023,7132,-3.16,38,1,441.3,1
316061,7133,-1.93,38,2,497.2,1
316088,7134,-4.23,27,1,283.9,1
316154,7135,6.51,66,3,1059.6,1
316209,7136,0.25,55,2,904.4,1
316246,7137,-3.42,37,1,497.5,1
316299,7138,-0.68,53,2,863.6,1
316335,7139,-4.67,36,1,425.9,1
316357,7140,-4.42,22,1,216.7,1
316413,7141,0.41,56,2,813.8,1
316480,7142,5.08,67,3,1063.9,1
316493,7143,-7.61,13,0,98.4,1
316527,7144,-2.85,34,1,458.5,1
316581,7145,-0.08,54,2,936.8,1
316621,7146,-2.88,40,1,465.4,1
316658,7147,-1.87,37,2,647.4,1
316721,7148,-0.37,63,2,921.5,1
316736,7149,-6.47,15,0,228.2,1
316791,7150,0.37,55,2,782.2,1
316843,7151,1.35,52,2,889.3,1
316867,7152,-3.47,24,1,294.7,1
316926,7153,-1.76,59,2,835.9,1
316976,7154,-1.86,50,1,1030.3,1
317032,7155,0.48,56,2,945.0,1
317088,7156,0.80,56,3,912.0,1
317121,7157,-4.42,33,1,301.7,1
317153,7158,-5.31,32,1,496.3,1
317211,7159,2.49,58,3,966.7,1
317261,7160,-0.88,50,3,795.6,1
317291,7161,-4.35,30,1,226.3,1
317324,7162,-3.39,33,1,479.0,1
317375,7163,0.28,51,3,1010.2,1
317429,7164,-0.79,54,2,959.3,1
317475,7165,-2.52,46,1,393.3,1
317522,7166,1.31,47,3,908.8,1
317557,7167,-5.88,35,0,324.6,1
317594,7168,-3.41,37,2,307.8,1
317668,7169,2.60,74,2,913.9,1
317722,7170,1.88,54,3,920.2,1
317775,7171,0.44,53,2,860.7,1
317808,7172,-3.08,33,1,503.6,1
317854,7173,-3.10,46,1,598.1,1
317915,7174,0.97,61,3,1008.5,1
317980,7175,0.12,65,2,951.5,1
318030,7176,-0.72,50,2,898.7,1
318059,7177,-3.83,29,1,241.1,1
318110,7178,1.99,51,3,931.0,1
318142,7179,-2.95,32,1,466.7,1
318208,7180,2.37,66,2,964.4,1
318240,7181,-3.38,32,1,479.7,1
318285,7182,-2.52,45,2,619.4,1
318321,7183,-3.42,36,1,322.1,1
318378,7184,0.28,57,2,837.4,1
318408,7185,-4.91,30,1,562.7,1
318465,7186,1.56,57,2,1001.0,1
318503,7187,-2.48,38,1,477.6,1
318568,7188,3.71,65,3,919.0,1
318598,7189,-2.98,30,2,508.7,1
318656,7190,0.32,58,2,889.0,1
318691,7191,-1.62,35,2,555.3,1
318756,7192,1.99,65,3,988.5,1
318807,7193,0.45,51,2,884.3,1
318865,7194,0.15,58,2,806.9,1
318896,7195,-3.18,31,2,521.7,1
318947,7196,0.72,51,2,876.9,1
318998,7197,-0.21,51,2,831.4,1
319030,7198,-2.93,32,1,534.0,1
319052,7199,-5.51,22,1,180.5,1
319111,7200,0.62,59,3,1053.5,1
319176,7201,2.48,65,2,952.6,1
319226,7202,-0.25,50,2,857.0,1
319251,7203,-6.41,25,1,187.3,1
319313,7204,2.78,62,3,1010.1,1
319366,7205,1.88,53,3,1000.9,1
319393,7206,-3.81,27,1,472.9,1
319417,7207,-3.46,24,1,294.6,1
319474,7208,0.02,57,2,788.4,1
319507,7209,-4.22,33,2,298.2,1
319562,7210,-1.34,55,2,914.9,1
319626,7211,3.18,64,2,885.1,1
319645,7212,-4.59,19,1,273.3,1
319681,7213,-4.23,36,1,459.0,1
319747,7214,0.83,66,2,851.2,1
319804,7215,0.65,57,2,849.2,1
319854,7216,-2.17,50,1,470.1,1
319889,7217,-3.03,35,1,499.4,1
319916,7218,-5.13,27,0,384.1,1
319966,7219,0.26,50,2,854.4,1
319989,7220,-4.19,23,1,301.5,1
320039,7221,-0.92,50,2,890.8,1
320095,7222,0.94,56,2,1000.6,1
320123,7223,-4.04,28,1,486.5,1
320154,7224,-2.96,31,1,479.0,1
320193,7225,-0.28,39,2,551.7,1
320248,7226,0.58,55,2,870.0,1
320286,7227,-2.97,38,1,474.4,1
320346,7228,1.24,60,3,1023.1,1
320397,7229,0.93,51,2,823.2,1
320458,7230,1.16,61,2,818.8,1
320513,7231,1.33,55,3,986.4,1
320550,7232,-1.76,37,2,543.2,1
320599,7233,-0.28,49,2,889.1,1
320651,7234,0.05,52,2,919.1,1
320679,7235,-3.38,28,1,448.0,1
320735,7236,0.99,56,2,880.2,1
320759,7237,-3.76,24,1,330.7,1
320808,7238,0.46,49,2,721.8,1
320845,7239,-3.37,37,1,515.3,1
320876,7240,-2.54,31,1,448.4,1
320905,7241,-7.59,29,0,109.8,1
320970,7242,2.66,65,3,1003.1,1
321022,7243,0.79,52,2,921.2,1
321056,7244,-2.51,34,1,447.9,1
321090,7245,-1.78,34,2,559.7,1
321133,7246,-2.95,43,1,757.0,1
321184,7247,0.20,51,2,849.2,1
321249,7248,3.47,65,3,1060.3,1
321299,7249,-0.78,50,2,821.6,1
321332,7250,-3.84,33,1,504.2,1
321380,7251,0.09,48,2,817.6,1
321406,7252,-3.48,26,1,320.4,1
321518,7253,-3.23,112,5,1148.3,1
321575,7254,1.04,57,2,805.4,1
321631,7255,-0.71,56,2,991.3,1
321663,7256,-2.37,32,1,464.2,1
321729,7257,3.12,66,2,833.6,1
321783,7258,-0.21,54,2,706.9,1
321817,7259,-2.92,34,2,276.4,1
321851,7260,-2.63,34,1,468.4,1
321910,7261,2.43,59,3,868.4,1
321973,7262,0.41,63,2,904.2,1
322005,7263,-3.72,32,1,557.8,1
322061,7264,2.37,56,2,924.8,1
322117,7265,0.57,56,2,897.9,1
322163,7266,-0.81,46,2,657.8,1
322197,7267,-1.59,34,2,349.1,1
322261,7268,2.57,64,2,844.7,1
322317,7269,0.84,56,2,827.1,1
322345,7270,-3.19,28,1,485.4,1
322409,7271,2.58,64,2,880.7,1
322461,7272,-0.79,52,2,976.5,1
322492,7273,-3.62,31,1,339.4,1
322549,7274,-0.56,57,2,965.1,1
322581,7275,-3.24,32,1,462.6,1
322646,7276,2.03,65,2,1011.0,1
322708,7277,1.52,62,3,951.2,1
322762,7278,1.51,54,2,867.4,1
322828,7279,6.46,66,3,1007.2,1
322892,7280,3.43,64,3,1050.6,1
322943,7281,-1.22,51,2,783.7,1
322998,7282,4.12,55,3,992.3,1
323023,7283,-6.12,25,0,520.5,1
323056,7284,-3.28,33,1,462.8,1
323075,7285,-5.19,19,1,194.2,1
323141,7286,1.83,66,2,973.1,1
323190,7287,0.95,49,2,887.3,1
323226,7288,-5.16,36,0,452.1,1
323269,7289,-2.69,43,1,450.1,1
323304,7290,-4.33,35,1,306.0,1
323357,7291,1.66,53,3,889.8,1
323420,7292,1.05,63,2,821.1,1
323485,7293,-1.04,65,2,965.4,1
323537,7294,1.28,52,2,953.2,1
323580,7295,-2.56,43,1,578.5,1
323609,7296,-3.30,29,1,400.9,1
323635,7297,-3.60,26,1,458.8,1
323669,7298,-2.71,34,1,564.0,1
323705,7299,-3.61,36,1,409.4,1
323755,7300,-0.55,50,3,839.8,1
323810,7301,0.20,55,2,859.0,1
323847,7302,-1.51,37,2,561.5,1
323916,7303,7.63,69,3,1220.7,1
323950,7304,-3.58,34,2,290.6,1
323978,7305,-3.53,28,1,427.5,1
324013,7306,-3.28,35,1,480.1,1
324059,7307,0.72,46,2,816.4,1
324115,7308,1.00,56,2,900.2,1
324168,7309,-0.65,53,2,886.2,1
324221,7310,1.23,53,2,919.1,1
324289,7311,3.56,68,2,821.7,1
324354,7312,1.52,65,2,1056.1,1
324406,7313,0.41,52,2,889.5,1
324473,7314,25.32,67,3,1276.8,0
324508,7315,-2.11,35,2,535.8,1
324564,7316,1.75,56,2,881.0,1
324599,7317,-4.93,35,0,542.9,1
324625,7318,-3.60,26,1,323.8,1
324680,7319,3.44,55,3,1102.1,1
324728,7320,-1.42,48,1,805.9,1
324783,7321,0.42,55,2,1027.9,1
324833,7322,0.48,50,3,943.4,1
324892,7323,0.65,59,2,858.6,1
324949,7324,-0.54,57,2,852.9,1
325004,7325,1.34,55,2,854.6,1
325054,7326,0.60,50,3,890.4,1
325103,7327,0.64,49,2,1026.4,1
325155,7328,0.61,52,3,901.7,1
325222,7329,2.07,67,2,979.0,1
325278,7330,0.61,56,2,870.0,1
325310,7331,-2.23,32,1,466.2,1
325341,7332,-3.15,31,1,423.6,1
325402,7333,1.55,61,3,955.0,1
325454,7334,0.82,52,3,1037.1,1
325519,7335,3.24,65,2,884.2,1
325568,7336,0.02,49,2,724.4,1
325587,7337,-4.66,19,1,245.0,1
325641,7338,2.47,54,4,910.9,1
325706,7339,1.66,65,2,1027.9,1
325768,7340,2.50,62,3,1073.8,1
325820,7341,1.83,52,3,988.1,1
325855,7342,-1.92,35,2,527.4,1
325903,7343,0.30,48,2,853.7,1
325937,7344,-3.49,34,2,276.3,1
326006,7345,4.49,69,3,1194.5,1
326039,7346,-4.50,33,1,432.8,1
326100,7347,0.96,61,2,776.9,1
326134,7348,-3.86,34,1,306.6,1
326192,7349,1.48,58,3,1038.1,1
326246,7350,2.47,54,3,1077.3,1
326296,7351,-0.54,50,2,853.0,1
326350,7352,0.77,54,2,854.3,1
326389,7353,-2.49,39,1,560.9,1
326442,7354,0.66,53,2,859.3,1
326496,7355,1.35,54,3,946.3,1
326551,7356,-0.38,55,2,1005.2,1
326616,7357,1.08,65,2,897.7,1
326659,7358,-1.85,43,2,707.4,1
326708,7359,-0.49,49,2,805.2,1
326774,7360,5.14,66,3,1113.5,1
326840,7361,2.30,66,3,1153.6,1
326875,7362,-1.53,35,2,572.8,1
326909,7363,-3.19,34,1,339.5,1
326957,7364,0.52,48,2,813.6,1
327013,7365,2.26,56,3,1041.2,1
327077,7366,4.40,64,3,929.6,1
327326,7367,32.26,249,6,1278.3,0
327412,7368,28.27,86,3,1276.6,0
327467,7369,0.18,55,2,871.1,1
327516,7370,-0.08,49,2,981.4,1
327570,7371,0.62,54,2,968.2,1
327605,7372,-2.51,35,2,540.2,1
327637,7373,-2.55,32,1,465.4,1
327674,7374,-2.94,37,1,438.5,1
327725,7375,-0.27,51,2,914.7,1
327758,7376,-4.98,33,0,464.7,1
327794,7377,-1.16,36,3,587.7,1
327838,7378,-1.87,44,2,910.0,1
327893,7379,0.57,55,2,905.5,1
327950,7380,-1.42,57,2,831.2,1
328011,7381,0.61,61,3,1034.0,1
328047,7382,-3.37,36,1,487.6,1
328112,7383,2.25,65,3,1038.7,1
328167,7384,-0.83,55,3,809.1,1
328218,7385,0.69,51,2,914.0,1
328274,7386,-0.40,56,2,949.5,1
328321,7387,-0.35,47,2,867.3,1
328363,7388,-0.85,42,2,889.4,1
328422,7389,1.06,59,2,1013.1,1
328469,7390,-2.59,47,1,793.8,1
328537,7391,-1.81,68,1,951.3,1
328596,7392,2.76,59,3,907.7,1
328652,7393,1.15,56,3,1005.6,1
328720,7394,4.46,68,3,1107.7,1
328752,7395,-4.39,32,1,472.3,1
328772,7396,-4.24,20,1,248.4,1
328814,7397,-2.23,42,2,491.4,1
328879,7398,3.05,65,3,1111.1,1
328934,7399,1.47,55,2,799.4,1
328986,7400,1.30,52,2,953.6,1
329037,7401,0.03,51,2,952.0,1
329079,7402,-0.84,42,2,646.1,1
329137,7403,1.34,58,2,917.3,1
329190,7404,2.31,53,3,999.4,1
329227,7405,-2.69,37,1,541.2,1
329261,7406,-4.16,34,1,465.3,1
329309,7407,-0.36,48,3,919.2,1
329362,7408,-0.32,53,2,944.9,1
329410,7409,-1.11,48,2,761.1,1
329437,7410,-4.40,27,1,314.6,1
329472,7411,-3.06,35,1,465.7,1
329529,7412,-0.11,57,2,988.6,1
329564,7413,-3.18,35,1,490.1,1
329621,7414,1.91,57,2,969.8,1
329657,7415,-2.83,36,1,463.3,1
329708,7416,-0.94,51,2,812.7,1
329733,7417,-4.34,25,1,269.4,1
329766,7418,-3.44,33,1,429.2,1
329797,7419,-3.23,31,1,435.5,1
329862,7420,3.95,65,3,1050.4,1
329917,7421,0.24,55,2,744.7,1
329969,7422,0.14,52,2,860.5,1
330003,7423,-3.92,34,1,558.2,1
330055,7424,0.78,52,2,877.6,1
330119,7425,3.58,64,3,933.6,1
330175,7426,1.83,56,3,857.9,1
330207,7427,-3.33,32,1,526.3,1
330263,7428,2.56,56,3,836.9,1
330320,7429,1.26,57,2,785.9,1
330369,7430,0.99,49,2,711.1,1
330398,7431,-2.90,29,1,400.5,1
330453,7432,1.47,55,2,890.8,1
330519,7433,-0.18,66,2,903.4,1
330553,7434,-3.44,34,1,337.7,1
330598,7435,-0.79,45,2,645.3,1
330653,7436,1.47,55,2,827.7,1
330695,7437,-1.57,42,2,837.1,1
330737,7438,-1.50,42,2,747.1,1
330778,7439,-0.59,41,2,738.2,1
330810,7440,-3.04,32,1,471.0,1
330876,7441,2.13,66,2,894.6,1
330931,7442,2.29,55,2,856.5,1
330963,7443,-3.40,32,1,501.4,1
331016,7444,-1.60,53,2,994.6,1
331050,7445,-2.11,34,2,568.0,1
331080,7446,-3.28,30,1,450.7,1
331123,7447,-0.17,43,2,727.5,1
331177,7448,0.72,54,2,965.7,1
331226,7449,-0.50,49,2,872.6,1
331249,7450,-3.74,23,1,298.8,1
331296,7451,-0.23,47,2,932.7,1
331345,7452,-0.26,49,2,901.3,1
331405,7453,3.93,60,3,960.3,1
331437,7454,-1.95,32,1,487.0,1
331491,7455,1.48,54,2,902.6,1
331546,7456,0.42,55,2,850.6,1
331595,7457,0.33,49,2,793.2,1
331645,7458,-0.78,50,1,943.3,1
331704,7459,-0.00,59,2,729.6,1
331758,7460,2.87,54,3,955.0,1
331812,7461,1.39,54,2,867.2,1
331879,7462,0.73,67,2,931.0,1
331923,7463,0.68,44,2,748.5,1
331979,7464,1.29,56,3,961.4,1
332032,7465,0.15,53,2,717.2,1
332076,7466,0.96,44,2,762.5,1
332132,7467,0.48,56,2,800.2,1
332172,7468,-0.69,40,2,551.8,1
332217,7469,0.61,45,2,853.0,1
332250,7470,-3.57,33,1,501.3,1
332289,7471,-3.26,39,2,618.4,1
332348,7472,1.73,59,2,823.9,1
332410,7473,2.23,62,3,849.8,1
332446,7474,-4.88,36,1,455.8,1
332511,7475,4.53,65,3,977.7,1
332553,7476,-2.14,42,1,467.0,1
332609,7477,0.51,56,2,829.0,1
332669,7478,-0.41,60,2,873.8,1
332723,7479,1.88,54,3,857.6,1
332776,7480,0.21,53,2,884.4,1
332861,7481,2.85,85,2,879.5,1
332917,7482,0.28,56,2,930.8,1
332970,7483,0.31,53,2,816.6,1
333032,7484,3.11,62,3,816.5,1
333069,7485,-3.51,37,1,496.7,1
333105,7486,-3.21,36,1,513.3,1
333143,7487,-2.51,38,1,562.1,1
333194,7488,0.39,51,2,940.4,1
333254,7489,2.24,60,3,824.2,1
333273,7490,-5.02,19,1,244.6,1
333329,7491,0.25,56,2,832.8,1
333390,7492,1.70,61,3,980.5,1
333422,7493,-2.96,32,1,436.9,1
333456,7494,-1.89,34,2,498.8,1
333511,7495,-0.00,55,2,814.4,1
333547,7496,-4.36,36,1,494.4,1
333572,7497,-4.17,25,1,279.5,1
333629,7498,1.27,57,2,1070.5,1
333668,7499,-1.63,39,2,605.3,1
333702,7500,-4.04,34,1,508.5,1
333748,7501,-1.14,46,2,795.4,1
333781,7502,-2.70,33,1,461.5,1
333818,7503,-2.77,37,1,508.3,1
333872,7504,1.51,54,3,949.9,1
333908,7505,-4.45,36,1,466.3,1
333964,7506,3.60,56,3,975.3,1
334019,7507,0.26,55,2,945.3,1
334086,7508,0.53,67,2,763.3,1
334122,7509,-3.40,36,1,430.8,1
334153,7510,-3.37,31,1,429.4,1
334212,7511,0.57,59,2,739.0,1
334262,7512,0.86,50,2,949.3,1
334327,7513,1.28,65,2,665.6,1
334565,7514,1.97,238,5,1256.7,1
334625,7515,1.08,60,2,982.3,1
334684,7516,1.25,59,2,926.7,1
334739,7517,2.80,55,3,997.9,1
334784,7518,-0.90,45,2,607.0,1
334822,7519,-3.30,38,1,466.4,1
334846,7520,-4.64,24,1,312.3,1
334897,7521,-0.45,51,2,962.2,1
334933,7522,-2.50,36,1,462.0,1
335019,7523,0.49,86,2,628.0,1
335045,7524,-3.88,26,1,299.7,1
335101,7525,0.40,56,2,866.5,1
335176,7526,5.96,75,4,1115.1,1
335247,7527,28.37,71,4,1279.2,0
335309,7528,1.70,62,3,815.1,1
335341,7529,-3.38,32,1,471.5,1
335400,7530,0.22,59,2,866.0,1
335420,7531,-4.48,20,1,260.4,1
335475,7532,-0.61,55,2,852.8,1
335512,7533,-3.29,37,1,500.0,1
335564,7534,0.30,52,2,799.4,1
335606,7535,-1.17,42,2,626.5,1
335673,7536,4.96,67,3,966.8,1
335731,7537,0.77,58,2,855.4,1
335763,7538,-3.21,32,1,466.7,1
335826,7539,1.78,63,3,1070.4,1
335892,7540,3.84,66,3,916.5,1
335947,7541,0.67,55,2,835.6,1
335989,7542,-2.95,42,2,517.2,1
336012,7543,-4.16,23,1,234.8,1
336050,7544,-0.35,38,2,657.8,1
336082,7545,-3.09,32,1,470.6,1
336148,7546,6.68,66,3,1092.1,1
336181,7547,-3.01,33,1,461.6,1
336257,7548,5.43,76,3,1138.9,1
336285,7549,-3.50,28,1,453.8,1
336312,7550,-5.18,27,1,258.2,1
336349,7551,-3.40,37,1,575.3,1
336377,7552,-2.55,28,2,412.9,1
336415,7553,-3.33,38,1,421.8,1
336454,7554,-2.60,39,1,578.4,1
336497,7555,-0.66,43,2,690.9,1
336533,7556,-3.40,36,1,527.8,1
336565,7557,-3.26,32,1,519.0,1
336629,7558,3.42,64,3,1057.7,1
336684,7559,2.59,55,3,953.1,1
336745,7560,-0.74,61,2,759.5,1
336794,7561,-0.26,49,2,863.0,1
336860,7562,-0.60,66,2,595.4,1
336893,7563,-2.22,33,2,456.2,1
336942,7564,-0.46,49,2,867.7,1
336960,7565,-6.21,18,0,249.9,1
337012,7566,0.28,52,3,827.8,1
337089,7567,2.09,77,3,874.9,1
337125,7568,-3.30,36,1,450.1,1
337157,7569,-3.43,32,1,421.4,1
337172,7570,-7.11,15,0,181.8,1
337206,7571,-2.89,34,1,448.9,1
337270,7572,2.96,64,3,915.0,1
337313,7573,-5.41,43,0,367.7,1
337372,7574,-0.92,59,2,750.9,1
337433,7575,0.82,61,2,813.8,1
337460,7576,-3.42,27,1,481.8,1
337498,7577,-3.03,38,1,493.1,1
337557,7578,1.49,59,2,876.2,1
337610,7579,0.23,53,3,894.2,1
337644,7580,-3.54,34,1,330.2,1
337679,7581,-2.83,35,1,509.4,1
337717,7582,-3.48,38,1,483.6,1
337741,7583,-3.52,24,1,300.3,1
337792,7584,0.27,51,2,758.5,1
337842,7585,0.86,50,2,1004.7,1
337872,7586,-4.26,30,1,346.2,1
337930,7587,1.53,58,2,943.7,1
337966,7588,-2.13,36,2,512.1,1
337998,7589,-2.89,32,1,473.9,1
338017,7590,-5.21,19,1,169.3,1
338074,7591,2.63,57,3,804.9,1
338094,7592,-7.46,20,0,128.8,1
338134,7593,-1.99,40,2,566.2,1
338201,7594,4.91,67,3,1010.8,1
338248,7595,-0.64,47,2,955.5,1
338280,7596,-3.08,32,1,417.5,1
338332,7597,-0.14,52,2,934.6,1
338387,7598,2.06,55,3,938.5,1
338440,7599,-0.46,53,2,898.1,1
338493,7600,-3.57,53,1,500.5,1
338539,7601,-0.06,46,2,761.2,1
338574,7602,-5.00,35,1,370.2,1
338627,7603,0.53,53,3,896.8,1
338691,7604,0.60,64,2,722.3,1
338754,7605,1.27,63,2,863.5,1
338819,7606,3.12,65,3,1010.5,1
338885,7607,5.08,66,3,1133.2,1
338919,7608,-3.61,34,1,329.1,1
338983,7609,1.81,64,2,975.8,1
339038,7610,0.37,55,2,812.4,1
339075,7611,-3.10,37,1,530.4,1
339129,7612,-0.66,54,2,686.0,1
339196,7613,2.76,67,2,810.1,1
339230,7614,-2.82,34,1,475.8,1
339253,7615,-5.83,23,1,178.5,1
339306,7616,-0.46,53,2,873.8,1
339367,7617,1.68,61,2,1033.9,1
339420,7618,1.01,53,2,783.0,1
339470,7619,-0.57,50,2,777.5,1
339502,7620,-2.75,32,1,500.2,1
339533,7621,-4.72,31,0,550.1,1
339565,7622,-3.10,32,1,440.5,1
339622,7623,1.44,57,3,893.2,1
339677,7624,2.19,55,3,943.7,1
339722,7625,0.30,45,2,579.2,1
339776,7626,0.92,54,2,978.4,1
339810,7627,-3.10,34,1,308.9,1
339846,7628,-3.36,36,1,477.2,1
339905,7629,2.78,59,3,892.0,1
339957,7630,2.55,52,3,936.0,1
339977,7631,-4.91,20,1,196.6,1
340013,7632,-1.71,36,2,484.1,1
340051,7633,-3.60,38,1,536.9,1
340125,7634,2.77,74,2,903.7,1
340166,7635,-0.17,41,2,647.6,1
340221,7636,0.89,55,2,845.4,1
340263,7637,-1.55,42,2,596.4,1
340298,7638,-2.62,35,1,488.0,1
340355,7639,1.87,57,2,835.6,1
340419,7640,1.00,64,3,955.4,1
340476,7641,0.30,57,2,920.1,1
340528,7642,-0.09,52,2,905.7,1
340556,7643,-3.78,28,1,367.9,1
340586,7644,-3.35,30,1,442.1,1
340654,7645,4.89,68,3,1110.0,1
340675,7646,-4.36,21,1,253.5,1
340699,7647,-5.31,24,1,186.0,1
340754,7648,-0.48,55,2,881.6,1
340799,7649,-1.27,45,2,832.4,1
340845,7650,0.43,46,2,852.1,1
340892,7651,-1.43,47,2,629.6,1
340948,7652,1.92,56,2,911.9,1
341009,7653,2.40,61,3,888.8,1
341065,7654,0.24,56,3,854.9,1
341121,7655,0.76,56,2,976.1,1
341155,7656,-3.72,34,1,428.3,1
341218,7657,1.38,63,2,869.1,1
341255,7658,-3.38,37,1,430.8,1
341300,7659,-1.84,45,2,595.4,1
341330,7660,-3.72,30,1,446.9,1
341381,7661,0.58,51,3,889.7,1
341438,7662,1.34,57,2,878.9,1
341494,7663,1.30,56,3,921.9,1
341547,7664,0.64,53,2,862.3,1
341608,7665,2.01,61,3,896.0,1
341636,7666,-3.99,28,1,463.4,1
341702,7667,4.18,66,3,1062.5,1
341753,7668,1.40,51,2,887.0,1
341790,7669,-3.48,37,1,554.8,1
341836,7670,0.09,46,2,815.4,1
341884,7671,-0.92,48,3,907.9,1
341947,7672,2.10,63,2,828.1,1
342009,7673,0.98,62,2,814.3,1
342073,7674,3.66,64,3,1021.3,1
342105,7675,-3.33,32,1,471.2,1
342139,7676,-1.33,34,2,520.6,1
342205,7677,4.50,66,3,1033.0,1
342262,7678,2.45,57,3,817.6,1
342282,7679,-5.36,20,1,151.3,1
342303,7680,-4.26,21,1,276.5,1
342356,7681,0.10,53,2,778.4,1
342408,7682,-1.01,52,2,956.3,1
342431,7683,-4.59,23,1,260.8,1
342489,7684,1.75,58,3,1003.9,1
342537,7685,-0.55,48,2,622.6,1
342575,7686,-2.46,38,1,471.2,1
342611,7687,-2.03,36,1,450.5,1
342645,7688,-3.01,34,1,521.3,1
342666,7689,-5.96,21,1,166.9,1
342720,7690,-1.36,54,2,936.0,1
342744,7691,-5.16,24,1,213.0,1
342794,7692,0.78,50,2,869.8,1
342832,7693,0.16,38,2,665.3,1
342891,7694,1.48,59,3,915.1,1
342924,7695,-2.54,33,2,565.1,1
342966,7696,-0.52,42,2,628.1,1
343016,7697,1.15,50,2,901.6,1
343060,7698,-1.27,44,2,670.2,1
343098,7699,-3.03,38,1,446.2,1
343140,7700,0.32,42,2,808.4,1
343179,7701,-0.56,39,2,652.1,1
343231,7702,0.28,52,2,972.3,1
343252,7703,-4.17,21,1,244.0,1
343312,7704,0.29,60,2,822.0,1
343365,7705,0.97,53,2,878.7,1
343447,7706,2.99,82,2,947.5,1
343491,7707,-0.74,44,2,638.5,1
343556,7708,3.39,65,3,838.3,1
343619,7709,3.22,63,2,905.2,1
343648,7710,-3.17,29,1,429.9,1
343683,7711,-3.58,35,1,344.8,1
343763,7712,2.15,80,2,832.8,1
343787,7713,-3.76,24,1,273.1,1
343823,7714,-2.21,36,1,475.1,1
343856,7715,-3.16,33,1,463.3,1
343898,7716,-2.96,42,2,611.1,1
343935,7717,-3.49,37,1,563.1,1
343990,7718,2.52,55,3,951.7,1
344029,7719,-1.35,39,2,617.5,1
344087,7720,2.24,58,3,941.9,1
344149,7721,0.80,62,2,931.5,1
344185,7722,-2.30,36,1,732.2,1
344221,7723,-2.95,36,1,476.5,1
344280,7724,1.86,59,2,862.5,1
344340,7725,-0.88,60,2,771.5,1
344410,7726,0.04,70,2,883.0,1
344474,7727,2.64,64,3,928.8,1
344514,7728,-3.08,40,1,466.3,1
344567,7729,-0.80,53,2,863.4,1
344605,7730,-3.37,38,1,479.6,1
344671,7731,2.99,66,3,992.8,1
344706,7732,-1.51,35,2,615.1,1
344742,7733,-3.39,36,1,473.5,1
344779,7734,-2.79,37,1,668.3,1
344830,7735,0.82,51,2,758.3,1
344883,7736,1.14,53,2,793.1,1
344935,7737,0.48,52,2,902.0,1
344987,7738,0.22,52,2,751.6,1
345040,7739,0.26,53,2,803.3,1
345069,7740,-3.35,29,1,465.4,1
345126,7741,2.49,57,3,850.8,1
345178,7742,2.28,52,4,920.6,1
345218,7743,-3.19,40,1,415.7,1
345243,7744,-4.28,25,1,322.6,1
345294,7745,-0.57,51,2,876.1,1
345331,7746,-3.07,37,1,492.3,1
345372,7747,-2.10,41,2,634.1,1
345431,7748,1.46,59,2,807.7,1
345493,7749,2.60,62,3,1009.5,1
345550,7750,1.73,57,2,830.9,1
345582,7751,-3.20,32,1,481.8,1
345615,7752,-3.62,33,1,491.5,1
345649,7753,-3.96,34,1,345.5,1
345715,7754,4.81,66,3,1108.9,1
345781,7755,3.03,66,2,845.6,1
345810,7756,-3.51,29,1,449.8,1
345844,7757,-3.86,34,1,305.7,1
345866,7758,-5.32,22,1,209.0,1
345903,7759,-1.79,37,2,502.3,1
345969,7760,1.71,66,2,926.0,1
346002,7761,-2.15,33,1,491.6,1
346058,7762,1.90,56,3,1021.8,1
346091,7763,-2.41,33,1,477.8,1
346124,7764,-3.76,33,1,470.9,1
346172,7765,1.19,48,2,779.1,1
346258,7766,4.12,86,3,918.3,1
346297,7767,-3.66,39,1,483.6,1
346347,7768,1.47,50,2,648.2,1
346411,7769,2.71,64,2,880.8,1
346457,7770,0.33,46,2,901.0,1
346509,7771,1.52,52,2,930.5,1
346550,7772,-4.63,41,1,497.6,1
346608,7773,2.31,58,3,865.3,1
346644,7774,-3.30,36,1,431.4,1
346695,7775,0.71,51,2,844.1,1
346760,7776,3.63,65,3,951.0,1
346793,7777,-2.74,33,1,475.1,1
346850,7778,3.16,57,3,965.9,1
346909,7779,1.13,59,2,926.3,1
346966,7780,2.14,57,2,900.3,1
347019,7781,1.77,53,2,851.2,1
347080,7782,3.60,61,3,1003.6,1
347144,7783,4.31,64,3,1041.5,1
347176,7784,-2.87,32,1,488.5,1
347218,7785,-2.82,42,1,727.5,1
347270,7786,0.58,52,3,870.0,1
347307,7787,-3.46,37,1,460.2,1
347332,7788,-5.80,25,1,182.3,1
347366,7789,-3.12,34,1,529.8,1
347402,7790,-3.64,36,1,462.2,1
347439,7791,-4.46,37,1,583.0,1
347475,7792,-2.83,36,2,352.6,1
347518,7793,-1.21,43,2,544.9,1
347552,7794,-3.60,34,2,269.8,1
347586,7795,-1.30,34,2,579.2,1
347651,7796,-2.11,65,2,637.3,1
347694,7797,-3.33,43,1,534.0,1
347747,7798,0.81,53,2,921.4,1
347799,7799,-0.32,52,2,896.6,1
347854,7800,1.56,55,2,917.3,1
347920,7801,3.59,66,3,951.7,1
347988,7802,4.69,68,3,1126.2,1
348040,7803,0.98,52,3,894.0,1
348087,7804,1.11,47,2,862.3,1
348139,7805,1.33,52,2,1004.1,1
348197,7806,2.49,58,3,937.5,1
348249,7807,0.03,52,2,708.0,1
348320,7808,5.33,71,3,908.6,1
348354,7809,-3.46,34,1,485.6,1
348388,7810,-3.91,34,1,342.2,1
348444,7811,0.12,56,2,867.8,1
348506,7812,2.40,62,2,918.1,1
348537,7813,-3.50,31,1,354.1,1
348560,7814,-4.04,23,1,263.7,1
348593,7815,-4.07,33,1,445.7,1
348647,7816,-1.16,54,2,946.4,1
348679,7817,-3.20,32,1,471.3,1
348720,7818,-1.97,41,2,549.8,1
348775,7819,-0.33,55,2,790.9,1
348796,7820,-5.80,21,1,163.7,1
348843,7821,-0.61,47,2,704.1,1
348865,7822,-5.16,22,1,236.6,1
348899,7823,-3.64,34,1,337.3,1
348932,7824,-2.68,33,1,484.7,1
348997,7825,3.12,65,2,950.8,1
349032,7826,-3.39,35,1,644.0,1
349064,7827,-2.81,32,1,487.2,1
349125,7828,2.55,61,3,1022.3,1
349178,7829,0.05,53,2,833.0,1
349233,7830,3.46,55,3,976.9,1
349279,7831,-0.80,46,2,683.5,1
349334,7832,1.27,55,2,818.4,1
349368,7833,-3.31,34,1,528.1,1
349420,7834,0.71,52,2,854.8,1
349473,7835,0.68,53,3,841.6,1
349529,7836,-0.49,56,2,508.0,1
349567,7837,-2.47,38,1,479.0,1
349634,7838,2.83,67,3,884.2,1
349671,7839,-2.42,37,2,583.4,1
349709,7840,-2.82,38,1,479.1,1
349733,7841,-4.04,24,1,272.6,1
349767,7842,-4.48,34,1,335.1,1
349804,7843,-3.50,37,1,493.5,1
349857,7844,1.68,53,3,796.6,1
349887,7845,-1.83,30,2,498.9,1
349929,7846,-0.58,42,2,744.6,1
349957,7847,-1.47,28,2,409.3,1
349987,7848,-2.58,30,1,394.3,1
350032,7849,-3.11,45,1,511.4,1
350086,7850,1.49,54,2,884.0,1
350122,7851,-2.36,36,1,545.1,1
350144,7852,-3.80,22,1,274.6,1
350191,7853,-0.53,47,2,856.5,1
350224,7854,-2.15,33,2,483.3,1
350258,7855,-3.10,34,1,315.7,1
350321,7856,1.43,63,2,864.8,1
350367,7857,-0.76,46,2,721.0,1
350420,7858,0.91,53,2,850.9,1
350484,7859,1.44,64,2,832.1,1
350518,7860,-3.19,34,2,349.2,1
350552,7861,-1.87,34,2,554.7,1
350617,7862,2.92,65,2,884.8,1
350682,7863,2.05,65,3,1023.4,1
350723,7864,-2.43,41,1,476.5,1
350773,7865,0.45,50,2,902.9,1
350807,7866,-3.09,34,1,481.1,1
350901,7867,0.27,94,2,696.6,1
350930,7868,-3.83,29,1,337.5,1
350985,7869,1.60,55,2,908.6,1
351061,7870,3.66,76,3,1124.7,1
351100,7871,-1.23,39,2,557.4,1
351134,7872,-4.10,34,1,337.3,1
351194,7873,1.87,60,2,688.3,1
351253,7874,1.30,59,2,821.1,1
351291,7875,-2.86,38,1,494.0,1
351360,7876,3.47,69,3,1085.8,1
351389,7877,-1.45,29,2,415.9,1
351420,7878,-2.86,31,1,495.7,1
351453,7879,-3.99,33,1,473.1,1
351500,7880,-0.26,47,2,753.4,1
351554,7881,2.17,54,3,953.4,1
351588,7882,-2.67,34,1,470.6,1
351642,7883,0.62,54,3,863.7,1
351663,7884,-4.77,21,1,206.6,1
351713,7885,0.13,50,2,791.0,1
351757,7886,-2.40,44,1,474.4,1
351787,7887,-2.95,30,2,412.7,1
351851,7888,1.54,64,3,924.0,1
351920,7889,2.89,69,3,1026.0,1
351978,7890,0.49,58,2,849.9,1
352016,7891,-3.37,38,1,464.4,1
352076,7892,-0.34,60,2,757.6,1
352109,7893,-3.34,33,1,364.3,1
352162,7894,0.47,53,2,786.3,1
352207,7895,-1.18,45,2,837.5,1
352245,7896,-2.76,38,1,461.7,1
352310,7897,1.61,65,2,937.2,1
352333,7898,-5.11,23,1,221.1,1
352385,7899,1.11,52,2,842.3,1
352440,7900,-0.26,55,2,672.4,1
352474,7901,-1.60,34,2,553.2,1
352528,7902,1.50,54,3,936.9,1
352568,7903,-5.39,40,0,484.5,1
352618,7904,1.23,50,2,901.9,1
352653,7905,-2.84,35,2,619.3,1
352710,7906,0.28,57,3,918.9,1
352751,7907,-2.35,41,2,620.9,1
352808,7908,0.79,57,2,895.9,1
352845,7909,-2.42,37,1,486.4,1
352897,7910,-0.25,52,2,890.1,1
352927,7911,-3.49,30,2,273.9,1
352983,7912,2.12,56,2,868.7,1
353048,7913,4.83,65,2,1188.4,1
353086,7914,-1.38,38,2,556.4,1
353126,7915,-0.99,40,2,628.9,1
353183,7916,2.74,57,2,842.6,1
353216,7917,-3.43,33,1,435.7,1
353258,7918,-2.02,42,1,479.7,1
353315,7919,1.12,57,2,821.1,1
353382,7920,3.29,67,3,1073.1,1
353406,7921,-5.01,24,1,236.1,1
353449,7922,-5.43,43,0,479.5,1
353518,7923,1.44,69,3,815.8,1
353552,7924,-3.48,34,2,444.7,1
353597,7925,0.29,45,2,739.9,1
353625,7926,-2.99,28,1,395.3,1
353669,7927,-1.70,44,2,737.3,1
353724,7928,0.56,55,2,875.2,1
353779,7929,2.58,55,2,754.4,1
353816,7930,-1.83,37,2,477.3,1
353870,7931,-1.36,54,2,988.4,1
353910,7932,-5.84,40,1,326.6,1
353961,7933,-0.20,51,2,838.9,1
353979,7934,-5.00,18,1,227.0,1
354021,7935,-3.87,42,1,505.4,1
354072,7936,0.57,51,2,847.5,1
354107,7937,-3.50,35,1,515.4,1
354164,7938,2.41,57,2,1035.6,1
354220,7939,1.47,56,3,916.3,1
354254,7940,-3.48,34,1,510.7,1
354287,7941,-4.75,33,1,480.3,1
354352,7942,3.32,65,2,979.5,1
354411,7943,1.30,59,2,910.7,1
354467,7944,1.94,56,3,958.2,1
354522,7945,1.99,55,3,845.4,1
354578,7946,-0.19,56,2,853.6,1
354603,7947,-5.07,25,1,152.9,1
354635,7948,-3.07,32,2,524.2,1
354696,7949,0.20,61,2,830.1,1
354723,7950,-4.45,27,1,484.0,1
354757,7951,-1.96,34,2,362.2,1
354791,7952,-3.82,34,1,645.0,1
354834,7953,-0.62,43,2,768.1,1
354891,7954,-0.19,57,2,918.1,1
354941,7955,0.45,50,2,918.8,1
355006,7956,3.79,65,3,1055.7,1
355066,7957,2.57,60,3,951.3,1
355119,7958,1.27,53,2,839.6,1
355179,7959,3.17,60,3,827.7,1
355212,7960,-3.37,33,2,601.0,1
355276,7961,0.79,64,2,749.5,1
355325,7962,2.97,49,2,714.6,1
355385,7963,0.22,60,2,753.8,1
355442,7964,0.81,57,3,1003.4,1
355483,7965,-3.08,41,1,514.1,1
355530,7966,0.60,47,2,858.7,1
355562,7967,-3.04,32,1,481.2,1
355617,7968,1.20,55,3,968.1,1
355671,7969,-0.66,54,2,814.4,1
355728,7970,2.95,57,3,950.3,1
355781,7971,1.28,53,2,914.5,1
355815,7972,-3.14,34,1,459.0,1
355879,7973,2.68,64,2,825.3,1
355932,7974,-0.78,53,2,915.2,1
355995,7975,-0.86,63,2,869.0,1
356031,7976,-4.75,36,1,457.1,1
356065,7977,-3.02,34,2,555.4,1
356118,7978,0.28,53,2,797.8,1
356152,7979,-4.24,34,1,338.5,1
356176,7980,-4.92,24,1,239.7,1
356239,7981,1.19,63,2,919.1,1
356302,7982,3.95,63,3,1053.9,1
356352,7983,-1.25,50,2,904.1,1
356417,7984,2.20,65,3,967.4,1
356451,7985,-4.25,34,0,448.5,1
356487,7986,-4.67,36,1,487.2,1
356511,7987,-3.89,24,1,264.6,1
356564,7988,0.15,53,2,886.9,1
356584,7989,-4.90,20,1,187.8,1
356637,7990,0.99,53,3,872.0,1
356694,7991,1.46,57,3,946.8,1
356747,7992,2.68,53,3,969.5,1
356784,7993,-2.85,37,1,459.6,1
356832,7994,-0.65,48,2,838.4,1
356871,7995,-1.52,39,2,607.4,1
356907,7996,-1.90,36,2,507.4,1
356967,7997,1.52,60,2,862.0,1
357019,7998,0.77,52,2,872.8,1
357044,7999,-4.81,25,1,235.1,1
357109,8000,3.09,65,3,849.6,1
357157,8001,1.34,48,3,920.4,1
357193,8002,-6.56,36,1,195.6,1
357248,8003,1.50,55,2,931.1,1
357272,8004,-4.27,24,1,262.0,1
357334,8005,2.29,62,2,930.9,1
357385,8006,3.40,51,3,1069.1,1
357416,8007,-4.73,31,1,256.4,1
357473,8008,3.26,57,3,1084.2,1
357503,8009,-3.14,30,1,394.5,1
357527,8010,-4.18,24,1,309.1,1
357583,8011,-0.40,56,2,937.7,1
357609,8012,-3.42,26,1,317.3,1
357664,8013,1.93,55,3,884.3,1
357722,8014,1.27,58,2,907.7,1
357754,8015,-1.28,32,3,531.5,1
357807,8016,0.81,53,3,927.3,1
357841,8017,-3.69,34,1,333.6,1
357878,8018,-0.73,37,2,598.3,1
357934,8019,1.27,56,2,1019.2,1
357998,8020,1.78,64,2,953.3,1
358030,8021,-3.71,32,1,498.5,1
358072,8022,-3.27,42,1,576.6,1
358129,8023,1.57,57,2,747.6,1
358195,8024,2.38,66,3,1040.1,1
358253,8025,2.33,58,3,931.9,1
358287,8026,-4.76,34,1,467.8,1
358321,8027,-2.73,34,1,517.9,1
358383,8028,1.71,62,3,978.7,1
358416,8029,-3.23,33,1,454.3,1
358473,8030,2.25,57,3,1028.1,1
358509,8031,-3.53,36,1,482.6,1
358555,8032,0.73,46,2,792.2,1
358611,8033,0.05,56,2,835.9,1
358648,8034,-4.87,37,1,414.6,1
358704,8035,0.41,56,2,879.6,1
358743,8036,-1.80,39,2,534.0,1
358797,8037,0.29,54,2,786.0,1
358818,8038,-4.74,21,1,259.9,1
358846,8039,-4.05,28,1,307.3,1
358903,8040,0.13,57,2,958.2,1
358954,8041,0.55,51,2,898.9,1
359022,8042,5.99,68,3,1230.1,1
359070,8043,0.26,48,2,851.7,1
359102,8044,-3.58,32,1,520.5,1
359156,8045,0.27,54,2,1002.1,1
359223,8046,2.61,67,3,922.4,1
359259,8047,-3.75,36,1,460.2,1
359309,8048,-0.23,50,2,945.6,1
359367,8049,0.20,58,2,936.7,1
359402,8050,-3.37,35,1,469.4,1
359434,8051,-4.47,32,1,487.1,1
359492,8052,0.11,58,3,996.9,1
359537,8053,-0.16,45,2,719.4,1
359558,8054,-5.24,21,1,179.7,1
359618,8055,5.08,60,4,1205.5,1
359675,8056,2.26,57,3,1001.8,1
359704,8057,-3.94,29,1,267.9,1
359750,8058,-6.31,46,1,221.0,1
359807,8059,0.93,57,2,841.9,1
359839,8060,-2.97,32,1,488.9,1
359894,8061,2.09,55,3,887.5,1
359945,8062,1.97,51,3,915.8,1
359997,8063,2.87,52,3,955.4,1
360033,8064,-4.31,36,1,459.8,1
360098,8065,4.08,65,4,1129.0,1
360157,8066,1.98,59,3,970.8,1
360192,8067,-1.66,35,2,556.6,1
360248,8068,1.20,56,3,839.5,1
360286,8069,-2.32,38,2,487.0,1
360363,8070,-0.51,77,2,587.5,1
360395,8071,-3.60,32,1,485.1,1
360448,8072,1.27,53,2,855.4,1
360503,8073,3.84,55,3,1000.6,1
360559,8074,1.55,56,2,851.6,1
360592,8075,-3.75,33,1,447.3,1
360621,8076,-3.45,29,1,466.8,1
360686,8077,0.06,65,2,1007.2,1
360718,8078,-3.58,32,1,525.4,1
360766,8079,0.13,48,3,876.8,1
360791,8080,-4.37,25,1,302.4,1
360850,8081,1.55,59,2,816.9,1
360893,8082,-3.49,43,1,756.8,1
360930,8083,-1.58,37,2,624.6,1
360973,8084,-2.94,43,1,564.7,1
361001,8085,-3.47,28,1,375.6,1
361035,8086,-2.61,34,1,436.8,1
361096,8087,2.15,61,2,940.3,1
361154,8088,1.98,58,3,1078.3,1
361216,8089,1.14,62,3,1064.5,1
361272,8090,0.90,56,3,937.8,1
361303,8091,-3.75,31,1,398.0,1
361360,8092,-0.80,57,2,940.3,1
361392,8093,-3.79,32,1,495.1,1
361428,8094,-2.85,36,1,565.6,1
361503,8095,28.52,75,4,1276.2,0
361546,8096,-1.64,43,2,761.1,1
361599,8097,0.68,53,3,895.5,1
361667,8098,4.27,68,3,1092.9,1
361724,8099,1.66,57,3,942.6,1
361756,8100,-2.64,32,2,523.8,1
361821,8101,2.12,65,3,1028.4,1
361875,8102,1.53,54,3,955.5,1
361907,8103,-3.70,32,1,470.9,1
361966,8104,1.09,59,2,839.3,1
362018,8105,0.81,52,2,907.3,1
362070,8106,-0.64,52,3,938.6,1
362136,8107,1.00,66,3,902.9,1
362184,8108,-1.08,48,2,808.1,1
362213,8109,-3.93,29,1,317.8,1
362267,8110,2.60,54,3,948.9,1
362317,8111,-1.72,50,2,946.4,1
362368,8112,1.49,51,3,910.6,1
362421,8113,-0.06,53,2,852.4,1
362452,8114,-3.94,31,1,482.9,1
362509,8115,-0.82,57,2,894.6,1
362559,8116,2.19,50,3,941.1,1
362615,8117,0.70,56,3,951.1,1
362666,8118,-1.00,51,2,800.7,1
362716,8119,-1.82,50,2,991.4,1
362753,8120,-3.33,37,1,495.8,1
362815,8121,3.53,62,4,1057.6,1
362850,8122,-5.44,35,0,468.4,1
362876,8123,-3.21,26,1,465.3,1
362904,8124,-3.81,28,1,406.3,1
362959,8125,1.39,55,3,952.9,1
362993,8126,-2.49,34,2,339.1,1
363059,8127,4.82,66,3,1002.8,1
363085,8128,-3.41,26,1,374.6,1
363134,8129,0.32,49,3,955.0,1
363186,8130,2.07,52,3,940.9,1
363220,8131,-3.62,34,1,399.9,1
363282,8132,2.39,62,2,1007.3,1
363339,8133,1.92,57,3,1006.2,1
363394,8134,2.47,55,3,997.7,1
363447,8135,0.14,53,2,843.5,1
363483,8136,-2.97,36,1,474.6,1
363515,8137,-3.35,32,1,532.0,1
363566,8138,-0.65,51,3,925.3,1
363617,8139,0.54,51,2,989.4,1
363639,8140,-4.11,22,1,261.0,1
363663,8141,-4.46,24,1,267.9,1
363713,8142,0.78,50,2,1002.6,1
363777,8143,0.22,64,2,949.5,1
363799,8144,-4.42,22,1,239.0,1
363845,8145,-0.35,46,2,691.9,1
363894,8146,1.61,49,3,990.0,1
363934,8147,0.10,40,2,665.1,1
363989,8148,1.20,55,2,862.1,1
364048,8149,2.56,59,3,890.4,1
364084,8150,-0.35,36,2,506.7,1
364121,8151,-4.91,37,0,492.6,1
364173,8152,0.80,52,2,969.7,1
364200,8153,-2.78,27,1,443.8,1
364237,8154,-3.17,37,1,542.0,1
364273,8155,-3.36,36,1,521.9,1
364300,8156,-5.33,27,0,373.5,1
364341,8157,-2.58,41,2,586.1,1
364391,8158,-1.37,50,2,797.0,1
364425,8159,-2.27,34,1,588.4,1
364475,8160,-1.35,50,2,924.1,1
364526,8161,0.30,51,2,699.5,1
364581,8162,0.98,55,2,842.5,1
364642,8163,3.07,61,3,1050.5,1
364680,8164,-3.13,38,1,480.0,1
364722,8165,-2.98,42,1,566.5,1
364769,8166,0.21,47,2,831.1,1
364810,8167,-1.08,41,2,606.5,1
364866,8168,1.39,56,3,927.3,1
364920,8169,-0.44,54,2,773.6,1
364961,8170,-0.76,41,2,649.7,1
364995,8171,-2.46,34,2,515.4,1
365037,8172,-1.23,42,2,833.5,1
365073,8173,-1.97,36,2,648.3,1
365092,8174,-5.44,19,1,217.3,1
365147,8175,0.97,55,2,861.5,1
365203,8176,0.06,56,2,932.4,1
365236,8177,-3.67,33,1,476.1,1
365301,8178,4.98,65,3,938.1,1
365335,8179,-3.66,34,1,508.2,1
365385,8180,-0.93,50,2,890.9,1
365437,8181,1.28,52,2,902.5,1
365485,8182,-0.03,48,2,707.2,1
365522,8183,-3.07,37,1,467.3,1
365570,8184,-0.14,48,2,837.6,1
365597,8185,-3.71,27,1,309.0,1
365650,8186,0.25,53,3,929.0,1
365682,8187,-3.65,32,1,485.7,1
365714,8188,-3.03,32,1,480.4,1
365742,8189,-3.36,28,1,483.4,1
365807,8190,1.80,65,3,987.2,1
365831,8191,-4.29,24,1,340.1,1
365880,8192,0.09,49,2,751.5,1
365945,8193,4.15,65,3,842.8,1
365978,8194,-3.57,33,1,483.5,1
366012,8195,-3.59,34,1,544.9,1
366044,8196,-3.28,32,1,469.6,1
366094,8197,0.21,50,2,881.4,1
366130,8198,-4.33,36,1,477.2,1
366199,8199,4.88,69,3,1115.7,1
366256,8200,2.99,57,3,870.3,1
366281,8201,-1.88,25,2,358.5,1
366329,8202,0.65,48,2,847.2,1
366388,8203,3.14,59,3,802.6,1
366447,8204,3.01,59,3,936.5,1
366509,8205,2.93,62,3,868.6,1
366541,8206,-4.46,32,1,494.0,1
366562,8207,-4.07,21,1,260.0,1
366590,8208,-3.25,28,1,466.1,1
366645,8209,-0.89,55,3,924.4,1
366706,8210,0.75,61,2,1060.4,1
366761,8211,1.67,55,3,943.9,1
366825,8212,1.58,64,2,946.6,1
366863,8213,-2.86,38,2,480.0,1
366900,8214,-1.59,37,2,619.2,1
366961,8215,2.43,61,3,921.6,1
366996,8216,-2.83,35,1,488.2,1
367034,8217,-4.09,38,1,579.9,1
367068,8218,-3.32,34,1,302.0,1
367123,8219,-1.59,55,2,850.7,1
367170,8220,0.62,47,3,799.2,1
367216,8221,-0.38,46,3,871.5,1
367280,8222,4.27,64,3,843.6,1
367315,8223,-3.43,35,1,336.1,1
367377,8224,3.95,62,3,902.9,1
367420,8225,-2.39,43,1,657.7,1
367473,8226,2.77,53,3,867.4,1
367532,8227,0.09,59,2,885.3,1
367591,8228,1.65,59,2,870.7,1
367634,8229,-2.39,43,1,689.7,1
367697,8230,1.49,63,2,839.7,1
367748,8231,-0.02,51,2,943.5,1
367782,8232,-2.32,34,1,531.4,1
367827,8233,-2.00,45,2,622.8,1
367887,8234,2.46,60,3,938.5,1
367946,8235,2.86,59,2,836.5,1
367993,8236,0.98,47,2,788.1,1
368023,8237,-2.76,30,2,570.2,1
368074,8238,-0.35,51,2,848.9,1
368136,8239,2.54,62,3,1015.7,1
368197,8240,2.92,61,4,987.5,1
368256,8241,1.20,59,2,869.4,1
368312,8242,0.07,56,2,925.0,1
368365,8243,3.24,53,3,967.6,1
368396,8244,-2.22,31,2,486.1,1
368449,8245,-0.14,53,2,909.3,1
368483,8246,-2.87,34,1,415.2,1
368504,8247,-4.66,21,1,242.2,1
368570,8248,6.80,66,3,1097.2,1
368622,8249,3.51,52,4,932.3,1
368685,8250,1.97,63,3,888.4,1
368709,8251,-5.84,24,1,288.7,1
368761,8252,2.21,52,3,936.0,1
368791,8253,-3.05,30,1,468.6,1
368849,8254,0.75,58,2,884.4,1
368870,8255,-4.14,21,1,306.8,1
368912,8256,0.12,42,2,835.0,1
368967,8257,1.58,55,3,1030.1,1
369025,8258,1.51,58,2,865.0,1
369094,8259,4.45,69,3,951.3,1
369153,8260,2.57,59,3,1036.1,1
369206,8261,0.67,53,3,960.0,1
369261,8262,-0.21,55,2,842.4,1
369293,8263,-2.37,32,1,485.8,1
369345,8264,0.33,52,2,873.9,1
369401,8265,-0.13,56,2,869.5,1
369458,8266,0.11,57,2,844.1,1
369493,8267,-4.07,35,1,501.5,1
369555,8268,2.89,62,3,992.8,1
369610,8269,3.00,55,3,870.5,1
369665,8270,1.67,55,3,905.6,1
369719,8271,-0.08,54,3,990.9,1
369757,8272,-2.14,38,2,563.2,1
369822,8273,2.68,65,3,1011.6,1
369879,8274,3.89,57,3,1021.9,1
369913,8275,-3.23,34,1,560.9,1
369961,8276,0.00,48,3,875.4,1
370012,8277,0.28,51,2,891.7,1
370055,8278,-1.28,43,2,648.2,1
370082,8279,-3.28,27,1,485.3,1
370108,8280,-3.98,26,1,485.9,1
370152,8281,-2.56,44,2,864.7,1
370194,8282,-3.52,42,1,511.3,1
370241,8283,-0.28,47,2,840.0,1
370294,8284,0.40,53,2,861.8,1
370327,8285,-3.28,33,1,459.4,1
370371,8286,-1.47,44,2,673.0,1
370424,8287,-0.20,53,3,922.3,1
370488,8288,1.87,64,3,990.0,1
370543,8289,1.18,55,3,952.8,1
370585,8290,-2.78,42,1,515.7,1
370637,8291,1.26,52,2,756.4,1
370691,8292,1.78,54,3,874.9,1
370718,8293,-3.23,27,1,471.1,1
370775,8294,2.40,57,2,852.5,1
370832,8295,1.67,57,3,941.4,1
370886,8296,0.83,54,3,992.4,1
370953,8297,-0.37,67,2,867.8,1
370987,8298,-2.28,34,2,440.5,1
371029,8299,-3.13,42,1,759.2,1
371085,8300,2.18,56,2,835.5,1
371128,8301,-3.38,43,1,727.6,1
371182,8302,2.58,54,3,939.6,1
371242,8303,3.15,60,2,909.9,1
371293,8304,-0.61,51,1,947.1,1
371326,8305,-3.32,33,1,475.2,1
371369,8306,-2.22,43,2,521.6,1
371395,8307,-2.70,26,1,378.0,1
371423,8308,-3.78,28,1,422.4,1
371477,8309,1.48,54,3,941.1,1
371530,8310,0.51,53,2,858.8,1
371572,8311,-3.62,42,1,602.0,1
371629,8312,2.55,57,2,1092.3,1
371686,8313,1.89,57,3,953.1,1
371718,8314,-3.36,32,1,509.7,1
371750,8315,-2.78,32,1,462.4,1
371814,8316,0.82,64,2,1085.3,1
371880,8317,5.64,66,3,1135.2,1
371928,8318,0.32,48,2,853.2,1
371961,8319,-2.69,33,1,525.7,1
372019,8320,0.80,58,2,808.4,1
372043,8321,-4.73,24,1,253.9,1
372108,8322,0.31,65,3,947.2,1
372156,8323,0.26,48,2,707.8,1
372180,8324,-4.91,24,1,210.2,1
372218,8325,-3.26,38,1,478.0,1
372279,8326,4.10,61,4,1016.4,1
372331,8327,-0.98,52,1,907.2,1
372389,8328,1.60,58,2,867.8,1
372424,8329,-3.01,35,1,456.1,1
372468,8330,-0.92,44,2,786.7,1
372509,8331,-1.72,41,2,573.6,1
372545,8332,-5.63,36,0,524.0,1
372577,8333,-3.86,32,1,453.1,1
372609,8334,-3.15,32,1,522.3,1
372664,8335,-0.69,55,2,874.5,1
372717,8336,2.74,53,3,841.9,1
372774,8337,1.01,57,2,817.7,1
372814,8338,-3.06,40,2,580.3,1
372851,8339,-3.00,37,2,541.6,1
372876,8340,-4.39,25,1,245.8,1
372913,8341,-3.20,37,1,525.6,1
372951,8342,-3.12,38,1,481.9,1
373003,8343,0.16,52,2,891.5,1
373059,8344,3.01,56,2,925.9,1
373091,8345,-3.40,32,1,472.0,1
373141,8346,0.05,50,2,927.6,1
373197,8347,-0.75,56,2,940.9,1
373218,8348,-3.91,21,1,253.1,1
373269,8349,1.62,51,3,873.8,1
373328,8350,3.44,59,3,1017.0,1
373360,8351,-3.34,32,1,511.1,1
373426,8352,2.27,66,2,825.4,1
373479,8353,0.87,53,1,772.5,1
373529,8354,2.23,50,3,906.9,1
373582,8355,1.55,53,3,976.0,1
373618,8356,-3.18,36,1,450.5,1
373653,8357,-3.62,35,1,503.7,1
373717,8358,1.76,64,2,798.1,1
373771,8359,0.89,54,2,883.3,1
373821,8360,0.68,50,2,832.3,1
373875,8361,-0.55,54,2,934.0,1
373932,8362,2.70,57,3,917.9,1
373967,8363,-3.04,35,1,518.1,1
374022,8364,2.87,55,3,972.8,1
374050,8365,-4.28,28,1,479.6,1
374088,8366,-1.55,38,2,561.8,1
374154,8367,5.85,66,3,1106.9,1
374219,8368,4.68,65,3,1174.9,1
374273,8369,-0.05,54,2,835.1,1
374332,8370,1.87,59,3,835.2,1
374386,8371,-0.50,54,2,798.6,1
374433,8372,-0.35,47,2,905.9,1
374461,8373,-3.11,28,1,468.9,1
374516,8374,4.63,55,3,1034.4,1
374545,8375,-3.75,29,2,454.6,1
374593,8376,1.53,48,2,825.9,1
374657,8377,2.84,64,2,926.7,1
374696,8378,-2.89,39,1,612.4,1
374760,8379,0.64,64,3,939.6,1
374811,8380,2.27,51,3,886.1,1
374861,8381,-1.04,50,2,882.4,1
374917,8382,1.74,56,3,864.3,1
374976,8383,1.36,59,2,922.8,1
375032,8384,0.57,56,2,851.0,1
375097,8385,1.73,65,2,869.1,1
375130,8386,-2.80,33,1,483.7,1
375195,8387,1.71,65,2,887.2,1
375245,8388,1.75,50,2,920.3,1
375270,8389,-3.53,25,1,294.6,1
375311,8390,-0.47,41,2,618.4,1
375362,8391,-0.07,51,2,727.6,1
375408,8392,0.18,46,2,825.4,1
375458,8393,0.51,50,2,903.8,1
375510,8394,1.29,52,2,881.1,1
375570,8395,3.29,60,3,1033.8,1
375625,8396,2.38,55,3,1001.3,1
375670,8397,-0.20,45,2,729.4,1
375730,8398,1.29,60,2,991.0,1
375763,8399,-3.34,33,1,493.6,1
375810,8400,-1.83,47,1,778.1,1
375860,8401,1.24,50,2,954.6,1
375925,8402,2.67,65,3,948.3,1
375991,8403,3.90,66,3,1049.3,1
376043,8404,0.04,52,2,896.9,1
376088,8405,-0.97,45,2,651.2,1
376119,8406,-2.97,31,2,315.8,1
376185,8407,5.64,66,3,1231.5,1
376240,8408,-0.18,55,2,923.4,1
376302,8409,0.06,62,2,848.7,1
376357,8410,1.80,55,3,910.5,1
376383,8411,-4.90,26,1,475.7,1
376418,8412,-2.92,35,1,484.4,1
376443,8413,-4.73,25,1,332.4,1
376494,8414,1.75,51,3,919.4,1
376548,8415,1.12,54,2,904.4,1
376609,8416,2.96,61,3,938.8,1
376645,8417,-2.28,36,2,483.6,1
376707,8418,3.00,62,3,882.9,1
376738,8419,-4.04,31,0,412.8,1
376774,8420,-4.88,36,1,424.2,1
376809,8421,-2.99,35,1,481.4,1
376863,8422,1.98,54,3,915.0,1
376897,8423,-2.36,34,2,499.6,1
376931,8424,-3.06,34,1,467.1,1
376985,8425,0.86,54,2,933.6,1
377014,8426,-3.28,29,1,432.7,1
377077,8427,2.15,63,2,852.8,1
377133,8428,0.04,56,2,909.7,1
377160,8429,-4.35,27,1,492.9,1
377188,8430,-4.43,28,1,276.7,1
377239,8431,3.17,51,3,978.1,1
377290,8432,0.69,51,3,974.3,1
377351,8433,1.99,61,3,1002.5,1
377396,8434,0.04,45,2,868.5,1
377448,8435,0.10,52,2,854.7,1
377500,8436,-1.85,52,2,950.8,1
377527,8437,-4.93,27,1,224.9,1
377551,8438,-4.56,24,1,237.2,1
377606,8439,1.77,55,3,877.4,1
377628,8440,-3.46,22,1,335.5,1
377683,8441,3.05,55,3,1133.2,1
377738,8442,2.14,55,3,959.1,1
377792,8443,1.61,54,2,881.6,1
377846,8444,1.79,54,3,861.6,1
377895,8445,-0.36,49,3,898.3,1
377946,8446,1.72,51,3,797.2,1
377997,8447,1.27,51,3,956.9,1
378052,8448,1.72,55,2,904.4,1
378100,8449,0.62,48,2,978.6,1
378157,8450,2.69,57,3,890.6,1
378185,8451,-3.35,28,1,464.0,1
378251,8452,2.35,66,3,970.8,1
378286,8453,-3.99,35,1,375.0,1
378345,8454,1.16,59,2,832.3,1
378379,8455,-3.32,34,1,338.5,1
378444,8456,3.90,65,3,1001.9,1
378487,8457,-0.45,43,2,570.5,1
378539,8458,1.47,52,2,916.7,1
378594,8459,1.43,55,2,880.4,1
378635,8460,-1.06,41,2,560.7,1
378684,8461,1.03,49,2,934.8,1
378748,8462,1.45,64,3,962.0,1
378773,8463,-5.01,25,1,351.2,1
378806,8464,-4.53,33,1,453.6,1
378864,8465,3.13,58,3,957.1,1
378888,8466,-3.82,24,1,317.1,1
378952,8467,1.54,64,2,900.8,1
378989,8468,-0.73,37,2,631.5,1
379044,8469,0.48,55,2,920.3,1
379070,8470,-4.50,26,1,257.5,1
379129,8471,1.27,59,2,886.4,1
379199,8472,2.33,70,3,1056.4,1
379239,8473,-4.37,40,1,520.4,1
379274,8474,-3.46,35,1,656.0,1
379329,8475,1.28,55,2,866.3,1
379356,8476,-3.12,27,1,419.9,1
379407,8477,0.18,51,2,851.0,1
379465,8478,0.94,58,2,877.2,1
379517,8479,2.12,52,2,920.7,1
379577,8480,1.67,60,2,878.4,1
379614,8481,-2.98,37,2,563.9,1
379673,8482,1.41,59,3,919.8,1
379707,8483,-3.30,34,1,522.4,1
379741,8484,-0.58,34,2,487.8,1
379798,8485,0.87,57,2,907.2,1
379852,8486,1.35,54,3,804.1,1
379907,8487,-1.38,55,2,880.6,1
379936,8488,-3.48,29,1,490.4,1
379986,8489,-0.77,50,2,871.4,1
380009,8490,-4.10,23,1,203.8,1
380070,8491,-0.41,61,2,987.7,1
380134,8492,1.62,64,2,923.1,1
380166,8493,-3.65,32,1,434.2,1
380222,8494,2.03,56,3,847.3,1
380258,8495,-3.09,36,1,482.3,1
380296,8496,-3.35,38,1,486.9,1
380318,8497,-3.06,22,1,319.8,1
380342,8498,-3.90,24,1,467.7,1
380369,8499,-3.15,27,1,467.4,1
380417,8500,-0.89,48,2,884.7,1
380460,8501,-1.84,43,2,695.1,1
380521,8502,2.08,61,2,920.1,1
380549,8503,-3.34,28,1,327.7,1
380583,8504,-3.15,34,1,451.3,1
380603,8505,-4.39,20,1,230.6,1
380639,8506,-5.41,36,0,478.7,1
380663,8507,-5.39,24,1,192.4,1
380688,8508,-4.05,25,1,487.7,1
380743,8509,-0.03,55,2,734.3,1
380812,8510,27.46,69,3,1276.7,0
380844,8511,-3.17,32,1,471.5,1
380900,8512,0.56,56,2,715.5,1
380958,8513,1.08,58,3,860.4,1
380991,8514,-3.32,33,1,470.5,1
381042,8515,1.28,51,2,927.0,1
381087,8516,0.20,45,2,683.2,1
381138,8517,0.50,51,2,885.1,1
381174,8518,-3.96,36,1,484.3,1
381231,8519,1.43,57,2,922.0,1
381298,8520,-0.39,67,2,720.9,1
381329,8521,-4.63,31,1,327.8,1
381357,8522,-5.67,28,1,200.4,1
381409,8523,0.55,52,2,860.1,1
381477,8524,2.79,68,2,826.4,1
381512,8525,-3.62,35,1,540.6,1
381563,8526,2.68,51,3,956.0,1
381624,8527,1.09,61,2,974.4,1
381661,8528,-0.45,37,2,633.2,1
381698,8529,-2.33,37,2,314.1,1
381760,8530,2.50,62,3,995.7,1
381800,8531,0.75,40,2,636.6,1
381842,8532,1.08,42,3,790.0,1
381906,8533,2.63,64,3,905.4,1
381963,8534,1.81,57,2,875.8,1
381995,8535,-2.44,32,1,522.2,1
382040,8536,-2.50,45,1,512.3,1
382104,8537,0.04,64,2,829.6,1
382148,8538,-0.80,44,2,699.7,1
382171,8539,-4.45,23,1,264.2,1
382238,8540,4.36,67,3,1103.4,1
382274,8541,-3.86,36,1,479.5,1
382312,8542,-3.32,38,1,441.2,1
382370,8543,3.43,58,3,952.5,1
382389,8544,-4.52,19,1,225.1,1
382445,8545,0.05,56,2,822.9,1
382482,8546,-3.08,37,1,465.7,1
382510,8547,-4.23,28,1,480.6,1
382569,8548,1.94,59,3,920.6,1
382615,8549,-0.59,46,2,832.3,1
382669,8550,2.14,54,3,941.6,1
382724,8551,1.11,55,3,871.7,1
382780,8552,0.71,56,2,968.4,1
382812,8553,-2.73,32,1,469.4,1
382844,8554,-2.61,32,1,520.6,1
382892,8555,-2.50,48,1,671.8,1
382956,8556,0.97,64,3,1012.7,1
382982,8557,-3.73,26,1,365.8,1
383047,8558,0.57,65,2,689.0,1
383069,8559,-5.09,22,1,210.6,1
383102,8560,-3.76,33,1,428.0,1
383135,8561,-3.13,33,2,329.1,1
383185,8562,1.27,50,2,873.9,1
383249,8563,3.33,64,3,1062.6,1
383287,8564,-1.52,38,2,518.5,1
383334,8565,-0.82,47,2,686.4,1
383366,8566,-3.45,32,1,538.0,1
383406,8567,1.15,40,3,688.2,1
383464,8568,-0.35,58,2,845.9,1
383501,8569,-2.33,37,1,626.3,1
383528,8570,-3.42,27,1,400.8,1
383593,8571,3.73,65,3,1135.7,1
383639,8572,1.22,46,2,691.2,1
383671,8573,-3.12,32,1,472.5,1
383730,8574,3.19,59,2,860.2,1
383783,8575,0.60,53,2,836.6,1
383837,8576,1.05,54,3,949.0,1
383899,8577,0.34,62,2,1013.6,1
383967,8578,3.78,68,3,1103.3,1
383993,8579,-4.84,26,1,283.7,1
384065,8580,24.32,72,3,1277.3,0
384126,8581,2.56,61,2,1003.6,1
384178,8582,1.52,52,2,944.9,1
384230,8583,1.39,52,2,732.6,1
384261,8584,-2.53,31,2,526.7,1
384295,8585,-3.67,34,1,529.6,1
384335,8586,-2.22,40,1,642.4,1
384371,8587,-3.41,36,1,456.3,1
384437,8588,3.80,66,3,1071.7,1
384492,8589,1.63,55,2,926.8,1
384521,8590,-3.24,29,1,471.4,1
384574,8591,-0.30,53,2,906.3,1
384626,8592,1.12,52,2,859.7,1
384692,8593,3.62,66,3,947.1,1
384739,8594,-0.89,47,2,669.2,1
384794,8595,2.06,55,3,828.5,1
384828,8596,-4.03,34,1,533.8,1
384883,8597,2.47,55,3,932.8,1
384911,8598,-3.13,28,1,327.0,1
384982,8599,5.90,71,3,1097.3,1
385016,8600,-3.74,34,1,558.3,1
385066,8601,-0.31,50,2,801.0,1
385130,8602,3.10,64,3,968.5,1
385150,8603,-5.02,20,1,210.3,1
385192,8604,-2.35,42,2,672.1,1
385248,8605,2.51,56,3,974.8,1
385283,8606,-2.37,35,2,508.7,1
385339,8607,0.29,56,2,1037.3,1
385388,8608,0.27,49,2,808.0,1
385414,8609,-2.70,26,1,476.9,1
385473,8610,2.00,59,3,974.1,1
385511,8611,-1.47,38,2,589.5,1
385564,8612,0.68,53,2,879.8,1
385616,8613,0.11,52,3,909.1,1
385675,8614,-0.15,59,3,844.0,1
385695,8615,-4.72,20,1,225.8,1
385755,8616,0.66,60,2,853.5,1
385807,8617,2.67,52,3,984.1,1
385857,8618,-0.42,50,3,873.2,1
385891,8619,-3.17,34,1,495.2,1
385941,8620,-0.83,50,2,883.4,1
385997,8621,1.01,56,2,866.5,1
386019,8622,-4.60,22,1,251.2,1
386077,8623,1.76,58,2,891.8,1
386135,8624,-1.26,58,1,937.6,1
386199,8625,4.19,64,3,1021.1,1
386264,8626,3.21,65,3,1084.6,1
386329,8627,4.95,65,3,1124.9,1
386362,8628,-5.71,33,1,204.9,1
386429,8629,1.19,67,2,834.4,1
386484,8630,0.57,55,2,894.8,1
386542,8631,2.69,58,3,986.2,1
386566,8632,-4.43,24,1,220.9,1
386601,8633,-2.64,35,1,496.0,1
386655,8634,1.55,54,2,902.1,1
386706,8635,-1.62,51,2,840.4,1
386741,8636,-3.37,35,1,481.9,1
386791,8637,-0.72,50,2,934.2,1
386849,8638,0.93,58,3,901.4,1
386904,8639,-0.24,55,2,872.9,1
386969,8640,1.38,65,2,852.1,1
387006,8641,-2.67,37,1,581.9,1
387061,8642,1.44,55,2,899.5,1
387126,8643,5.04,65,3,1148.8,1
387175,8644,-0.12,49,2,846.4,1
387200,8645,-4.89,25,1,279.4,1
387251,8646,0.26,51,2,839.5,1
387306,8647,-0.76,55,2,811.7,1
387356,8648,1.40,50,3,856.3,1
387391,8649,-3.37,35,1,428.2,1
387453,8650,2.65,62,3,1059.2,1
387489,8651,-2.92,36,1,516.3,1
387550,8652,3.89,61,4,1030.7,1
387586,8653,-3.01,36,1,415.9,1
387624,8654,-3.18,38,1,535.3,1
387663,8655,-3.23,39,1,474.4,1
387699,8656,-2.32,36,1,704.5,1
387745,8657,0.99,46,2,786.7,1
387781,8658,-1.72,36,1,476.7,1
387836,8659,0.74,55,3,1078.8,1
387891,8660,-0.23,55,2,835.9,1
387944,8661,0.42,53,2,945.6,1
388005,8662,3.24,61,3,972.2,1
388068,8663,2.17,63,3,966.3,1
388101,8664,-5.18,33,0,428.7,1
388128,8665,-4.18,27,1,259.9,1
388179,8666,-1.77,51,2,758.6,1
388234,8667,2.95,55,3,914.5,1
388286,8668,-0.60,52,2,884.0,1
388309,8669,-4.85,23,1,211.7,1
388359,8670,-0.18,50,2,660.4,1
388416,8671,0.24,57,2,758.5,1
388477,8672,2.37,61,3,1004.0,1
388531,8673,1.79,54,3,1041.3,1
388581,8674,-0.44,50,2,924.0,1
388615,8675,-3.43,34,1,380.6,1
388664,8676,-0.00,49,2,890.2,1
388719,8677,1.59,55,3,850.8,1
388776,8678,-1.18,57,2,881.1,1
388839,8679,1.58,63,3,950.3,1
388901,8680,1.97,62,2,856.5,1
388926,8681,-4.87,25,1,226.2,1
388964,8682,-2.34,38,2,451.9,1
389014,8683,0.51,50,2,863.4,1
389050,8684,-3.17,36,1,466.4,1
389074,8685,-3.50,24,1,321.7,1
389129,8686,1.44,55,4,919.0,1
389180,8687,0.20,51,2,878.5,1
389239,8688,0.88,59,3,854.9,1
389305,8689,5.20,66,3,1015.5,1
389359,8690,0.06,54,2,845.1,1
389378,8691,-6.16,19,0,237.0,1
389403,8692,-3.89,25,1,327.4,1
389447,8693,-3.24,44,1,547.7,1
389487,8694,-1.71,40,2,754.5,1
389552,8695,1.78,65,3,940.0,1
389584,8696,-3.02,32,1,504.0,1
389621,8697,-0.83,37,2,541.6,1
389654,8698,-3.92,33,1,354.7,1
389706,8699,1.38,52,2,902.3,1
389732,8700,-3.87,26,1,399.6,1
389764,8701,-2.15,32,2,504.7,1
389824,8702,1.37,60,3,963.6,1
389856,8703,-3.16,32,1,485.3,1
389917,8704,1.04,61,2,850.8,1
389973,8705,0.51,56,2,844.5,1
390030,8706,2.78,57,3,987.8,1
390095,8707,4.34,65,3,1106.8,1
390140,8708,-0.54,45,2,699.5,1
390170,8709,-5.67,30,0,558.1,1
390202,8710,-3.01,32,1,520.7,1
390268,8711,6.91,66,3,1076.3,1
390301,8712,-3.23,33,1,474.6,1
390340,8713,-2.62,39,1,547.7,1
390378,8714,-3.62,38,2,451.7,1
390443,8715,2.74,65,3,992.7,1
390504,8716,2.20,61,3,850.6,1
390554,8717,-0.85,50,2,820.4,1
390610,8718,1.13,56,3,933.1,1
390666,8719,0.87,56,3,898.6,1
390730,8720,1.89,64,2,725.7,1
390762,8721,-4.10,32,1,480.5,1
390818,8722,0.57,56,2,874.7,1
390868,8723,1.83,50,2,654.3,1
390947,8724,6.10,79,3,1239.5,1
391001,8725,-0.23,54,2,868.3,1
391059,8726,2.22,58,3,908.6,1
391087,8727,-4.32,28,1,339.7,1
391142,8728,-1.42,55,2,811.7,1
391174,8729,-3.17,32,1,475.7,1
391239,8730,3.41,65,3,942.7,1
391296,8731,0.40,57,2,859.2,1
391362,8732,5.24,66,3,1122.0,1
391420,8733,1.32,58,2,873.5,1
391470,8734,1.99,50,2,884.0,1
391505,8735,-3.33,35,1,424.8,1
391535,8736,-3.29,30,1,380.8,1
391595,8737,3.87,60,3,1035.2,1
391613,8738,-5.47,18,1,167.8,1
391652,8739,-1.21,39,2,624.9,1
391714,8740,1.10,62,3,835.1,1
391775,8741,2.21,61,3,915.8,1
391798,8742,-3.19,23,1,376.8,1
391835,8743,-3.43,37,1,596.4,1
391895,8744,1.22,60,2,704.6,1
391915,8745,-3.74,20,1,269.4,1
391970,8746,2.22,55,3,925.6,1
392029,8747,2.50,59,3,967.0,1
392078,8748,0.18,49,2,782.7,1
392134,8749,-0.05,56,2,813.6,1
392199,8750,0.07,65,2,884.3,1
392238,8751,-1.18,39,2,622.3,1
392289,8752,0.38,51,3,942.6,1
392321,8753,-3.14,32,1,449.7,1
392367,8754,-0.07,46,2,689.4,1
392427,8755,-1.34,60,1,773.5,1
392462,8756,-1.99,35,2,458.2,1
392518,8757,1.07,56,3,844.3,1
392542,8758,-4.17,24,1,253.2,1
392576,8759,-2.89,34,2,490.1,1
392621,8760,-1.86,45,2,633.4,1
392654,8761,-2.74,33,1,459.3,1
392716,8762,5.11,62,3,1144.6,1
392750,8763,-2.98,34,2,268.9,1
392806,8764,1.48,56,2,841.7,1
392867,8765,3.10,61,3,949.1,1
392900,8766,-2.97,33,1,519.3,1
392936,8767,-3.12,36,1,443.4,1
392988,8768,0.06,52,2,795.6,1
393022,8769,-3.96,34,1,335.4,1
393084,8770,1.97,62,3,954.7,1
393139,8771,1.99,55,3,1012.5,1
393183,8772,0.93,44,2,782.7,1
393236,8773,1.64,53,2,910.4,1
393272,8774,-3.08,36,1,478.8,1
393314,8775,-2.41,42,2,589.0,1
393354,8776,-1.83,40,2,646.4,1
393411,8777,-0.44,57,2,914.5,1
393445,8778,-3.63,34,1,511.9,1
393499,8779,1.00,54,2,948.7,1
393556,8780,0.91,57,2,817.5,1
393592,8781,-4.19,36,2,285.7,1
393624,8782,-3.53,32,1,427.8,1
393683,8783,2.67,59,2,834.1,1
393745,8784,2.07,62,3,989.8,1
393800,8785,2.87,55,3,1023.3,1
393832,8786,-2.83,32,1,546.8,1
393887,8787,0.92,55,2,878.3,1
393939,8788,1.19,52,3,937.9,1
393971,8789,-4.39,32,1,481.1,1
393994,8790,-4.68,23,1,232.6,1
394058,8791,-0.64,64,2,972.8,1
394094,8792,-3.98,36,1,332.0,1
394150,8793,0.26,56,2,838.2,1
394215,8794,1.56,65,2,1035.2,1
394251,8795,-3.37,36,1,464.0,1
394284,8796,-3.49,33,1,447.9,1
394320,8797,-3.95,36,1,472.8,1
394357,8798,-2.62,37,1,505.1,1
394394,8799,-2.39,37,1,605.6,1
394462,8800,2.92,68,3,1083.3,1
394496,8801,-3.54,34,1,486.1,1
394549,8802,0.68,53,2,840.9,1
394596,8803,-0.42,47,2,662.3,1
394627,8804,-2.97,31,1,444.7,1
394660,8805,-4.02,33,1,478.7,1
394724,8806,2.38,64,3,1032.5,1
394777,8807,1.32,53,2,872.8,1
394826,8808,0.95,49,2,780.1,1
394869,8809,-1.18,43,2,739.5,1
394934,8810,1.54,65,2,901.6,1
394998,8811,0.55,64,2,872.6,1
395051,8812,1.71,53,2,841.9,1
395106,8813,-0.32,55,3,857.0,1
395160,8814,-0.43,54,2,872.6,1
395224,8815,3.83,64,3,1032.2,1
395290,8816,3.90,66,3,1065.3,1
395343,8817,0.77,53,2,824.4,1
395408,8818,2.42,65,3,974.1,1
395440,8819,-3.99,32,1,387.7,1
395493,8820,3.04,53,3,953.1,1
395566,8821,26.86,73,4,1279.5,0
395596,8822,-3.23,30,1,344.2,1
395651,8823,1.08,55,2,870.8,1
395683,8824,-3.15,32,1,465.9,1
395741,8825,0.88,58,2,898.5,1
395792,8826,1.31,51,2,930.1,1
395850,8827,1.32,58,2,922.0,1
395908,8828,1.84,58,3,935.1,1
395981,8829,1.46,73,2,795.1,1
396050,8830,3.81,69,3,1038.2,1
396103,8831,1.36,53,2,677.3,1
396143,8832,-0.76,40,2,642.6,1
396199,8833,1.17,56,2,845.4,1
396220,8834,-3.61,21,1,272.6,1
396277,8835,2.15,57,3,899.2,1
396301,8836,-5.43,24,0,459.9,1
396363,8837,2.66,62,3,870.4,1
396395,8838,-2.70,32,1,465.9,1
396449,8839,-0.47,54,2,852.4,1
396493,8840,0.14,44,2,799.1,1
396552,8841,-0.71,59,2,845.9,1
396621,8842,27.32,69,3,1282.4,0
396658,8843,-3.29,37,1,601.3,1
396693,8844,-2.70,35,1,585.7,1
396735,8845,-2.34,42,1,698.7,1
396768,8846,-2.79,33,1,433.0,1
396801,8847,-3.09,33,1,429.7,1
396862,8848,1.27,61,3,888.0,1
396912,8849,0.83,50,3,926.6,1
396957,8850,-0.81,45,2,732.9,1
397009,8851,-0.17,52,2,694.2,1
397044,8852,-2.87,35,1,494.9,1
397108,8853,3.32,64,3,972.1,1
397129,8854,-6.41,21,0,235.7,1
397191,8855,1.51,62,2,1060.0,1
397261,8856,6.43,70,4,1124.0,1
397285,8857,-6.08,24,0,284.5,1
397336,8858,0.66,51,2,723.2,1
397375,8859,-4.39,39,1,482.6,1
397399,8860,-5.96,24,1,155.8,1
397464,8861,4.10,65,3,909.2,1
397523,8862,3.32,59,2,889.1,1
397575,8863,-0.36,52,2,937.8,1
397627,8864,1.71,52,3,913.8,1
397691,8865,3.21,64,3,921.4,1
397756,8866,3.26,65,3,1018.3,1
397777,8867,-4.60,21,1,235.0,1
397826,8868,-0.13,49,2,722.5,1
397888,8869,3.45,62,3,874.9,1
397960,8870,3.46,72,3,910.4,1
397991,8871,-3.34,31,1,307.9,1
398045,8872,1.12,54,3,935.6,1
398070,8873,-5.19,25,1,167.3,1
398123,8874,2.38,53,3,895.1,1
398157,8875,-3.66,34,1,337.4,1
398207,8876,1.49,50,3,881.5,1
398256,8877,1.16,49,3,951.9,1
398314,8878,0.97,58,2,922.2,1
398375,8879,1.71,61,2,825.8,1
398433,8880,0.96,58,2,928.3,1
398469,8881,-2.07,36,2,528.6,1
398524,8882,2.39,55,3,938.7,1
398554,8883,-3.26,30,1,489.3,1
398624,8884,4.67,70,3,953.4,1
398674,8885,-1.66,50,2,704.5,1
398704,8886,-5.79,30,0,455.5,1
398765,8887,2.63,61,3,1048.6,1
398825,8888,2.02,60,3,930.8,1
398861,8889,-2.73,36,1,470.3,1
398886,8890,-3.92,25,1,263.9,1
398916,8891,-5.46,30,0,488.3,1
398986,8892,0.89,70,2,756.0,1
399041,8893,2.18,55,3,988.3,1
399079,8894,-2.44,38,1,437.2,1
399110,8895,-3.31,31,1,480.1,1
399163,8896,-0.00,53,2,884.5,1
399218,8897,0.67,55,2,795.5,1
399284,8898,2.58,66,3,1053.8,1
399318,8899,-2.04,34,2,358.2,1
399366,8900,-0.96,48,2,891.2,1
399423,8901,1.18,57,2,883.2,1
399450,8902,-3.83,27,1,468.6,1
399652,8903,28.41,202,5,1280.4,0
399689,8904,-2.33,37,1,477.0,1
399727,8905,-3.42,38,1,473.2,1
399762,8906,-2.87,35,1,477.8,1
399827,8907,3.86,65,3,867.6,1
399881,8908,-0.63,54,2,943.1,1
399924,8909,-0.70,43,2,795.7,1
399961,8910,-2.29,37,2,535.5,1
400009,8911,1.19,48,2,938.4,1
400079,8912,24.86,70,3,1276.7,0
400145,8913,3.47,66,3,1097.0,1
400174,8914,-3.13,29,2,436.6,1
400203,8915,-5.59,29,0,398.1,1
400267,8916,4.28,64,3,1035.0,1
400325,8917,2.29,58,3,865.9,1
400381,8918,1.08,56,2,800.6,1
400438,8919,1.68,57,3,1045.6,1
400457,8920,-5.29,19,1,249.3,1
400515,8921,0.79,58,2,934.9,1
400580,8922,-0.81,65,1,902.0,1
400611,8923,-3.74,31,1,497.9,1
400670,8924,3.46,59,3,806.4,1
400720,8925,-0.92,50,2,854.3,1
400756,8926,-3.76,36,1,488.6,1
400811,8927,1.33,55,2,918.5,1
400864,8928,0.51,53,2,841.9,1
400896,8929,-3.08,32,1,493.1,1
400952,8930,-0.17,56,2,923.3,1
400996,8931,-1.78,44,2,600.6,1
401060,8932,2.75,64,3,940.5,1
401093,8933,-1.49,33,2,528.0,1
401128,8934,-3.17,35,1,612.9,1
401201,8935,4.93,73,3,957.2,1
401222,8936,-5.40,21,1,198.0,1
401283,8937,1.04,61,2,881.4,1
401318,8938,-2.55,35,1,436.8,1
401366,8939,-0.92,48,2,728.0,1
401386,8940,-5.84,20,1,168.9,1
401446,8941,-0.95,60,3,1142.4,1
401508,8942,2.15,62,2,771.4,1
401559,8943,0.81,51,2,880.5,1
401594,8944,-1.64,35,2,605.4,1
401627,8945,-2.91,33,1,481.5,1
401687,8946,0.81,60,2,798.4,1
401762,8947,5.75,75,4,1113.4,1
401826,8948,1.40,64,2,955.2,1
401858,8949,-3.56,32,1,492.3,1
401915,8950,3.79,57,3,903.6,1
401986,8951,3.01,71,3,900.7,1
402046,8952,1.66,60,3,1000.9,1
402096,8953,-2.24,50,1,654.8,1
402155,8954,1.93,59,2,876.6,1
402205,8955,1.75,50,2,955.6,1
402255,8956,0.14,50,2,819.5,1
402306,8957,2.15,51,2,864.5,1
402339,8958,-4.21,33,1,469.6,1
402390,8959,0.51,51,2,912.5,1
402449,8960,1.05,59,2,970.5,1
402508,8961,-0.02,59,2,825.1,1
402561,8962,0.44,53,2,853.1,1
402618,8963,1.53,57,2,1068.3,1
402682,8964,1.05,64,2,890.0,1
402716,8965,-1.28,34,2,440.7,1
402756,8966,-2.77,40,2,503.8,1
402800,8967,-0.78,44,2,840.4,1
402822,8968,-4.91,22,0,448.4,1
402888,8969,5.09,66,3,1018.9,1
402936,8970,-1.39,48,2,923.2,1
402979,8971,-3.72,43,1,634.1,1
403000,8972,-4.57,21,1,283.9,1
403044,8973,-1.42,44,2,629.7,1
403096,8974,-0.14,52,2,857.2,1
403142,8975,0.93,46,2,739.4,1
403193,8976,-0.99,51,2,812.6,1
403246,8977,-0.96,53,2,844.2,1
403303,8978,1.51,57,2,887.3,1
403335,8979,-2.17,32,2,517.1,1
403374,8980,-0.78,39,2,750.0,1
403406,8981,-2.88,32,1,465.7,1
403464,8982,0.94,58,2,839.1,1
403492,8983,-3.30,28,1,418.2,1
403552,8984,0.88,60,2,807.8,1
403607,8985,0.60,55,2,835.5,1
403651,8986,0.61,44,3,881.7,1
403684,8987,-2.75,33,1,488.4,1
403742,8988,0.45,58,2,904.0,1
403780,8989,-2.74,38,2,516.4,1
403819,8990,-2.96,39,1,496.7,1
403874,8991,0.76,55,2,830.1,1
403926,8992,-1.64,52,2,720.0,1
403992,8993,5.32,66,3,1102.8,1
404026,8994,-3.52,34,1,390.7,1
404059,8995,-3.11,33,1,429.3,1
404110,8996,0.18,51,2,736.0,1
404168,8997,-0.00,58,2,883.7,1
404230,8998,2.39,62,3,854.0,1
404300,8999,0.20,70,2,762.7,1
404351,9000,1.00,51,2,902.1,1
404403,9001,0.09,52,2,758.6,1
404429,9002,-2.70,26,2,386.1,1
404487,9003,3.86,58,3,1043.1,1
404552,9004,3.06,65,3,911.6,1
404608,9005,3.65,56,3,964.2,1
404647,9006,-3.00,39,1,503.7,1
404728,9007,25.00,81,3,1280.2,0
404787,9008,1.65,59,3,863.2,1
404846,9009,0.87,59,2,811.3,1
404882,9010,-3.24,36,1,465.3,1
404947,9011,2.57,65,3,870.6,1
405006,9012,1.22,59,2,875.4,1
405043,9013,-3.56,37,1,530.2,1
405070,9014,-3.76,27,1,280.3,1
405103,9015,-3.30,33,1,455.6,1
405141,9016,-2.64,38,2,546.1,1
405215,9017,6.54,74,4,1176.2,1
405271,9018,0.45,56,2,808.9,1
405329,9019,2.16,58,3,791.2,1
405394,9020,3.48,65,3,1023.9,1
405430,9021,-3.44,36,1,478.6,1
405454,9022,-3.49,24,1,354.9,1
405500,9023,0.14,46,2,684.3,1
405547,9024,-0.00,47,2,867.9,1
405604,9025,1.28,57,2,759.1,1
405634,9026,-3.56,30,1,395.7,1
405692,9027,1.53,58,3,929.4,1
405746,9028,-0.62,54,2,900.2,1
405776,9029,-2.94,30,1,365.9,1
405812,9030,-4.00,36,1,478.8,1
405859,9031,-1.08,47,2,684.7,1
405899,9032,-3.92,40,1,586.8,1
405935,9033,-3.44,36,1,575.1,1
405964,9034,-3.57,29,1,341.7,1
406013,9035,0.96,49,2,856.7,1
406072,9036,-0.38,59,2,818.3,1
406127,9037,-0.78,55,2,1038.6,1
406163,9038,-3.31,36,1,436.1,1
406243,9039,3.31,80,2,973.9,1
406284,9040,-2.38,41,1,579.9,1
406343,9041,1.50,59,2,991.1,1
406376,9042,-3.28,33,1,463.5,1
406402,9043,-3.45,26,1,377.4,1
406449,9044,1.00,47,2,774.2,1
406484,9045,-3.57,35,1,507.5,1
406517,9046,-2.98,33,2,610.9,1
406553,9047,-2.61,36,1,461.3,1
406585,9048,-2.89,32,1,468.3,1
406617,9049,-2.80,32,1,471.8,1
406683,9050,4.89,66,3,1059.6,1
406777,9051,-5.03,94,3,833.5,1
406830,9052,1.10,53,2,905.3,1
406890,9053,2.14,60,3,939.1,1
406943,9054,1.56,53,2,832.7,1
406978,9055,-2.90,35,1,449.3,1
407032,9056,0.95,54,2,888.1,1
407053,9057,-4.63,21,1,210.1,1
407085,9058,-2.51,32,1,473.3,1
407148,9059,3.30,63,3,1046.4,1
407196,9060,0.58,48,2,833.1,1
407258,9061,3.37,62,2,919.8,1
407293,9062,-2.87,35,1,492.5,1
407340,9063,-1.01,47,2,608.8,1
407392,9064,0.68,52,2,845.0,1
407471,9065,2.92,79,3,947.5,1
407524,9066,-0.12,53,2,919.6,1
407588,9067,3.07,64,3,1037.2,1
407622,9068,-3.13,34,1,537.9,1
407677,9069,0.34,55,2,857.8,1
407740,9070,4.21,63,3,1058.5,1
407759,9071,-5.16,19,1,248.5,1
407811,9072,-0.78,52,2,945.6,1
407873,9073,-0.31,62,2,886.0,1
407926,9074,0.87,53,3,994.8,1
407945,9075,-4.29,19,1,257.9,1
407977,9076,-3.68,32,1,467.4,1
408044,9077,1.81,67,2,742.9,1
408101,9078,1.84,57,3,931.5,1
408162,9079,1.11,61,2,1031.9,1
408183,9080,-5.77,21,1,167.6,1
408208,9081,-4.97,25,1,170.8,1
408242,9082,-5.51,34,1,237.0,1
408294,9083,-0.07,52,2,927.3,1
408353,9084,0.47,59,2,866.6,1
408410,9085,1.30,57,2,890.9,1
408441,9086,-5.51,31,1,123.1,1
408496,9087,0.03,55,3,846.7,1
408531,9088,-3.59,35,1,351.8,1
408580,9089,0.71,49,2,894.7,1
408617,9090,-4.08,37,1,605.1,1
408671,9091,-2.83,54,1,987.3,1
408736,9092,0.35,65,2,1080.0,1
408818,9093,26.26,82,4,1278.9,0
408870,9094,-0.13,52,2,917.9,1
408942,9095,-0.30,72,2,813.1,1
408995,9096,-1.91,53,2,791.4,1
409022,9097,-5.21,27,1,208.0,1
409073,9098,-0.13,51,2,900.4,1
409124,9099,2.75,51,3,969.4,1
409158,9100,-2.94,34,2,357.0,1
409198,9101,-2.22,40,2,734.9,1
409249,9102,-1.07,51,2,925.6,1
409301,9103,2.31,52,3,731.5,1
409339,9104,-4.49,38,1,443.0,1
409378,9105,-1.87,39,2,554.2,1
409428,9106,0.86,50,3,886.0,1
409462,9107,-2.95,34,2,483.3,1
409536,9108,27.81,74,4,1281.4,0
409566,9109,-3.53,30,1,341.7,1
409628,9110,2.49,62,3,940.1,1
409684,9111,-0.53,56,2,841.9,1
409742,9112,1.11,58,3,906.6,1
409803,9113,2.85,61,3,1014.1,1
409830,9114,-3.39,27,1,483.8,1
409896,9115,3.05,66,3,1066.6,1
409939,9116,-0.84,43,2,649.5,1
410001,9117,1.55,62,2,1023.5,1
410060,9118,0.24,59,3,937.0,1
410100,9119,1.05,40,2,723.7,1
410128,9120,-3.96,28,1,438.1,1
410182,9121,-0.61,54,2,926.4,1
410239,9122,0.56,57,2,858.0,1
410272,9123,-4.09,33,1,438.0,1
410334,9124,3.38,62,3,1044.2,1
410363,9125,-2.26,29,2,449.6,1
410421,9126,0.59,58,2,1028.7,1
410479,9127,1.49,58,3,981.3,1
410528,9128,-0.87,49,2,881.1,1
410589,9129,2.93,61,3,1052.1,1
410623,9130,-3.73,34,1,452.0,1
410685,9131,2.12,62,2,845.2,1
410741,9132,0.89,56,2,894.2,1
410784,9133,0.37,43,2,674.6,1
410834,9134,0.17,50,2,911.4,1
410873,9135,-1.82,39,2,622.3,1
410939,9136,4.74,66,3,1124.8,1
410994,9137,1.27,55,3,912.6,1
411053,9138,2.04,59,2,739.9,1
411108,9139,1.57,55,2,882.2,1
411164,9140,-0.04,56,2,893.5,1
411201,9141,-2.14,37,2,645.0,1
411245,9142,1.48,44,2,608.8,1
411297,9143,0.48,52,2,873.9,1
411359,9144,1.63,62,2,1023.0,1
411395,9145,-2.40,36,2,484.7,1
411447,9146,0.05,52,2,829.0,1
411489,9147,-0.80,42,2,661.4,1
411529,9148,-0.94,40,2,591.1,1
411554,9149,-4.36,25,1,302.7,1
411617,9150,1.41,63,2,818.2,1
411674,9151,-0.25,57,2,800.7,1
411727,9152,-2.32,53,1,869.8,1
411786,9153,2.49,59,3,831.9,1
411810,9154,-5.90,24,1,169.5,1
411865,9155,1.14,55,2,861.0,1
411929,9156,-0.12,64,2,998.4,1
411983,9157,-1.06,54,2,867.0,1
412009,9158,-4.05,26,1,282.8,1
412075,9159,1.34,66,2,833.3,1
412130,9160,-0.87,55,2,797.5,1
412164,9161,-3.61,34,1,333.0,1
412226,9162,3.86,62,3,986.5,1
412262,9163,-3.39,36,1,461.4,1
412319,9164,3.58,57,3,942.9,1
412363,9165,-2.78,44,1,488.3,1
412428,9166,3.57,65,3,863.6,1
412489,9167,-1.14,61,2,1003.9,1
412548,9168,2.37,59,2,840.9,1
412598,9169,0.66,50,2,662.6,1
412666,9170,3.33,68,3,809.1,1
412700,9171,-2.08,34,2,508.7,1
412756,9172,1.22,56,2,922.6,1
412832,9173,2.67,76,2,926.2,1
412893,9174,1.83,61,2,892.1,1
412964,9175,5.78,71,3,1091.5,1
412996,9176,-2.31,32,2,447.7,1
413037,9177,-2.78,41,1,499.3,1
413087,9178,1.29,50,2,801.0,1
413118,9179,-4.75,31,1,260.0,1
413174,9180,0.96,56,2,867.2,1
413197,9181,-3.72,23,1,258.3,1
413252,9182,-0.79,55,2,897.5,1
413286,9183,-3.33,34,2,274.4,1
413347,9184,1.32,61,3,885.6,1
413402,9185,2.57,55,3,1022.0,1
413447,9186,-0.33,45,2,489.6,1
413481,9187,-3.98,34,1,336.7,1
413508,9188,-3.65,27,1,352.4,1
413539,9189,-3.09,31,2,332.3,1
413571,9190,-4.17,32,1,476.0,1
413624,9191,0.87,53,2,797.1,1
413675,9192,-0.86,51,2,798.9,1
413709,9193,-4.37,34,1,337.5,1
413735,9194,-3.42,26,1,302.9,1
413805,9195,0.78,70,2,798.2,1
413870,9196,5.03,65,3,829.0,1
413889,9197,-4.65,19,1,203.7,1
413916,9198,-3.32,27,1,353.3,1
413973,9199,1.75,57,2,927.3,1
414031,9200,1.26,58,2,945.3,1
414089,9201,1.71,58,3,789.7,1
414110,9202,-4.67,21,1,164.3,1
414144,9203,-3.89,34,1,340.1,1
414184,9204,-1.95,40,2,584.8,1
414249,9205,2.69,65,3,901.7,1
414310,9206,2.97,61,2,868.3,1
414365,9207,-0.01,55,2,844.1,1
414422,9208,1.59,57,2,957.7,1
414483,9209,0.65,61,2,947.6,1
414501,9210,-4.74,18,1,201.8,1
414566,9211,5.01,65,3,1101.0,1
414626,9212,0.64,60,2,839.8,1
414672,9213,-1.19,46,2,736.0,1
414743,9214,3.44,71,3,813.4,1
414789,9215,-0.50,46,2,669.5,1
414845,9216,1.48,56,3,863.8,1
414868,9217,-3.72,23,1,305.6,1
414900,9218,-3.21,32,1,491.3,1
414943,9219,0.27,43,2,689.2,1
415009,9220,5.15,66,3,1003.0,1
415038,9221,-4.74,29,1,238.1,1
415096,9222,-0.22,58,2,705.0,1
415138,9223,-0.72,42,2,639.2,1
415209,9224,3.40,71,3,1076.0,1
415268,9225,-0.68,59,2,657.3,1
415317,9226,0.19,49,2,827.6,1
415350,9227,-2.80,33,1,475.5,1
415408,9228,2.64,58,3,958.9,1
415471,9229,0.80,63,3,931.6,1
415499,9230,-5.51,28,1,189.3,1
415555,9231,1.48,56,2,823.7,1
415593,9232,-3.68,38,1,484.9,1
415657,9233,2.96,64,3,1023.2,1
415710,9234,0.14,53,2,840.8,1
415770,9235,1.14,60,3,972.1,1
415825,9236,0.74,55,2,789.9,1
415889,9237,1.87,64,2,869.5,1
415923,9238,-3.33,34,1,503.0,1
415956,9239,-1.81,33,2,553.0,1
415990,9240,-3.86,34,1,326.4,1
416025,9241,-3.45,35,1,496.2,1
416103,9242,4.53,78,3,1191.2,1
416169,9243,6.24,66,3,1084.0,1
416234,9244,2.17,65,3,974.1,1
416299,9245,0.95,65,2,856.0,1
416333,9246,-4.11,34,1,299.1,1
416369,9247,-5.26,36,1,157.1,1
416403,9248,-3.17,34,1,453.8,1
416426,9249,-4.06,23,1,231.5,1
416510,9250,3.09,84,3,1022.4,1
416557,9251,-1.08,47,2,702.1,1
416590,9252,-2.89,33,1,480.9,1
416619,9253,-3.40,29,1,280.1,1
416646,9254,-3.15,27,1,364.1,1
416671,9255,-5.91,25,1,177.7,1
416737,9256,-0.23,66,2,1002.5,1
416761,9257,-4.06,24,1,268.7,1
416827,9258,4.99,66,3,1027.1,1
416893,9259,1.92,66,2,833.9,1
416951,9260,0.36,58,2,847.0,1
416973,9261,-4.52,22,1,258.2,1
417033,9262,1.08,60,3,933.9,1
417097,9263,0.48,64,2,824.9,1
417131,9264,-2.88,34,2,287.0,1
417192,9265,0.56,61,2,889.8,1
417238,9266,-0.48,46,2,683.5,1
417275,9267,-3.17,37,2,522.8,1
417324,9268,0.10,49,2,860.7,1
417361,9269,-3.34,37,1,521.5,1
417420,9270,0.77,59,2,825.8,1
417458,9271,-3.69,38,1,471.2,1
417494,9272,-3.57,36,1,476.5,1
417515,9273,-5.07,21,1,214.9,1
417544,9274,-3.94,29,1,341.0,1
417589,9275,-1.23,45,2,605.9,1
417625,9276,-3.19,36,1,482.6,1
417660,9277,-3.08,35,1,501.3,1
417693,9278,-5.19,33,0,479.5,1
417758,9279,1.97,65,2,931.0,1
417822,9280,1.11,64,2,918.0,1
417890,9281,1.45,68,2,876.7,1
417951,9282,0.96,61,2,891.2,1
417983,9283,-1.97,32,2,467.2,1
418045,9284,0.33,62,2,735.7,1
418079,9285,-3.88,34,1,330.7,1
418143,9286,0.08,64,2,945.1,1
418203,9287,4.12,60,4,993.7,1
418237,9288,-4.21,34,1,327.0,1
418275,9289,-2.82,38,1,496.5,1
418340,9290,2.02,65,2,1005.7,1
418392,9291,-0.57,52,3,871.8,1
418453,9292,2.53,61,3,1017.1,1
418503,9293,0.29,50,2,844.8,1
418564,9294,4.05,61,3,809.2,1
418625,9295,0.92,61,2,803.4,1
418684,9296,1.41,59,2,814.7,1
418744,9297,-0.43,60,2,962.2,1
418816,9298,3.74,72,3,1045.5,1
418881,9299,1.53,65,2,974.7,1
418921,9300,-2.08,40,1,486.3,1
418980,9301,2.54,59,3,815.1,1
419013,9302,-2.96,33,2,424.5,1
419087,9303,3.39,74,3,985.2,1
419146,9304,0.54,59,2,928.4,1
419183,9305,-0.28,37,2,613.3,1
419216,9306,-1.23,33,2,410.2,1
419281,9307,3.69,65,3,1092.2,1
419314,9308,-2.70,33,1,444.8,1
419396,9309,5.84,82,3,1015.9,1
419452,9310,0.18,56,2,777.1,1
419484,9311,-4.93,32,0,461.5,1
419537,9312,0.21,53,2,684.2,1
419578,9313,-1.85,41,2,528.3,1
419637,9314,0.04,59,2,790.6,1
419679,9315,-1.07,42,2,474.4,1
419741,9316,0.33,62,2,783.2,1
419803,9317,0.74,62,2,828.4,1
419864,9318,3.14,61,3,1021.0,1
419912,9319,-1.34,48,2,542.4,1
419942,9320,-2.78,30,1,426.2,1
420126,9321,2.71,184,4,915.8,1
420183,9322,-0.32,57,2,929.5,1
420210,9323,-3.54,27,1,261.3,1
420272,9324,2.08,62,2,1023.7,1
420337,9325,1.77,65,2,910.7,1
420405,9326,3.88,68,3,1050.8,1
420477,9327,7.00,72,3,1266.1,1
420513,9328,-4.47,36,1,343.6,1
420574,9329,2.62,61,3,1018.0,1
420634,9330,-1.64,60,2,663.6,1
420680,9331,-1.44,46,2,625.3,1
420744,9332,-1.27,64,2,845.9,1
420808,9333,4.51,64,3,940.4,1
420851,9334,-4.30,43,1,336.3,1
420918,9335,4.27,67,3,959.3,1
420973,9336,1.50,55,2,865.7,1
421010,9337,-2.64,37,2,531.8,1
421065,9338,2.14,55,3,892.0,1
421124,9339,0.41,59,2,941.2,1
421158,9340,-3.23,34,1,567.1,1
421216,9341,0.62,58,2,815.4,1
421269,9342,-0.20,53,2,844.5,1
421326,9343,0.98,57,2,998.3,1
421392,9344,3.72,66,3,1012.9,1
421430,9345,-2.10,38,1,571.8,1
421480,9346,-0.74,50,2,914.1,1
421522,9347,-3.77,42,1,519.4,1
421568,9348,-2.30,46,1,663.7,1
421601,9349,-3.86,33,1,376.7,1
421659,9350,-0.23,58,2,873.9,1
421720,9351,-0.00,61,2,808.4,1
421753,9352,-5.92,33,1,159.0,1
421796,9353,-1.61,43,1,798.8,1
421854,9354,0.70,58,2,900.9,1
421923,9355,1.42,69,2,985.4,1
421955,9356,-2.03,32,2,449.8,1
422011,9357,0.99,56,2,962.5,1
422060,9358,1.29,49,2,796.9,1
422096,9359,-3.18,36,1,453.1,1
422124,9360,-3.15,28,2,327.0,1
422180,9361,1.31,56,3,783.1,1
422214,9362,-3.29,34,1,333.4,1
422278,9363,0.71,64,2,992.6,1
422340,9364,1.29,62,3,916.5,1
422397,9365,0.55,57,2,866.6,1
422456,9366,1.13,59,3,865.5,1
422475,9367,-4.62,19,1,199.3,1
422544,9368,2.15,69,3,956.1,1
422578,9369,-4.06,34,1,315.4,1
422603,9370,-5.67,25,1,123.2,1
422668,9371,4.00,65,3,1094.7,1
422723,9372,1.14,55,2,889.2,1
422774,9373,1.37,51,2,888.0,1
422809,9374,-3.72,35,1,444.5,1
422855,9375,-4.11,46,1,515.7,1
422921,9376,1.75,66,2,978.4,1
422988,9377,2.47,67,2,840.9,1
423049,9378,2.55,61,3,1005.3,1
423086,9379,-3.54,37,1,499.7,1
423153,9380,-0.37,67,2,778.6,1
423182,9381,-3.53,29,1,433.7,1
423231,9382,-1.67,49,2,888.5,1
423265,9383,-2.75,34,1,426.5,1
423308,9384,-0.73,43,2,755.0,1
423373,9385,0.63,65,2,873.5,1
423406,9386,-1.50,33,2,549.3,1
423471,9387,3.47,65,4,960.5,1
423562,9388,3.42,91,3,1219.5,1
423615,9389,0.74,53,2,795.1,1
423670,9390,0.57,55,2,837.8,1
423704,9391,-4.67,34,1,295.8,1
423770,9392,3.71,66,3,1047.9,1
423855,9393,0.56,85,2,992.4,1
423916,9394,0.95,61,3,969.8,1
423962,9395,-3.90,46,1,598.4,1
423994,9396,-3.09,32,1,461.4,1
424039,9397,-0.90,45,2,587.8,1
424073,9398,-3.75,34,1,325.9,1
424107,9399,-3.52,34,1,506.2,1
424148,9400,-3.37,41,1,470.0,1
424186,9401,-3.14,38,1,466.7,1
424249,9402,1.48,63,2,808.6,1
424283,9403,-4.25,34,1,297.2,1
424317,9404,-4.66,34,1,259.0,1
424382,9405,4.86,65,3,947.9,1
424412,9406,-3.92,30,1,464.5,1
424445,9407,-4.25,33,1,446.0,1
424473,9408,-3.92,28,1,441.5,1
424543,9409,1.84,70,2,767.8,1
424608,9410,2.89,65,2,1072.1,1
424642,9411,-3.60,34,1,453.0,1
424703,9412,1.03,61,2,877.5,1
424739,9413,-3.41,36,1,469.7,1
424798,9414,-0.02,59,3,862.9,1
424854,9415,0.19,56,2,606.4,1
424893,9416,-3.08,39,1,507.9,1
424927,9417,-3.61,34,2,274.6,1
425001,9418,24.61,74,3,1281.9,0
425028,9419,-2.93,27,1,436.4,1
425085,9420,-0.27,57,2,793.1,1
425152,9421,5.45,67,3,1000.6,1
425209,9422,1.47,57,2,989.0,1
425274,9423,2.30,65,2,811.9,1
425317,9424,-3.17,43,1,455.4,1
425373,9425,-0.31,56,2,843.2,1
425448,9426,2.63,75,4,922.5,1
425468,9427,-3.98,20,1,268.8,1
425522,9428,2.61,54,3,870.3,1
425585,9429,0.57,63,2,842.8,1
425644,9430,3.37,59,3,897.9,1
425681,9431,-3.17,37,1,456.6,1
425727,9432,-2.37,46,1,678.1,1
425764,9433,-2.45,37,1,472.5,1
425794,9434,-2.44,30,2,396.1,1
425840,9435,-3.25,46,1,632.2,1
425875,9436,-2.71,35,1,402.7,1
425934,9437,1.68,59,3,858.8,1
425991,9438,0.51,57,2,915.8,1
426030,9439,-2.28,39,2,534.5,1
426078,9440,-1.18,48,2,607.5,1
426104,9441,-4.23,26,1,287.7,1
426166,9442,0.79,62,2,848.2,1
426207,9443,-1.68,41,2,507.8,1
426244,9444,-4.52,37,1,592.1,1
426309,9445,1.42,65,2,1127.2,1
426343,9446,-3.12,34,1,534.7,1
426406,9447,0.66,63,2,1002.3,1
426515,9448,-0.53,109,4,1084.8,1
426546,9449,-3.42,31,1,319.8,1
426611,9450,3.09,65,3,928.4,1
426660,9451,-2.81,49,2,729.5,1
426716,9452,0.86,56,2,807.3,1
426761,9453,-1.05,45,2,607.3,1
426822,9454,-0.34,61,2,1009.4,1
426874,9455,0.22,52,2,883.5,1
426938,9456,3.16,64,3,967.1,1
427001,9457,1.79,63,3,937.2,1
427053,9458,1.60,52,3,946.0,1
427110,9459,0.78,57,2,840.9,1
427143,9460,-3.52,33,1,476.8,1
427204,9461,0.52,61,2,830.2,1
427239,9462,-2.42,35,2,452.6,1
427275,9463,-3.35,36,1,469.3,1
427312,9464,-3.28,37,1,524.2,1
427348,9465,-4.02,36,1,430.9,1
427387,9466,-3.24,39,1,449.8,1
427450,9467,0.60,63,2,810.5,1
427480,9468,-5.18,30,0,452.3,1
427532,9469,0.65,52,2,893.9,1
427564,9470,-3.25,32,1,434.7,1
427598,9471,-4.03,34,1,253.3,1
427651,9472,-0.96,53,2,938.0,1
427714,9473,1.05,63,3,817.5,1
427747,9474,-2.73,33,1,471.6,1
427809,9475,-0.09,62,2,879.0,1
427870,9476,0.92,61,3,831.9,1
427918,9477,-0.86,48,2,613.7,1
427977,9478,0.91,59,2,902.3,1
428011,9479,-3.54,34,1,342.4,1
428081,9480,3.18,70,4,1020.0,1
428147,9481,1.90,66,2,810.4,1
428216,9482,0.04,69,3,897.4,1
428279,9483,-0.83,63,2,658.2,1
428347,9484,2.54,68,4,920.5,1
428398,9485,-0.19,51,2,920.3,1
428435,9486,-2.01,37,2,556.6,1
428507,9487,1.21,72,3,886.6,1
428576,9488,0.48,69,3,798.3,1
428634,9489,-0.75,58,2,882.1,1
428660,9490,-5.87,26,1,171.1,1
428722,9491,-0.74,62,2,785.9,1
428788,9492,1.56,66,2,879.8,1
428826,9493,-3.05,38,2,395.6,1
428888,9494,2.56,62,2,942.9,1
428946,9495,-0.12,58,2,764.8,1
428964,9496,-5.63,18,1,128.8,1
428997,9497,-3.05,33,1,478.1,1
429059,9498,0.95,62,2,824.7,1
429081,9499,-4.24,22,1,214.7,1
429137,9500,1.85,56,3,821.4,1
429202,9501,3.55,65,3,1008.8,1
429265,9502,2.72,63,3,874.4,1
429315,9503,-1.76,50,2,662.8,1
429379,9504,-3.92,64,2,553.3,1
429416,9505,-4.21,37,1,534.6,1
429483,9506,2.32,67,2,943.2,1
429522,9507,-2.83,39,1,464.6,1
429573,9508,0.50,51,2,814.5,1
429597,9509,-4.85,24,1,333.2,1
429636,9510,-2.49,39,2,488.3,1
429695,9511,0.07,59,2,795.7,1
429748,9512,1.34,53,2,871.8,1
429782,9513,-3.14,34,2,338.2,1
429846,9514,1.15,64,2,768.2,1
429877,9515,-5.09,31,1,256.5,1
429939,9516,-0.35,62,2,894.0,1
429997,9517,-0.07,58,2,793.3,1
430053,9518,1.31,56,2,872.3,1
430119,9519,0.64,66,2,738.2,1
430169,9520,0.45,50,2,872.3,1
430222,9521,0.37,53,2,851.9,1
430264,9522,-1.83,42,2,576.5,1
430331,9523,0.41,67,2,789.7,1
430391,9524,0.22,60,2,838.3,1
430430,9525,-3.55,39,1,465.4,1
430504,9526,2.96,74,3,1054.5,1
430566,9527,1.80,62,3,1068.3,1
430620,9528,-0.39,54,2,862.1,1
430685,9529,-0.04,65,2,800.0,1
430726,9530,-3.37,41,1,501.7,1
430780,9531,-0.42,54,2,909.5,1
430814,9532,-4.58,34,1,262.2,1
430875,9533,1.19,61,2,816.5,1
430931,9534,1.12,56,2,833.2,1
430995,9535,-0.56,64,2,873.8,1
431048,9536,0.46,53,2,874.9,1
431112,9537,1.83,64,2,943.2,1
431162,9538,-1.66,50,2,736.1,1
431196,9539,-3.37,34,1,330.3,1
431241,9540,-2.17,45,1,653.0,1
431305,9541,1.46,64,2,789.1,1
431364,9542,1.41,59,2,848.0,1
431388,9543,-5.53,24,1,189.5,1
431420,9544,-2.80,32,1,510.0,1
431455,9545,-2.06,35,1,457.5,1
431522,9546,3.62,67,3,892.8,1
431595,9547,1.00,73,2,841.6,1
431645,9548,0.02,50,2,756.9,1
431704,9549,3.09,59,3,800.9,1
431739,9550,-2.60,35,1,492.7,1
431776,9551,-1.19,37,2,493.1,1
431838,9552,1.59,62,2,825.1,1
431876,9553,-3.42,38,1,420.9,1
431942,9554,1.50,66,2,827.2,1
432001,9555,-0.08,59,2,906.7,1
432040,9556,-2.09,39,2,508.4,1
432067,9557,-3.91,27,1,309.1,1
432102,9558,-2.86,35,1,476.9,1
432135,9559,-4.22,33,1,482.7,1
432200,9560,1.36,65,3,934.2,1
432267,9561,0.87,67,2,801.0,1
432303,9562,-3.56,36,1,434.9,1
432342,9563,-1.36,39,2,608.7,1
432376,9564,-3.14,34,1,378.7,1
432431,9565,-0.24,55,2,800.4,1
432511,9566,2.49,80,3,1061.1,1
432562,9567,-0.33,51,2,676.7,1
432628,9568,5.16,66,3,1077.4,1
432689,9569,1.49,61,2,824.3,1
432716,9570,-3.60,27,2,304.0,1
432793,9571,27.33,77,4,1278.7,0
432863,9572,2.46,70,3,1072.1,1
432918,9573,0.91,55,3,928.5,1
432953,9574,-1.53,35,2,491.2,1
433009,9575,-0.22,56,2,814.3,1
433041,9576,-3.05,32,2,486.2,1
433102,9577,1.10,61,2,1024.0,1
433126,9578,-4.25,24,1,257.8,1
433159,9579,-3.91,33,1,383.2,1
433194,9580,-3.06,35,1,448.7,1
433246,9581,-2.87,52,1,644.9,1
433311,9582,3.09,65,3,1018.9,1
433370,9583,0.34,59,2,840.3,1
433404,9584,-4.15,34,1,336.1,1
433554,9585,-0.22,150,4,878.9,1
433623,9586,0.01,69,2,854.3,1
433683,9587,-1.30,60,2,953.3,1
433711,9588,-4.13,28,1,481.3,1
433770,9589,0.56,59,2,812.3,1
433830,9590,2.02,60,3,851.7,1
433864,9591,-5.00,34,1,298.1,1
433905,9592,-1.42,41,2,571.2,1
433969,9593,3.53,64,3,968.4,1
433991,9594,-4.65,22,1,222.9,1
434051,9595,2.47,60,3,932.0,1
434095,9596,-4.76,44,2,403.3,1
434160,9597,1.51,65,2,850.0,1
434207,9598,2.32,47,4,918.4,1
434242,9599,-3.11,35,1,403.3,1
434308,9600,2.18,66,2,867.8,1
434382,9601,4.73,74,3,1211.0,1
434446,9602,-0.01,64,2,891.0,1
434487,9603,-2.97,41,2,493.0,1
434525,9604,-2.84,38,2,390.6,1
434561,9605,-4.00,36,1,436.9,1
434595,9606,-3.12,34,2,283.3,1
434648,9607,-0.92,53,2,747.1,1
434688,9608,-2.15,40,1,535.9,1
434723,9609,-3.45,35,1,453.1,1
434782,9610,-1.22,59,2,916.0,1
434817,9611,-4.92,35,1,503.3,1
434869,9612,1.84,52,3,899.7,1
434903,9613,-3.95,34,1,314.0,1
434947,9614,-2.50,44,2,515.7,1
435005,9615,0.67,58,2,726.3,1
435062,9616,-1.35,57,2,611.1,1
435123,9617,1.07,61,3,923.3,1
435155,9618,-3.10,32,1,497.5,1
435220,9619,4.07,65,3,850.3,1
435274,9620,0.13,54,2,784.3,1
435334,9621,-0.00,60,2,849.7,1
435383,9622,0.75,49,2,801.7,1
435415,9623,-3.24,32,1,262.9,1
435482,9624,2.30,67,3,810.9,1
435550,9625,2.51,68,2,878.1,1
435580,9626,-3.06,30,1,473.9,1
435620,9627,-3.49,40,1,540.1,1
435656,9628,-2.95,36,1,464.2,1
435682,9629,-3.51,26,1,486.6,1
435719,9630,-1.17,37,2,643.0,1
435783,9631,2.50,64,3,886.1,1
435817,9632,-4.91,34,1,207.2,1
435863,9633,-3.34,46,1,593.7,1
435932,9634,1.02,69,2,917.0,1
435952,9635,-5.61,20,1,132.1,1
435980,9636,-4.44,28,1,473.2,1
436034,9637,1.79,54,3,811.9,1
436057,9638,-4.12,23,1,259.2,1
436111,9639,2.02,54,3,804.2,1
436185,9640,24.35,74,3,1279.7,0
436243,9641,0.36,58,2,840.0,1
436275,9642,-1.84,32,2,503.5,1
436301,9643,-4.28,26,1,257.9,1
436354,9644,0.33,53,2,873.6,1
436392,9645,-3.59,38,1,450.7,1
436431,9646,-2.56,39,2,417.8,1
436496,9647,2.04,65,2,906.1,1
436531,9648,-2.11,35,2,493.6,1
436559,9649,-3.49,28,1,350.0,1
436591,9650,-3.66,32,1,453.5,1
436623,9651,-2.91,32,1,522.5,1
436682,9652,1.15,59,3,832.6,1
436740,9653,-0.30,58,2,753.9,1
436769,9654,-4.46,29,1,335.1,1
436822,9655,-0.94,53,2,868.0,1
436851,9656,-2.94,29,1,371.4,1
436886,9657,-3.09,35,1,482.3,1
436940,9658,-0.58,54,2,672.7,1
437005,9659,2.51,65,3,1032.5,1
437039,9660,-3.47,34,1,310.8,1
437104,9661,0.29,65,3,1022.9,1
437168,9662,1.99,64,2,753.9,1
437201,9663,-3.53,33,1,469.7,1
437259,9664,0.40,58,2,680.8,1
437318,9665,-1.98,59,2,565.8,1
437364,9666,-1.44,46,2,615.6,1
437386,9667,-6.42,22,1,143.6,1
437419,9668,-3.48,33,1,468.9,1
437483,9669,1.02,64,2,999.1,1
437552,9670,1.35,69,3,966.6,1
437609,9671,1.95,57,3,967.0,1
437663,9672,2.05,54,3,867.6,1
437698,9673,-3.14,35,1,469.7,1
437731,9674,-3.10,33,1,451.8,1
437779,9675,-0.23,48,1,810.6,1
437816,9676,-3.54,37,1,466.1,1
437845,9677,-3.23,29,1,435.5,1
437915,9678,3.64,70,3,865.3,1
437971,9679,-0.55,56,2,800.3,1
438027,9680,-0.01,56,2,907.6,1
438075,9681,0.54,48,2,718.8,1
438098,9682,-4.16,23,1,241.7,1
438175,9683,1.27,77,2,853.5,1
438229,9684,-0.29,54,2,918.8,1
438297,9685,3.09,68,3,1096.5,1
438354,9686,1.23,57,3,1040.0,1
438410,9687,2.09,56,2,940.5,1
438442,9688,-3.40,32,1,545.4,1
438503,9689,1.77,61,3,1040.6,1
438541,9690,-3.83,38,1,438.2,1
438595,9691,-1.24,54,2,834.9,1
438650,9692,2.26,55,3,973.9,1
438720,9693,1.10,70,2,950.1,1
438746,9694,-6.18,26,0,266.4,1
438802,9695,-0.24,56,2,709.4,1
438825,9696,-4.14,23,1,265.3,1
438889,9697,0.66,64,3,893.4,1
438943,9698,2.03,54,2,850.7,1
439004,9699,1.03,61,2,883.1,1
439038,9700,-3.41,34,2,361.0,1
439079,9701,-2.49,41,1,529.1,1
439103,9702,-5.57,24,1,162.2,1
439157,9703,0.51,54,3,893.1,1
439180,9704,-4.78,23,1,242.0,1
439234,9705,-1.14,54,2,944.7,1
439290,9706,0.68,56,2,949.6,1
439335,9707,-2.06,45,2,654.9,1
439368,9708,-3.47,33,1,477.7,1
439393,9709,-4.20,25,1,282.6,1
439427,9710,-3.49,34,1,516.3,1
439501,9711,2.16,74,2,895.0,1
439535,9712,-3.86,34,1,301.7,1
439583,9713,-0.08,48,2,723.1,1
439636,9714,1.12,53,2,881.7,1
439701,9715,3.15,65,3,1089.7,1
439733,9716,-2.88,32,1,473.6,1
439787,9717,3.21,54,3,965.6,1
439824,9718,-4.14,37,1,433.0,1
439891,9719,4.57,67,3,942.9,1
439955,9720,2.46,64,3,926.5,1
440003,9721,-0.43,48,2,868.7,1
440058,9722,0.98,55,2,836.3,1
440092,9723,-4.44,34,1,329.8,1
440152,9724,-0.14,60,2,850.0,1
440185,9725,-1.69,33,2,521.8,1
440241,9726,-0.27,56,2,827.3,1
440300,9727,-0.15,59,2,845.7,1
440337,9728,-2.21,37,2,524.9,1
440416,9729,-0.08,79,2,833.6,1
440445,9730,-3.58,29,1,459.2,1
440478,9731,-4.39,33,2,274.7,1
440514,9732,-3.40,36,1,469.7,1
440549,9733,-3.47,35,1,465.1,1
440614,9734,4.13,65,3,1024.0,1
440680,9735,4.99,66,3,1096.2,1
440733,9736,-0.09,53,1,731.2,1
440795,9737,0.18,62,2,870.9,1
440824,9738,-4.19,29,1,285.9,1
440880,9739,1.09,56,2,826.5,1
440924,9740,-1.92,44,2,604.3,1
440985,9741,0.49,61,2,787.9,1
441037,9742,-0.15,52,2,838.2,1
441059,9743,-4.45,22,1,241.0,1
441107,9744,-0.02,48,2,762.4,1
441139,9745,-3.33,32,1,478.0,1
441195,9746,1.87,56,3,835.9,1
441229,9747,-3.98,34,1,322.0,1
441289,9748,3.26,60,3,960.0,1
441328,9749,-0.58,39,2,487.1,1
441378,9750,0.27,50,2,706.8,1
441444,9751,4.25,66,3,1080.3,1
441491,9752,-0.54,47,2,679.5,1
441525,9753,-3.38,34,1,480.3,1
441557,9754,-3.89,32,1,489.7,1
441623,9755,0.93,66,2,815.4,1
441673,9756,2.76,50,2,706.0,1
441732,9757,2.14,59,3,910.6,1
441796,9758,1.80,64,3,1084.3,1
441831,9759,-4.44,35,1,487.0,1
441897,9760,3.96,66,3,1014.7,1
441941,9761,-0.64,44,2,654.4,1
441973,9762,-3.30,32,1,417.7,1
442028,9763,1.62,55,2,778.5,1
442074,9764,-0.42,46,2,661.9,1
442138,9765,2.88,64,3,892.7,1
442173,9766,-1.91,35,2,523.8,1
442239,9767,2.63,66,3,901.6,1
442276,9768,-2.97,37,1,492.0,1
442308,9769,-3.67,32,1,456.9,1
442354,9770,0.48,46,2,664.1,1
442410,9771,2.04,56,2,825.6,1
442469,9772,0.62,59,2,753.7,1
442534,9773,2.97,65,2,905.9,1
442588,9774,2.03,54,3,908.8,1
442609,9775,-5.28,21,1,220.2,1
442632,9776,-4.39,23,1,255.1,1
442698,9777,4.42,66,3,936.2,1
442763,9778,1.93,65,2,920.6,1
442825,9779,5.25,62,3,862.9,1
442875,9780,-0.75,50,2,725.5,1
442929,9781,3.84,54,3,923.8,1
442984,9782,-0.26,55,2,864.8,1
443042,9783,1.61,58,3,903.5,1
443087,9784,-1.21,45,2,620.3,1
443146,9785,1.10,59,2,860.0,1
443217,9786,2.00,71,2,849.1,1
443254,9787,-3.10,37,1,533.6,1
443316,9788,1.84,62,2,958.9,1
443350,9789,-4.02,34,1,456.6,1
443411,9790,3.00,61,3,844.6,1
443474,9791,2.20,63,3,896.2,1
443533,9792,0.76,59,2,957.9,1
443583,9793,1.46,50,3,856.5,1
443638,9794,0.28,55,2,822.0,1
443693,9795,0.88,55,3,919.2,1
443755,9796,1.05,62,2,934.9,1
443808,9797,-1.75,53,2,828.0,1
443846,9798,-3.68,38,1,465.1,1
443902,9799,3.05,56,3,997.5,1
443959,9800,-0.77,57,2,806.1,1
444018,9801,2.61,59,2,873.3,1
444056,9802,-2.77,38,1,475.4,1
444091,9803,-2.83,35,1,490.7,1
444156,9804,1.35,65,2,812.6,1
444193,9805,-0.96,37,2,625.0,1
444252,9806,2.27,59,3,827.5,1
444296,9807,-3.14,44,1,483.3,1
444351,9808,-1.14,55,1,874.2,1
444408,9809,0.36,57,2,923.7,1
444454,9810,0.11,46,2,684.7,1
444496,9811,-1.86,42,2,638.9,1
444533,9812,-3.07,37,1,476.5,1
444580,9813,1.16,47,2,866.3,1
444642,9814,7.60,62,3,1155.7,1
444677,9815,-2.93,35,2,324.0,1
444743,9816,3.11,66,2,972.9,1
444802,9817,-0.94,59,2,809.2,1
444839,9818,-2.76,37,1,545.1,1
444906,9819,0.98,67,3,801.5,1
444959,9820,1.04,53,3,912.6,1
445017,9821,1.14,58,3,860.6,1
445049,9822,-3.02,32,1,495.4,1
445071,9823,-5.15,22,1,214.1,1
445117,9824,-1.27,46,1,763.6,1
445155,9825,-0.97,38,2,626.9,1
445217,9826,0.04,62,2,928.2,1
445271,9827,1.97,54,3,923.7,1
445317,9828,0.52,46,2,803.4,1
445339,9829,-4.07,22,1,327.3,1
445405,9830,1.77,66,2,999.4,1
445439,9831,-0.86,34,2,568.4,1
445501,9832,1.29,62,3,949.1,1
445580,9833,28.06,79,4,1279.9,0
445615,9834,-3.40,35,1,481.5,1
445674,9835,1.04,59,2,955.9,1
445725,9836,-0.31,51,2,878.2,1
445764,9837,-1.70,39,2,421.6,1
445834,9838,3.47,70,3,1083.7,1
445892,9839,3.05,58,3,840.0,1
445924,9840,-4.49,32,1,446.9,1
445953,9841,-3.63,29,1,413.8,1
445985,9842,-2.93,32,1,475.0,1
446004,9843,-5.52,19,1,149.3,1
446062,9844,3.31,58,3,746.2,1
446089,9845,-4.51,27,1,344.1,1
446139,9846,1.42,50,2,877.7,1
446161,9847,-4.99,22,1,187.0,1
446188,9848,-3.43,27,2,284.4,1
446221,9849,-3.32,33,1,492.7,1
446263,9850,-2.98,42,2,530.6,1
446297,9851,-3.67,34,2,344.9,1
446347,9852,-0.79,50,2,887.5,1
446376,9853,-5.33,29,1,192.1,1
446406,9854,-3.57,30,1,531.8,1
446429,9855,-5.51,23,1,125.6,1
446481,9856,2.01,52,3,981.5,1
446519,9857,-3.88,38,1,490.4,1
446547,9858,-4.55,28,1,243.6,1
446598,9859,0.08,51,2,933.6,1
446641,9860,-4.66,43,1,493.9,1
446672,9861,-3.54,31,1,343.2,1
446711,9862,-1.72,39,2,580.5,1
446763,9863,3.05,52,3,995.8,1
446796,9864,-2.90,33,1,462.6,1
446861,9865,2.60,65,3,945.0,1
446899,9866,-3.49,38,1,257.3,1
446966,9867,72.48,67,3,1279.4,1
447000,9868,-1.83,34,2,574.1,1
447039,9869,-5.46,39,0,450.0,1
447081,9870,-1.22,42,1,828.9,1
447146,9871,0.15,65,2,920.4,1
447201,9872,-0.27,55,2,966.5,1
447264,9873,2.89,63,2,882.7,1
447310,9874,-3.65,46,2,602.6,1
447336,9875,-5.76,26,0,468.9,1
447377,9876,-2.44,41,1,635.7,1
447410,9877,-4.29,33,1,322.6,1
447452,9878,-4.41,42,1,506.5,1
447484,9879,-3.53,32,1,475.8,1
447526,9880,-2.26,42,2,581.4,1
447548,9881,-7.27,22,0,195.2,1
447582,9882,-3.13,34,1,343.9,1
447615,9883,-2.31,33,1,485.4,1
447671,9884,-0.32,56,2,810.9,1
447731,9885,0.37,60,2,858.6,1
447787,9886,-1.10,56,2,802.0,1
447834,9887,-1.19,47,2,858.8,1
447880,9888,-2.10,46,1,634.8,1
447944,9889,1.92,64,3,1011.6,1
447966,9890,-4.86,22,1,236.3,1
447998,9891,-6.25,32,1,131.0,1
448034,9892,-2.03,36,2,451.6,1
448053,9893,-5.60,19,1,177.9,1
448137,9894,4.66,84,4,987.6,1
448179,9895,-4.40,42,1,442.1,1
448227,9896,-2.02,48,2,629.6,1
448269,9897,-3.08,42,1,508.5,1
448343,9898,2.34,74,3,888.8,1
448379,9899,-5.37,36,1,170.8,1
448420,9900,-2.58,41,1,411.5,1
448485,9901,2.97,65,3,839.3,1
448543,9902,-2.17,58,1,788.7,1
448578,9903,-5.05,35,1,502.1,1
448595,9904,-5.74,17,1,169.5,1
448618,9905,-4.81,23,1,247.4,1
448667,9906,-0.65,49,2,750.7,1
448718,9907,-1.16,51,3,866.4,1
448745,9908,-3.35,27,1,464.3,1
448782,9909,-2.38,37,2,527.7,1
448816,9910,-3.45,34,1,334.6,1
448880,9911,4.30,64,3,937.2,1
448917,9912,-4.83,37,0,400.2,1
448975,9913,0.38,58,3,885.4,1
449018,9914,-3.11,43,1,478.1,1
449089,9915,0.56,71,2,1088.1,1
449147,9916,0.22,58,3,839.8,1
449180,9917,-4.42,33,1,302.0,1
449237,9918,-0.52,57,2,913.0,1
449295,9919,0.66,58,2,825.5,1
449322,9920,-5.35,27,1,167.7,1
449378,9921,-0.49,56,2,747.6,1
449399,9922,-5.26,21,1,213.2,1
449433,9923,-3.94,34,1,323.9,1
449483,9924,0.61,50,2,663.7,1
449533,9925,-2.19,50,1,732.0,1
449598,9926,1.11,65,2,898.7,1
449631,9927,-2.78,33,2,546.7,1
449663,9928,-1.91,32,2,459.5,1
449694,9929,-3.86,31,1,385.4,1
449758,9930,-0.23,64,2,780.2,1
449821,9931,-0.96,63,2,752.2,1
449857,9932,-2.99,36,1,474.3,1
449889,9933,-5.32,32,0,473.9,1
449923,9934,-4.60,34,1,322.7,1
449970,9935,-3.54,47,1,516.3,1
450030,9936,1.88,60,3,995.3,1
450079,9937,-0.38,49,2,679.2,1
450120,9938,-2.99,41,1,426.8,1
450176,9939,0.39,56,2,791.1,1
450208,9940,-3.58,32,1,535.6,1
450272,9941,3.18,64,3,953.8,1
450314,9942,-3.09,42,1,592.5,1
450363,9943,-1.01,49,1,802.8,1
450419,9944,2.03,56,3,856.0,1
450446,9945,-3.47,27,1,349.1,1
450499,9946,0.68,53,2,878.0,1
450546,9947,-1.52,47,2,520.7,1
450578,9948,-3.69,32,1,471.8,1
450645,9949,0.59,67,2,836.3,1
450683,9950,-1.58,38,2,613.5,1
450749,9951,0.47,66,2,582.2,1
450806,9952,1.77,57,2,704.8,1
450864,9953,0.58,58,2,808.1,1
450898,9954,-3.64,34,1,428.3,1
450935,9955,-3.64,37,1,480.2,1
450956,9956,-7.57,21,0,124.7,1
450996,9957,-3.42,40,1,549.8,1
451020,9958,-5.92,24,1,185.2,1
451058,9959,-1.70,38,2,576.6,1
451081,9960,-3.30,23,1,358.0,1
451139,9961,0.22,58,2,853.2,1
451195,9962,0.26,56,2,801.0,1
451236,9963,-1.86,41,2,629.7,1
451282,9964,-1.44,46,2,656.5,1
451308,9965,-3.43,26,1,322.4,1
451400,9966,26.84,92,4,1278.1,0
451435,9967,-3.68,35,1,425.6,1
451492,9968,0.30,57,2,981.0,1
451555,9969,1.15,63,2,806.1,1
451588,9970,-3.89,33,1,467.4,1
451645,9971,2.20,57,2,862.6,1
451704,9972,0.74,59,2,817.7,1
451765,9973,2.02,61,3,948.9,1
451827,9974,0.95,62,3,818.1,1
451847,9975,-5.08,20,1,232.6,1
451918,9976,0.82,71,2,827.5,1
451979,9977,0.94,61,2,827.1,1
452038,9978,2.24,59,2,844.1,1
452099,9979,0.64,61,2,809.4,1
452166,9980,2.78,67,3,1008.0,1
452224,9981,0.21,58,2,808.4,1
452258,9982,-2.39,34,2,353.5,1
452314,9983,0.66,56,2,787.6,1
452349,9984,-3.02,35,1,503.4,1
452408,9985,2.61,59,3,855.1,1
452456,9986,-0.04,48,2,829.0,1
452495,9987,-3.91,39,1,479.2,1
452558,9988,4.42,63,3,1072.0,1
452582,9989,-4.82,24,1,280.6,1
452624,9990,-2.84,42,1,579.4,1
452659,9991,-3.85,35,1,352.1,1
452686,9992,-3.62,27,1,284.4,1
452722,9993,-3.89,36,1,460.7,1
452773,9994,-0.48,51,2,741.3,1
452805,9995,-3.80,32,1,457.8,1
452853,9996,-0.67,48,2,708.6,1
452921,9997,1.55,68,3,849.7,1
452953,9998,-3.00,32,1,507.5,1
452989,9999,-3.69,36,1,453.4,1
453021,10000,-3.15,32,1,475.3,1
453085,10001,1.96,64,2,737.9,1
453119,10002,-3.17,34,1,576.2,1
453179,10003,2.76,60,3,1000.1,1
453212,10004,-3.46,33,1,483.5,1
453257,10005,0.14,45,2,675.8,1
453329,10006,0.95,72,2,863.9,1
453386,10007,-0.03,57,2,817.1,1
453473,10008,26.43,87,3,1276.5,0
453503,10009,-3.39,30,1,498.6,1
453557,10010,-0.38,54,2,840.3,1
453595,10011,-2.10,38,1,452.0,1
453659,10012,-0.24,64,2,625.6,1
453679,10013,-4.87,20,1,214.1,1
453708,10014,-2.61,29,1,387.2,1
453770,10015,2.66,62,2,1051.6,1
453820,10016,-0.13,50,2,683.5,1
453885,10017,0.33,65,2,862.0,1
453936,10018,-1.86,51,2,615.3,1
453999,10019,3.65,63,3,964.7,1
454059,10020,0.75,60,2,848.4,1
454152,10021,25.86,93,4,1278.0,0
454195,10022,-1.30,43,2,658.9,1
454233,10023,-2.76,38,1,471.1,1
454272,10024,-3.42,39,1,511.6,1
454317,10025,-2.60,45,2,471.7,1
454356,10026,-3.08,39,1,488.2,1
454388,10027,-3.83,32,1,484.8,1
454452,10028,0.40,64,2,830.6,1
454513,10029,0.70,61,2,1006.1,1
454541,10030,-2.43,28,1,387.3,1
454596,10031,0.68,55,2,739.6,1
454652,10032,2.52,56,3,855.7,1
454717,10033,3.60,65,3,839.8,1
454780,10034,0.63,63,2,928.0,1
454836,10035,0.42,56,2,735.1,1
454909,10036,-1.37,73,2,614.0,1
454967,10037,0.41,58,2,871.1,1
455038,10038,1.14,71,2,927.4,1
455072,10039,-3.41,34,1,304.5,1
455153,10040,6.99,81,3,1271.6,1
455214,10041,-0.38,61,2,920.2,1
455276,10042,-0.40,62,2,922.2,1
455332,10043,1.32,56,2,939.4,1
455364,10044,-3.09,32,1,509.1,1
455410,10045,-3.82,46,1,724.6,1
455447,10046,-3.64,37,1,570.2,1
455479,10047,-4.03,32,1,522.2,1
455513,10048,-3.42,34,2,517.8,1
455557,10049,-2.22,44,2,543.8,1
455615,10050,0.44,58,2,869.7,1
455649,10051,-3.49,34,1,482.5,1
455687,10052,-1.54,38,2,518.2,1
455724,10053,-2.89,37,1,444.6,1
455770,10054,-0.85,46,2,584.9,1
455801,10055,-4.22,31,1,464.7,1
455858,10056,-1.59,57,2,592.7,1
455915,10057,0.81,57,3,981.8,1
455936,10058,-5.08,21,1,188.0,1
455976,10059,-3.54,40,1,530.5,1
456014,10060,-2.79,38,1,464.4,1
456047,10061,-3.21,33,1,437.8,1
456067,10062,-5.72,20,1,189.5,1
456110,10063,1.48,43,2,824.9,1
456162,10064,0.24,52,2,895.0,1
456227,10065,0.68,65,3,920.4,1
456278,10066,0.07,51,2,901.4,1
456316,10067,-3.38,38,1,444.5,1
456359,10068,-3.44,43,1,498.7,1
456422,10069,1.57,63,2,894.1,1
456478,10070,1.40,56,3,820.8,1
456548,10071,1.54,70,2,825.6,1
456610,10072,0.76,62,2,988.6,1
456669,10073,-2.54,59,2,779.3,1
456703,10074,-3.70,34,1,336.4,1
456730,10075,-3.54,27,1,490.5,1
456785,10076,0.72,55,2,854.9,1
456850,10077,1.30,65,2,924.2,1
456902,10078,0.56,52,2,944.4,1
456936,10079,-2.48,34,2,534.2,1
456970,10080,-3.36,34,1,479.6,1
457005,10081,-3.73,35,1,336.2,1
457092,10082,6.61,87,4,1177.4,1
457129,10083,-4.25,37,1,517.2,1
457163,10084,-3.20,34,1,464.0,1
457190,10085,-4.46,27,1,311.3,1
457255,10086,-2.76,65,1,835.4,1
457320,10087,0.50,65,2,827.8,1
457381,10088,2.06,61,3,963.2,1
457414,10089,-3.89,33,1,420.4,1
457472,10090,4.15,58,3,986.9,1
457492,10091,-6.25,20,1,108.4,1
457517,10092,-4.70,25,1,210.4,1
457551,10093,-2.88,34,1,331.9,1
457596,10094,-3.19,45,1,634.0,1
457654,10095,1.81,58,3,882.8,1
457678,10096,-4.65,24,1,342.4,1
457719,10097,-1.94,41,2,512.5,1
457796,10098,4.21,77,3,1060.2,1
457830,10099,-3.43,34,1,317.3,1
457857,10100,-2.97,27,1,473.9,1
457903,10101,-8.64,46,1,195.3,1
457972,10102,0.43,69,2,843.9,1
458037,10103,1.75,65,2,881.4,1
458077,10104,-3.15,40,1,489.0,1
458136,10105,2.40,59,3,1018.4,1
458174,10106,-2.85,38,1,419.8,1
458207,10107,-3.10,33,1,456.5,1
458241,10108,-3.53,34,1,367.5,1
458277,10109,-4.01,36,1,452.0,1
458339,10110,1.14,62,2,889.0,1
458375,10111,-2.96,36,1,484.9,1
458408,10112,-2.04,33,2,528.5,1
458460,10113,-1.39,52,2,832.8,1
458525,10114,1.93,65,2,818.8,1
458557,10115,-4.78,32,0,470.2,1
458620,10116,2.49,63,3,941.2,1
458696,10117,5.75,76,3,1079.8,1
458730,10118,-2.73,34,2,292.0,1
458785,10119,1.86,55,2,850.8,1
458830,10120,0.03,45,2,701.1,1
458864,10121,-4.06,34,1,308.3,1
458924,10122,3.13,60,3,988.6,1
458988,10123,1.79,64,2,881.9,1
459058,10124,3.32,70,2,799.2,1
459124,10125,0.15,66,2,912.4,1
459178,10126,-0.64,54,2,734.8,1
459216,10127,-3.66,38,1,474.0,1
459249,10128,-3.92,33,1,457.2,1
459272,10129,-4.57,23,1,266.8,1
459336,10130,2.15,64,3,1034.8,1
459380,10131,-1.95,44,2,668.3,1
459437,10132,0.98,57,2,595.5,1
459473,10133,-4.56,36,1,248.9,1
459528,10134,0.02,55,2,801.8,1
459561,10135,-2.52,33,2,410.5,1
459620,10136,-0.61,59,2,870.8,1
459643,10137,-3.47,23,1,285.5,1
459679,10138,-3.98,36,1,466.9,1
459729,10139,-0.22,50,2,823.7,1
459794,10140,3.81,65,3,913.3,1
459830,10141,-3.28,36,2,497.0,1
459867,10142,-3.62,37,1,365.5,1
459933,10143,0.01,66,2,816.6,1
459992,10144,0.90,59,2,1020.0,1
460051,10145,1.38,59,2,838.2,1
460084,10146,-4.12,33,1,452.4,1
460143,10147,0.04,59,2,852.1,1
460202,10148,1.75,59,2,918.6,1
460234,10149,-3.86,32,1,465.9,1
460288,10150,0.75,54,2,950.9,1
460351,10151,1.37,63,2,911.4,1
460385,10152,-3.86,34,1,313.6,1
460436,10153,2.52,51,3,913.0,1
460495,10154,1.03,59,2,910.8,1
460517,10155,-5.68,22,1,176.1,1
460553,10156,-3.00,36,1,468.5,1
460605,10157,0.83,52,2,788.2,1
460670,10158,0.27,65,2,850.9,1
460740,10159,0.88,70,3,850.1,1
460777,10160,-2.68,37,2,604.0,1
460818,10161,-3.14,41,1,563.0,1
460876,10162,0.68,58,3,790.7,1
460910,10163,-3.20,34,1,490.1,1
460952,10164,-2.50,42,1,595.4,1
461012,10165,2.38,60,3,1071.2,1
461068,10166,0.44,56,2,774.9,1
461126,10167,-0.42,58,2,624.0,1
461160,10168,-3.77,34,1,415.1,1
461219,10169,4.07,59,4,921.4,1
461273,10170,-0.19,54,2,695.8,1
461323,10171,0.99,50,2,888.4,1
461389,10172,0.37,66,2,957.0,1
461428,10173,0.45,39,2,844.3,1
461493,10174,-0.10,65,2,996.9,1
461528,10175,-3.73,35,1,486.0,1
461622,10176,4.65,94,3,1189.2,1
461678,10177,1.23,56,2,806.6,1
461742,10178,0.72,64,3,800.8,1
461797,10179,1.39,55,3,812.4,1
461850,10180,0.06,53,2,873.7,1
461911,10181,1.12,61,2,819.6,1
461976,10182,3.91,65,3,848.0,1
462010,10183,-2.69,34,2,290.9,1
462075,10184,2.56,65,3,1029.6,1
462113,10185,-2.57,38,2,548.5,1
462147,10186,-1.37,34,3,525.9,1
462210,10187,2.58,63,3,974.3,1
462277,10188,0.38,67,2,831.9,1
462346,10189,2.16,69,2,891.4,1
462395,10190,0.76,49,3,886.5,1
462449,10191,0.52,54,2,757.8,1
462509,10192,2.07,60,3,844.9,1
462573,10193,1.35,64,2,743.3,1
462633,10194,1.42,60,3,963.6,1
462687,10195,-2.29,54,3,865.8,1
462749,10196,1.70,62,2,899.7,1
462826,10197,3.52,77,3,1072.9,1
462888,10198,-0.53,62,3,918.1,1
462957,10199,2.13,69,3,1132.2,1
463006,10200,0.25,49,2,802.5,1
463035,10201,-2.57,29,1,426.2,1
463090,10202,1.20,55,2,828.5,1
463121,10203,-4.41,31,1,397.0,1
463155,10204,-2.46,34,2,361.4,1
463216,10205,-0.22,61,2,826.3,1
463240,10206,-4.02,24,1,271.8,1
463298,10207,-0.04,58,1,1049.5,1
463334,10208,-3.18,36,1,462.6,1
463368,10209,-3.36,34,1,457.4,1
463423,10210,0.79,55,2,833.8,1
463448,10211,-5.23,25,1,223.4,1
463506,10212,0.94,58,3,929.1,1
463562,10213,1.10,56,2,910.4,1
463591,10214,-3.59,29,1,403.2,1
463653,10215,2.03,62,3,847.1,1
463686,10216,-3.03,33,1,477.6,1
463733,10217,0.95,47,3,835.7,1
463793,10218,0.65,60,2,847.3,1
463826,10219,-2.95,33,2,472.9,1
463887,10220,1.95,61,3,938.3,1
463953,10221,5.90,66,3,1112.4,1
464011,10222,1.13,58,2,864.8,1
464054,10223,-2.80,43,1,742.2,1
464109,10224,0.12,55,2,855.5,1
464162,10225,0.27,53,2,880.8,1
464215,10226,-1.06,53,3,973.1,1
464243,10227,-3.45,28,1,420.0,1
464304,10228,2.56,61,3,919.9,1
464369,10229,1.29,65,2,834.3,1
464429,10230,0.66,60,2,910.0,1
464468,10231,-1.56,39,2,549.4,1
464514,10232,-4.12,46,1,566.5,1
464577,10233,1.52,63,2,870.8,1
464633,10234,-0.70,56,2,869.5,1
464693,10235,0.10,60,3,795.3,1
464724,10236,-3.77,31,1,409.2,1
464776,10237,1.22,52,2,954.3,1
464832,10238,0.75,56,2,897.7,1
464888,10239,0.17,56,2,777.6,1
464954,10240,3.61,66,3,1013.9,1
464977,10241,-3.48,23,1,303.9,1
465013,10242,-2.77,36,1,483.3,1
465036,10243,-5.45,23,1,202.3,1
465069,10244,-2.82,33,1,471.9,1
465124,10245,0.16,55,3,901.4,1
465188,10246,1.13,64,2,920.6,1
465245,10247,1.43,57,4,949.3,1
465281,10248,-3.83,36,1,603.5,1
465308,10249,-4.92,27,0,440.2,1
465340,10250,-3.12,32,1,464.5,1
465392,10251,0.63,52,2,800.9,1
465439,10252,-2.66,47,2,530.0,1
465467,10253,-3.59,28,1,482.4,1
465502,10254,-4.29,35,1,481.9,1
465535,10255,-2.82,33,1,465.0,1
465586,10256,0.80,51,2,828.5,1
465617,10257,-1.09,31,2,462.8,1
465673,10258,-0.69,56,2,927.3,1
465738,10259,2.97,65,3,972.9,1
465791,10260,0.41,53,2,747.5,1
465831,10261,-2.52,40,1,596.4,1
465881,10262,1.75,50,3,934.3,1
465938,10263,1.01,57,2,953.2,1
465986,10264,0.02,48,2,666.6,1
466047,10265,2.08,61,2,887.2,1
466085,10266,-3.35,38,1,422.2,1
466139,10267,0.75,54,2,814.7,1
466164,10268,-4.06,25,1,273.5,1
466216,10269,0.57,52,2,985.0,1
466267,10270,0.95,51,2,803.7,1
466325,10271,3.89,58,3,1066.1,1
466393,10272,-0.58,68,2,779.8,1
466427,10273,-2.87,34,1,510.5,1
466489,10274,1.37,62,2,901.5,1
466559,10275,-0.75,70,1,947.0,1
466616,10276,-1.09,57,2,933.0,1
466651,10277,-2.75,35,2,496.4,1
466705,10278,0.42,54,2,856.5,1
466759,10279,-1.34,54,2,854.5,1
466818,10280,0.45,59,2,866.2,1
466860,10281,-2.23,42,2,505.7,1
466926,10282,3.66,66,3,1197.9,1
466983,10283,-0.16,57,2,723.5,1
467017,10284,-3.13,34,1,547.4,1
467081,10285,-0.11,64,2,876.7,1
467136,10286,0.31,55,2,800.2,1
467159,10287,-4.58,23,1,195.6,1
467191,10288,-2.15,32,2,503.0,1
467218,10289,-3.64,27,1,294.0,1
467287,10290,25.71,69,3,1276.2,0
467320,10291,-2.76,33,1,492.9,1
467377,10292,-0.45,57,2,920.5,1
467412,10293,-2.74,35,1,458.4,1
467444,10294,-3.21,32,1,469.8,1
467509,10295,1.73,65,2,856.2,1
467539,10296,-3.03,30,1,438.2,1
467568,10297,-3.58,29,1,356.6,1
467627,10298,3.00,59,3,813.5,1
467655,10299,-4.64,28,1,239.5,1
467681,10300,-2.78,26,1,451.2,1
467735,10301,1.92,54,2,1004.6,1
467800,10302,26.97,65,4,1279.5,0
467852,10303,0.75,52,2,745.6,1
467913,10304,2.27,61,3,958.3,1
467956,10305,-0.99,43,2,570.2,1
468015,10306,0.87,59,3,838.2,1
468049,10307,-4.88,34,1,301.6,1
468096,10308,-2.90,47,1,539.9,1
468152,10309,0.71,56,2,874.6,1
468185,10310,-4.28,33,1,471.7,1
468218,10311,-3.44,33,1,403.3,1
468264,10312,0.08,46,2,835.4,1
468319,10313,0.11,55,2,834.7,1
468374,10314,0.65,55,3,844.1,1
468443,10315,1.41,69,3,829.5,1
468476,10316,-2.97,33,1,459.8,1
468515,10317,-3.14,39,2,572.8,1
468549,10318,-3.81,34,1,328.3,1
468576,10319,-4.64,27,0,413.8,1
468613,10320,-1.81,37,2,591.9,1
468670,10321,0.53,57,2,957.0,1
468705,10322,-4.05,35,1,467.4,1
468739,10323,-6.31,34,0,505.6,1
468810,10324,3.17,71,3,810.8,1
468862,10325,-0.09,52,1,714.5,1
468891,10326,-4.16,29,1,358.6,1
468925,10327,-3.76,34,1,470.8,1
468954,10328,-1.75,29,3,492.9,1
469018,10329,2.15,64,3,842.6,1
469065,10330,1.43,47,2,810.7,1
469127,10331,1.82,62,3,859.3,1
469159,10332,-2.69,32,1,518.7,1
469216,10333,2.37,57,3,967.9,1
469264,10334,-2.82,48,2,864.5,1
469319,10335,1.94,55,3,926.0,1
469345,10336,-3.69,26,1,466.3,1
469410,10337,1.32,65,3,905.1,1
469434,10338,-4.15,24,1,291.4,1
469490,10339,0.17,56,2,852.8,1
469549,10340,2.33,59,3,902.3,1
469606,10341,1.44,57,3,1045.2,1
469671,10342,2.41,65,3,1010.0,1
469720,10343,-0.55,49,3,893.0,1
469760,10344,-2.00,40,2,553.6,1
469811,10345,-1.02,51,2,884.8,1
469866,10346,2.25,55,3,1003.1,1
469922,10347,0.20,56,2,850.0,1
470004,10348,26.91,82,4,1277.1,0
470049,10349,-2.52,45,2,562.0,1
470108,10350,0.29,59,3,789.4,1
470160,10351,-1.02,52,2,884.9,1
470187,10352,-4.33,27,1,456.5,1
470245,10353,0.00,58,3,860.2,1
470279,10354,-1.99,34,2,355.2,1
470340,10355,1.83,61,3,914.4,1
470396,10356,1.49,56,2,794.2,1
470448,10357,0.92,52,2,931.1,1
470480,10358,-3.79,32,1,463.1,1
470508,10359,-4.67,28,1,316.1,1
470565,10360,1.78,57,3,877.4,1
470600,10361,-2.74,35,1,460.5,1
470648,10362,0.66,48,2,816.6,1
470677,10363,-4.16,29,1,421.3,1
470706,10364,-3.37,29,1,448.2,1
470753,10365,0.60,47,2,801.1,1
470807,10366,0.70,54,3,815.5,1
470842,10367,-3.37,35,1,503.9,1
470893,10368,-0.97,51,2,902.5,1
470951,10369,-1.11,58,2,572.8,1
470999,10370,-0.85,48,2,597.0,1
471054,10371,0.25,55,2,827.4,1
471083,10372,-3.67,29,1,388.1,1
471119,10373,-3.38,36,1,454.2,1
471187,10374,1.66,68,3,804.6,1
471233,10375,-1.09,46,2,630.8,1
471288,10376,0.14,55,2,809.5,1
471318,10377,-3.66,30,2,289.3,1
471352,10378,-4.30,34,1,247.2,1
471394,10379,-4.45,42,1,532.9,1
471437,10380,-2.39,43,1,736.3,1
471485,10381,-0.87,48,2,710.2,1
471544,10382,0.87,59,2,868.2,1
471597,10383,-1.30,53,2,665.4,1
471653,10384,0.69,56,2,717.3,1
471704,10385,2.51,51,3,947.8,1
471736,10386,-3.47,32,1,470.7,1
471795,10387,0.80,59,2,949.7,1
471847,10388,0.58,52,2,864.1,1
471895,10389,-1.26,48,2,811.2,1
471917,10390,-4.93,22,1,203.1,1
471955,10391,-2.78,38,1,488.3,1
471987,10392,-3.75,32,1,481.0,1
472042,10393,0.01,55,2,852.0,1
472109,10394,1.15,67,2,874.1,1
472145,10395,-3.28,36,1,477.1,1
472182,10396,-3.26,37,1,525.5,1
472246,10397,2.77,64,3,910.9,1
472311,10398,1.11,65,2,1037.6,1
472366,10399,1.65,55,3,1008.0,1
472400,10400,-3.19,34,1,427.0,1
472455,10401,0.61,55,2,770.4,1
472497,10402,-2.55,42,2,520.4,1
472531,10403,-3.72,34,1,453.1,1
472584,10404,0.63,53,3,803.9,1
472607,10405,-4.60,23,1,230.5,1
472662,10406,1.72,55,3,958.5,1
472723,10407,1.25,61,2,842.6,1
472747,10408,-3.77,24,1,278.4,1
472814,10409,1.91,67,3,940.1,1
472870,10410,1.64,56,2,785.2,1
472896,10411,-3.77,26,1,467.1,1
472934,10412,-1.98,38,2,507.9,1
472984,10413,0.14,50,2,871.6,1
473040,10414,1.12,56,2,913.0,1
473078,10415,-2.34,38,1,469.6,1
473114,10416,-2.61,36,2,528.3,1
473170,10417,2.12,56,4,842.2,1
473233,10418,2.50,63,2,767.8,1
473289,10419,1.29,56,3,947.2,1
473351,10420,4.83,62,3,1109.7,1
473374,10421,-4.58,23,1,228.5,1
473427,10422,-0.22,53,2,894.6,1
473491,10423,1.44,64,2,988.0,1
473531,10424,-3.46,40,1,403.4,1
473567,10425,-4.23,36,1,414.3,1
473588,10426,-5.11,21,1,214.4,1
473615,10427,-4.59,27,1,237.1,1
473670,10428,0.08,55,2,865.9,1
473718,10429,-1.52,48,2,689.6,1
473773,10430,0.42,55,2,843.9,1
473809,10431,-3.17,36,1,458.8,1
473871,10432,-1.46,62,2,784.1,1
473935,10433,3.51,64,3,961.2,1
473999,10434,1.51,64,3,904.3,1
474056,10435,1.18,57,3,816.8,1
474128,10436,3.80,72,3,1047.2,1
474190,10437,2.07,62,2,1127.8,1
474218,10438,-3.14,28,1,423.7,1
474264,10439,0.68,46,2,905.3,1
474310,10440,-2.29,46,2,595.6,1
474361,10441,0.41,51,2,935.8,1
474407,10442,-2.03,46,1,680.5,1
474431,10443,-4.92,24,1,319.5,1
474483,10444,1.34,52,3,946.5,1
474517,10445,-3.82,34,2,361.9,1
474576,10446,1.70,59,2,832.1,1
474608,10447,-2.99,32,1,482.7,1
474636,10448,-3.48,28,1,413.9,1
474662,10449,-5.09,26,1,218.4,1
474706,10450,-0.88,44,2,749.0,1
474767,10451,3.12,61,3,1009.0,1
474803,10452,-4.51,36,1,443.8,1
474861,10453,1.21,58,2,945.5,1
474914,10454,1.22,53,3,968.6,1
474939,10455,-4.55,25,1,223.5,1
474967,10456,-4.52,28,1,425.8,1
475023,10457,1.40,56,2,843.2,1
475059,10458,-3.40,36,1,505.8,1
475111,10459,2.13,52,3,929.7,1
475169,10460,2.40,58,3,786.9,1
475225,10461,0.23,56,2,849.4,1
475274,10462,-0.89,49,2,927.7,1
475296,10463,-4.24,22,1,250.9,1
475351,10464,0.53,55,2,834.0,1
475412,10465,2.99,61,3,961.4,1
475458,10466,1.06,46,3,853.7,1
475483,10467,-4.77,25,0,474.2,1
475517,10468,-3.08,34,1,499.1,1
475572,10469,-0.24,55,2,851.9,1
475605,10470,-3.50,33,1,444.7,1
475673,10471,3.50,68,3,1112.2,1
475737,10472,2.47,64,3,1014.7,1
475772,10473,-3.27,35,1,538.9,1
475806,10474,-2.87,34,2,357.1,1
475863,10475,0.47,57,2,859.0,1
475899,10476,-5.00,36,0,481.9,1
475964,10477,-0.43,65,2,972.4,1
475989,10478,-5.10,25,1,228.8,1
476033,10479,-1.33,44,2,841.4,1
476061,10480,-3.86,28,1,475.0,1
476095,10481,-2.90,34,1,461.9,1
476150,10482,0.70,55,3,931.5,1
476205,10483,2.47,55,3,975.6,1
476265,10484,1.16,60,2,795.5,1
476324,10485,0.52,59,3,969.6,1
476379,10486,2.42,55,3,892.0,1
476433,10487,0.23,54,2,890.2,1
476484,10488,0.41,51,2,661.3,1
476541,10489,0.23,57,2,999.4,1
476572,10490,-3.80,31,1,367.4,1
476632,10491,0.88,60,3,905.5,1
476693,10492,1.72,61,3,1001.8,1
476739,10493,0.36,46,2,737.0,1
476773,10494,-2.97,34,2,342.8,1
476830,10495,3.68,57,3,1139.8,1
476885,10496,4.01,55,3,958.1,1
476915,10497,-3.27,30,1,554.7,1
476973,10498,0.91,58,2,816.3,1
476993,10499,-4.97,20,1,245.0,1
477058,10500,2.18,65,2,885.2,1
477121,10501,4.07,63,3,967.7,1
477153,10502,-4.18,32,1,484.5,1
477201,10503,-1.47,48,1,954.0,1
477253,10504,1.11,52,2,942.0,1
477315,10505,2.65,62,3,979.1,1
477353,10506,-3.15,38,1,540.3,1
477417,10507,0.41,64,2,955.3,1
477474,10508,0.89,57,2,1030.6,1
477508,10509,-3.20,34,1,309.5,1
477556,10510,-1.74,48,2,789.6,1
477607,10511,0.97,51,2,815.6,1
477625,10512,-6.02,18,1,172.0,1
477700,10513,27.15,75,4,1279.0,0
477761,10514,0.69,61,2,808.2,1
477819,10515,1.69,58,2,950.5,1
477857,10516,-2.53,38,1,448.6,1
477903,10517,2.55,46,3,891.1,1
477952,10518,1.21,49,3,890.6,1
478002,10519,1.09,50,3,872.7,1
478059,10520,1.14,57,2,855.4,1
478094,10521,-2.01,35,2,462.6,1
478117,10522,-4.58,23,1,247.7,1
478179,10523,5.00,62,3,1082.8,1
478243,10524,2.06,64,2,1064.6,1
478282,10525,-1.49,39,2,652.3,1
478338,10526,0.10,56,2,930.6,1
478365,10527,-2.86,27,1,476.5,1
478430,10528,1.44,65,2,798.7,1
478481,10529,-0.80,51,2,917.8,1
478539,10530,-0.65,58,2,848.5,1
478605,10531,2.78,66,2,786.4,1
478625,10532,-4.41,20,1,265.0,1
478644,10533,-5.53,19,1,157.9,1
478698,10534,0.10,54,2,941.9,1
478752,10535,-0.09,54,2,840.0,1
478817,10536,3.91,65,3,1089.7,1
478849,10537,-3.95,32,1,514.5,1
478912,10538,0.61,63,2,784.2,1
478956,10539,-2.11,44,2,664.5,1
478993,10540,-3.66,37,1,461.6,1
479026,10541,-4.01,33,1,461.4,1
479074,10542,1.05,48,2,821.7,1
479135,10543,-0.92,61,2,854.4,1
479162,10544,-4.05,27,1,270.9,1
479200,10545,-3.02,38,1,473.2,1
479257,10546,-0.82,57,2,837.0,1
479290,10547,-3.49,33,1,450.0,1
479325,10548,-1.06,35,2,623.4,1
479346,10549,-4.99,21,1,220.5,1
479380,10550,-3.30,34,1,323.3,1
479422,10551,0.09,42,2,641.7,1
479470,10552,-0.11,48,2,756.7,1
479501,10553,-3.83,31,1,477.9,1
479563,10554,2.56,62,3,1076.0,1
479608,10555,-2.34,45,1,491.2,1
479636,10556,-4.24,28,1,462.3,1
479676,10557,0.22,40,2,717.3,1
479730,10558,1.58,54,2,833.3,1
479780,10559,0.40,50,2,894.7,1
479801,10560,-4.36,21,1,287.7,1
479828,10561,-3.37,27,1,420.0,1
479884,10562,0.91,56,2,819.5,1
479943,10563,1.03,59,2,784.8,1
479981,10564,-3.53,38,2,529.0,1
480012,10565,-4.61,31,1,506.1,1
480067,10566,1.79,55,2,1073.6,1
480121,10567,0.61,54,2,821.0,1
480176,10568,-0.51,55,2,797.1,1
480354,10569,-4.04,178,3,424.5,1
480386,10570,-2.56,32,1,479.4,1
480420,10571,-3.32,34,1,437.4,1
480444,10572,-5.33,24,1,207.3,1
480509,10573,23.74,65,3,1278.2,0
480567,10574,1.04,58,2,893.8,1
480614,10575,-2.07,47,1,751.7,1
480667,10576,0.89,53,2,886.4,1
480694,10577,-4.01,27,1,339.5,1
480753,10578,-0.49,59,2,873.3,1
480809,10579,1.11,56,2,903.3,1
480847,10580,-2.31,38,2,653.3,1
480885,10581,-2.62,38,1,516.4,1
480920,10582,-2.33,35,2,577.4,1
480947,10583,-5.00,27,1,458.4,1
481012,10584,4.61,65,4,1097.6,1
481068,10585,0.74,56,3,882.6,1
481121,10586,0.65,53,2,833.7,1
481157,10587,-1.34,36,2,546.1,1
481213,10588,0.14,56,2,836.7,1
481266,10589,-0.40,53,2,866.5,1
481350,10590,0.88,84,2,787.8,1
481380,10591,-5.64,30,0,472.0,1
481437,10592,-0.50,57,2,815.7,1
481477,10593,-2.28,40,2,614.7,1
481519,10594,0.52,42,3,910.9,1
481570,10595,1.00,51,2,917.6,1
481614,10596,-1.06,44,2,787.0,1
481664,10597,-0.76,50,2,903.4,1
481724,10598,1.70,60,3,851.4,1
481778,10599,-0.67,54,2,880.3,1
481832,10600,-1.38,54,2,821.2,1
481864,10601,-5.11,32,0,579.3,1
481904,10602,-1.35,40,2,533.9,1
481926,10603,-3.93,22,1,295.9,1
481971,10604,-3.11,45,1,694.0,1
482028,10605,0.98,57,2,794.3,1
482056,10606,-3.86,28,1,377.5,1
482096,10607,-1.87,40,2,582.9,1
482127,10608,-3.30,31,1,345.5,1
482150,10609,-4.06,23,1,346.4,1
482177,10610,-2.84,27,2,442.0,1
482207,10611,-4.69,30,0,589.7,1
482240,10612,-3.99,33,1,383.6,1
482266,10613,-4.09,26,1,531.4,1
482300,10614,-2.71,34,1,538.5,1
482334,10615,-3.60,34,1,437.4,1
482362,10616,-3.42,28,1,466.2,1
482394,10617,-2.85,32,1,529.8,1
482443,10618,-1.63,49,1,763.3,1
482502,10619,1.17,59,2,891.0,1
482537,10620,-3.06,35,2,568.3,1
482571,10621,-2.68,34,2,353.6,1
482633,10622,1.05,62,2,887.9,1
482660,10623,-3.78,27,1,325.0,1
482719,10624,0.64,59,2,914.4,1
482775,10625,-1.00,56,2,883.3,1
482803,10626,-4.50,28,1,271.9,1
482858,10627,2.03,55,3,859.8,1
482884,10628,-3.92,26,1,320.3,1
482942,10629,0.13,58,3,790.4,1
483007,10630,2.47,65,3,955.6,1
483031,10631,-3.82,24,1,271.1,1
483085,10632,1.25,54,2,952.3,1
483137,10633,-0.36,52,2,966.9,1
483189,10634,0.49,52,2,923.6,1
483222,10635,-2.55,33,2,344.8,1
483242,10636,-5.42,20,1,190.3,1
483299,10637,2.00,57,3,1010.4,1
483357,10638,0.68,58,2,852.8,1
483408,10639,-0.74,51,2,682.8,1
483466,10640,0.90,58,2,774.8,1
483506,10641,-3.79,40,1,493.0,1
483539,10642,-3.50,33,1,456.5,1
483595,10643,2.30,56,3,922.6,1
483628,10644,-3.44,33,1,471.7,1
483661,10645,-2.57,33,1,412.4,1
483720,10646,1.76,59,3,988.3,1
483747,10647,-2.71,27,2,381.8,1
483846,10648,27.60,99,4,1278.8,0
483866,10649,-5.20,20,1,170.2,1
483936,10650,27.49,70,4,1277.1,0
483994,10651,3.50,58,3,1022.5,1
484052,10652,1.85,58,2,992.7,1
484088,10653,-2.88,36,1,462.5,1
484143,10654,1.53,55,2,882.6,1
484195,10655,0.34,52,2,923.8,1
484256,10656,3.95,61,3,863.3,1
484321,10657,3.04,65,3,942.4,1
484373,10658,-0.64,52,2,820.3,1
484409,10659,-3.29,36,2,357.5,1
484442,10660,-3.15,33,1,451.3,1
484510,10661,4.67,68,3,866.0,1
484553,10662,-3.50,43,1,513.7,1
484581,10663,-3.33,28,1,478.8,1
484633,10664,-1.56,52,2,828.6,1
484661,10665,-6.58,28,0,218.0,1
484697,10666,-3.36,36,1,456.4,1
484750,10667,-0.03,53,2,868.6,1
484792,10668,-1.41,42,2,548.9,1
484856,10669,-0.69,64,2,968.4,1
484919,10670,1.28,63,2,845.3,1
484976,10671,0.31,57,2,838.9,1
485012,10672,-3.40,36,1,428.8,1
485069,10673,1.12,57,2,852.1,1
485098,10674,-3.33,29,1,380.5,1
485121,10675,-5.78,23,1,150.4,1
485154,10676,-2.58,33,1,427.1,1
485189,10677,-1.39,35,2,491.0,1
485240,10678,-0.76,51,2,686.9,1
485274,10679,-3.08,34,2,281.6,1
485307,10680,-3.67,33,1,485.1,1
485367,10681,1.39,60,2,811.8,1
485420,10682,-2.23,53,2,686.3,1
485462,10683,-2.51,42,1,828.3,1
485520,10684,0.47,58,2,739.6,1
485574,10685,0.79,54,2,847.6,1
485633,10686,1.49,59,2,975.3,1
485665,10687,-2.64,32,1,540.9,1
485699,10688,-3.10,34,1,485.0,1
485763,10689,2.59,64,2,966.1,1
485797,10690,-1.59,34,2,347.4,1
485840,10691,-1.76,43,2,545.7,1
485886,10692,-1.92,46,2,824.0,1
485942,10693,0.27,56,2,854.3,1
485984,10694,-2.01,42,1,469.0,1
486020,10695,-2.72,36,2,345.2,1
486075,10696,0.73,55,2,897.6,1
486108,10697,-3.64,33,1,456.8,1
486142,10698,-3.80,34,1,470.4,1
486178,10699,-1.93,36,1,429.7,1
486209,10700,-3.56,31,1,395.7,1
486259,10701,0.21,50,3,926.2,1
486318,10702,2.41,59,3,1012.4,1
486370,10703,1.45,52,2,878.5,1
486442,10704,1.05,72,2,740.5,1
486498,10705,0.01,56,2,918.5,1
486553,10706,-1.25,55,2,840.6,1
486581,10707,-2.96,28,1,415.9,1
486627,10708,1.25,46,3,787.5,1
486656,10709,-4.41,29,1,250.7,1
486715,10710,1.25,59,3,806.2,1
486760,10711,-3.11,45,1,716.6,1
486813,10712,0.84,53,2,849.4,1
486868,10713,3.22,55,3,1011.6,1
486925,10714,0.93,57,2,863.6,1
486955,10715,-3.70,30,1,449.4,1
487017,10716,3.51,62,3,969.6,1
487075,10717,0.24,58,2,847.2,1
487136,10718,0.86,61,2,832.8,1
487157,10719,-4.29,21,1,252.7,1
487215,10720,2.74,58,3,921.9,1
487271,10721,1.05,56,2,844.9,1
487309,10722,-1.98,38,1,472.8,1
487342,10723,-3.41,33,1,449.8,1
487393,10724,0.58,51,2,958.6,1
487432,10725,-3.12,39,1,429.2,1
487484,10726,0.39,52,2,912.4,1
487536,10727,0.19,52,2,757.6,1
487595,10728,0.33,59,2,726.1,1
487654,10729,2.59,59,2,829.7,1
487678,10730,-3.33,24,1,362.5,1
487714,10731,-3.49,36,1,467.6,1
487747,10732,-1.86,33,2,554.9,1
487801,10733,2.46,54,3,835.1,1
487860,10734,-0.04,59,2,753.0,1
487893,10735,-4.16,33,1,468.3,1
487945,10736,0.25,52,2,901.8,1
487992,10737,0.28,47,3,862.3,1
488056,10738,3.43,64,3,906.6,1
488080,10739,-4.60,24,1,261.6,1
488110,10740,-3.08,30,1,487.9,1
488160,10741,0.91,50,2,836.1,1
488215,10742,1.45,55,2,840.7,1
488251,10743,-3.74,36,1,463.5,1
488304,10744,0.32,53,3,880.3,1
488330,10745,-4.77,26,1,238.6,1
488358,10746,-3.09,28,1,411.6,1
488420,10747,1.47,62,2,845.2,1
488452,10748,-5.04,32,0,426.3,1
488479,10749,-4.16,27,1,460.5,1
488516,10750,-2.09,37,1,508.4,1
488568,10751,1.48,52,2,877.9,1
488631,10752,0.51,63,3,949.1,1
488698,10753,3.05,67,3,1029.5,1
488753,10754,1.46,55,2,896.4,1
488811,10755,0.16,58,2,867.8,1
488869,10756,-1.47,58,1,811.3,1
488918,10757,-0.61,49,2,907.2,1
488946,10758,-5.34,28,0,464.9,1
488994,10759,1.12,48,2,669.5,1
489021,10760,-3.58,27,1,483.7,1
489079,10761,1.19,58,2,810.4,1
489114,10762,-2.90,35,1,463.1,1
489190,10763,1.04,76,2,840.1,1
489252,10764,2.03,62,2,949.3,1
489294,10765,-0.51,42,2,652.9,1
489351,10766,1.37,57,2,847.5,1
489407,10767,1.92,56,3,990.7,1
489453,10768,0.98,46,2,805.2,1
489483,10769,-3.76,30,2,457.0,1
489526,10770,-0.92,43,2,731.2,1
489585,10771,2.02,59,2,807.4,1
489619,10772,-1.68,34,2,345.3,1
489662,10773,-2.40,43,1,652.2,1
489698,10774,-2.44,36,1,463.6,1
489774,10775,0.33,76,2,848.0,1
489840,10776,4.63,66,3,1093.6,1
489874,10777,-3.67,34,1,466.1,1
489906,10778,-2.71,32,1,484.1,1
489936,10779,-5.89,30,0,461.2,1
490000,10780,2.79,64,2,949.7,1
490035,10781,-2.60,35,1,501.8,1
490092,10782,0.84,57,2,842.7,1
490157,10783,2.01,65,3,881.0,1
490215,10784,1.35,58,2,803.4,1
490248,10785,-2.85,33,1,449.7,1
490310,10786,2.42,62,2,1062.9,1
490360,10787,0.99,50,2,916.0,1
490392,10788,-2.93,32,1,473.9,1
490444,10789,1.83,52,2,876.5,1
490481,10790,-3.57,37,1,485.0,1
490529,10791,0.76,48,2,755.8,1
490564,10792,-0.29,35,3,605.6,1
490587,10793,-4.96,23,1,214.9,1
490619,10794,-3.67,32,1,639.2,1
490653,10795,-4.02,34,1,303.9,1
490713,10796,1.30,60,2,914.4,1
490772,10797,1.18,59,2,857.4,1
490818,10798,-0.39,46,2,926.6,1
490872,10799,1.24,54,2,918.3,1
490934,10800,1.64,62,2,1021.5,1
490989,10801,0.10,55,2,835.0,1
491026,10802,-3.41,37,1,483.2,1
491060,10803,-3.85,34,1,326.3,1
491093,10804,-3.18,33,1,431.0,1
491159,10805,1.68,66,2,925.1,1
491207,10806,-0.23,48,2,631.0,1
491239,10807,-2.24,32,2,394.4,1
491293,10808,3.08,54,3,1031.6,1
491325,10809,-3.52,32,1,441.3,1
491379,10810,-0.51,54,2,893.6,1
491413,10811,-3.23,34,1,452.1,1
491461,10812,0.72,48,2,788.5,1
491495,10813,-2.66,34,1,465.4,1
491562,10814,2.92,67,3,871.9,1
491618,10815,0.72,56,2,782.8,1
491682,10816,4.37,64,3,998.7,1
491747,10817,5.25,65,3,1028.4,1
491771,10818,-4.16,24,1,254.3,1
491793,10819,-3.62,22,1,306.5,1
491815,10820,-4.25,22,1,201.1,1
491865,10821,0.04,50,2,882.8,1
491926,10822,1.47,61,3,998.4,1
491978,10823,0.45,52,2,837.0,1
492036,10824,1.82,58,2,987.8,1
492092,10825,-0.10,56,2,760.7,1
492133,10826,-2.50,41,2,622.5,1
492162,10827,-3.20,29,1,378.5,1
492194,10828,-2.57,32,1,473.8,1
492256,10829,1.01,62,2,635.9,1
492300,10830,-2.30,44,2,518.6,1
492362,10831,0.22,62,2,828.4,1
492405,10832,-0.03,43,2,841.0,1
492437,10833,-2.88,32,1,489.4,1
492507,10834,1.74,70,2,818.1,1
492569,10835,3.13,62,3,941.1,1
492607,10836,-2.25,38,2,529.5,1
492672,10837,2.66,65,2,954.1,1
492724,10838,-0.30,52,2,752.7,1
492780,10839,1.14,56,2,910.9,1
492836,10840,0.71,56,2,837.5,1
492871,10841,-1.54,35,2,553.1,1
492892,10842,-4.05,21,1,249.3,1
492954,10843,-0.92,62,2,992.0,1
492999,10844,-0.35,45,2,872.3,1
493065,10845,3.14,66,3,965.2,1
493093,10846,-3.21,28,1,467.9,1
493131,10847,-0.15,38,2,760.9,1
493184,10848,0.86,53,2,732.9,1
493238,10849,-0.57,54,2,947.0,1
493303,10850,1.36,65,3,939.5,1
493353,10851,0.64,50,2,864.3,1
493400,10852,0.11,47,2,688.0,1
493430,10853,-2.72,30,1,482.2,1
493492,10854,3.00,62,3,920.2,1
493545,10855,1.85,53,2,826.8,1
493600,10856,1.52,55,2,1010.5,1
493632,10857,-1.84,32,2,511.1,1
493659,10858,-3.00,27,2,336.3,1
493703,10859,-1.36,44,2,618.8,1
493753,10860,1.59,50,2,812.0,1
493813,10861,4.09,60,3,1104.3,1
493866,10862,-1.99,53,2,862.8,1
493899,10863,-3.08,33,1,422.1,1
493951,10864,0.12,52,2,968.8,1
494004,10865,2.79,53,3,811.9,1
494059,10866,1.90,55,2,889.9,1
494104,10867,-4.02,45,1,422.3,1
494164,10868,2.23,60,3,1028.4,1
494222,10869,1.87,58,2,1079.5,1
494257,10870,-1.43,35,2,594.9,1
494307,10871,0.59,50,2,875.1,1
494352,10872,1.21,45,2,830.6,1
494402,10873,-0.59,50,2,734.7,1
494448,10874,-0.67,46,2,826.9,1
494495,10875,0.01,47,2,704.8,1
494527,10876,-2.72,32,1,561.0,1
494570,10877,1.24,43,2,848.0,1
494617,10878,-0.77,47,2,858.2,1
494683,10879,5.95,66,3,1057.3,1
494750,10880,3.26,67,3,1056.8,1
494811,10881,-2.14,61,2,999.4,1
494861,10882,1.23,50,2,901.7,1
494913,10883,1.09,52,2,893.8,1
494946,10884,-3.92,33,1,475.0,1
494974,10885,-3.43,28,1,471.9,1
495047,10886,2.72,73,2,834.3,1
495099,10887,1.53,52,3,930.0,1
495157,10888,3.03,58,3,957.6,1
495207,10889,-0.69,50,2,919.6,1
495256,10890,-1.35,49,3,870.6,1
495306,10891,0.58,50,2,865.6,1
495331,10892,-4.13,25,1,281.4,1
495373,10893,-2.58,42,2,558.7,1
495408,10894,-2.69,35,1,480.2,1
495442,10895,-3.15,34,1,445.7,1
495490,10896,1.12,48,2,832.8,1
495512,10897,-3.89,22,1,241.3,1
495544,10898,-4.31,32,1,500.0,1
495585,10899,-2.88,41,1,522.3,1
495638,10900,0.82,53,3,904.7,1
495692,10901,1.59,54,3,950.9,1
495715,10902,-5.55,23,1,288.6,1
495739,10903,-4.07,24,2,305.1,1
495771,10904,-2.85,32,1,511.3,1
495818,10905,0.21,47,3,947.8,1
495874,10906,2.44,56,3,922.7,1
495920,10907,0.87,46,2,725.7,1
495944,10908,-4.24,24,1,276.7,1
496000,10909,-0.13,56,2,842.7,1
496052,10910,0.33,52,2,887.7,1
496107,10911,1.96,55,3,971.4,1
496162,10912,4.23,55,3,1057.2,1
496214,10913,0.65,52,2,901.7,1
496248,10914,-2.95,34,2,322.1,1
496273,10915,-4.02,25,1,279.8,1
496318,10916,-0.68,45,2,822.0,1
496351,10917,-3.09,33,1,437.1,1
496410,10918,3.54,59,3,1010.7,1
496475,10919,2.85,65,3,845.1,1
496528,10920,3.27,53,3,929.5,1
496554,10921,-3.22,26,1,466.5,1
496606,10922,0.30,52,2,958.2,1
496667,10923,1.72,61,3,912.7,1
496718,10924,3.76,51,3,892.8,1
496783,10925,2.80,65,3,901.7,1
496849,10926,2.15,66,3,832.9,1
496904,10927,-0.12,55,2,874.1,1
497168,10928,31.16,264,6,1280.7,0
497215,10929,-0.43,47,2,804.9,1
497261,10930,1.95,46,3,884.4,1
497319,10931,-0.52,58,2,944.9,1
497371,10932,-0.35,52,2,1006.4,1
497422,10933,0.54,51,2,905.6,1
497481,10934,0.62,59,3,837.9,1
497533,10935,-1.02,52,3,997.5,1
497582,10936,0.60,49,2,747.3,1
497644,10937,4.32,62,3,1039.8,1
497701,10938,0.45,57,2,992.3,1
497751,10939,0.08,50,2,899.0,1
497789,10940,-3.06,38,1,463.2,1
497845,10941,1.20,56,3,890.7,1
497881,10942,-2.83,36,1,513.2,1
497939,10943,1.91,58,2,820.9,1
498003,10944,2.15,64,2,800.9,1
498055,10945,1.45,52,3,906.1,1
498087,10946,-2.87,32,1,481.7,1
498152,10947,2.09,65,2,935.0,1
498211,10948,-0.01,59,2,846.4,1
498267,10949,1.29,56,2,820.6,1
498309,10950,-2.32,42,1,430.2,1
498336,10951,-2.87,27,1,456.1,1
498401,10952,2.28,65,2,834.7,1
498657,10953,29.58,256,6,1278.1,0
498725,10954,4.94,68,3,1042.3,1
498755,10955,-5.32,30,0,481.0,1
498805,10956,0.21,50,2,830.4,1
498871,10957,5.95,66,3,1002.9,1
498909,10958,-3.64,38,1,434.8,1
498965,10959,2.38,56,2,845.9,1
498987,10960,-3.82,22,1,324.8,1
499020,10961,-5.05,33,0,429.9,1
499041,10962,-7.32,21,0,159.2,1
499094,10963,2.47,53,4,901.9,1
499144,10964,0.89,50,2,881.7,1
499198,10965,1.49,54,2,924.4,1
499252,10966,0.77,54,3,888.8,1
499281,10967,-3.51,29,1,455.1,1
499323,10968,-4.00,42,1,879.0,1
499374,10969,0.15,51,3,844.5,1
499432,10970,3.12,58,3,1087.3,1
499487,10971,2.35,55,2,1040.2,1
499542,10972,0.75,55,3,940.1,1
499596,10973,1.34,54,3,835.3,1
499650,10974,1.15,54,2,879.1,1
499714,10975,1.72,64,2,808.8,1
499749,10976,-2.76,35,1,519.6,1
499799,10977,0.08,50,2,875.7,1
499820,10978,-4.97,21,1,219.0,1
499868,10979,0.22,48,2,721.1,1
499939,10980,2.63,71,3,1007.5,1
499973,10981,-2.51,34,1,510.1,1
500005,10982,-2.76,32,1,507.6,1
500035,10983,-5.04,30,0,478.7,1
500099,10984,0.58,64,2,782.4,1
500158,10985,3.34,59,2,833.9,1
500223,10986,4.87,65,3,1147.8,1
500289,10987,4.35,66,3,947.5,1
500348,10988,0.37,59,2,817.5,1
500382,10989,-5.28,34,0,507.2,1
500403,10990,-6.83,21,0,374.8,1
500437,10991,-4.24,34,1,343.6,1
500468,10992,-4.27,31,1,384.0,1
500533,10993,2.67,65,2,819.0,1
500621,10994,3.40,88,3,1147.0,1
500680,10995,1.76,59,3,956.3,1
500714,10996,-3.27,34,1,341.2,1
500743,10997,-2.30,29,2,442.2,1
500767,10998,-4.17,24,1,286.2,1
500804,10999,-3.21,37,1,467.1,1
500838,11000,-3.19,34,1,318.7,1
500898,11001,-0.35,60,2,615.5,1
500957,11002,-1.09,59,2,872.2,1
500994,11003,-1.28,37,2,554.8,1
501059,11004,4.76,65,3,1093.2,1
501113,11005,1.30,54,3,896.7,1
501150,11006,-1.41,37,2,544.2,1
501182,11007,-4.42,32,1,488.0,1
501231,11008,-1.20,49,2,859.3,1
501286,11009,-0.58,55,2,953.6,1
501342,11010,0.01,56,2,809.8,1
501391,11011,1.04,49,3,981.1,1
501461,11012,2.49,70,2,761.0,1
501512,11013,-1.04,51,3,864.3,1
501537,11014,-4.76,25,1,494.4,1
501612,11015,2.81,75,3,1012.6,1
501671,11016,3.01,59,3,982.7,1
501703,11017,-5.15,32,0,382.3,1
501753,11018,-2.16,50,1,660.7,1
501808,11019,0.45,55,3,933.0,1
501842,11020,-3.97,34,1,307.9,1
501866,11021,-7.33,24,0,199.0,1
501888,11022,-4.66,22,1,229.4,1
501951,11023,3.39,63,3,808.4,1
502004,11024,-1.44,53,2,829.0,1
502039,11025,-1.62,35,2,538.3,1
502075,11026,-3.26,36,1,511.9,1
502110,11027,-4.01,35,1,461.8,1
502176,11028,1.32,66,2,873.5,1
502235,11029,3.01,59,3,902.1,1
502291,11030,0.96,56,2,948.6,1
502350,11031,0.82,59,2,912.8,1
502391,11032,-3.41,41,1,464.5,1
502458,11033,2.67,67,3,1016.8,1
502487,11034,-3.68,29,1,306.4,1
502551,11035,1.50,64,2,778.5,1
502607,11036,-0.57,56,2,818.4,1
502642,11037,-2.76,35,1,495.5,1
502672,11038,-3.71,30,1,498.7,1
502695,11039,-4.35,23,1,241.1,1
502754,11040,0.73,59,2,831.5,1
502809,11041,-0.17,55,2,885.2,1
502858,11042,-0.35,49,2,902.0,1
502883,11043,-3.22,25,1,366.2,1
502948,11044,4.12,65,3,1010.7,1
502981,11045,-2.92,33,1,469.0,1
503046,11046,4.24,65,3,1101.9,1
503101,11047,2.81,55,3,936.1,1
503164,11048,0.11,63,2,886.8,1
503229,11049,1.19,65,2,905.5,1
503294,11050,1.03,65,2,838.2,1
503328,11051,-3.74,34,1,312.4,1
503357,11052,-3.96,29,1,293.7,1
503414,11053,0.85,57,2,834.2,1
503440,11054,-3.59,26,1,301.6,1
503487,11055,-0.17,47,2,605.2,1
503506,11056,-5.39,19,1,176.5,1
503571,11057,2.49,65,3,884.3,1
503631,11058,1.52,60,3,806.6,1
503679,11059,0.70,48,2,817.3,1
503738,11060,0.83,59,2,877.1,1
503784,11061,-1.11,46,2,637.0,1
503848,11062,2.10,64,3,978.7,1
503902,11063,-0.48,54,2,894.5,1
503963,11064,2.63,61,2,834.2,1
504028,11065,4.25,65,3,949.0,1
504097,11066,1.53,69,3,911.4,1
504150,11067,0.87,53,2,709.4,1
504207,11068,0.19,57,2,931.1,1
504269,11069,2.01,62,3,940.5,1
504319,11070,-0.92,50,2,871.8,1
504374,11071,0.90,55,2,850.8,1
504428,11072,2.14,54,4,860.5,1
504456,11073,-4.37,28,1,202.7,1
504487,11074,-6.29,31,0,364.6,1
504552,11075,2.63,65,3,1051.9,1
504607,11076,1.19,55,2,851.4,1
504665,11077,1.21,58,3,885.8,1
504732,11078,4.77,67,3,1188.6,1
504790,11079,0.81,58,3,846.4,1
504838,11080,-0.84,48,2,855.0,1
504894,11081,0.72,56,2,851.8,1
504947,11082,0.46,53,2,807.9,1
504994,11083,-0.61,47,2,766.4,1
505049,11084,2.52,55,3,964.8,1
505106,11085,1.20,57,3,902.5,1
505154,11086,-0.23,48,2,829.1,1
505216,11087,2.50,62,3,969.9,1
505268,11088,-0.24,52,2,763.1,1
505301,11089,-3.46,33,1,463.5,1
505334,11090,-2.08,33,2,588.0,1
505389,11091,0.77,55,2,784.1,1
505454,11092,0.82,65,2,909.6,1
505510,11093,1.40,56,3,976.3,1
505557,11094,-2.45,47,2,771.0,1
505600,11095,-1.59,43,2,600.6,1
505627,11096,-4.10,27,1,256.2,1
505664,11097,-3.85,37,1,471.1,1
505715,11098,0.14,51,3,904.0,1
505745,11099,-3.24,30,1,476.5,1
505811,11100,5.19,66,3,1112.6,1
505862,11101,-0.30,51,2,870.4,1
505908,11102,1.83,46,3,876.5,1
505970,11103,2.62,62,3,1092.8,1
506036,11104,3.31,66,2,841.5,1
506102,11105,2.64,66,3,1021.3,1
506127,11106,-2.84,25,2,282.4,1
506178,11107,0.85,51,2,869.1,1
506244,11108,5.01,66,3,1075.6,1
506279,11109,-3.99,35,1,470.9,1
506353,11110,0.09,74,2,1024.6,1
506407,11111,0.16,54,2,862.7,1
506441,11112,-2.70,34,1,516.2,1
506473,11113,-3.07,32,1,472.2,1
506527,11114,2.21,54,3,960.0,1
506563,11115,-1.96,36,2,454.3,1
506611,11116,0.54,48,2,759.7,1
506670,11117,0.66,59,2,897.7,1
506736,11118,4.49,66,3,1124.1,1
506759,11119,-4.57,23,1,199.1,1
506812,11120,2.40,53,2,788.1,1
506841,11121,-3.91,29,1,516.1,1
506886,11122,-3.19,45,2,731.1,1
506942,11123,0.82,56,2,813.9,1
507001,11124,0.22,59,2,866.0,1
507056,11125,1.17,55,3,989.5,1
507104,11126,-1.28,48,2,700.4,1
507167,11127,1.12,63,3,919.0,1
507187,11128,-4.40,20,1,251.1,1
507249,11129,4.70,62,3,911.5,1
507304,11130,2.70,55,2,895.0,1
507332,11131,-4.15,28,1,346.7,1
507384,11132,0.06,52,2,813.5,1
507434,11133,-1.22,50,2,624.3,1
507467,11134,-3.84,33,1,450.3,1
507519,11135,-0.14,52,2,992.4,1
507555,11136,-3.25,36,1,453.8,1
507621,11137,4.25,66,3,1043.9,1
507675,11138,0.94,54,2,807.2,1
507731,11139,2.24,56,3,834.9,1
507789,11140,2.55,58,3,904.6,1
507828,11141,-3.43,39,1,473.6,1
507875,11142,0.27,47,2,726.0,1
507914,11143,-0.44,39,2,673.4,1
507972,11144,1.52,58,3,911.9,1
508031,11145,0.12,59,2,637.0,1
508085,11146,1.25,54,3,972.2,1
508111,11147,-5.58,26,1,412.4,1
508141,11148,-3.14,30,1,416.1,1
508196,11149,0.21,55,2,822.0,1
508239,11150,-1.39,43,2,707.6,1
508266,11151,-2.97,27,1,411.5,1
508330,11152,1.59,64,3,918.5,1
508394,11153,2.39,64,3,927.6,1
508417,11154,-4.74,23,1,211.8,1
508477,11155,0.43,60,2,857.9,1
508516,11156,-1.25,39,2,700.9,1
508584,11157,28.49,68,4,1278.9,0
508616,11158,-2.20,32,2,512.1,1
508670,11159,0.36,54,2,782.5,1
508697,11160,-3.49,27,1,443.5,1
508722,11161,-3.15,25,1,380.7,1
508778,11162,1.93,56,3,835.9,1
508826,11163,-0.20,48,1,837.3,1
508881,11164,0.62,55,3,845.3,1
508923,11165,-1.18,42,2,742.1,1
508969,11166,-2.45,46,1,632.0,1
509030,11167,0.87,61,3,821.8,1
509063,11168,-3.87,33,1,468.5,1
509119,11169,1.22,56,3,902.2,1
509166,11170,0.85,47,2,918.6,1
509187,11171,-4.87,21,0,344.1,1
509241,11172,-0.19,54,2,983.5,1
509298,11173,0.69,57,2,817.4,1
509325,11174,-3.63,27,1,334.8,1
509348,11175,-5.61,23,0,467.4,1
509404,11176,0.90,56,2,888.1,1
509459,11177,1.55,55,3,891.0,1
509523,11178,1.25,64,3,983.4,1
509578,11179,0.23,55,2,855.6,1
509633,11180,-1.32,55,2,807.4,1
509687,11181,0.88,54,2,817.2,1
509744,11182,3.35,57,3,972.2,1
509787,11183,-3.33,43,2,603.4,1
509834,11184,-1.00,47,2,788.2,1
509860,11185,-4.37,26,1,270.7,1
509912,11186,0.44,52,2,950.4,1
509967,11187,0.47,55,2,853.9,1
510049,11188,28.60,82,4,1278.1,0
510086,11189,-1.00,37,2,682.9,1
510132,11190,-5.71,46,1,235.6,1
510189,11191,0.80,57,2,839.4,1
510248,11192,0.64,59,2,857.7,1
510275,11193,-4.70,27,1,321.7,1
510302,11194,-3.06,27,1,481.8,1
510360,11195,-0.88,58,2,1040.8,1
510413,11196,0.26,53,2,782.2,1
510468,11197,0.32,55,2,918.9,1
510514,11198,-1.76,46,1,760.3,1
510590,11199,2.09,76,2,848.5,1
510648,11200,0.98,58,2,795.0,1
510699,11201,1.27,51,3,849.8,1
510750,11202,0.93,51,3,871.6,1
510806,11203,-0.02,56,2,805.7,1
510845,11204,-3.40,39,1,551.7,1
510901,11205,0.92,56,2,867.2,1
510966,11206,1.82,65,2,745.1,1
511002,11207,-3.13,36,1,459.9,1
511058,11208,1.42,56,3,970.1,1
511117,11209,3.15,59,3,929.4,1
511169,11210,0.91,52,2,891.2,1
511191,11211,-5.13,22,1,234.6,1
511257,11212,1.76,66,2,1054.1,1
511282,11213,-5.45,25,1,251.7,1
511339,11214,-0.43,57,2,873.7,1
511371,11215,-1.88,32,2,498.9,1
511403,11216,-3.29,32,1,535.8,1
511473,11217,2.41,70,3,773.1,1
511531,11218,1.46,58,2,908.0,1
511576,11219,0.99,45,2,643.3,1
511606,11220,-4.15,30,1,345.5,1
511663,11221,0.48,57,2,843.1,1
511725,11222,1.30,62,2,1062.0,1
511754,11223,-3.44,29,1,313.5,1
511810,11224,0.95,56,2,819.2,1
511843,11225,-3.66,33,1,462.2,1
511864,11226,-4.10,21,1,248.4,1
511925,11227,-0.19,61,2,787.5,1
511958,11228,-1.76,33,2,594.1,1
511998,11229,-3.44,40,1,623.1,1
512025,11230,-3.48,27,1,286.5,1
512087,11231,1.34,62,2,834.2,1
512141,11232,0.66,54,2,868.4,1
512173,11233,-5.30,32,1,470.8,1
512196,11234,-5.55,23,1,239.9,1
512230,11235,-4.20,34,1,325.9,1
512257,11236,-3.58,27,1,321.2,1
512321,11237,0.24,64,2,874.7,1
512375,11238,1.48,54,3,791.3,1
512437,11239,0.50,62,2,978.7,1
512479,11240,-1.99,42,2,550.0,1
512541,11241,0.98,62,2,948.9,1
512595,11242,-0.05,54,2,830.7,1
512632,11243,-2.93,37,1,481.4,1
512668,11244,-2.27,36,1,458.2,1
512728,11245,2.88,60,3,926.7,1
512798,11246,4.01,70,3,987.3,1
512835,11247,-2.89,37,2,552.6,1
512906,11248,3.52,71,3,1060.3,1
512965,11249,2.61,59,3,1050.2,1
513026,11250,1.54,61,2,1015.4,1
513104,11251,-4.43,78,3,800.4,1
513134,11252,-3.05,30,1,455.8,1
513169,11253,-2.09,35,2,608.0,1
513194,11254,-4.69,25,1,208.6,1
513250,11255,0.05,56,2,1049.8,1
513308,11256,-0.50,58,2,961.7,1
513361,11257,0.50,53,2,791.1,1
513410,11258,-1.02,49,2,723.9,1
513486,11259,3.37,76,3,1060.5,1
513520,11260,-3.88,34,1,327.8,1
513586,11261,3.28,66,3,1086.6,1
513637,11262,0.41,51,2,878.5,1
513695,11263,1.48,58,2,868.5,1
513729,11264,-2.30,34,2,493.7,1
513791,11265,2.92,62,3,951.3,1
513823,11266,-3.25,32,1,642.0,1
513884,11267,0.05,61,2,782.9,1
513920,11268,-2.04,36,2,519.1,1
513975,11269,-0.58,55,2,884.7,1
514038,11270,0.11,63,2,915.7,1
514070,11271,-2.50,32,2,436.3,1
514094,11272,-4.41,24,1,275.2,1
514154,11273,0.43,60,2,762.1,1
514220,11274,2.14,66,3,918.1,1
514282,11275,0.06,62,2,838.9,1
514339,11276,1.39,57,3,934.3,1
514404,11277,2.18,65,3,883.2,1
514439,11278,-3.48,35,1,324.6,1
514493,11279,2.52,54,3,904.9,1
514532,11280,-0.97,39,2,471.7,1
514566,11281,-3.21,34,1,464.8,1
514618,11282,-0.46,52,2,945.1,1
514635,11283,-5.33,17,1,165.6,1
514682,11284,0.62,47,2,833.9,1
514736,11285,1.27,54,3,854.5,1
514756,11286,-5.02,20,1,214.6,1
514801,11287,-1.27,45,1,749.0,1
514829,11288,-2.95,28,2,519.8,1
514867,11289,-5.72,38,0,479.2,1
514923,11290,3.19,56,3,947.2,1
514955,11291,-3.00,32,1,489.8,1
515007,11292,0.46,52,2,937.0,1
515076,11293,2.91,69,3,1091.5,1
515109,11294,-3.49,33,1,529.4,1
515157,11295,1.28,48,2,657.7,1
515226,11296,5.29,69,3,1199.9,1
515277,11297,2.14,51,3,847.8,1
515336,11298,0.43,59,2,963.0,1
515384,11299,-2.29,48,2,499.1,1
515434,11300,-0.26,50,2,902.7,1
515484,11301,-0.13,50,2,643.2,1
515549,11302,1.07,65,2,993.6,1
515612,11303,0.99,63,2,828.7,1
515643,11304,-4.02,31,1,305.1,1
515705,11305,3.69,62,3,1004.4,1
515765,11306,1.16,60,3,912.7,1
515802,11307,-5.41,37,0,500.0,1
515868,11308,1.01,66,3,924.1,1
515927,11309,-0.76,59,2,830.7,1
515948,11310,-4.78,21,1,201.2,1
516010,11311,2.98,62,3,842.1,1
516067,11312,-0.26,57,2,812.5,1
516132,11313,2.23,65,3,989.1,1
516188,11314,-1.11,56,1,868.8,1
516241,11315,0.87,53,2,849.2,1
516268,11316,-4.24,27,1,441.1,1
516313,11317,-0.44,45,2,841.0,1
516364,11318,0.62,51,3,852.1,1
516396,11319,-2.90,32,1,447.5,1
516452,11320,-0.09,56,2,844.6,1
516485,11321,-3.98,33,1,464.0,1
516544,11322,2.24,59,2,869.2,1
516572,11323,-4.09,28,1,479.1,1
516627,11324,1.53,55,2,869.3,1
516679,11325,0.54,52,2,932.7,1
516712,11326,-4.04,33,1,495.4,1
516771,11327,2.59,59,3,902.4,1
516826,11328,1.93,55,3,841.3,1
516867,11329,-2.77,41,1,508.9,1
516916,11330,2.03,49,2,726.7,1
517003,11331,3.52,87,3,935.5,1
517055,11332,-1.51,52,2,798.0,1
517090,11333,-1.54,35,2,601.6,1
517143,11334,-1.19,53,2,904.2,1
517208,11335,0.34,65,3,988.3,1
517264,11336,-0.01,56,2,889.4,1
517315,11337,0.17,51,2,811.1,1
517370,11338,1.50,55,2,824.4,1
517454,11339,29.03,84,4,1280.8,0
517515,11340,1.14,61,2,822.8,1
517549,11341,-4.28,34,1,316.8,1
517614,11342,3.34,65,3,848.1,1
517671,11343,1.77,57,3,913.5,1
517729,11344,0.88,58,2,756.1,1
517796,11345,0.49,67,2,803.0,1
517849,11346,3.27,53,3,1025.3,1
517910,11347,0.61,61,2,865.1,1
517950,11348,0.67,40,2,699.0,1
518009,11349,1.62,59,3,974.1,1
518063,11350,1.15,54,2,720.4,1
518125,11351,3.11,62,3,1055.9,1
518170,11352,0.25,45,2,668.1,1
518234,11353,4.60,64,3,1108.9,1
518269,11354,-4.14,35,1,463.7,1
518303,11355,-3.56,34,1,325.3,1
518352,11356,-0.81,49,2,661.3,1
518405,11357,0.96,53,2,855.7,1
518462,11358,-0.21,57,2,854.4,1
518523,11359,3.23,61,3,990.0,1
518585,11360,3.88,62,3,994.8,1
518656,11361,2.25,71,2,781.0,1
518691,11362,-3.20,35,1,586.1,1
518746,11363,-0.50,55,2,833.1,1
518798,11364,-0.12,52,2,692.8,1
518869,11365,4.13,71,3,1035.0,1
518890,11366,-3.26,21,1,297.9,1
518928,11367,-3.88,38,1,479.6,1
518961,11368,-3.57,33,1,447.0,1
519005,11369,-1.37,44,2,877.2,1
519063,11370,0.55,58,2,924.3,1
519122,11371,1.01,59,2,844.3,1
519156,11372,-3.35,34,1,343.8,1
519221,11373,3.69,65,3,1057.4,1
519250,11374,-3.71,29,1,478.5,1
519272,11375,-4.30,22,1,234.5,1
519292,11376,-6.65,20,0,229.2,1
519344,11377,-0.53,52,2,967.0,1
519391,11378,1.57,47,3,849.7,1
519423,11379,-4.45,32,1,473.0,1
519480,11380,2.35,57,3,1023.4,1
519543,11381,2.65,63,3,914.9,1
519596,11382,0.12,53,2,881.1,1
519645,11383,-0.17,49,3,875.5,1
519687,11384,-0.92,42,3,624.8,1
519739,11385,1.68,52,3,867.9,1
519798,11386,2.07,59,2,821.6,1
519823,11387,-4.05,25,1,260.3,1
519875,11388,0.83,52,2,771.8,1
519928,11389,1.37,53,2,846.7,1
519986,11390,1.12,58,2,848.2,1
520043,11391,1.65,57,3,965.9,1
520104,11392,1.02,61,2,792.7,1
520135,11393,-4.00,31,1,490.4,1
520166,11394,-2.17,31,2,502.9,1
520225,11395,1.04,59,2,904.3,1
520283,11396,-0.40,58,3,895.6,1
520332,11397,-1.04,49,2,606.9,1
520389,11398,1.38,57,3,867.6,1
520442,11399,1.45,53,2,886.6,1
520478,11400,-3.26,36,1,455.3,1
520544,11401,3.22,66,2,936.9,1
520597,11402,0.94,53,2,758.7,1
520629,11403,-3.35,32,1,437.8,1
520693,11404,1.27,64,2,773.6,1
520761,11405,1.85,68,3,1115.6,1
520791,11406,-3.37,30,1,519.7,1
520842,11407,0.24,51,2,821.5,1
520897,11408,-1.32,55,2,862.5,1
520951,11409,0.47,54,2,892.0,1
521005,11410,1.12,54,2,742.1,1
521041,11411,-3.82,36,1,336.3,1
521104,11412,1.44,63,3,953.2,1
521163,11413,1.67,59,2,823.9,1
521199,11414,-3.63,36,1,452.5,1
521256,11415,0.82,57,2,763.4,1
521286,11416,-3.15,30,1,476.0,1
521341,11417,0.46,55,2,870.4,1
521396,11418,1.62,55,3,848.3,1
521473,11419,5.70,77,3,1259.7,1
521535,11420,1.49,62,2,778.4,1
521559,11421,-4.40,24,1,242.7,1
521611,11422,-0.15,52,2,802.1,1
521634,11423,-6.32,23,0,292.4,1
521667,11424,-3.56,33,1,518.2,1
521720,11425,0.12,53,2,655.9,1
521772,11426,2.40,52,3,926.1,1
521811,11427,-3.43,39,1,482.6,1
521844,11428,-2.41,33,1,477.8,1
521896,11429,1.09,52,2,805.0,1
521957,11430,1.51,61,2,856.2,1
522005,11431,1.88,48,3,809.7,1
522050,11432,-0.65,45,2,744.5,1
522112,11433,2.11,62,3,807.8,1
522154,11434,-1.22,42,2,592.3,1
522214,11435,2.83,60,3,978.6,1
522249,11436,-2.79,35,1,445.6,1
522307,11437,3.15,58,3,864.9,1
522361,11438,1.87,54,2,993.3,1
522411,11439,-0.05,50,2,757.2,1
522445,11440,-2.56,34,2,355.6,1
522476,11441,-5.44,31,1,210.2,1
522545,11442,5.16,69,3,1026.7,1
522603,11443,0.45,58,2,712.1,1
522639,11444,-2.79,36,2,446.8,1
522661,11445,-3.10,22,1,334.5,1
522708,11446,-0.39,47,2,637.8,1
522754,11447,-0.52,46,2,714.4,1
522787,11448,-3.55,33,1,449.2,1
522859,11449,2.23,72,3,984.9,1
522927,11450,1.70,68,2,822.7,1
522989,11451,3.52,62,3,765.0,1
523022,11452,-2.69,33,2,309.5,1
523058,11453,-2.91,36,1,462.2,1
523123,11454,3.50,65,2,875.4,1
523155,11455,-4.45,32,1,495.5,1
523221,11456,4.28,66,3,1120.1,1
523279,11457,0.50,58,2,945.8,1
523314,11458,-2.81,35,2,458.3,1
523331,11459,-6.08,17,1,156.0,1
523365,11460,-3.57,34,1,476.2,1
523402,11461,-2.94,37,1,460.2,1
523467,11462,-0.69,65,2,1039.6,1
523530,11463,3.05,63,3,945.0,1
523559,11464,-3.17,29,1,484.8,1
523592,11465,-2.56,33,1,454.5,1
523626,11466,-2.36,34,2,484.7,1
523691,11467,4.20,65,3,848.8,1
523750,11468,4.55,59,3,1089.0,1
523804,11469,1.02,54,2,846.6,1
523854,11470,2.46,50,3,967.0,1
523911,11471,2.47,57,3,923.5,1
523968,11472,3.40,57,3,956.2,1
524023,11473,0.29,55,2,879.6,1
524057,11474,-3.11,34,2,358.7,1
524093,11475,-2.65,36,1,405.0,1
524142,11476,0.28,49,2,847.1,1
524178,11477,-2.77,36,1,460.5,1
524239,11478,2.00,61,2,853.6,1
524289,11479,1.75,50,2,813.7,1
524343,11480,0.71,54,2,821.3,1
524409,11481,3.50,66,3,999.5,1
524439,11482,-2.96,30,1,422.0,1
524496,11483,1.18,57,2,940.5,1
524516,11484,-5.25,20,1,198.0,1
524579,11485,2.45,63,2,840.1,1
524643,11486,1.20,64,2,926.1,1
524703,11487,-1.11,60,2,970.6,1
524740,11488,-2.68,37,2,592.8,1
524788,11489,-1.12,48,2,809.0,1
524829,11490,-1.01,41,2,601.6,1
524880,11491,0.62,51,2,784.6,1
524939,11492,0.78,59,2,784.3,1
524970,11493,-2.97,31,1,481.5,1
525025,11494,2.82,55,3,881.5,1
525074,11495,1.76,49,3,885.6,1
525132,11496,-0.30,58,2,895.0,1
525177,11497,0.38,45,2,689.5,1
525232,11498,2.15,55,3,933.7,1
525287,11499,2.09,55,3,901.8,1
525340,11500,1.57,53,2,872.0,1
525371,11501,-3.88,31,1,465.4,1
525428,11502,2.30,57,3,983.1,1
525484,11503,1.94,56,2,800.1,1
525518,11504,-3.82,34,1,448.5,1
525547,11505,-6.55,29,0,408.8,1
525599,11506,1.24,52,2,856.6,1
525631,11507,-2.93,32,1,498.7,1
525689,11508,0.21,58,2,812.9,1
525741,11509,1.61,52,2,915.3,1
525801,11510,1.45,60,3,828.2,1
525857,11511,1.26,56,3,810.2,1
525908,11512,1.98,51,3,874.8,1
525940,11513,-2.71,32,1,507.3,1
525972,11514,-1.58,32,2,501.8,1
526011,11515,-3.81,39,1,450.7,1
526067,11516,3.72,56,3,950.9,1
526117,11517,1.82,50,3,930.3,1
526177,11518,0.34,60,2,788.5,1
526209,11519,-3.16,32,1,506.0,1
526242,11520,-1.41,33,2,474.8,1
526295,11521,-1.76,53,2,895.1,1
526371,11522,29.81,76,4,1278.7,0
526405,11523,-2.00,34,2,521.0,1
526437,11524,-3.32,32,1,475.0,1
526495,11525,1.13,58,2,895.4,1
526520,11526,-2.77,25,2,282.2,1
526582,11527,0.90,62,2,860.3,1
526646,11528,3.01,64,3,986.7,1
526725,11529,1.64,79,2,818.8,1
526755,11530,-3.02,30,1,422.8,1
526810,11531,1.47,55,3,893.9,1
526868,11532,1.32,58,2,806.4,1
527137,11533,32.10,269,6,1280.3,0
527167,11534,-4.91,30,0,457.8,1
527223,11535,1.18,56,2,852.4,1
527288,11536,1.18,65,2,962.9,1
527359,11537,1.55,71,2,876.4,1
527405,11538,0.92,46,2,746.9,1
527462,11539,1.41,57,2,788.6,1
527530,11540,2.69,68,2,772.3,1
527557,11541,-5.48,27,1,120.0,1
527588,11542,-3.45,31,1,346.0,1
527624,11543,-3.81,36,2,271.6,1
527677,11544,0.73,53,2,778.7,1
527731,11545,-0.26,54,2,767.7,1
527793,11546,1.28,62,2,987.3,1
527834,11547,-2.90,41,1,423.1,1
527858,11548,-3.64,24,2,262.4,1
527899,11549,-2.95,41,1,461.3,1
527970,11550,3.93,71,3,842.8,1
528035,11551,2.64,65,3,922.3,1
528099,11552,0.86,64,2,829.0,1
528155,11553,-0.47,56,2,574.1,1
528191,11554,-3.21,36,2,520.4,1
528273,11555,6.91,82,3,1076.7,1
528324,11556,-0.54,51,2,762.3,1
528383,11557,0.95,59,2,797.3,1
528444,11558,2.95,61,3,822.7,1
528513,11559,3.96,69,3,855.2,1
528568,11560,-0.08,55,2,780.9,1
528613,11561,-1.25,45,1,789.9,1
528675,11562,2.86,62,2,1132.3,1
528743,11563,0.17,68,2,1078.4,1
528782,11564,-3.05,39,1,556.3,1
528804,11565,-4.45,22,1,287.5,1
528841,11566,-3.57,37,1,491.1,1
528918,11567,1.53,77,3,936.2,1
528958,11568,0.02,40,2,683.6,1
529025,11569,3.06,67,3,895.5,1
529081,11570,1.38,56,3,905.1,1
529134,11571,0.23,53,2,687.0,1
529173,11572,-3.18,39,1,473.8,1
529234,11573,-0.00,61,2,808.0,1
529288,11574,3.25,54,3,969.6,1
529343,11575,1.96,55,3,943.3,1
529376,11576,-4.20,33,1,468.3,1
529422,11577,-1.20,46,2,568.2,1
529487,11578,2.61,65,3,837.4,1
529551,11579,1.15,64,2,842.5,1
529634,11580,3.34,83,3,890.3,1
529660,11581,-5.24,26,1,229.6,1
529700,11582,-1.90,40,2,655.3,1
529738,11583,-3.67,38,1,428.9,1
529769,11584,-3.29,31,1,426.0,1
529810,11585,0.03,41,2,634.3,1
529865,11586,2.44,55,3,904.7,1
529917,11587,0.20,52,2,782.6,1
529941,11588,-4.61,24,1,253.4,1
529997,11589,2.02,56,3,819.7,1
530021,11590,-4.87,24,1,177.7,1
530083,11591,0.37,62,2,771.7,1
530130,11592,-2.11,47,1,588.7,1
530197,11593,1.89,67,2,797.0,1
530214,11594,-6.01,17,0,253.9,1
530246,11595,-3.07,32,1,519.5,1
530280,11596,-3.36,34,1,303.0,1
530337,11597,2.74,57,3,969.2,1
530485,11598,2.30,148,4,1020.8,1
530504,11599,-5.19,19,1,190.3,1
530535,11600,-2.79,31,1,478.6,1
530569,11601,-4.90,34,1,331.9,1
530639,11602,1.48,70,2,764.0,1
530707,11603,0.57,68,2,814.1,1
530748,11604,-3.40,41,1,483.8,1
530781,11605,-3.53,33,1,388.6,1
530847,11606,3.30,66,3,939.8,1
530912,11607,0.36,65,2,991.6,1
530981,11608,1.90,69,2,1126.1,1
531035,11609,-0.16,54,2,846.1,1
531103,11610,2.91,68,3,932.2,1
531168,11611,2.94,65,3,897.7,1
531227,11612,2.39,59,2,786.6,1
531282,11613,1.04,55,3,862.3,1
531346,11614,1.42,64,2,733.6,1
531402,11615,1.14,56,2,760.2,1
531442,11616,-1.40,40,2,547.9,1
531501,11617,3.94,59,3,1067.6,1
531566,11618,3.38,65,2,887.8,1
531628,11619,1.62,62,3,999.5,1
531687,11620,-1.10,59,2,774.4,1
531746,11621,0.75,59,2,826.2,1
531770,11622,-4.60,24,1,216.1,1
531794,11623,-4.77,24,1,229.3,1
531831,11624,-3.17,37,2,509.8,1
531861,11625,-4.00,30,1,412.6,1
531922,11626,1.64,61,2,978.8,1
531954,11627,-3.62,32,1,403.5,1
531982,11628,-3.74,28,1,270.5,1
532041,11629,0.88,59,2,877.8,1
532095,11630,1.69,54,3,929.8,1
532129,11631,-3.01,34,2,359.5,1
532192,11632,0.20,63,2,720.7,1
532263,11633,5.22,71,3,960.7,1
532291,11634,-3.43,28,1,396.2,1
532349,11635,1.17,58,2,831.2,1
532404,11636,0.10,55,2,694.3,1
532461,11637,1.41,57,2,841.5,1
532513,11638,0.59,52,2,846.0,1
532575,11639,3.03,62,3,1055.7,1
532611,11640,-4.12,36,1,481.9,1
532686,11641,6.11,75,3,1223.2,1
532710,11642,-3.74,24,1,289.4,1
532744,11643,-2.65,34,2,286.5,1
532799,11644,0.64,55,2,850.4,1
532853,11645,1.52,54,2,848.5,1
532885,11646,-2.74,32,1,487.7,1
532928,11647,-0.49,43,2,641.2,1
532984,11648,0.40,56,2,853.0,1
533049,11649,1.87,65,2,866.9,1
533073,11650,-3.57,24,1,268.0,1
533104,11651,-1.01,31,2,477.4,1
533123,11652,-4.38,19,1,205.7,1
533183,11653,-0.22,60,2,669.2,1
533248,11654,1.72,65,2,838.9,1
533323,11655,4.17,75,3,1112.0,1
533388,11656,0.26,65,2,890.8,1
533454,11657,3.54,66,3,1027.9,1
533509,11658,3.57,55,3,910.9,1
533540,11659,-2.90,31,1,466.7,1
533602,11660,2.89,62,3,848.5,1
533649,11661,-2.28,47,2,816.3,1
533683,11662,-3.73,34,1,317.7,1
533739,11663,0.96,56,2,775.6,1
533801,11664,3.21,62,3,1068.4,1
533865,11665,3.35,64,3,1059.0,1
533930,11666,0.85,65,2,777.3,1
533966,11667,-4.39,36,1,435.7,1
534018,11668,0.51,52,2,859.8,1
534066,11669,-1.40,48,2,683.7,1
534123,11670,1.25,57,2,830.4,1
534155,11671,-2.21,32,2,614.1,1
534209,11672,2.77,54,3,929.8,1
534274,11673,1.72,65,2,788.0,1
534312,11674,-3.18,38,1,476.5,1
534353,11675,-2.19,41,2,507.6,1
534419,11676,1.34,66,2,1024.4,1
534457,11677,-4.14,38,1,474.4,1
534507,11678,-0.76,50,2,802.9,1
534566,11679,0.15,59,2,934.9,1
534627,11680,2.88,61,3,921.7,1
534693,11681,0.40,66,2,746.9,1
534719,11682,-4.48,26,1,245.8,1
534752,11683,-2.75,33,1,460.3,1
534785,11684,-5.06,33,0,493.2,1
534844,11685,0.46,59,2,865.4,1
534901,11686,0.82,57,2,820.8,1
534932,11687,-3.19,31,1,389.3,1
534992,11688,0.96,60,2,920.3,1
535016,11689,-4.05,24,1,280.9,1
535085,11690,0.53,69,2,848.6,1
535116,11691,-3.79,31,1,290.3,1
535203,11692,-2.15,87,2,642.1,1
535255,11693,0.30,52,2,905.9,1
535320,11694,1.60,65,2,867.4,1
535390,11695,4.09,70,3,948.3,1
535448,11696,-0.65,58,2,855.0,1
535507,11697,1.58,59,3,823.9,1
535567,11698,2.26,60,3,825.4,1
535646,11699,2.86,79,3,1034.7,1
535685,11700,-2.10,39,2,569.8,1
535751,11701,0.04,66,2,891.5,1
535829,11702,1.68,78,2,859.8,1
535882,11703,0.05,53,2,853.7,1
535913,11704,-3.27,31,1,490.3,1
535971,11705,1.72,58,3,933.6,1
536025,11706,-0.10,54,2,741.7,1
536089,11707,1.46,64,2,833.4,1
536136,11708,1.17,47,2,712.3,1
536194,11709,2.50,58,3,962.4,1
536257,11710,-0.06,63,2,904.1,1
536290,11711,-1.37,33,2,559.2,1
536358,11712,2.85,68,2,979.3,1
536413,11713,0.39,55,2,907.5,1
536475,11714,-0.00,62,2,810.4,1
536543,11715,1.93,68,3,900.8,1
536570,11716,-3.85,27,1,347.5,1
536652,11717,2.62,82,3,881.5,1
536722,11718,0.57,70,2,798.9,1
536788,11719,2.21,66,3,1056.4,1
536851,11720,3.52,63,3,941.0,1
536916,11721,3.13,65,2,877.3,1
536973,11722,1.07,57,2,874.1,1
537031,11723,2.76,58,3,859.9,1
537069,11724,-0.70,38,2,483.3,1
537133,11725,1.02,64,2,911.1,1
537178,11726,0.96,45,2,686.7,1
537211,11727,-2.99,33,1,487.6,1
537284,11728,3.87,73,3,991.3,1
537325,11729,-2.21,41,2,533.2,1
537389,11730,1.75,64,2,886.8,1
537458,11731,2.36,69,3,942.4,1
537514,11732,0.86,56,2,848.7,1
537576,11733,2.66,62,2,983.8,1
537662,11734,2.78,86,3,922.8,1
537694,11735,-2.58,32,1,479.3,1
537753,11736,-0.14,59,2,816.1,1
537790,11737,-3.05,37,1,511.5,1
537857,11738,3.19,67,3,846.6,1
537904,11739,-1.92,47,2,632.2,1
537949,11740,0.01,45,2,846.7,1
537981,11741,-2.72,32,2,301.8,1
538018,11742,-3.09,37,1,523.5,1
538066,11743,0.46,48,2,810.6,1
538130,11744,1.91,64,3,896.2,1
538167,11745,-3.05,37,1,548.0,1
538201,11746,-1.66,34,2,524.1,1
538244,11747,-1.15,43,2,603.5,1
538273,11748,-2.99,29,1,445.2,1
538311,11749,-2.56,38,2,437.4,1
538366,11750,2.11,55,3,838.1,1
538427,11751,2.07,61,3,930.5,1
538468,11752,-3.83,41,1,776.2,1
538525,11753,1.63,57,2,975.1,1
538567,11754,-2.62,42,1,613.9,1
538619,11755,1.59,52,2,904.4,1
538647,11756,-4.55,28,1,483.4,1
538688,11757,-1.71,41,2,593.8,1
538741,11758,2.21,53,3,879.7,1
538797,11759,3.08,56,3,891.2,1
538827,11760,-4.22,30,1,421.9,1
538863,11761,-3.44,36,1,324.3,1
538884,11762,-4.63,21,1,226.5,1
538943,11763,0.97,59,2,818.1,1
539001,11764,1.02,58,3,783.3,1
539025,11765,-2.85,24,1,336.9,1
539084,11766,0.91,59,2,929.4,1
539137,11767,0.49,53,2,881.3,1
539193,11768,3.58,56,3,949.5,1
539250,11769,1.27,57,2,918.6,1
539299,11770,1.17,49,2,751.4,1
539331,11771,-2.09,32,2,419.0,1
539367,11772,-3.78,36,1,337.1,1
539402,11773,-2.65,35,1,574.8,1
539453,11774,0.93,51,2,786.9,1
539494,11775,0.34,41,2,703.7,1
539525,11776,-3.11,31,1,470.0,1
539560,11777,-3.43,35,2,340.9,1
539589,11778,-2.99,29,1,361.1,1
539646,11779,0.73,57,2,760.4,1
539691,11780,-2.62,45,1,677.5,1
539754,11781,2.84,63,3,912.1,1
539807,11782,1.81,53,2,863.3,1
539836,11783,-3.83,29,1,274.6,1
539869,11784,-3.35,33,1,455.9,1
539922,11785,1.63,53,3,811.2,1
539983,11786,3.20,61,3,981.9,1
540043,11787,2.17,60,3,911.1,1
540073,11788,-3.22,30,1,392.9,1
540129,11789,3.47,56,3,834.2,1
540194,11790,2.93,65,3,861.9,1
540228,11791,-3.77,34,1,311.9,1
540264,11792,-1.48,36,2,523.9,1
540324,11793,0.21,60,2,860.5,1
540348,11794,-4.34,24,1,236.3,1
540370,11795,-4.88,22,1,212.8,1
540395,11796,-3.45,25,1,326.2,1
540432,11797,-2.48,37,1,486.3,1
540487,11798,1.38,55,3,890.5,1
540519,11799,-2.71,32,1,480.7,1
540588,11800,1.56,69,2,993.5,1
540617,11801,-3.72,29,1,271.3,1
540682,11802,1.06,65,2,1003.5,1
540734,11803,2.16,52,3,938.9,1
540793,11804,1.96,59,3,808.8,1
540847,11805,2.20,54,3,937.6,1
540878,11806,-4.71,31,0,472.0,1
540908,11807,-3.43,30,1,455.7,1
540950,11808,-2.85,42,1,443.4,1
540990,11809,-2.12,40,2,522.8,1
541048,11810,1.73,58,2,876.6,1
541082,11811,-3.65,34,1,461.5,1
541115,11812,-1.91,33,2,529.2,1
541173,11813,1.25,58,2,844.9,1
541243,11814,1.33,70,2,827.8,1
541279,11815,-2.82,36,1,460.1,1
541304,11816,-3.53,25,1,284.9,1
541336,11817,-2.47,32,1,501.6,1
541388,11818,0.75,52,2,863.2,1
541457,11819,3.75,69,3,949.9,1
541513,11820,0.75,56,2,850.0,1
541568,11821,0.99,55,2,844.9,1
541602,11822,-2.56,34,1,445.2,1
541661,11823,1.65,59,3,812.7,1
541691,11824,-5.01,30,1,187.4,1
541728,11825,-3.47,37,1,454.0,1
541765,11826,-2.07,37,2,520.9,1
541810,11827,-1.04,45,2,581.9,1
541843,11828,-2.79,33,1,544.2,1
541909,11829,1.62,66,2,846.5,1
541943,11830,-3.49,34,2,271.4,1
541979,11831,-4.10,36,1,305.5,1
542022,11832,-3.01,43,1,717.8,1
542084,11833,3.98,62,3,1008.7,1
542119,11834,-4.04,35,1,310.4,1
542151,11835,-3.72,32,1,461.6,1
542212,11836,1.25,61,2,861.1,1
542278,11837,3.61,66,3,914.2,1
542339,11838,2.73,61,3,989.9,1
542407,11839,1.74,68,3,791.0,1
542465,11840,1.84,58,3,795.3,1
542536,11841,3.69,71,3,859.2,1
542601,11842,2.33,65,3,952.0,1
542628,11843,-3.01,27,1,429.3,1
542667,11844,-5.62,39,0,341.8,1
542699,11845,-1.89,32,2,494.4,1
542736,11846,-3.12,37,1,490.1,1
542768,11847,-3.09,32,1,463.1,1
542796,11848,-3.13,28,1,449.5,1
542859,11849,0.88,63,2,799.1,1
542916,11850,1.38,57,2,953.6,1
542952,11851,-2.69,36,1,460.0,1
543011,11852,2.10,59,3,809.9,1
543074,11853,3.22,63,3,794.9,1
543129,11854,1.75,55,2,844.5,1
543186,11855,1.66,57,2,845.2,1
543255,11856,5.09,69,4,1090.6,1
543294,11857,-2.23,39,2,462.4,1
543361,11858,1.89,67,3,991.8,1
543418,11859,2.19,57,3,974.7,1
543455,11860,-2.04,37,2,452.6,1
543501,11861,-0.74,46,2,634.5,1
543557,11862,0.99,56,2,855.8,1
543618,11863,1.42,61,2,795.8,1
543637,11864,-5.09,19,1,148.7,1
543701,11865,3.48,64,2,800.1,1
543762,11866,0.45,61,2,805.2,1
543794,11867,-2.79,32,1,535.2,1
543862,11868,1.47,68,2,843.4,1
543924,11869,0.58,62,2,833.9,1
543985,11870,2.15,61,3,893.7,1
544020,11871,-1.88,35,2,457.9,1
544075,11872,1.66,55,3,916.4,1
544088,11873,-7.32,13,0,148.7,1
544120,11874,-2.92,32,1,474.6,1
544172,11875,0.89,52,2,857.1,1
544204,11876,-4.85,32,0,474.9,1
544244,11877,-0.76,40,2,484.6,1
544278,11878,-3.31,34,1,359.6,1
544343,11879,2.32,65,2,821.6,1
544407,11880,0.31,64,2,750.4,1
544435,11881,-2.81,28,1,355.0,1
544498,11882,2.74,63,2,838.7,1
544537,11883,-0.32,39,2,601.5,1
544601,11884,1.06,64,2,878.1,1
544641,11885,-1.29,40,2,622.5,1
544675,11886,-3.71,34,1,341.3,1
544716,11887,-0.30,41,2,663.1,1
544747,11888,-2.12,31,2,506.1,1
544799,11889,0.99,52,2,881.7,1
544885,11890,-1.74,86,2,587.0,1
544942,11891,1.71,57,2,828.4,1
545011,11892,2.79,69,3,1059.2,1
545036,11893,-4.06,25,1,279.6,1
545063,11894,-2.96,27,1,494.7,1
545089,11895,-3.80,26,1,318.9,1
545133,11896,-2.83,44,1,464.3,1
545164,11897,-2.79,31,1,516.5,1
545200,11898,-3.04,36,1,475.0,1
545255,11899,3.49,55,3,867.4,1
545288,11900,-1.32,33,2,500.6,1
545353,11901,2.59,65,2,972.3,1
545404,11902,0.76,51,2,742.6,1
545437,11903,-2.20,33,2,443.8,1
545473,11904,-3.10,36,1,474.6,1
545524,11905,-0.59,51,2,637.8,1
545578,11906,-0.28,54,2,785.0,1
545635,11907,1.34,57,2,810.2,1
545672,11908,-1.70,37,2,521.6,1
545695,11909,-4.59,23,1,200.5,1
545746,11910,0.82,51,2,828.1,1
545780,11911,-3.94,34,1,334.6,1
545841,11912,2.75,61,3,834.4,1
545861,11913,-4.60,20,1,197.8,1
545896,11914,-2.80,35,1,449.4,1
545951,11915,1.24,55,2,708.1,1
546013,11916,2.27,62,3,815.1,1
546069,11917,2.42,56,3,809.0,1
546138,11918,3.23,69,3,822.3,1
546201,11919,2.53,63,2,708.9,1
546224,11920,-5.30,23,1,192.6,1
546272,11921,1.82,48,2,834.6,1
546306,11922,-4.12,34,1,317.4,1
546347,11923,-2.99,41,1,386.9,1
546404,11924,3.21,57,3,982.4,1
546470,11925,1.99,66,2,835.9,1
546499,11926,-2.83,29,1,456.4,1
546564,11927,3.18,65,3,994.3,1
546598,11928,-4.00,34,1,315.5,1
546638,11929,-3.20,40,1,412.9,1
546673,11930,-3.08,35,1,447.2,1
546701,11931,-3.30,28,1,320.9,1
546762,11932,1.77,61,2,989.6,1
546824,11933,0.47,62,2,660.7,1
546865,11934,-0.29,41,2,493.3,1
546888,11935,-5.10,23,1,205.8,1
546920,11936,-2.71,32,1,464.5,1
546978,11937,0.81,58,2,874.7,1
547006,11938,-4.18,28,1,236.9,1
547069,11939,2.99,63,3,886.0,1
547103,11940,-2.48,34,2,292.6,1
547161,11941,1.72,58,2,826.3,1
547234,11942,2.19,73,2,839.8,1
547287,11943,1.09,53,2,777.9,1
547326,11944,-3.72,39,1,442.9,1
547387,11945,2.47,61,2,805.2,1
547452,11946,2.10,65,2,1053.4,1
547501,11947,1.32,49,2,872.8,1
547554,11948,2.89,53,3,911.4,1
547584,11949,-4.27,30,1,284.9,1
547634,11950,0.04,50,2,736.2,1
547654,11951,-4.95,20,1,227.4,1
547687,11952,-3.48,33,1,468.0,1
547724,11953,-3.61,37,1,438.7,1
547758,11954,-5.40,34,1,205.1,1
547813,11955,1.86,55,2,889.3,1
547873,11956,0.11,60,2,680.6,1
547943,11957,2.69,70,3,849.1,1
548007,11958,1.59,64,2,866.4,1
548068,11959,1.78,61,2,885.3,1
548126,11960,0.55,58,3,832.3,1
548163,11961,-3.50,37,1,469.8,1
548208,11962,-3.62,45,1,489.2,1
548242,11963,-1.59,34,2,513.8,1
548310,11964,2.43,68,3,840.6,1
548343,11965,-3.06,33,2,304.2,1
548397,11966,0.08,54,2,725.5,1
548430,11967,-3.88,33,1,315.9,1
548469,11968,-1.40,39,1,614.0,1
548506,11969,-3.31,37,1,472.0,1
548540,11970,-2.47,34,2,280.0,1
548593,11971,-0.08,53,2,713.5,1
548625,11972,-4.68,32,1,468.0,1
548672,11973,0.77,47,2,762.8,1
548705,11974,-3.71,33,1,506.1,1
548759,11975,-0.16,54,3,857.9,1
548816,11976,2.88,57,3,813.5,1
548849,11977,-3.59,33,1,487.9,1
548911,11978,2.98,62,3,948.9,1
548946,11979,-2.79,35,1,426.9,1
549012,11980,2.70,66,2,821.2,1
549063,11981,0.93,51,2,890.9,1
549122,11982,0.86,59,2,824.6,1
549186,11983,3.05,64,3,883.2,1
549244,11984,1.10,58,2,854.6,1
549278,11985,-3.20,34,1,496.6,1
549332,11986,0.36,54,2,768.4,1
549377,11987,-0.93,45,2,722.7,1
549438,11988,0.34,61,2,801.9,1
549467,11989,-2.82,29,1,344.5,1
549522,11990,0.65,55,2,838.7,1
549588,11991,2.61,66,3,804.8,1
549615,11992,-4.68,27,1,482.3,1
549650,11993,-2.99,35,2,559.2,1
549708,11994,2.23,58,3,879.8,1
549731,11995,-3.87,23,1,290.4,1
549777,11996,-3.13,46,1,639.7,1
549838,11997,2.94,61,3,938.7,1
549875,11998,-3.18,37,1,513.9,1
549931,11999,-0.02,56,2,871.1,1
549981,12000,1.07,50,3,857.5,1
550045,12001,2.08,64,2,856.0,1
550087,12002,-0.57,42,2,663.6,1
550122,12003,-1.69,35,2,632.3,1
550179,12004,1.84,57,2,860.0,1
550248,12005,2.59,69,3,941.3,1
550315,12006,5.17,67,3,1061.6,1
550358,12007,-0.11,43,2,760.0,1
550385,12008,-3.49,27,1,305.0,1
550440,12009,1.20,55,2,898.4,1
550489,12010,0.50,49,2,745.3,1
550550,12011,1.33,61,2,824.5,1
550606,12012,-0.71,56,2,795.9,1
550676,12013,4.03,70,3,1006.6,1
550733,12014,1.34,57,2,900.4,1
550767,12015,-4.50,34,1,511.2,1
550825,12016,2.26,58,3,939.4,1
550852,12017,-4.37,27,1,277.3,1
550922,12018,3.28,70,3,959.8,1
550972,12019,0.29,50,2,699.3,1
551036,12020,2.57,64,3,953.2,1
551062,12021,-4.15,26,1,299.6,1
551118,12022,0.95,56,3,914.2,1
551173,12023,0.43,55,2,820.3,1
551266,12024,28.64,93,4,1277.0,0
551299,12025,-3.15,33,2,283.5,1
551365,12026,5.58,66,3,1069.0,1
551415,12027,0.95,50,2,830.5,1
551440,12028,-2.88,25,1,402.2,1
551459,12029,-4.87,19,1,187.3,1
551492,12030,-2.98,33,1,448.8,1
551547,12031,2.85,55,3,953.4,1
551597,12032,-2.06,50,1,901.6,1
551657,12033,2.34,60,3,916.1,1
551687,12034,-1.26,30,2,545.8,1
551750,12035,1.37,63,2,758.6,1
551798,12036,0.97,48,3,709.7,1
551832,12037,-4.07,34,1,431.4,1
551889,12038,2.12,57,3,913.8,1
551953,12039,2.00,64,2,826.8,1
551979,12040,-4.27,26,1,263.8,1
552044,12041,3.00,65,3,945.6,1
552110,12042,5.89,66,3,1102.0,1
552177,12043,2.96,67,3,943.7,1
552222,12044,-0.38,45,2,813.1,1
552247,12045,-3.89,25,1,256.6,1
552271,12046,-4.13,24,1,243.6,1
552326,12047,2.94,55,3,903.4,1
552364,12048,-1.99,38,2,569.3,1
552420,12049,-0.51,56,2,859.0,1
552486,12050,2.84,66,3,803.9,1
552523,12051,-3.68,37,1,502.2,1
552581,12052,0.41,58,2,915.9,1
552636,12053,-1.26,55,2,867.0,1
552665,12054,-3.12,29,1,400.5,1
552724,12055,0.96,59,2,819.0,1
552785,12056,1.77,61,2,833.8,1
552852,12057,2.68,67,3,931.8,1
552884,12058,-3.52,32,1,294.8,1
552935,12059,0.64,51,2,728.6,1
552968,12060,-3.56,33,1,418.8,1
553015,12061,-0.60,47,2,659.0,1
553048,12062,-2.96,33,1,447.1,1
553101,12063,2.55,53,3,935.6,1
553131,12064,-2.82,30,1,458.0,1
553197,12065,3.08,66,3,835.7,1
553254,12066,0.71,57,2,820.1,1
553305,12067,1.54,51,2,842.2,1
553382,12068,3.08,77,3,850.2,1
553443,12069,2.33,61,3,989.7,1
553475,12070,-2.94,32,1,443.3,1
553502,12071,-2.13,27,2,422.1,1
553559,12072,0.16,57,2,861.5,1
553615,12073,1.62,56,3,874.5,1
553651,12074,-2.97,36,2,487.6,1
553696,12075,0.05,45,2,877.3,1
553767,12076,1.29,71,2,837.7,1
553792,12077,-2.66,25,2,352.1,1
553829,12078,-3.38,37,1,518.6,1
553893,12079,2.10,64,2,734.0,1
553954,12080,0.08,61,2,891.6,1
553993,12081,-5.12,39,0,452.0,1
554034,12082,-0.93,41,2,548.1,1
554084,12083,0.12,50,2,695.2,1
554133,12084,-1.90,49,1,703.9,1
554187,12085,1.09,54,2,887.7,1
554221,12086,-2.85,34,1,568.0,1
554272,12087,1.52,51,3,865.9,1
554305,12088,-3.13,33,1,418.6,1
554339,12089,-3.38,34,1,521.2,1
554393,12090,2.19,54,3,895.0,1
554449,12091,1.44,56,2,870.5,1
554509,12092,1.37,60,2,869.2,1
554550,12093,0.10,41,2,823.0,1
554605,12094,2.22,55,2,796.4,1
554642,12095,-3.68,37,1,475.7,1
554674,12096,-3.36,32,1,454.8,1
554739,12097,0.60,65,3,889.2,1
554800,12098,0.43,61,2,830.4,1
554856,12099,1.03,56,2,773.4,1
554893,12100,-3.13,37,1,496.0,1
554937,12101,-2.88,44,1,517.0,1
555018,12102,2.76,81,4,1045.7,1
555070,12103,1.50,52,2,860.7,1
555122,12104,-0.03,52,2,879.0,1
555184,12105,3.77,62,4,888.2,1
555245,12106,-0.20,61,2,691.3,1
555308,12107,3.10,63,3,961.6,1
555387,12108,5.03,79,3,1149.5,1
555450,12109,0.39,63,2,899.6,1
555515,12110,1.20,65,2,890.9,1
555550,12111,-2.76,35,1,440.8,1
555614,12112,1.20,64,2,872.0,1
555638,12113,-5.25,24,1,192.2,1
555684,12114,-2.33,46,2,598.9,1
555735,12115,0.24,51,2,898.6,1
555802,12116,2.64,67,2,832.9,1
555836,12117,-5.78,34,1,341.7,1
555874,12118,-0.56,38,2,471.7,1
555914,12119,-1.02,40,2,611.3,1
555978,12120,3.59,64,3,1025.8,1
556024,12121,-1.35,46,2,650.9,1
556097,12122,1.83,73,2,752.8,1
556163,12123,3.15,66,3,993.0,1
556220,12124,1.53,57,3,856.2,1
556279,12125,0.43,59,3,806.9,1
556345,12126,3.36,66,3,1028.9,1
556377,12127,-1.82,32,2,503.8,1
556438,12128,1.02,61,2,851.5,1
556473,12129,-2.60,35,1,471.5,1
556536,12130,0.28,63,2,894.6,1
556568,12131,-2.66,32,1,434.4,1
556633,12132,2.16,65,3,829.5,1
556699,12133,2.58,66,3,958.0,1
556755,12134,0.85,56,2,854.8,1
556782,12135,-4.02,27,1,263.3,1
556841,12136,2.17,59,2,785.6,1
556906,12137,3.81,65,3,901.7,1
556966,12138,1.30,60,3,847.0,1
557034,12139,1.72,68,2,943.8,1
557111,12140,6.61,77,3,1249.1,1
557173,12141,-0.10,62,2,924.3,1
557232,12142,0.92,59,2,839.4,1
557297,12143,0.46,65,2,910.0,1
557343,12144,-1.63,46,2,576.3,1
557387,12145,-1.25,44,2,748.7,1
557444,12146,0.84,57,2,826.2,1
557497,12147,1.23,53,2,828.6,1
557530,12148,-3.67,33,1,455.4,1
557562,12149,-3.06,32,1,489.1,1
557617,12150,2.41,55,3,872.6,1
557665,12151,0.91,48,3,897.7,1
557721,12152,2.06,56,4,919.2,1
557781,12153,0.64,60,2,865.2,1
557815,12154,-2.30,34,2,353.3,1
557870,12155,2.71,55,3,897.7,1
557932,12156,1.19,62,2,839.4,1
557976,12157,-1.40,44,2,632.0,1
558040,12158,3.15,64,3,933.1,1
558101,12159,1.22,61,2,867.9,1
558139,12160,-1.51,38,2,628.1,1
558200,12161,1.03,61,2,902.7,1
558248,12162,0.14,48,2,641.9,1
558304,12163,1.98,56,3,932.0,1
558344,12164,-1.69,40,2,566.6,1
558399,12165,-0.10,55,2,710.7,1
558455,12166,-0.36,56,2,836.0,1
558512,12167,-0.42,57,2,632.3,1
558569,12168,0.27,57,2,898.0,1
558623,12169,2.22,54,3,890.8,1
558677,12170,1.60,54,3,898.0,1
558738,12171,1.26,61,2,1024.9,1
558812,12172,3.15,74,3,966.4,1
558859,12173,0.12,47,2,713.8,1
558921,12174,-0.58,62,3,868.6,1
558968,12175,0.32,47,2,805.7,1
559027,12176,3.43,59,4,916.7,1
559093,12177,1.42,66,2,936.1,1
559166,12178,25.11,73,3,1276.4,0
559231,12179,1.41,65,2,835.1,1
559263,12180,-3.58,32,1,468.0,1
559320,12181,1.72,57,2,851.6,1
559384,12182,1.35,64,2,810.9,1
559434,12183,-1.64,50,2,762.4,1
559500,12184,-1.17,66,2,864.4,1
559534,12185,-3.79,34,1,480.4,1
559587,12186,0.41,53,2,797.6,1
559636,12187,0.39,49,2,853.0,1
559686,12188,1.03,50,2,854.1,1
559719,12189,-2.31,33,2,526.2,1
559739,12190,-2.69,20,2,287.5,1
559767,12191,-3.33,28,1,456.8,1
559827,12192,0.69,60,2,933.9,1
559893,12193,4.08,66,4,1046.0,1
559943,12194,2.08,50,3,883.6,1
560012,12195,4.75,69,3,999.4,1
560078,12196,2.52,66,3,1003.0,1
560126,12197,-0.19,48,2,844.7,1
560183,12198,1.46,57,2,970.2,1
560209,12199,-3.88,26,1,288.7,1
560261,12200,-0.05,52,2,731.6,1
560315,12201,-3.13,54,2,851.2,1
560374,12202,0.56,59,2,831.7,1
560442,12203,4.78,68,3,1139.2,1
560475,12204,-3.23,33,1,454.7,1
560526,12205,-0.61,51,2,852.5,1
560566,12206,-2.16,40,2,545.7,1
560602,12207,-4.93,36,0,503.5,1
560667,12208,2.27,65,2,796.4,1
560687,12209,-5.03,20,1,181.5,1
560745,12210,0.78,58,3,771.5,1
560793,12211,-0.12,48,2,692.5,1
560850,12212,1.04,57,2,908.2,1
560909,12213,1.17,59,3,806.5,1
560963,12214,1.62,54,2,844.1,1
561020,12215,1.33,57,3,796.9,1
561084,12216,2.96,64,3,1001.2,1
561139,12217,0.70,55,2,852.0,1
561197,12218,1.56,58,2,903.9,1
561227,12219,-4.56,30,1,540.3,1
561293,12220,3.62,66,3,904.1,1
561356,12221,1.21,63,2,983.8,1
561419,12222,1.48,63,2,884.6,1
561497,12223,-0.35,78,2,652.9,1
561553,12224,1.19,56,3,898.6,1
561599,12225,0.08,46,2,748.6,1
561653,12226,0.79,54,2,798.2,1
561696,12227,-0.28,43,2,743.8,1
561750,12228,-0.53,54,2,802.4,1
561830,12229,7.29,80,3,1208.2,1
561869,12230,-0.82,39,2,654.9,1
561925,12231,-1.80,56,2,864.7,1
561963,12232,-2.91,38,1,480.3,1
562025,12233,3.45,62,2,1110.6,1
562086,12234,2.58,61,3,1031.6,1
562140,12235,0.92,54,2,869.7,1
562196,12236,2.31,56,3,933.9,1
562223,12237,-3.29,27,1,491.9,1
562253,12238,-3.05,30,1,447.7,1
562280,12239,-4.46,27,1,441.9,1
562336,12240,1.05,56,2,952.1,1
562382,12241,-1.89,46,2,430.4,1
562420,12242,-3.49,38,1,426.5,1
562460,12243,-1.36,40,2,586.1,1
562494,12244,-3.35,34,1,468.3,1
562524,12245,-3.11,30,1,372.5,1
562582,12246,0.66,58,2,920.5,1
562638,12247,1.01,56,2,831.4,1
562674,12248,-4.20,36,1,458.6,1
562720,12249,0.03,46,2,879.2,1
562762,12250,-0.86,42,2,648.4,1
562818,12251,0.98,56,2,886.4,1
562844,12252,-2.81,26,1,427.2,1
562893,12253,0.66,49,2,878.9,1
562928,12254,-1.94,35,2,613.8,1
562984,12255,2.48,56,2,843.0,1
563039,12256,3.37,55,3,978.1,1
563067,12257,-3.27,28,2,494.5,1
563132,12258,1.85,65,2,878.8,1
563189,12259,2.32,57,3,982.9,1
563225,12260,-2.57,36,1,477.8,1
563287,12261,1.57,62,3,806.8,1
563352,12262,2.56,65,2,854.8,1
563415,12263,2.28,63,3,930.7,1
563468,12264,-1.02,53,2,871.5,1
563526,12265,0.58,58,2,853.5,1
563587,12266,3.41,61,3,983.8,1
563641,12267,2.16,54,3,902.0,1
563676,12268,-3.36,35,1,469.5,1
563697,12269,-4.52,21,1,246.7,1
563744,12270,-0.67,47,2,668.4,1
563793,12271,-0.29,49,3,865.1,1
563836,12272,-0.90,43,2,595.2,1
563902,12273,4.00,66,3,1118.5,1
563935,12274,-3.22,33,1,484.2,1
563961,12275,-3.79,26,1,459.8,1
563995,12276,-1.92,34,2,512.2,1
564050,12277,1.38,55,2,837.7,1
564087,12278,-4.15,37,1,498.7,1
564123,12279,-3.44,36,1,494.1,1
564155,12280,-3.05,32,1,457.1,1
564219,12281,1.25,64,2,1030.9,1
564238,12282,-4.91,19,1,189.1,1
564297,12283,-2.25,59,2,680.1,1
564324,12284,-4.24,27,1,308.3,1
564360,12285,-0.87,36,2,454.1,1
564418,12286,0.88,58,2,885.8,1
564462,12287,-1.04,44,2,597.3,1
564493,12288,-3.56,31,1,343.0,1
564537,12289,-0.65,44,2,784.9,1
564563,12290,-4.22,26,1,292.0,1
564611,12291,1.48,48,2,896.5,1
564665,12292,0.11,54,2,820.7,1
564711,12293,-0.79,46,2,561.7,1
564744,12294,-5.17,33,0,461.3,1
564814,12295,5.53,70,3,1168.4,1
564866,12296,0.50,52,2,876.6,1
564897,12297,-3.16,31,1,421.7,1
564962,12298,2.78,65,2,980.2,1
564999,12299,-3.60,37,1,481.6,1
565033,12300,-5.15,34,1,512.2,1
565072,12301,-2.47,39,2,371.6,1
565125,12302,0.60,53,2,883.4,1
565187,12303,1.00,62,3,879.0,1
565232,12304,-0.78,45,2,674.5,1
565287,12305,1.86,55,3,902.8,1
565328,12306,-1.39,41,2,606.7,1
565393,12307,0.52,65,3,846.3,1
565451,12308,1.26,58,2,912.3,1
565533,12309,2.40,82,3,915.6,1
565603,12310,2.03,70,2,791.0,1
565673,12311,0.92,70,3,826.8,1
565736,12312,2.25,63,2,1002.9,1
565805,12313,5.70,69,3,1161.9,1
565867,12314,1.48,62,3,954.5,1
565926,12315,2.16,59,2,848.8,1
565959,12316,-2.87,33,1,491.9,1
566011,12317,0.40,52,2,848.1,1
566076,12318,0.72,65,2,842.7,1
566131,12319,2.18,55,2,842.0,1
566188,12320,0.65,57,2,761.2,1
566254,12321,5.39,66,3,986.9,1
566306,12322,0.57,52,2,917.5,1
566364,12323,1.37,58,3,990.2,1
566428,12324,2.95,64,2,838.3,1
566479,12325,-1.99,51,2,836.5,1
566511,12326,-3.17,32,1,571.5,1
566572,12327,4.16,61,3,880.9,1
566629,12328,-1.33,57,2,817.1,1
566683,12329,-1.04,54,2,847.2,1
566705,12330,-5.10,22,1,230.3,1
566764,12331,0.33,59,2,905.5,1
566806,12332,-1.87,42,2,470.5,1
566839,12333,-1.62,33,2,537.1,1
566873,12334,-2.09,34,2,343.8,1
566931,12335,0.80,58,2,911.2,1
566990,12336,1.63,59,3,1024.2,1
567048,12337,2.15,58,3,951.2,1
567081,12338,-3.35,33,1,334.7,1
567116,12339,-2.08,35,2,549.6,1
567148,12340,-0.87,32,2,540.8,1
567185,12341,-4.64,37,1,483.5,1
567239,12342,-0.16,54,2,850.1,1
567292,12343,0.12,53,2,746.1,1
567346,12344,-1.85,54,2,560.7,1
567405,12345,3.66,59,3,912.7,1
567440,12346,-2.82,35,1,449.1,1
567488,12347,0.59,48,2,838.9,1
567524,12348,-2.85,36,1,543.4,1
567553,12349,-3.19,29,1,409.3,1
567598,12350,-0.68,45,2,636.9,1
567632,12351,-4.40,34,1,301.3,1
567699,12352,3.77,67,3,845.1,1
567729,12353,-3.13,30,1,412.7,1
567786,12354,1.69,57,2,854.7,1
567854,12355,1.81,68,2,844.9,1
567914,12356,2.20,60,2,730.8,1
567972,12357,1.27,58,2,934.9,1
567992,12358,-6.42,20,1,102.5,1
568034,12359,-0.82,42,2,648.4,1
568073,12360,-4.13,39,1,445.4,1
568132,12361,0.82,59,3,811.5,1
568156,12362,-3.22,24,1,363.9,1
568180,12363,-4.59,24,1,254.1,1
568235,12364,1.48,55,3,849.8,1
568279,12365,-1.34,44,2,596.5,1
568344,12366,2.92,65,3,881.6,1
568372,12367,-4.78,28,1,218.8,1
568435,12368,1.06,63,2,825.6,1
568497,12369,3.35,62,3,921.7,1
568532,12370,-3.51,35,1,519.8,1
568555,12371,-4.83,23,1,259.3,1
568609,12372,0.83,54,2,835.5,1
568679,12373,2.77,70,3,1075.0,1
568744,12374,3.04,65,2,932.0,1
568782,12375,-3.44,38,1,479.0,1
568848,12376,3.00,66,2,1017.3,1
568890,12377,-6.20,42,0,518.0,1
568927,12378,-2.95,37,1,563.8,1
568988,12379,3.04,61,3,825.2,1
569030,12380,-0.22,42,2,625.4,1
569067,12381,-0.16,37,2,496.5,1
569099,12382,-2.89,32,1,469.7,1
569135,12383,-2.93,36,1,463.8,1
569163,12384,-3.48,28,1,449.9,1
569218,12385,1.63,55,2,872.0,1
569255,12386,-2.09,37,1,533.8,1
569321,12387,1.71,66,2,861.1,1
569376,12388,3.19,55,3,839.8,1
569450,12389,0.06,74,2,744.6,1
569495,12390,-0.57,45,2,650.9,1
569528,12391,-2.81,33,1,453.0,1
569593,12392,1.18,65,2,924.7,1
569627,12393,-4.04,34,1,326.6,1
569681,12394,0.22,54,2,906.3,1
569721,12395,-1.78,40,2,467.8,1
569748,12396,-4.23,27,1,413.3,1
569789,12397,-2.94,41,1,410.2,1
569839,12398,1.10,50,3,929.4,1
569862,12399,-4.87,23,1,210.2,1
569907,12400,-1.50,45,2,626.9,1
569939,12401,-3.03,32,1,516.8,1
570003,12402,0.81,64,2,899.9,1
570087,12403,26.49,84,3,1279.1,0
570151,12404,0.67,64,2,755.7,1
570210,12405,0.98,59,2,807.3,1
570249,12406,-2.14,39,2,416.5,1
570283,12407,-3.60,34,1,339.1,1
570335,12408,0.34,52,2,661.5,1
570373,12409,-2.77,38,1,433.5,1
570455,12410,2.08,82,3,856.9,1
570517,12411,1.08,62,3,784.1,1
570548,12412,-2.92,31,1,367.0,1
570610,12413,0.54,62,2,997.7,1
570658,12414,0.60,48,2,815.1,1
570693,12415,-3.34,35,1,449.1,1
570734,12416,-1.53,41,2,497.8,1
570788,12417,0.03,54,2,1000.7,1
570853,12418,-0.05,65,2,735.9,1
570920,12419,2.88,67,2,879.5,1
570964,12420,-1.40,44,2,621.9,1
571005,12421,-2.93,41,1,492.1,1
571067,12422,0.86,62,2,867.1,1
571121,12423,-0.03,54,2,759.7,1
571172,12424,-0.52,51,2,956.4,1
571205,12425,-2.73,33,1,444.3,1
571244,12426,-2.96,39,1,429.3,1
571278,12427,-3.04,34,1,343.4,1
571334,12428,0.83,56,2,866.4,1
571390,12429,-0.20,56,2,865.0,1
571434,12430,-1.68,44,1,727.5,1
571466,12431,-3.99,32,1,520.6,1
571496,12432,-4.00,30,1,242.3,1
571547,12433,1.08,51,2,898.3,1
571585,12434,-3.15,38,1,423.3,1
571656,12435,0.27,71,2,771.6,1
571689,12436,-3.04,33,1,449.4,1
571755,12437,1.63,66,2,885.9,1
571807,12438,1.53,52,2,905.2,1
571878,12439,4.64,71,3,894.7,1
571928,12440,-1.89,50,2,617.7,1
571993,12441,0.79,65,2,827.7,1
572027,12442,-3.99,34,1,315.2,1
572077,12443,1.10,50,2,878.2,1
572134,12444,1.77,57,2,875.0,1
572191,12445,0.68,57,2,828.5,1
572232,12446,-1.64,41,2,546.6,1
572298,12447,2.48,66,3,964.0,1
572334,12448,-2.16,36,2,503.9,1
572396,12449,0.95,62,2,898.8,1
572439,12450,-2.97,43,1,728.4,1
572468,12451,-3.36,29,1,382.2,1
572528,12452,1.05,60,2,736.4,1
572578,12453,-0.42,50,2,776.7,1
572613,12454,-3.02,35,1,450.1,1
572668,12455,1.70,55,2,870.3,1
572710,12456,-1.54,42,2,493.3,1
572767,12457,3.02,57,3,923.8,1
572815,12458,0.62,48,2,867.4,1
572852,12459,-2.04,37,2,477.3,1
572888,12460,-2.48,36,1,466.0,1
572938,12461,1.41,50,2,855.8,1
572996,12462,1.40,58,2,847.6,1
573024,12463,-4.63,28,1,283.3,1
573060,12464,-3.13,36,1,486.4,1
573094,12465,-3.35,34,1,411.2,1
573138,12466,-1.63,44,2,658.3,1
573220,12467,26.54,82,5,1278.2,0
573297,12468,28.88,77,4,1279.9,0
573353,12469,1.64,56,2,818.5,1
573429,12470,3.14,76,3,1019.0,1
573484,12471,1.20,55,2,763.7,1
573548,12472,1.21,64,2,865.7,1
573567,12473,-5.15,19,1,171.5,1
573633,12474,1.82,66,2,1026.7,1
573675,12475,-3.43,42,1,390.5,1
573728,12476,0.87,53,2,709.7,1
573793,12477,2.61,65,2,960.3,1
573827,12478,-6.27,34,1,180.5,1
573860,12479,-2.62,33,1,447.8,1
573898,12480,-2.34,38,1,421.5,1
573934,12481,-3.43,36,2,452.1,1
573974,12482,0.34,40,2,543.1,1
574015,12483,-3.17,41,1,492.8,1
574075,12484,-0.66,60,2,863.9,1
574138,12485,4.10,63,3,913.4,1
574176,12486,-4.10,38,1,480.7,1
574215,12487,-4.91,39,1,487.3,1
574241,12488,-5.07,26,0,400.7,1
574297,12489,2.04,56,3,830.6,1
574314,12490,-5.62,17,1,115.2,1
574347,12491,-2.79,33,2,324.0,1
574372,12492,-5.11,25,1,190.8,1
574437,12493,1.94,65,2,907.5,1
574463,12494,-4.95,26,1,230.3,1
574520,12495,0.57,57,2,849.4,1
574564,12496,0.12,44,2,661.8,1
574629,12497,1.77,65,3,991.6,1
574690,12498,0.89,61,2,772.9,1
574738,12499,0.63,48,2,826.7,1
574764,12500,-3.66,26,1,362.9,1
574822,12501,0.25,58,2,848.8,1
574855,12502,-3.55,33,1,450.3,1
574900,12503,-1.54,45,2,624.8,1
574951,12504,-0.04,51,2,696.7,1
574983,12505,-3.84,32,1,486.7,1
575045,12506,3.71,62,3,880.1,1
575086,12507,-2.14,41,2,570.0,1
575137,12508,1.33,51,2,881.8,1
575219,12509,5.47,82,3,1206.8,1
575275,12510,0.67,56,2,722.7,1
575308,12511,-3.34,33,1,436.4,1
575374,12512,2.93,66,3,993.9,1
575436,12513,2.78,62,3,1064.3,1
575491,12514,0.94,55,3,866.5,1
575550,12515,2.93,59,3,804.6,1
575586,12516,-3.61,36,1,509.7,1
575647,12517,1.90,61,3,928.6,1
575686,12518,-3.81,39,1,551.3,1
575743,12519,0.46,57,2,619.7,1
575769,12520,-3.15,26,1,381.3,1
575835,12521,5.07,66,3,1082.2,1
575871,12522,-2.05,36,2,463.9,1
575913,12523,-2.66,42,1,501.1,1
575951,12524,-2.48,38,2,524.3,1
575983,12525,-3.67,32,1,461.5,1
576025,12526,-0.66,42,2,638.5,1
576059,12527,-3.26,34,2,322.8,1
576110,12528,-1.08,51,2,619.2,1
576190,12529,24.98,80,4,1279.0,0
576223,12530,-2.92,33,1,504.9,1
576276,12531,0.91,53,3,934.2,1
576309,12532,-3.34,33,1,488.5,1
576366,12533,0.76,57,2,852.4,1
576439,12534,4.12,73,3,853.2,1
576496,12535,1.32,57,2,836.4,1
576531,12536,-2.47,35,1,599.6,1
576591,12537,1.09,60,3,896.3,1
576621,12538,-4.72,30,1,221.9,1
576686,12539,3.98,65,3,1048.2,1
576742,12540,0.62,56,3,818.7,1
576803,12541,1.48,61,2,1036.7,1
576858,12542,1.03,55,3,867.8,1
576890,12543,-4.16,32,1,319.8,1
576935,12544,-1.93,45,1,684.8,1
576989,12545,0.86,54,2,905.4,1
577023,12546,-3.94,34,1,332.3,1
577054,12547,-3.21,31,2,347.5,1
577113,12548,1.83,59,3,873.9,1
577147,12549,-2.96,34,1,478.1,1
577195,12550,-0.56,48,3,523.2,1
577224,12551,-3.67,29,1,380.1,1
577287,12552,1.41,63,2,861.8,1
577341,12553,1.84,54,3,875.9,1
577384,12554,-1.85,43,1,651.7,1
577455,12555,1.62,71,2,967.4,1
577520,12556,3.19,65,3,941.5,1
577549,12557,-3.07,29,1,403.1,1
577581,12558,-2.08,32,2,490.1,1
577604,12559,-4.07,23,1,297.2,1
577663,12560,0.71,59,3,807.3,1
577689,12561,-3.24,26,1,522.9,1
577730,12562,0.63,41,2,661.9,1
577791,12563,2.21,61,2,792.2,1
577858,12564,1.64,67,2,802.1,1
577918,12565,0.04,60,3,795.1,1
577942,12566,-4.46,24,1,324.0,1
577978,12567,-4.66,36,0,460.4,1
578010,12568,-3.10,32,1,455.0,1
578075,12569,1.42,65,2,950.1,1
578122,12570,-3.65,47,1,635.9,1
578162,12571,-1.16,40,2,592.2,1
578233,12572,2.39,71,3,860.1,1
578293,12573,0.64,60,2,870.8,1
578350,12574,0.81,57,3,817.1,1
578414,12575,1.77,64,2,737.8,1
578451,12576,-3.14,37,1,495.2,1
578508,12577,0.07,57,2,899.5,1
578566,12578,-0.73,58,2,666.5,1
578586,12579,-5.12,20,1,188.8,1
578648,12580,1.91,62,2,1075.8,1
578683,12581,-2.51,35,1,499.7,1
578752,12582,2.27,69,2,898.4,1
578790,12583,-0.50,38,2,583.0,1
578849,12584,-1.38,59,2,590.7,1
578882,12585,-3.02,33,1,382.2,1
578911,12586,-3.69,29,1,373.9,1
578933,12587,-4.79,22,1,217.9,1
578960,12588,-4.64,27,1,258.5,1
579022,12589,0.45,62,2,839.8,1
579054,12590,-4.30,32,1,467.1,1
579121,12591,0.82,67,2,846.4,1
579195,12592,3.48,74,3,1048.4,1
579271,12593,0.82,76,2,893.5,1
579304,12594,-3.54,33,1,369.9,1
579366,12595,2.81,62,3,907.8,1
579419,12596,0.87,53,2,845.9,1
579478,12597,1.90,59,2,859.7,1
579540,12598,0.72,62,2,907.1,1
579593,12599,-0.24,53,2,822.7,1
579626,12600,-2.12,33,2,333.6,1
579676,12601,0.26,50,2,747.4,1
579747,12602,2.08,71,2,834.6,1
579781,12603,-3.40,34,1,489.1,1
579815,12604,-3.56,34,1,310.2,1
579881,12605,5.49,66,3,974.5,1
579944,12606,0.17,63,2,827.5,1
580009,12607,1.79,65,3,830.4,1
580074,12608,3.11,65,3,957.2,1
580142,12609,1.10,68,2,893.6,1
580198,12610,0.83,56,2,812.6,1
580238,12611,-1.71,40,2,599.6,1
580258,12612,-5.51,20,1,156.3,1
580318,12613,-0.56,60,2,713.2,1
580355,12614,-3.19,37,1,483.6,1
580412,12615,-0.52,57,2,855.5,1
580436,12616,-2.45,24,2,347.5,1
580495,12617,0.92,59,2,827.1,1
580561,12618,1.85,66,2,914.4,1
580626,12619,1.01,65,3,849.1,1
580685,12620,2.95,59,3,832.5,1
580751,12621,2.55,66,2,976.8,1
580786,12622,-3.89,35,1,474.1,1
580846,12623,0.28,60,3,855.2,1
580878,12624,-2.85,32,1,459.0,1
580921,12625,-1.10,43,2,603.0,1
580975,12626,1.20,54,2,858.1,1
581008,12627,-2.77,33,1,478.1,1
581044,12628,-3.44,36,1,325.0,1
581096,12629,0.26,52,2,942.1,1
581134,12630,-3.27,38,1,490.1,1
581196,12631,0.17,62,2,830.8,1
581233,12632,-1.80,37,2,475.7,1
581288,12633,2.07,55,3,978.3,1
581318,12634,-4.02,30,1,492.7,1
581371,12635,0.03,53,2,874.4,1
581434,12636,2.52,63,2,804.7,1
581485,12637,-0.29,51,2,837.9,1
581553,12638,2.03,68,2,795.0,1
581606,12639,-0.57,53,2,793.1,1
581663,12640,-0.28,57,2,826.7,1
581694,12641,-2.95,31,1,527.4,1
581786,12642,27.16,92,4,1276.4,0
581842,12643,0.18,56,2,864.9,1
581898,12644,-0.60,56,2,823.1,1
581956,12645,2.87,58,3,944.8,1
581984,12646,-5.37,28,1,190.8,1
582044,12647,0.49,60,2,785.2,1
582092,12648,-1.33,48,2,672.4,1
582128,12649,-3.07,36,1,324.9,1
582169,12650,-1.35,41,2,698.1,1
582212,12651,-1.65,43,1,709.6,1
582272,12652,-0.70,60,2,887.0,1
582335,12653,-0.05,63,2,915.2,1
582397,12654,0.92,62,3,781.4,1
582458,12655,0.67,61,2,871.2,1
582517,12656,-0.41,59,2,868.2,1
582571,12657,1.00,54,2,822.9,1
582623,12658,1.67,52,2,755.7,1
582688,12659,2.71,65,3,880.8,1
582745,12660,-0.52,57,2,740.2,1
582795,12661,1.40,50,2,883.4,1
582850,12662,1.55,55,3,883.4,1
582927,12663,4.61,77,3,986.2,1
582967,12664,-1.78,40,2,500.9,1
583038,12665,2.29,71,3,1039.4,1
583092,12666,0.88,54,2,774.3,1
583154,12667,1.36,62,2,865.9,1
583215,12668,1.36,61,2,963.4,1
583282,12669,1.79,67,2,811.6,1
583311,12670,-4.00,29,1,342.2,1
583344,12671,-3.41,33,1,519.3,1
583405,12672,1.07,61,3,865.9,1
583470,12673,1.61,65,2,909.4,1
583533,12674,1.62,63,3,925.7,1
583564,12675,-3.56,31,1,490.4,1
583598,12676,-2.52,34,1,437.3,1
583654,12677,-0.83,56,2,951.2,1
583714,12678,4.02,60,3,840.8,1
583757,12679,0.09,43,2,677.9,1
583810,12680,0.64,53,2,856.6,1
583852,12681,-2.05,42,2,497.1,1
583876,12682,-5.43,24,1,181.1,1
583909,12683,-3.08,33,1,393.3,1
583940,12684,-2.32,31,2,305.3,1
583986,12685,0.94,46,2,745.8,1
584048,12686,2.03,62,3,860.6,1
584082,12687,-1.81,34,2,546.7,1
584119,12688,-1.65,37,2,580.6,1
584180,12689,1.55,61,2,902.4,1
584217,12690,-3.56,37,1,484.1,1
584282,12691,2.63,65,2,954.3,1
584340,12692,1.09,58,2,862.5,1
584392,12693,1.40,52,2,968.1,1
584438,12694,-2.11,46,1,646.4,1
584472,12695,-1.75,34,2,561.4,1
584534,12696,3.62,62,3,834.0,1
584601,12697,1.91,67,2,778.5,1
584656,12698,1.28,55,2,853.4,1
584683,12699,-4.75,27,1,223.2,1
584738,12700,3.05,55,3,943.4,1
584797,12701,2.09,59,3,842.4,1
584831,12702,-3.56,34,1,315.2,1
584865,12703,-3.21,34,1,305.1,1
584893,12704,-3.47,28,1,332.1,1
584962,12705,2.34,69,3,838.7,1
584998,12706,-2.82,36,1,493.5,1
585063,12707,2.03,65,3,867.8,1
585143,12708,5.22,80,4,996.4,1
585198,12709,-0.03,55,2,640.6,1
585219,12710,-5.67,21,1,197.1,1
585267,12711,-1.27,48,1,689.6,1
585332,12712,2.34,65,2,893.3,1
585388,12713,2.10,56,3,802.8,1
585421,12714,-3.02,33,1,485.0,1
585478,12715,0.73,57,2,832.1,1
585497,12716,-4.48,19,1,233.0,1
585562,12717,2.55,65,2,866.2,1
585615,12718,-0.07,53,2,830.2,1
585675,12719,0.51,60,2,827.5,1
585709,12720,-4.47,34,1,308.7,1
585748,12721,-2.62,39,1,455.5,1
585792,12722,-3.19,44,1,362.9,1
585823,12723,-2.44,31,1,437.9,1
585878,12724,0.12,55,3,855.3,1
585931,12725,1.03,53,2,851.4,1
585997,12726,4.91,66,4,1015.0,1
586048,12727,1.17,51,2,781.5,1
586080,12728,-3.24,32,1,496.0,1
586123,12729,-2.12,43,2,433.9,1
586156,12730,-3.11,33,1,462.1,1
586223,12731,2.83,67,3,1000.9,1
586257,12732,-4.41,34,1,324.4,1
586326,12733,1.76,69,2,883.6,1
586395,12734,2.97,69,3,905.8,1
586435,12735,-2.73,40,1,468.0,1
586467,12736,-3.01,32,1,474.2,1
586532,12737,1.15,65,2,873.2,1
586565,12738,-3.13,33,1,362.8,1
586618,12739,1.63,53,3,995.3,1
586654,12740,-3.38,36,1,471.6,1
586679,12741,-2.39,25,2,339.6,1
586725,12742,-0.88,46,2,812.4,1
586759,12743,-2.40,34,2,352.6,1
586838,12744,7.56,79,3,1275.9,1
586872,12745,-3.30,34,1,304.7,1
586933,12746,1.26,61,2,888.1,1
586996,12747,4.24,63,3,924.3,1
587028,12748,-3.13,32,1,475.9,1
587060,12749,-5.30,32,1,452.2,1
587094,12750,-3.77,34,1,328.7,1
587125,12751,-4.53,31,1,529.2,1
587190,12752,3.10,65,3,969.8,1
587260,12753,1.24,70,3,926.8,1
587325,12754,3.24,65,3,883.3,1
587397,12755,1.34,72,2,973.7,1
587466,12756,1.13,69,2,775.5,1
587523,12757,-1.34,57,2,555.0,1
587579,12758,0.95,56,2,804.1,1
587629,12759,-0.12,50,2,700.9,1
587678,12760,0.25,49,2,836.4,1
587716,12761,-3.81,38,1,421.1,1
587871,12762,-1.84,155,5,1084.6,1
587929,12763,0.19,58,2,788.4,1
587988,12764,2.42,59,2,879.0,1
588040,12765,0.48,52,2,756.5,1
588091,12766,0.14,51,2,911.7,1
588157,12767,2.03,66,3,980.9,1
588208,12768,1.30,51,3,759.7,1
588236,12769,-4.33,28,1,199.6,1
588292,12770,2.49,56,3,904.0,1
588329,12771,-3.44,37,1,598.7,1
588387,12772,0.09,58,2,816.1,1
588409,12773,-3.67,22,1,335.9,1
588464,12774,-0.45,55,2,902.3,1
588525,12775,1.66,61,2,786.6,1
588560,12776,-1.90,35,2,498.6,1
588620,12777,0.99,60,2,769.4,1
588686,12778,2.34,66,2,810.1,1
588710,12779,-4.45,24,1,246.5,1
588774,12780,0.52,64,2,764.9,1
588826,12781,3.10,52,3,895.0,1
588860,12782,-3.16,34,1,469.5,1
588925,12783,1.01,65,3,903.0,1
588983,12784,1.56,58,3,911.0,1
589009,12785,-1.82,26,2,449.1,1
589049,12786,-1.08,40,2,602.0,1
589102,12787,0.83,53,2,828.7,1
589145,12788,-1.68,43,2,685.0,1
589172,12789,-4.02,27,1,437.0,1
589206,12790,-3.55,34,1,495.8,1
589243,12791,-2.77,37,1,472.3,1
589292,12792,0.76,49,2,685.1,1
589344,12793,0.15,52,2,875.4,1
589406,12794,1.81,62,3,847.6,1
589451,12795,-1.00,45,2,566.3,1
589489,12796,-1.44,38,2,632.6,1
589540,12797,0.05,51,2,843.1,1
589574,12798,-3.75,34,1,305.5,1
589626,12799,-1.14,52,1,797.1,1
589684,12800,0.11,58,2,773.3,1
589749,12801,-0.11,65,2,1007.0,1
589787,12802,-1.71,38,2,556.7,1
589846,12803,0.08,59,2,705.1,1
589881,12804,-8.64,35,0,59.6,1
589901,12805,-4.43,20,1,265.6,1
589956,12806,1.27,55,2,846.4,1
590010,12807,1.14,54,3,930.2,1
590062,12808,1.01,52,2,828.0,1
590124,12809,1.57,62,3,803.1,1
590158,12810,-3.11,34,1,482.3,1
590223,12811,3.97,65,3,842.0,1
590287,12812,2.79,64,3,835.1,1
590337,12813,0.87,50,2,820.8,1
590394,12814,1.58,57,3,970.8,1
590431,12815,-2.54,37,2,370.3,1
590489,12816,1.32,58,3,880.3,1
590544,12817,0.76,55,2,929.2,1
590581,12818,-3.63,37,1,419.7,1
590640,12819,1.08,59,2,853.3,1
590692,12820,0.46,52,2,662.8,1
590755,12821,0.91,63,2,822.6,1
590819,12822,1.28,64,2,800.5,1
590845,12823,-5.36,26,0,425.6,1
590879,12824,-2.75,34,1,527.4,1
590914,12825,-5.05,35,0,429.2,1
590982,12826,2.20,68,3,802.9,1
591017,12827,-2.62,35,1,485.6,1
591065,12828,0.48,48,2,813.3,1
591098,12829,-3.24,33,1,440.0,1
591127,12830,-3.06,29,1,398.5,1
591166,12831,-1.73,39,2,571.8,1
591199,12832,-0.49,33,2,586.7,1
591255,12833,3.68,56,3,1020.8,1
591313,12834,1.40,58,2,751.9,1
591368,12835,-1.46,55,3,895.2,1
591435,12836,5.62,67,3,1117.9,1
591499,12837,4.41,64,3,1009.5,1
591548,12838,-1.37,49,1,786.3,1
591615,12839,3.97,67,3,1009.7,1
591641,12840,-3.14,26,1,332.0,1
591700,12841,2.76,59,2,929.3,1
591756,12842,2.46,56,3,869.5,1
591814,12843,2.65,58,3,894.4,1
591839,12844,-6.00,25,0,452.9,1
591898,12845,2.41,59,3,821.2,1
591932,12846,-6.11,34,1,196.5,1
591989,12847,0.13,57,2,717.0,1
592049,12848,0.31,60,2,850.1,1
592111,12849,3.28,62,3,962.5,1
592133,12850,-4.14,22,1,216.7,1
592187,12851,0.66,54,3,823.1,1
592221,12852,-2.57,34,2,287.6,1
592285,12853,2.15,64,3,928.8,1
592340,12854,1.55,55,2,742.0,1
592394,12855,-0.16,54,2,615.4,1
592449,12856,0.79,55,2,827.3,1
592504,12857,0.38,55,2,868.5,1
592560,12858,1.13,56,2,801.2,1
592622,12859,-1.42,62,2,806.3,1
592674,12860,2.12,52,3,888.2,1
592731,12861,1.18,57,2,934.5,1
592778,12862,-0.74,47,2,772.9,1
592839,12863,3.40,61,3,946.4,1
592879,12864,-3.31,40,1,484.9,1
592926,12865,0.29,47,2,705.8,1
592966,12866,-3.01,40,2,356.2,1
592989,12867,-4.01,23,1,260.4,1
593050,12868,2.38,61,3,839.7,1
593109,12869,1.90,59,2,827.7,1
593165,12870,1.67,56,3,816.5,1
593192,12871,-5.41,27,1,173.6,1
593249,12872,0.41,57,2,852.9,1
593331,12873,2.92,82,2,911.5,1
593364,12874,-3.42,33,1,370.6,1
593423,12875,2.34,59,3,925.1,1
593482,12876,-0.09,59,2,830.6,1
593512,12877,-3.08,30,1,346.4,1
593548,12878,-3.58,36,1,481.5,1
593571,12879,-4.70,23,1,230.0,1
593605,12880,-3.91,34,1,317.7,1
593641,12881,-2.76,36,1,509.8,1
593666,12882,-4.59,25,1,282.6,1
593720,12883,1.97,54,3,904.8,1
593748,12884,-3.55,28,1,272.7,1
593798,12885,1.02,50,2,772.5,1
593837,12886,-0.34,39,2,635.2,1
593895,12887,0.03,58,2,897.7,1
593952,12888,1.33,57,2,854.0,1
593991,12889,-1.36,39,2,602.3,1
594037,12890,-0.70,46,2,613.9,1
594104,12891,3.15,67,3,1023.2,1
594145,12892,-2.42,41,1,498.1,1
594176,12893,-3.28,31,1,394.8,1
594229,12894,1.17,53,2,862.2,1
594274,12895,-1.83,45,2,569.5,1
594330,12896,0.97,56,2,837.1,1
594383,12897,0.19,53,2,844.6,1
594418,12898,-1.88,35,2,530.5,1
594454,12899,-2.99,36,1,455.8,1
594504,12900,0.82,50,2,884.0,1
594565,12901,0.97,61,2,810.3,1
594598,12902,-3.00,33,1,455.0,1
594656,12903,0.20,58,2,922.7,1
594706,12904,0.50,50,2,812.6,1
594738,12905,-3.61,32,1,478.2,1
594771,12906,-3.82,33,1,494.6,1
594836,12907,0.82,65,2,819.7,1
594892,12908,1.07,56,2,786.7,1
594923,12909,-1.94,31,2,508.7,1
594987,12910,1.07,64,2,808.4,1
595045,12911,0.10,58,2,750.5,1
595113,12912,3.09,68,3,961.6,1
595165,12913,0.18,52,2,716.4,1
595185,12914,-5.39,20,1,179.6,1
595251,12915,2.49,66,2,807.3,1
595307,12916,0.74,56,2,881.0,1
595380,12917,3.00,73,2,836.8,1
595402,12918,-3.67,22,1,296.6,1
595459,12919,0.58,57,2,857.8,1
595482,12920,-4.52,23,1,266.8,1
595529,12921,0.50,47,2,780.2,1
595552,12922,-4.29,23,1,235.8,1
595588,12923,-2.98,36,1,517.6,1
595621,12924,-3.38,33,1,471.1,1
595685,12925,2.81,64,2,1064.9,1
595746,12926,2.14,61,3,902.0,1
595786,12927,-2.94,40,1,502.9,1
595854,12928,5.88,68,3,1198.0,1
595910,12929,1.92,56,3,907.3,1
595997,12930,25.33,87,3,1280.2,0
596052,12931,2.64,55,3,950.5,1
596117,12932,1.91,65,2,807.5,1
596182,12933,3.65,65,3,851.6,1
596237,12934,0.52,55,2,842.6,1
596294,12935,1.59,57,2,723.0,1
596342,12936,0.96,48,2,735.6,1
596374,12937,-3.29,32,1,475.4,1
596431,12938,1.02,57,2,842.8,1
596466,12939,-1.91,35,2,491.8,1
596518,12940,0.54,52,2,871.6,1
596546,12941,-3.04,28,1,472.9,1
596579,12942,-2.76,33,1,477.3,1
596641,12943,3.15,62,3,987.1,1
596696,12944,2.40,55,3,892.8,1
596750,12945,1.05,54,2,856.3,1
596815,12946,2.32,65,2,986.2,1
596880,12947,2.99,65,2,873.2,1
596939,12948,1.62,59,3,813.4,1
596995,12949,3.10,56,4,896.7,1
597048,12950,1.18,53,2,895.3,1
597083,12951,-1.57,35,2,479.3,1
597139,12952,-0.37,56,2,954.0,1
597202,12953,0.11,63,2,947.0,1
597259,12954,0.14,57,2,788.4,1
597323,12955,1.88,64,3,921.6,1
597381,12956,0.78,58,3,915.5,1
597446,12957,2.84,65,2,984.7,1
597505,12958,1.63,59,3,808.0,1
597527,12959,-2.86,22,2,309.0,1
597564,12960,-3.66,37,1,501.9,1
597594,12961,-2.98,30,1,475.7,1
597626,12962,-2.71,32,2,480.8,1
597667,12963,-1.42,41,2,588.7,1
597726,12964,2.19,59,2,814.1,1
597755,12965,-2.80,29,2,362.6,1
597813,12966,1.92,58,2,795.0,1
597871,12967,0.06,58,2,797.0,1
597897,12968,-2.89,26,1,462.9,1
597946,12969,1.72,49,3,883.1,1
598008,12970,-0.21,62,2,832.5,1
598074,12971,2.61,66,2,809.2,1
598101,12972,-3.38,27,1,399.0,1
598168,12973,2.40,67,2,891.5,1
598237,12974,1.61,69,2,861.5,1
598273,12975,-2.46,36,1,452.1,1
598353,12976,2.05,80,3,903.3,1
598417,12977,2.52,64,3,918.4,1
598461,12978,-0.17,44,2,714.9,1
598528,12979,2.22,67,2,803.0,1
598586,12980,1.13,58,2,808.0,1
598642,12981,0.65,56,2,854.4,1
598675,12982,-2.77,33,1,559.2,1
598695,12983,-5.48,20,1,147.1,1
598731,12984,-2.54,36,2,514.6,1
598774,12985,-1.86,43,1,663.3,1
598831,12986,1.48,57,2,864.3,1
598896,12987,4.28,65,3,950.8,1
598928,12988,-3.46,32,1,455.0,1
598988,12989,0.33,60,2,703.8,1
599052,12990,2.40,64,3,1043.6,1
599084,12991,-2.83,32,1,505.5,1
599139,12992,0.70,55,2,836.8,1
599195,12993,1.41,56,2,875.4,1
599247,12994,1.14,52,2,768.4,1
599313,12995,5.11,66,3,1003.8,1
599370,12996,-0.72,57,2,915.1,1
599431,12997,1.38,61,2,960.2,1
599492,12998,1.81,61,3,845.6,1
599545,12999,0.37,53,2,791.2,1
599601,13000,1.05,56,2,885.4,1
599660,13001,-0.08,59,2,871.9,1
599694,13002,-4.10,34,1,265.6,1
599765,13003,4.87,71,3,831.6,1
599824,13004,-0.30,59,2,828.8,1
599894,13005,2.79,70,2,800.0,1
599953,13006,0.70,59,2,806.4,1
600014,13007,3.36,61,3,799.5,1
600068,13008,0.30,54,2,880.1,1
600103,13009,-2.58,35,1,474.7,1
600135,13010,-2.08,32,2,409.0,1
600187,13011,0.72,52,2,781.7,1
600259,13012,2.37,72,3,827.4,1
600319,13013,-1.18,60,2,632.7,1
600370,13014,0.90,51,2,835.7,1
600431,13015,1.72,61,3,918.5,1
600484,13016,-3.91,53,1,454.9,1
600522,13017,-2.45,38,1,490.6,1
600579,13018,1.71,57,2,843.6,1
600625,13019,-1.20,46,2,584.6,1
600661,13020,-3.51,36,1,472.0,1
600691,13021,-3.26,30,1,433.6,1
600747,13022,1.23,56,2,732.5,1
600770,13023,-3.66,23,1,239.9,1
600834,13024,2.23,64,3,867.1,1
600891,13025,-0.44,57,2,865.9,1
600934,13026,-0.95,43,1,751.3,1
600999,13027,3.78,65,3,861.7,1
601057,13028,0.85,58,2,702.8,1
601088,13029,-3.08,31,1,463.9,1
601124,13030,-3.72,36,1,461.3,1
601195,13031,2.32,71,3,922.1,1
601258,13032,0.98,63,2,782.1,1
601293,13033,-2.96,35,1,484.4,1
601354,13034,2.99,61,3,932.2,1
601419,13035,3.24,65,2,868.7,1
601445,13036,-3.13,26,1,280.3,1
601497,13037,1.79,52,2,851.3,1
601532,13038,-3.56,35,1,461.0,1
601597,13039,2.31,65,3,917.6,1
601674,13040,3.89,77,3,1068.6,1
601731,13041,0.44,57,2,821.5,1
601766,13042,-3.36,35,1,440.2,1
601798,13043,-2.89,32,1,476.2,1
601858,13044,3.01,60,3,876.4,1
601880,13045,-4.65,22,1,213.3,1
601939,13046,2.61,59,2,837.1,1
601972,13047,-3.05,33,1,475.7,1
602033,13048,2.45,61,2,1048.7,1
602092,13049,2.69,59,2,869.8,1
602166,13050,-0.01,74,2,783.2,1
602220,13051,3.52,54,3,948.0,1
602254,13052,-3.66,34,1,497.6,1
602287,13053,-3.68,33,1,472.8,1
602339,13054,1.96,52,2,891.7,1
602373,13055,-3.88,34,1,295.9,1
602411,13056,-1.93,38,2,586.5,1
602445,13057,-4.05,34,1,453.1,1
602506,13058,1.35,61,2,823.3,1
602561,13059,0.87,55,2,857.1,1
602622,13060,1.53,61,2,776.6,1
602672,13061,1.18,50,2,710.2,1
602720,13062,-1.75,48,2,767.8,1
602777,13063,0.64,57,2,819.7,1
47,1,0.10,47,2,692.6,1
97,2,0.50,50,2,825.5,1
162,3,1.22,65,2,931.0,1
200,4,-1.52,38,2,438.8,1
256,5,0.60,56,2,910.4,1
277,6,-4.05,21,1,244.0,1
333,7,2.50,56,3,818.4,1
397,8,0.73,64,2,858.6,1
460,9,0.64,63,2,749.3,1
516,10,1.05,56,3,812.2,1
551,11,-2.79,35,1,467.6,1
593,12,-1.17,42,2,456.3,1
656,13,3.49,63,2,912.4,1
45,1,-5.66,45,1,325.6,1
197,2,-9.75,152,1,102.7,1
225,3,-7.95,28,0,139.8,1
250,4,-5.39,25,1,269.8,1
306,5,-5.10,56,1,333.8,1
331,6,-4.97,25,1,468.3,1
364,7,-5.43,33,2,180.8,1
43,1,-4.51,43,1,317.9,1
74,2,-6.49,31,1,104.2,1
122,3,-5.81,48,1,426.1,1
156,4,-6.30,34,1,165.4,1
208,5,-4.26,52,2,447.5,1
280,6,-5.50,72,1,406.4,1
368,7,-8.82,88,1,84.2,1
394,8,-6.25,26,0,380.6,1
425,9,-5.18,31,1,176.0,1
459,10,-5.97,34,1,259.8,1
494,11,-4.29,35,1,343.6,1
560,12,-5.41,66,1,275.0,1
635,13,-9.40,75,1,162.1,1
675,14,-7.48,40,0,185.8,1
715,15,-5.67,40,1,275.8,1
787,16,-4.92,72,1,308.6,1
829,17,-5.86,42,1,414.9,1
896,18,-8.05,67,1,126.7,1
994,19,-6.57,98,1,134.9,1
1031,20,-7.37,37,0,193.6,1
1065,21,-6.10,34,1,267.3,1
1099,22,-4.73,34,2,283.8,1
1483,23,-9.49,384,2,409.6,1
1532,24,-5.82,49,1,413.7,1
1564,25,-5.05,32,0,360.8,1
1780,26,-6.32,216,2,322.6,1
1814,27,-6.02,34,1,298.1,1
1871,28,-4.53,57,1,273.7,1
1895,29,-7.25,24,0,194.4,1
1919,30,-7.12,24,0,253.6,1
1956,31,-6.09,37,1,196.6,1
2027,32,-5.23,71,1,447.1,1
2059,33,-6.39,32,1,112.2,1
2149,34,-8.61,90,1,106.8,1
2190,35,-6.35,41,0,423.6,1
2243,36,-4.67,53,2,337.6,1
2264,37,-7.21,21,0,101.5,1
2364,38,-9.87,100,1,242.0,1
2390,39,-6.45,26,1,82.8,1
2417,40,-7.66,27,0,43.8,1
2480,41,-6.01,63,1,205.3,1
2526,42,-6.52,46,1,258.6,1
2561,43,-4.49,35,2,399.8,1
2638,44,-6.76,77,1,309.2,1
2772,45,-8.83,134,1,190.1,1
2915,46,-3.34,143,3,871.9,1
2948,47,-8.51,33,0,36.2,1
3153,48,-9.96,205,1,325.1,1
3227,49,-3.56,74,2,361.9,1
3433,50,-10.88,206,1,95.8,1
3473,51,-6.27,40,0,310.6,1
3531,52,-6.91,58,1,157.6,1
3572,53,-6.41,41,1,141.5,1
3601,54,-5.95,29,1,189.7,1
3969,55,-8.56,368,2,458.7,1
3994,56,-7.96,25,0,75.8,1
4094,57,-6.39,100,1,249.7,1
4189,58,-4.57,95,2,475.4,1
4714,59,-10.57,525,2,221.6,0
4754,60,-6.36,40,1,241.0,1
4796,61,-5.83,42,1,421.8,1
4821,62,-7.58,25,0,182.2,1
4875,63,-4.59,54,1,350.4,1
4909,64,-6.71,34,1,86.6,1
4954,65,-4.88,45,1,707.0,1
4988,66,-4.21,34,2,343.5,1
5022,67,-6.56,34,1,140.3,1
5055,68,-5.87,33,1,262.6,1
5095,69,-5.43,40,0,379.6,1
5128,70,-6.00,33,1,409.8,1
5169,71,-8.47,41,0,126.8,1
5355,72,-7.18,186,2,438.5,1
5623,73,-10.00,268,2,410.5,1
5651,74,-7.09,28,1,89.4,1
5706,75,-8.56,55,1,130.8,1
5886,76,-9.93,180,1,218.8,1
6067,77,-7.18,181,2,373.5,1
6522,78,-13.61,455,2,349.0,1
6583,79,-4.80,61,1,310.7,1
6855,80,-7.15,272,2,552.0,1
6889,81,-7.10,34,1,102.7,1
6964,82,-8.39,75,1,80.6,1
7018,83,-6.66,54,1,83.7,1
7118,84,-9.48,100,1,161.1,1
7163,85,-6.90,45,0,383.8,1
7376,86,-7.35,213,2,450.1,1
7725,87,-8.40,349,2,347.6,1
7758,88,-7.45,33,0,191.3,1
7812,89,-6.52,54,1,367.4,1
7841,90,-7.77,29,0,105.3,1
7880,91,-6.33,39,1,310.2,1
7999,92,-9.70,119,1,242.7,1
8034,93,-6.51,35,1,162.1,1
8141,94,-9.70,107,1,239.2,1
8355,95,-11.66,214,1,120.7,1
8575,96,-11.18,220,1,149.0,1
8719,97,-9.52,144,1,182.0,1
8760,98,-6.11,41,1,336.0,1
8817,99,-5.91,57,1,178.4,1
8858,100,-8.94,41,0,70.6,1
8983,101,-1.64,125,3,741.3,1
9037,102,-6.89,54,1,105.7,1
9071,103,-8.04,34,0,86.0,1
9112,104,-8.95,41,0,14.7,1
9233,105,-9.71,121,1,312.5,1
9317,106,-4.50,84,2,352.5,1
9339,107,-7.16,22,0,206.5,1
9362,108,-4.67,23,2,210.8,1
9408,109,-6.56,46,1,210.7,1
9513,110,-8.84,105,1,51.4,1
9631,111,-4.45,118,2,327.4,1
9652,112,-7.08,21,0,245.0,1
9717,113,-4.85,65,2,324.9,1
9806,114,-3.52,89,2,764.3,1
10022,115,-11.70,216,1,147.0,1
10114,116,-4.89,92,2,231.1,1
10162,117,-4.84,48,1,390.9,1
10208,118,-6.59,46,1,164.0,1
10464,119,-4.24,256,3,803.0,1
10493,120,-5.58,29,1,198.4,1
10610,121,-4.42,117,2,621.0,1
10694,122,-7.05,84,1,238.5,1
10731,123,-8.49,37,0,56.0,1
10806,124,-4.71,75,2,351.0,1
10834,125,-6.56,28,1,87.3,1
10886,126,-4.49,52,1,426.3,1
10920,127,-7.14,34,1,99.2,1
11111,128,-8.75,191,1,171.8,1
11147,129,-6.68,36,1,174.2,1
11199,130,-9.13,52,0,26.0,1
11253,131,-8.16,54,1,72.7,1
11400,132,0.02,147,4,900.5,1
11434,133,-6.23,34,1,100.9,1
11454,134,-7.54,20,0,112.8,1
11488,135,-7.01,34,1,135.8,1
11535,136,-6.60,47,1,74.5,1
11581,137,-8.79,46,0,66.7,1
11646,138,-6.83,65,1,348.9,1
11721,139,-5.00,75,1,466.9,1
11780,140,-6.66,59,1,326.5,1
11882,141,-8.87,102,1,32.0,1
11929,142,-5.14,47,2,404.1,1
11987,143,-2.17,58,3,449.2,1
12034,144,-5.44,47,1,309.0,1
12281,145,-11.97,247,1,161.9,1
12314,146,-5.65,33,2,152.4,1
12527,147,-10.73,213,1,202.9,1
12611,148,-5.94,84,1,520.2,1
12644,149,-6.80,33,1,185.5,1
12683,150,-6.15,39,1,386.4,1
12740,151,-5.56,57,1,354.3,1
12903,152,-9.64,163,1,207.6,1
13003,153,-4.22,100,2,513.7,1
13066,154,-6.21,63,1,114.3,1
13104,155,-5.78,38,1,363.2,1
13124,156,-7.99,20,0,34.1,1
13226,157,-5.30,102,1,336.4,1
13540,158,-5.93,314,4,885.4,1
13566,159,-6.21,26,1,240.8,1
13643,160,-4.31,77,2,307.8,1
13689,161,-4.73,46,2,433.4,1
13716,162,-7.72,27,0,66.1,1
13744,163,-7.96,28,0,97.6,1
13804,164,-6.19,60,1,285.5,1
13849,165,-5.24,45,1,499.8,1
13888,166,-5.64,39,1,430.7,1
13945,167,-4.59,57,1,382.6,1
13993,168,-5.84,48,1,278.2,1
14026,169,-7.11,33,0,219.3,1
14106,170,-5.31,80,1,440.2,1
14147,171,-7.23,41,0,259.0,1
14188,172,-5.60,41,1,316.2,1
14235,173,-6.06,47,1,454.7,1
14314,174,-5.29,79,2,415.3,1
14332,175,-7.27,18,0,217.6,1
14513,176,-8.32,181,3,767.2,1
14564,177,-5.81,51,1,358.0,1
14634,178,-3.74,70,2,378.3,1
14686,179,-5.12,52,1,326.9,1
14744,180,-6.28,58,1,399.7,1
14776,181,-5.82,32,1,129.3,1
14810,182,-6.31,34,1,211.9,1
14913,183,-0.49,103,3,826.3,1
14992,184,-3.53,79,2,801.6,1
15083,185,-1.68,91,3,799.1,1
15150,186,-4.96,67,1,359.5,1
15185,187,-6.72,35,0,312.5,1
15401,188,-10.98,216,1,142.7,1
15426,189,-6.88,25,0,249.1,1
15453,190,-6.32,27,0,448.6,1
15481,191,-6.26,28,1,182.0,1
15522,192,-8.74,41,0,45.9,1
15561,193,-5.68,39,0,367.5,1
15715,194,-7.53,154,2,403.6,1
15741,195,-7.20,26,0,195.9,1
15774,196,-7.19,33,0,196.1,1
15819,197,-5.06,45,1,343.8,1
15926,198,-7.12,107,1,277.1,1
15996,199,-4.89,70,1,285.3,1
16071,200,-5.31,75,1,388.5,1
16115,201,-6.28,44,1,332.7,1
16149,202,-5.31,34,1,123.6,1
16190,203,-6.65,41,0,322.5,1
16215,204,-5.52,25,1,215.3,1
16304,205,-1.60,89,2,688.9,1
16338,206,-5.71,34,1,135.5,1
16373,207,-6.40,35,1,157.2,1
16408,208,-8.06,35,0,40.4,1
16450,209,-5.29,42,2,414.3,1
16493,210,-6.24,43,1,134.3,1
16573,211,-5.09,80,1,399.5,1
16609,212,-6.87,36,1,149.3,1
16705,213,-8.62,96,1,177.0,1
16746,214,-6.36,41,0,493.9,1
16823,215,-7.48,77,1,346.0,1
16864,216,-9.01,41,0,50.8,1
17037,217,-9.02,173,1,27.2,1
17251,218,-10.34,214,1,100.9,1
17285,219,-6.56,34,0,276.1,1
17345,220,-5.48,60,1,398.1,1
17400,221,-5.10,55,1,426.9,1
17425,222,-7.59,25,0,173.3,1
17498,223,-4.13,73,1,421.0,1
17547,224,-5.31,49,2,382.2,1
17629,225,-7.43,82,1,327.5,1
17680,226,-4.64,51,2,271.6,1
17762,227,-7.68,82,1,37.2,1
17803,228,-8.31,41,0,7.3,1
17843,229,-5.98,40,1,260.8,1
17877,230,-6.42,34,1,301.3,1
17912,231,-4.93,35,1,303.8,1
18000,232,-5.74,88,2,398.7,1
18055,233,-3.37,55,2,442.1,1
18084,234,-6.00,29,0,289.1,1
18125,235,-7.64,41,0,237.9,1
18160,236,-8.28,35,0,147.0,1
18234,237,-4.99,74,1,339.6,1
18268,238,-7.58,34,0,104.4,1
18328,239,-5.59,60,1,406.5,1
18368,240,-6.21,40,1,148.2,1
18392,241,-6.36,24,0,303.9,1
18434,242,-7.15,42,0,377.4,1
18467,243,-5.38,33,1,433.5,1
18497,244,-5.56,30,1,396.7,1
18531,245,-5.88,34,1,289.5,1
18570,246,-5.84,39,1,445.8,1
18625,247,-5.22,55,1,456.3,1
18728,248,0.58,103,3,889.6,1
18812,249,-3.68,84,2,477.2,1
18853,250,-5.55,41,1,538.3,1
18897,251,-3.57,44,2,458.6,1
18935,252,-4.50,38,2,435.8,1
18972,253,-7.07,37,0,236.4,1
19094,254,-9.61,122,1,119.1,1
19131,255,-4.60,37,2,424.6,1
19171,256,-5.38,40,1,271.0,1
19211,257,-5.57,40,1,466.7,1
19245,258,-3.77,34,2,270.5,1
19303,259,-3.62,58,2,329.0,1
19352,260,-4.32,49,1,364.4,1
19398,261,-4.84,46,2,483.1,1
19427,262,-5.99,29,1,276.9,1
19487,263,-4.25,60,1,425.3,1
19528,264,-6.21,41,1,370.9,1
19578,265,-5.01,50,1,216.3,1
19617,266,-5.79,39,1,431.8,1
19666,267,-5.50,49,1,243.1,1
19718,268,-5.27,52,2,215.4,1
19730,269,-6.97,12,0,170.3,1
19755,270,-8.75,25,0,68.4,1
19782,271,-5.97,27,1,338.0,1
19906,272,-2.42,124,2,469.1,1
19947,273,-5.83,41,1,289.3,1
20011,274,-5.96,64,1,357.8,1
20045,275,-6.05,34,1,166.4,1
20190,276,-9.94,145,1,182.2,1
20353,277,-6.26,163,2,506.0,1
20422,278,-4.96,69,2,466.7,1
20448,279,-7.50,26,0,173.0,1
20482,280,-6.97,34,0,341.9,1
20528,281,-4.87,46,2,456.6,1
20573,282,-4.75,45,2,458.0,1
20619,283,-6.86,46,1,266.1,1
20683,284,-4.46,64,1,407.5,1
20717,285,-5.33,34,1,185.3,1
20743,286,-6.96,26,1,139.3,1
20946,287,-7.60,203,2,490.8,1
20969,288,-6.55,23,0,326.1,1
21025,289,-3.11,56,2,433.9,1
21046,290,-7.48,21,0,75.2,1
21075,291,-6.16,29,0,262.2,1
21105,292,-5.49,30,1,331.4,1
21219,293,-8.13,114,1,33.0,1
21307,294,-4.59,88,1,332.0,1
21326,295,-7.76,19,0,27.4,1
21407,296,-4.65,81,1,411.4,1
21441,297,-5.43,34,1,249.5,1
21487,298,-6.47,46,1,162.9,1
21511,299,-4.88,24,1,573.9,1
21557,300,-5.32,46,1,332.9,1
21638,301,-5.39,81,1,485.4,1
21672,302,-5.95,34,1,190.2,1
21768,303,-6.98,96,1,160.7,1
21813,304,-5.89,45,1,463.0,1
21850,305,-5.08,37,1,201.1,1
21877,306,-5.89,27,0,252.8,1
21941,307,-5.35,64,1,402.7,1
22026,308,-0.74,85,2,868.5,1
22060,309,-6.19,34,0,293.4,1
22099,310,-4.92,39,2,420.5,1
22176,311,-1.57,77,3,472.3,1
22278,312,-1.53,102,4,833.0,1
22323,313,-6.28,45,1,140.3,1
22390,314,-6.56,67,1,204.0,1
22455,315,-5.52,65,1,434.9,1
22504,316,-4.21,49,1,367.4,1
22541,317,-6.52,37,0,365.2,1
22682,318,-8.20,141,1,223.2,1
22707,319,-6.57,25,0,220.0,1
22726,320,-5.36,19,1,226.1,1
22754,321,-5.65,28,1,295.1,1
22788,322,-5.61,34,1,279.9,1
22844,323,-5.08,56,1,263.7,1
22875,324,-5.98,31,1,294.6,1
23031,325,-9.63,156,1,316.2,1
23075,326,-6.75,44,1,108.6,1
23109,327,-5.89,34,1,247.2,1
23182,328,-0.58,73,3,928.8,1
23225,329,-5.49,43,1,341.4,1
23272,330,-3.70,47,1,439.1,1
23313,331,-5.05,41,1,307.6,1
23338,332,-6.32,25,1,162.1,1
23398,333,-6.04,60,1,469.2,1
23449,334,-4.86,51,1,265.8,1
23492,335,-6.56,43,1,222.9,1
23527,336,-6.54,35,0,458.2,1
23566,337,-6.89,39,0,365.0,1
23620,338,-2.85,54,2,515.9,1
23653,339,-6.49,33,1,154.9,1
23672,340,-7.33,19,0,187.8,1
23709,341,-4.64,37,2,475.0,1
23749,342,-6.16,40,0,296.5,1
23793,343,-4.07,44,1,375.2,1
23830,344,-3.82,37,2,549.1,1
23960,345,-1.70,130,2,672.3,1
24041,346,-3.40,81,2,518.5,1
24113,347,-2.90,72,2,873.1,1
24179,348,-1.98,66,3,470.0,1
24215,349,-5.81,36,1,185.2,1
24265,350,-4.96,50,1,285.8,1
24308,351,-6.74,43,0,338.0,1
24340,352,-8.11,32,0,74.4,1
24408,353,-1.54,68,2,883.1,1
24457,354,-4.26,49,1,348.6,1
24491,355,-6.17,34,1,226.3,1
24599,356,-1.34,108,3,751.6,1
24633,357,-5.34,34,2,274.3,1
24674,358,-7.35,41,0,231.6,1
24737,359,-5.08,63,1,312.4,1
24765,360,-6.36,28,0,467.0,1
24830,361,-2.08,65,2,411.6,1
24953,362,-0.19,123,3,815.5,1
24978,363,-7.18,25,0,317.6,1
25014,364,-3.61,36,2,354.9,1
25039,365,-7.35,25,0,162.6,1
25075,366,-5.31,36,1,488.6,1
25137,367,-5.60,62,1,380.9,1
25179,368,-5.60,42,1,339.7,1
25235,369,-5.76,56,1,419.3,1
25297,370,-3.85,62,1,461.5,1
25348,371,-4.80,51,2,431.3,1
25383,372,-3.79,35,2,449.2,1
25441,373,-5.44,58,2,437.6,1
25490,374,-5.76,49,1,482.8,1
25574,375,-2.88,84,2,775.8,1
25612,376,-5.99,38,1,176.5,1
25636,377,-6.79,24,1,95.5,1
25656,378,-6.62,20,1,98.5,1
25690,379,-6.38,34,0,281.4,1
25724,380,-5.90,34,1,186.2,1
25820,381,-3.48,96,3,516.4,1
25851,382,-5.68,31,1,377.8,1
25893,383,-5.64,42,1,448.6,1
25928,384,-5.62,35,1,353.0,1
26028,385,-6.01,100,1,407.0,1
26060,386,-6.36,32,0,450.0,1
26103,387,-3.72,43,1,447.3,1
26129,388,-5.47,26,1,275.4,1
26157,389,-7.69,28,0,80.2,1
26202,390,-5.75,45,1,439.2,1
26236,391,-4.54,34,2,340.5,1
26281,392,-8.95,45,1,231.5,1
26314,393,-7.45,33,0,183.5,1
26365,394,-4.91,51,1,265.2,1
26406,395,-6.04,41,1,440.1,1
26448,396,-4.87,42,1,417.9,1
26499,397,-2.38,51,3,474.8,1
26593,398,-1.36,94,2,784.9,1
26646,399,-3.05,53,2,463.4,1
26748,400,-0.64,102,3,892.0,1
26846,401,-8.93,98,1,99.7,1
26886,402,-3.37,40,2,474.5,1
26937,403,-5.65,51,1,325.0,1
26983,404,-5.82,46,1,458.2,1
27064,405,-5.44,81,1,420.8,1
27143,406,-5.68,79,1,433.9,1
27207,407,-4.14,64,2,507.3,1
27304,408,-7.83,97,1,32.0,1
27326,409,-6.60,22,0,297.5,1
27374,410,-7.46,48,1,104.2,1
27415,411,-5.79,41,1,347.9,1
27468,412,-4.81,53,2,503.8,1
27486,413,-6.74,18,0,209.9,1
27520,414,-6.53,34,1,62.7,1
27555,415,-6.41,35,0,314.6,1
27587,416,-7.22,32,0,288.8,1
27670,417,-2.39,83,3,699.3,1
27755,418,-6.25,85,1,456.1,1
27788,419,-6.24,33,1,212.4,1
27846,420,-5.64,58,1,380.9,1
27904,421,-3.74,58,1,397.9,1
27938,422,-4.93,34,2,330.1,1
27979,423,-8.71,41,0,61.7,1
28263,424,-9.16,284,3,678.8,1
28352,425,-6.29,89,2,406.0,1
28486,426,-2.03,134,2,785.5,1
28530,427,-5.79,44,0,485.4,1
28566,428,-6.69,36,1,234.0,1
28627,429,-6.66,61,1,221.9,1
28661,430,-6.46,34,1,141.1,1
28688,431,-6.14,27,1,171.4,1
28715,432,-7.22,27,0,199.4,1
28764,433,-5.49,49,2,388.8,1
28815,434,-5.38,51,1,451.7,1
28844,435,-6.08,29,1,206.2,1
28944,436,-4.75,100,2,384.5,1
28979,437,-6.84,35,1,36.8,1
29042,438,-4.01,63,3,437.4,1
29108,439,-1.82,66,3,782.6,1
29154,440,-6.61,46,0,454.9,1
29197,441,-5.50,43,1,387.5,1
29230,442,-5.99,33,1,321.9,1
29264,443,-7.54,34,1,92.8,1
29504,444,-6.21,240,3,487.5,1
29538,445,-6.19,34,1,373.6,1
29591,446,-4.15,53,2,490.7,1
29692,447,1.03,101,4,926.1,1
29725,448,-7.34,33,0,191.3,1
29760,449,-6.63,35,1,105.1,1
29848,450,-3.73,88,2,510.3,1
29935,451,-5.31,87,1,439.3,1
29980,452,-8.62,45,0,12.1,1
30041,453,-4.42,61,1,429.9,1
30114,454,-6.25,73,1,390.2,1
30142,455,-6.46,28,1,191.7,1
30333,456,-8.20,191,1,385.8,1
30398,457,-6.21,65,1,387.2,1
30487,458,-2.55,89,2,835.5,1
30551,459,-3.56,64,1,786.9,1
30584,460,-6.43,33,1,162.0,1
30670,461,-1.79,86,2,858.2,1
30705,462,-6.01,35,1,192.5,1
30802,463,-10.31,97,1,296.0,1
30893,464,0.31,91,4,893.6,1
30929,465,-6.04,36,1,266.2,1
31033,466,-2.63,104,3,794.6,1
31074,467,-7.31,41,0,287.3,1
31116,468,-8.09,42,0,127.8,1
31229,469,-1.29,113,3,765.3,1
31280,470,-4.01,51,2,435.3,1
31305,471,-7.99,25,0,56.9,1
31409,472,1.51,104,4,994.7,1
31443,473,-6.89,34,0,320.7,1
31477,474,-8.08,34,0,97.3,1
31528,475,-3.21,51,2,365.5,1
31568,476,-5.59,40,1,300.8,1
31643,477,-3.74,75,2,377.6,1
31682,478,-9.24,39,0,92.9,1
31727,479,-4.12,45,2,477.5,1
31766,480,-4.27,39,2,389.4,1
31809,481,-5.84,43,1,409.7,1
31879,482,-1.31,70,3,759.3,1
31927,483,-2.31,48,3,456.5,1
31950,484,-7.15,23,0,229.6,1
32226,485,-8.50,276,2,459.2,1
32262,486,-8.58,36,1,102.9,1
32320,487,-5.29,58,1,397.8,1
32354,488,-5.38,34,1,305.2,1
32399,489,-3.87,45,2,527.7,1
32445,490,-5.48,46,1,324.1,1
32554,491,-2.29,109,3,875.3,1
32597,492,-5.75,43,1,407.3,1
32636,493,-4.70,39,2,331.0,1
32666,494,-7.62,30,0,165.4,1
32696,495,-6.64,30,1,158.0,1
32755,496,-5.83,59,1,454.1,1
32834,497,-6.27,79,2,378.7,1
32888,498,-4.36,54,1,430.6,1
32922,499,-4.33,34,1,316.5,1
32976,500,-6.40,54,1,408.2,1
33033,501,-3.35,57,2,432.4,1
33137,502,-1.91,104,2,855.2,1
33233,503,-4.68,96,2,303.0,1
33322,504,-5.20,89,1,365.2,1
33527,505,-7.65,205,1,353.9,1
33568,506,-7.27,41,0,218.0,1
33821,507,-4.53,253,3,829.9,1
33871,508,-5.36,50,1,283.2,1
33920,509,-3.82,49,1,416.3,1
33983,510,-8.07,63,1,118.4,1
34043,511,-7.38,60,2,292.3,1
34153,512,0.25,110,4,864.2,1
34208,513,-5.75,55,1,308.1,1
34255,514,-6.61,47,1,220.5,1
34347,515,-0.72,92,2,650.6,1
34396,516,-6.02,49,1,365.8,1
34442,517,-9.09,46,0,48.8,1
34477,518,-8.05,35,0,106.2,1
34511,519,-6.24,34,1,177.4,1
34560,520,-5.83,49,1,319.7,1
34585,521,-7.43,25,0,184.6,1
34723,522,-3.20,138,3,444.0,1
34752,523,-6.59,29,1,205.2,1
34785,524,-4.53,33,2,408.6,1
34828,525,-5.32,43,1,376.2,1
34852,526,-7.38,24,0,172.2,1
34997,527,25.48,145,4,1278.8,0
35024,528,-7.14,27,0,379.1,1
35081,529,-4.01,57,1,432.6,1
35124,530,-6.66,43,0,439.1,1
35185,531,-6.87,61,1,391.0,1
35224,532,-5.60,39,1,295.4,1
35265,533,-8.42,41,0,45.5,1
35293,534,-7.04,28,0,190.8,1
35316,535,-6.69,23,0,322.2,1
35841,536,-5.44,525,2,337.1,0
35920,537,-3.30,79,2,500.4,1
35965,538,-3.85,45,1,364.4,1
35998,539,-6.08,33,0,361.8,1
36066,540,-4.79,68,1,506.5,1
36152,541,-2.00,86,2,655.5,1
36204,542,-4.77,52,1,406.8,1
36349,543,27.01,145,5,1280.2,0
36428,544,-2.91,79,1,460.1,1
36503,545,-5.23,75,1,422.9,1
36528,546,-5.69,25,1,223.7,1
36596,547,-5.02,68,2,409.3,1
36621,548,-5.19,25,2,170.3,1
36653,549,-7.84,32,0,138.0,1
36705,550,-4.20,52,1,485.4,1
36750,551,-5.13,45,1,361.6,1
36797,552,-4.85,47,1,489.9,1
36836,553,-6.68,39,0,388.2,1
36890,554,-4.66,54,1,555.1,1
36926,555,-6.25,36,0,357.8,1
36985,556,-5.79,59,1,434.2,1
37018,557,-7.33,33,0,178.0,1
37047,558,-6.92,29,0,255.2,1
37081,559,-6.94,34,1,189.2,1
37100,560,-6.54,19,1,85.6,1
37159,561,-4.28,59,1,328.9,1
37224,562,-3.44,65,1,383.0,1
37274,563,-4.94,50,1,342.0,1
37300,564,-7.46,26,0,217.9,1
37338,565,-6.63,38,0,504.1,1
37361,566,-6.52,23,1,147.0,1
37375,567,-6.68,14,1,67.1,1
37444,568,-4.79,69,1,372.8,1
37504,569,-2.93,60,1,439.7,1
37564,570,-5.44,60,1,336.9,1
37598,571,-6.16,34,1,196.7,1
37681,572,-2.46,83,2,686.3,1
37716,573,-6.01,35,1,222.4,1
37747,574,-5.04,31,1,162.5,1
37783,575,-6.38,36,1,162.4,1
37818,576,-8.03,35,0,88.8,1
37929,577,-2.34,111,3,426.4,1
37970,578,-5.66,41,1,363.8,1
38037,579,-3.62,67,3,490.0,1
38062,580,-7.56,25,0,107.2,1
38089,581,-6.63,27,1,114.4,1
38119,582,-6.44,30,0,247.8,1
38155,583,-5.68,36,0,384.3,1
38210,584,-4.88,55,1,401.4,1
38249,585,-5.48,39,0,336.8,1
38290,586,-5.59,41,1,336.4,1
38318,587,-8.02,28,0,59.6,1
38352,588,-5.55,34,1,328.8,1
38390,589,-5.80,38,1,289.2,1
38448,590,-5.91,58,1,394.3,1
38488,591,-5.58,40,1,321.9,1
38600,592,-0.99,112,3,698.6,1
38642,593,-4.85,42,2,426.5,1
38724,594,-3.32,82,2,435.6,1
38778,595,-3.88,54,1,285.5,1
38812,596,-6.78,34,1,104.0,1
38846,597,-5.90,34,1,243.5,1
38961,598,1.99,115,4,1182.9,1
39011,599,-4.62,50,2,373.7,1
39051,600,-6.13,40,0,364.4,1
39085,601,-7.51,34,0,188.4,1
39149,602,-4.33,64,1,425.1,1
39186,603,-7.29,37,0,311.3,1
39217,604,-6.72,31,1,86.4,1
39246,605,-6.49,29,1,98.8,1
39288,606,-4.32,42,2,390.3,1
39328,607,-5.35,40,1,356.9,1
39368,608,-6.10,40,1,378.1,1
39402,609,-5.99,34,1,163.3,1
39437,610,-3.87,35,2,268.9,1
39473,611,-7.08,36,0,291.5,1
39506,612,-6.42,33,0,467.4,1
39578,613,-3.54,72,1,476.5,1
39623,614,-3.29,45,1,542.2,1
39677,615,-4.89,54,1,401.2,1
39702,616,-7.00,25,0,203.4,1
39750,617,-2.79,48,2,399.8,1
39779,618,-7.27,29,0,192.5,1
39815,619,-4.51,36,2,304.1,1
39885,620,-2.86,70,2,413.3,1
39925,621,-5.56,40,1,421.2,1
39967,622,-8.46,42,0,52.5,1
39996,623,-6.11,29,1,134.8,1
40030,624,-7.73,34,0,68.8,1
40081,625,-6.01,51,1,363.5,1
40123,626,-4.71,42,2,431.1,1
40227,627,1.43,104,4,895.1,1
40348,628,-7.27,121,1,378.1,1
40404,629,-4.76,56,1,440.4,1
40446,630,-3.21,42,2,342.0,1
40495,631,-5.38,49,2,408.0,1
40514,632,-5.78,19,1,279.3,1
40547,633,-5.99,33,1,328.3,1
40587,634,-6.57,40,0,389.3,1
40621,635,-6.36,34,1,113.8,1
40653,636,-6.49,32,1,181.7,1
40711,637,-5.00,58,1,444.4,1
40757,638,-4.28,46,2,528.5,1
40788,639,-7.24,31,0,245.3,1
40836,640,-5.49,48,1,361.2,1
40869,641,-6.17,33,1,165.0,1
40923,642,-5.29,54,1,367.0,1
40955,643,-5.48,32,1,244.5,1
40988,644,-7.49,33,0,216.0,1
41027,645,-5.78,39,1,415.4,1
41131,646,-2.87,104,3,837.1,1
41187,647,-5.89,56,1,429.4,1
41241,648,-6.79,54,1,120.2,1
41675,649,-7.42,434,3,879.6,1
41717,650,-4.51,42,2,546.9,1
41763,651,-5.80,46,1,132.9,1
41813,652,-4.86,50,2,384.5,1
41866,653,-4.72,53,2,463.6,1
41929,654,-4.95,63,1,247.8,1
41983,655,-5.83,54,1,433.2,1
42018,656,-4.00,35,1,378.9,1
42095,657,-0.72,77,3,845.0,1
42147,658,-4.43,52,1,525.7,1
42195,659,-5.04,48,1,582.6,1
42244,660,-5.53,49,1,257.0,1
42330,661,0.67,86,3,829.6,1
42379,662,-5.44,49,1,337.2,1
42425,663,-2.05,46,3,515.3,1
42463,664,-4.91,38,1,349.9,1
42517,665,-3.39,54,2,487.9,1
42597,666,-2.36,80,3,740.6,1
42631,667,-5.18,34,2,260.0,1
42650,668,-7.32,19,0,196.7,1
42761,669,23.61,111,4,1276.1,0
42827,670,-5.49,66,1,396.1,1
42871,671,-2.37,44,2,412.1,1
42915,672,-4.72,44,1,423.1,1
43015,673,-0.18,100,3,840.9,1
43073,674,-2.74,58,3,321.2,1
43126,675,-5.96,53,1,488.3,1
43222,676,-5.84,96,1,370.5,1
43275,677,-3.82,53,2,375.9,1
43348,678,-6.44,73,1,401.4,1
43381,679,-4.92,33,2,388.0,1
43477,680,1.02,96,4,891.0,1
43537,681,-5.51,60,1,392.8,1
43585,682,-5.89,48,1,398.5,1
43611,683,-7.87,26,0,121.2,1
43673,684,-4.69,62,1,339.9,1
43707,685,-7.41,34,1,95.2,1
43761,686,-6.04,54,1,389.2,1
43863,687,-3.21,102,1,439.2,1
43914,688,-4.87,51,2,421.3,1
44022,689,-0.79,108,3,804.6,1
44070,690,-4.70,48,1,361.6,1
44133,691,-2.49,63,2,431.8,1
44197,692,-4.65,64,2,464.7,1
44228,693,-6.25,31,1,139.0,1
44271,694,-5.32,43,1,483.1,1
44327,695,-4.71,56,1,415.5,1
44352,696,-7.01,25,0,184.4,1
44380,697,-6.34,28,1,169.4,1
44419,698,-5.58,39,1,427.9,1
44465,699,-4.56,46,1,448.5,1
44552,700,-6.16,87,1,310.3,1
44608,701,-3.48,56,2,396.5,1
44652,702,-8.00,44,0,68.9,1
44677,703,-6.31,25,1,144.2,1
44718,704,-7.22,41,0,264.7,1
44773,705,-6.48,55,1,421.7,1
44820,706,-3.66,47,2,525.9,1
44855,707,-6.44,35,1,86.4,1
44890,708,-7.12,35,0,354.0,1
44931,709,-5.46,41,1,431.3,1
44959,710,-6.32,28,0,349.3,1
44993,711,-6.68,34,0,418.8,1
45034,712,-6.55,41,1,327.9,1
45079,713,-5.51,45,1,307.3,1
45124,714,-5.29,45,1,360.5,1
45186,715,-3.86,62,2,560.3,1
45216,716,-6.12,30,0,399.9,1
45312,717,-3.43,96,2,578.6,1
45379,718,-3.57,67,1,389.7,1
45422,719,-5.24,43,2,399.8,1
45480,720,-5.31,58,1,441.0,1
45768,721,-10.30,288,1,159.6,1
45810,722,-3.39,42,2,262.1,1
45866,723,-5.77,56,1,322.8,1
45911,724,-5.68,45,1,483.3,1
45972,725,-4.23,61,2,534.1,1
46029,726,-4.24,57,2,459.4,1
46096,727,-4.52,67,1,373.7,1
46152,728,-4.81,56,2,372.1,1
46174,729,-7.46,22,0,174.6,1
46207,730,-7.31,33,0,213.8,1
46273,731,-4.60,66,1,404.5,1
46295,732,-7.48,22,0,123.2,1
46325,733,-7.60,30,0,210.3,1
46355,734,-7.32,30,0,186.3,1
46407,735,-4.75,52,1,354.7,1
46456,736,-5.28,49,2,381.6,1
46498,737,-7.08,42,1,109.2,1
46562,738,-4.18,64,2,312.5,1
46616,739,-5.91,54,1,448.2,1
46641,740,-6.76,25,1,60.2,1
46675,741,-5.68,34,1,222.6,1
46716,742,-6.88,41,0,241.7,1
46755,743,-5.30,39,1,519.8,1
46786,744,-4.18,31,2,419.3,1
46836,745,-5.31,50,1,421.2,1
46944,746,-5.02,108,2,453.3,1
47049,747,-6.85,105,2,490.9,1
47084,748,-4.84,35,1,447.5,1
47132,749,-4.74,48,1,514.3,1
47179,750,-5.35,47,1,332.8,1
47256,751,-4.65,77,1,448.4,1
47295,752,-5.24,39,1,310.4,1
47342,753,-4.17,47,2,395.3,1
47402,754,-3.26,60,2,392.6,1
47466,755,-4.62,64,2,480.3,1
47519,756,-4.01,53,2,523.6,1
47568,757,-5.72,49,1,418.3,1
47634,758,-5.32,66,1,411.8,1
47647,759,-7.61,13,0,53.4,1
47669,760,-7.40,22,0,172.5,1
47723,761,-5.15,54,1,451.8,1
47776,762,-4.32,53,1,394.4,1
47888,763,-5.97,112,1,437.4,1
47921,764,-5.73,33,1,316.3,1
48022,765,-0.56,101,3,864.7,1
48064,766,-6.70,42,1,57.4,1
48108,767,-6.60,44,0,473.4,1
48162,768,-5.58,54,1,407.8,1
48232,769,-3.14,70,3,505.5,1
48288,770,-3.32,56,2,455.9,1
48333,771,-5.38,45,1,355.5,1
48377,772,-4.38,44,1,328.7,1
48453,773,1.49,76,4,864.3,1
48482,774,-5.99,29,1,321.9,1
48527,775,-4.31,45,1,482.4,1
48574,776,-4.80,47,2,442.7,1
48630,777,-6.03,56,1,390.3,1
48670,778,-3.62,40,2,505.1,1
48729,779,-4.50,59,1,327.3,1
48773,780,-4.90,44,1,435.6,1
48815,781,-5.90,42,1,353.8,1
48836,782,-7.09,21,1,109.4,1
49094,783,24.40,258,5,1279.1,0
49158,784,-5.07,64,1,437.8,1
49208,785,-5.19,50,2,379.9,1
49243,786,-6.13,35,0,465.8,1
49284,787,-5.50,41,1,454.4,1
49339,788,-3.22,55,2,461.4,1
49372,789,-6.84,33,0,318.0,1
49405,790,-5.89,33,1,274.6,1
49434,791,-7.89,29,0,157.5,1
49475,792,-6.62,41,1,162.6,1
49534,793,-1.50,59,2,540.7,1
49701,794,-2.70,167,3,821.8,1
49735,795,-5.47,34,1,440.2,1
49807,796,-1.05,72,2,790.8,1
49841,797,-6.22,34,1,297.0,1
49877,798,-5.15,36,1,340.7,1
49917,799,-5.25,40,2,406.5,1
49977,800,-5.61,60,1,421.7,1
50041,801,-4.06,64,2,537.3,1
50094,802,-5.40,53,1,499.1,1
50137,803,-4.60,43,2,406.4,1
50231,804,-2.91,94,2,854.6,1
50443,805,-7.52,212,2,290.4,1
50514,806,-3.95,71,1,502.8,1
50560,807,-6.75,46,1,176.6,1
50590,808,-6.73,30,0,337.8,1
50617,809,-7.72,27,0,207.9,1
50724,810,1.24,107,3,1128.1,1
50948,811,-8.58,224,2,459.4,1
50989,812,-8.79,41,0,2.1,1
51044,813,-5.90,55,1,401.7,1
51089,814,-5.77,45,1,424.5,1
51138,815,-7.58,49,1,345.9,1
51192,816,-6.03,54,1,438.9,1
51220,817,-6.70,28,1,185.2,1
51265,818,-4.30,45,2,514.8,1
51289,819,-7.52,24,0,206.5,1
51320,820,-6.38,31,0,415.6,1
51354,821,-4.84,34,1,216.8,1
51403,822,-4.69,49,1,460.0,1
51440,823,-5.36,37,1,302.4,1
51482,824,-5.42,42,1,512.7,1
51550,825,-3.72,68,2,827.5,1
51617,826,-4.19,67,1,244.5,1
51653,827,-4.96,36,2,365.0,1
51706,828,-4.34,53,2,402.1,1
51763,829,-3.54,57,2,448.2,1
51851,830,-2.18,88,3,799.7,1
51893,831,-4.80,42,2,403.6,1
51921,832,-6.00,28,1,198.5,1
51954,833,-6.98,33,0,213.5,1
51993,834,-5.82,39,1,437.9,1
52085,835,1.26,92,4,934.5,1
52119,836,-5.56,34,1,177.7,1
52175,837,-4.53,56,2,671.8,1
52205,838,-6.53,30,0,441.3,1
52240,839,-6.55,35,0,418.5,1
52414,840,-9.25,174,1,393.2,1
52500,841,-0.29,86,3,899.1,1
52532,842,-7.65,32,1,110.5,1
52568,843,-4.38,36,2,501.5,1
52608,844,-8.31,40,0,71.7,1
52647,845,-7.67,39,0,96.7,1
52688,846,-4.82,41,1,311.7,1
52733,847,-5.35,45,1,219.7,1
52783,848,-4.83,50,1,407.9,1
52830,849,-4.79,47,1,429.2,1
52861,850,-3.21,31,1,466.4,1
52885,851,-7.57,24,0,149.7,1
52975,852,-0.49,90,3,790.3,1
53051,853,-3.47,76,1,393.2,1
53110,854,-5.36,59,1,320.5,1
53159,855,-4.92,49,2,442.3,1
53190,856,-6.35,31,0,491.4,1
53221,857,-6.17,31,0,491.6,1
53245,858,-7.49,24,0,158.8,1
53317,859,-7.66,72,1,267.8,1
53383,860,-4.41,66,2,407.4,1
53431,861,-4.06,48,1,427.6,1
53474,862,-6.06,43,1,164.3,1
53526,863,-2.29,52,2,452.3,1
53575,864,-3.54,49,2,457.0,1
53611,865,-5.54,36,1,330.7,1
53639,866,-6.23,28,1,186.2,1
53688,867,-3.37,49,1,416.8,1
53766,868,-2.44,78,3,786.1,1
53816,869,-3.86,50,1,344.0,1
54341,870,-5.52,525,3,794.9,0
54394,871,-4.34,53,1,435.7,1
54418,872,-7.35,24,0,201.3,1
54519,873,-8.82,101,1,279.1,1
54571,874,-4.51,52,2,568.8,1
54632,875,-6.10,61,1,425.0,1
54689,876,-5.70,57,1,344.2,1
54740,877,-2.87,51,2,460.4,1
54787,878,-5.27,47,1,401.2,1
54838,879,-5.33,51,1,411.3,1
54911,880,-6.09,73,1,456.3,1
54960,881,-6.14,49,1,354.8,1
54979,882,-7.63,19,0,111.0,1
55031,883,-5.47,52,1,418.6,1
55076,884,-5.74,45,1,415.3,1
55098,885,-6.20,22,1,109.6,1
55154,886,-5.02,56,1,333.7,1
55195,887,-6.59,41,0,378.5,1
55244,888,-3.32,49,2,440.2,1
55331,889,-4.36,87,2,682.6,1
55368,890,-5.89,37,1,475.6,1
55440,891,-4.20,72,1,511.4,1
55482,892,-4.41,42,2,470.0,1
55528,893,-3.70,46,2,480.9,1
55570,894,-3.22,42,2,389.7,1
55631,895,-1.39,61,3,680.8,1
55662,896,-5.56,31,1,432.0,1
55709,897,-4.10,47,1,320.8,1
55741,898,-5.24,32,1,364.5,1
55769,899,-8.74,28,0,56.7,1
55804,900,-6.16,35,0,363.8,1
55853,901,-4.36,49,1,381.5,1
55887,902,-6.66,34,0,338.2,1
55933,903,-2.54,46,2,601.8,1
55971,904,-5.89,38,1,295.3,1
56033,905,-4.15,62,2,370.6,1
56067,906,-7.74,34,1,69.8,1
56089,907,-6.28,22,0,377.6,1
56147,908,-5.29,58,1,330.1,1
56186,909,-5.90,39,1,435.7,1
56207,910,-7.25,21,0,119.9,1
56266,911,-3.45,59,2,346.2,1
56356,912,-9.04,90,1,276.4,1
56387,913,-5.97,31,0,444.7,1
56421,914,-7.93,34,0,126.3,1
56509,915,0.09,88,3,940.6,1
56608,916,-1.10,99,2,806.2,1
56648,917,-4.59,40,1,353.3,1
56815,918,-9.07,167,1,68.7,1
56838,919,-6.77,23,0,198.8,1
56915,920,-6.20,77,1,356.4,1
56953,921,-2.64,38,2,440.2,1
56980,922,-5.35,27,1,268.7,1
57003,923,-6.31,23,0,287.3,1
57039,924,-5.11,36,1,290.7,1
57079,925,-4.40,40,1,367.6,1
57201,926,-9.20,122,2,311.9,1
57240,927,-4.95,39,1,416.6,1
57264,928,-7.36,24,0,156.3,1
57307,929,-4.88,43,1,369.3,1
57349,930,-3.85,42,2,407.9,1
57398,931,-4.83,49,1,459.1,1
57448,932,-2.74,50,2,460.2,1
57491,933,-4.47,43,2,497.6,1
57545,934,-4.36,54,1,313.6,1
57671,935,-9.52,126,1,178.4,1
57726,936,-4.10,55,1,393.8,1
57765,937,-5.86,39,1,422.4,1
57816,938,-1.94,51,2,698.6,1
57845,939,-5.31,29,1,419.5,1
57886,940,-5.78,41,1,427.0,1
57947,941,-3.09,61,2,442.4,1
57986,942,-4.39,39,2,388.4,1
58034,943,-5.92,48,1,455.6,1
58066,944,-6.26,32,0,301.4,1
58115,945,-5.42,49,1,410.5,1
58157,946,-5.94,42,1,438.9,1
58205,947,-4.85,48,1,418.2,1
58274,948,-3.62,69,1,431.4,1
58304,949,-7.58,30,0,192.5,1
58344,950,-4.28,40,1,395.5,1
58393,951,-4.52,49,1,347.9,1
58442,952,-4.98,49,1,450.0,1
58478,953,-5.82,36,1,379.1,1
58524,954,-4.52,46,1,327.0,1
58691,955,-1.52,167,3,825.7,1
58765,956,0.86,74,3,857.5,1
58832,957,-2.19,67,2,748.6,1
58896,958,-2.79,64,2,438.7,1
58929,959,-6.07,33,0,371.7,1
58977,960,-5.24,48,1,425.5,1
59042,961,-5.98,65,1,454.5,1
59095,962,-4.46,53,1,326.2,1
59146,963,-4.19,51,2,567.1,1
59185,964,-4.19,39,1,395.7,1
59233,965,-1.50,48,2,447.8,1
59339,966,-0.91,106,2,781.4,1
59400,967,-3.82,61,1,431.8,1
59453,968,-4.78,53,1,280.7,1
59504,969,-5.32,51,1,349.6,1
59537,970,-8.48,33,0,43.2,1
59575,971,-4.36,38,1,466.7,1
59616,972,-6.03,41,1,400.5,1
59658,973,-4.25,42,2,408.1,1
59714,974,-6.74,56,1,126.0,1
59739,975,-6.37,25,0,458.7,1
59772,976,-5.96,33,0,301.4,1
59826,977,-3.92,54,1,357.1,1
59860,978,-5.46,34,1,434.9,1
59928,979,-6.67,68,1,365.5,1
59968,980,-5.68,40,1,444.2,1
60041,981,-9.79,73,1,315.6,1
60159,982,-3.19,118,2,777.9,1
60237,983,-2.09,78,2,791.1,1
60284,984,-3.81,47,2,354.4,1
60315,985,-8.61,31,0,118.0,1
60357,986,-4.62,42,1,476.4,1
60390,987,-6.50,33,1,129.6,1
60430,988,-5.10,40,1,426.4,1
60464,989,-4.61,34,2,288.1,1
60514,990,-4.90,50,1,423.5,1
60560,991,-5.06,46,1,644.6,1
60616,992,-3.62,56,1,504.4,1
60658,993,-4.23,42,2,441.1,1
60697,994,-3.91,39,2,500.2,1
60750,995,-3.75,53,2,533.3,1
60786,996,-4.96,36,1,438.3,1
60852,997,-4.81,66,1,426.6,1
60899,998,-5.89,47,1,443.2,1
60936,999,-6.08,37,0,317.0,1
60976,1000,-5.57,40,1,384.4,1
61026,1001,-5.42,50,1,440.4,1
61076,1002,-3.26,50,2,461.1,1
61126,1003,-5.37,50,1,512.1,1
61168,1004,-4.87,42,1,459.2,1
61233,1005,-5.92,65,1,237.3,1
61265,1006,-6.48,32,0,406.7,1
61321,1007,-5.97,56,1,455.1,1
61346,1008,-6.67,25,1,161.2,1
61380,1009,-6.05,34,1,239.2,1
61414,1010,-5.13,34,1,206.7,1
61451,1011,-6.74,37,0,470.9,1
61474,1012,-6.39,23,0,428.1,1
61519,1013,-5.05,45,1,554.6,1
61544,1014,-6.80,25,0,219.6,1
61586,1015,-5.77,42,1,419.2,1
61658,1016,-2.16,72,3,875.1,1
61708,1017,-5.96,50,1,430.2,1
61742,1018,-6.00,34,1,139.8,1
61811,1019,-3.07,69,2,583.4,1
61830,1020,-7.72,19,0,130.6,1
61871,1021,-5.71,41,1,427.2,1
61902,1022,-5.89,31,0,392.5,1
61975,1023,-1.49,73,4,946.7,1
62024,1024,-5.15,49,1,406.9,1
62056,1025,-5.02,32,1,293.6,1
62126,1026,-1.89,70,3,873.6,1
62204,1027,-0.27,78,3,812.4,1
62258,1028,-3.33,54,1,446.4,1
62343,1029,-2.43,85,2,862.8,1
62382,1030,-3.94,39,1,681.1,1
62421,1031,-3.80,39,2,451.6,1
62460,1032,-2.47,39,2,523.2,1
62501,1033,-4.76,41,1,437.7,1
62531,1034,-6.57,30,0,453.6,1
62564,1035,-5.62,33,1,364.1,1
62599,1036,-5.83,35,1,343.3,1
62637,1037,-5.21,38,1,430.1,1
62674,1038,-4.35,37,2,477.5,1
62696,1039,-6.16,22,0,460.5,1
62738,1040,-5.60,42,1,489.5,1
62779,1041,-5.40,41,1,447.3,1
62820,1042,-3.64,41,1,543.6,1
62861,1043,-4.92,41,2,409.2,1
62943,1044,-2.41,82,3,798.7,1
62996,1045,-3.69,53,1,514.4,1
63093,1046,-3.98,97,1,497.6,1
63128,1047,-6.30,35,0,452.7,1
63144,1048,-7.70,16,0,82.5,1
63183,1049,-5.52,39,1,421.5,1
63234,1050,-4.82,51,2,425.9,1
63269,1051,-4.90,35,1,514.5,1
63332,1052,-2.66,63,2,442.0,1
63413,1053,-2.52,81,2,795.0,1
63452,1054,-4.22,39,2,402.9,1
63499,1055,-4.06,47,1,397.6,1
63586,1056,-0.76,87,4,737.9,1
63634,1057,-2.41,48,3,505.4,1
63682,1058,-5.06,48,2,395.2,1
63722,1059,-5.89,40,1,430.7,1
63760,1060,-5.21,38,1,406.5,1
63817,1061,-4.65,57,1,397.9,1
63859,1062,-3.28,42,2,454.1,1
63906,1063,-5.40,47,1,477.6,1
63966,1064,-3.05,60,1,413.0,1
64022,1065,-4.27,56,1,410.8,1
64062,1066,-3.32,40,1,458.4,1
64096,1067,-5.82,34,1,329.7,1
64124,1068,-6.39,28,0,487.4,1
64174,1069,-5.79,50,1,430.5,1
64198,1070,-5.20,24,1,411.6,1
64273,1071,-1.95,75,3,897.6,1
64361,1072,-0.02,88,3,869.0,1
64388,1073,-7.49,27,0,148.5,1
64419,1074,-6.38,31,0,451.3,1
64459,1075,-3.95,40,1,581.5,1
64484,1076,-6.38,25,1,156.1,1
64504,1077,-6.76,20,0,263.9,1
64599,1078,2.39,95,3,1044.0,1
64639,1079,-5.55,40,1,500.5,1
64664,1080,-7.17,25,0,170.5,1
64706,1081,-4.42,42,1,416.4,1
64751,1082,-4.23,45,1,452.9,1
64794,1083,-6.95,43,0,383.1,1
64836,1084,-6.99,42,0,434.9,1
64870,1085,-6.53,34,0,370.7,1
64919,1086,-3.72,49,1,449.7,1
64961,1087,-4.24,42,2,416.9,1
64999,1088,-4.43,38,1,513.9,1
65064,1089,-2.58,65,3,903.4,1
65106,1090,-3.56,42,2,424.2,1
65187,1091,-4.52,81,1,481.4,1
65230,1092,-6.44,43,1,314.4,1
65284,1093,-4.77,54,1,428.6,1
65323,1094,-5.76,39,1,299.7,1
65368,1095,-4.15,45,1,420.7,1
65447,1096,-3.04,79,1,466.2,1
65491,1097,-5.42,44,1,498.6,1
65575,1098,-4.23,84,2,579.9,1
65633,1099,-1.73,58,2,471.0,1
65695,1100,-4.22,62,2,857.9,1
65752,1101,-3.59,57,1,425.2,1
65790,1102,-4.53,38,2,398.3,1
65844,1103,-2.41,54,2,386.1,1
65935,1104,23.35,91,4,1277.8,0
65978,1105,-5.70,43,1,398.5,1
66045,1106,-3.11,67,2,538.8,1
66087,1107,-4.80,42,2,375.9,1
66121,1108,-5.22,34,1,484.4,1
66155,1109,-6.91,34,0,467.0,1
66202,1110,-2.24,47,2,547.1,1
66253,1111,-1.60,51,2,530.7,1
66300,1112,-3.23,47,2,480.5,1
66344,1113,-5.53,44,1,447.0,1
66400,1114,-4.86,56,1,464.3,1
66504,1115,-0.74,104,3,848.4,1
66538,1116,-5.91,34,1,347.8,1
66576,1117,-4.59,38,2,442.5,1
66610,1118,-6.94,34,0,309.3,1
66657,1119,-3.88,47,1,366.0,1
66734,1120,-2.55,77,2,364.6,1
66781,1121,-4.21,47,2,445.7,1
66826,1122,-4.38,45,2,482.5,1
66869,1123,-4.73,43,1,429.1,1
66895,1124,-6.02,26,0,347.4,1
66934,1125,-4.83,39,2,391.2,1
66959,1126,-5.56,25,1,406.8,1
66998,1127,-3.65,39,2,459.6,1
67043,1128,-5.64,45,1,473.4,1
67094,1129,-3.11,51,2,427.1,1
67128,1130,-6.75,34,0,460.4,1
67178,1131,-4.11,50,2,479.5,1
67238,1132,-4.65,60,1,444.3,1
67266,1133,-4.78,28,1,298.0,1
67314,1134,-2.17,48,2,500.9,1
67370,1135,-3.86,56,2,527.6,1
67416,1136,-5.95,46,1,501.9,1
67458,1137,-4.89,42,1,275.4,1
67489,1138,-6.07,31,1,339.0,1
67529,1139,-4.23,40,2,398.0,1
67570,1140,-4.61,41,1,631.1,1
67636,1141,-4.24,66,1,470.6,1
67681,1142,-5.81,45,0,334.3,1
67741,1143,-3.75,60,1,487.0,1
67771,1144,-6.52,30,0,518.8,1
67817,1145,-4.57,46,2,409.9,1
67871,1146,-4.96,54,1,259.2,1
67906,1147,-5.24,35,1,507.4,1
67944,1148,-5.27,38,1,452.5,1
68018,1149,-1.96,74,3,873.8,1
68095,1150,-3.90,77,2,317.3,1
68182,1151,-0.64,87,2,800.1,1
68225,1152,-3.32,43,1,332.7,1
68243,1153,-6.54,18,0,266.9,1
68303,1154,-4.31,60,1,721.5,1
68357,1155,-3.29,54,1,406.2,1
68389,1156,-8.34,32,0,67.9,1
68430,1157,-3.15,41,2,356.4,1
68458,1158,-7.94,28,0,44.5,1
68496,1159,-6.73,38,0,365.1,1
68579,1160,-1.28,83,3,800.8,1
68622,1161,-5.76,43,1,533.0,1
68647,1162,-6.47,25,0,375.3,1
68710,1163,-1.79,63,3,881.1,1
68800,1164,-4.59,90,1,503.7,1
68856,1165,-5.30,56,1,643.9,1
68898,1166,-5.84,42,0,411.9,1
68940,1167,-3.15,42,2,413.2,1
68993,1168,-4.28,53,2,376.8,1
69029,1169,-3.54,36,1,363.5,1
69078,1170,-2.87,49,2,452.6,1
69117,1171,-4.97,39,2,408.1,1
69182,1172,-0.33,65,3,916.1,1
69242,1173,-4.31,60,2,500.3,1
69297,1174,-4.33,55,1,336.8,1
69337,1175,-5.39,40,1,330.1,1
69421,1176,0.29,84,4,840.7,1
69464,1177,-6.21,43,1,365.9,1
69532,1178,-2.82,68,2,850.1,1
69547,1179,-7.08,15,0,153.7,1
69613,1180,-1.10,66,2,758.6,1
69651,1181,-5.84,38,1,432.8,1
69691,1182,-2.97,40,2,517.1,1
69716,1183,-7.64,25,0,222.9,1
69764,1184,-5.63,48,1,438.3,1
69805,1185,-5.17,41,1,391.6,1
69839,1186,-6.66,34,1,102.2,1
69891,1187,-4.80,52,1,774.2,1
69937,1188,-5.45,46,1,476.1,1
69980,1189,-4.58,43,2,398.4,1
70020,1190,-4.99,40,1,504.3,1
70132,1191,-3.17,112,3,596.8,1
70204,1192,-3.35,72,2,379.0,1
70255,1193,-3.93,51,1,363.5,1
70301,1194,-3.99,46,1,352.3,1
70361,1195,-2.61,60,2,396.8,1
70414,1196,-5.06,53,1,394.5,1
70456,1197,-4.32,42,2,442.6,1
70499,1198,-4.84,43,1,363.8,1
70524,1199,-7.08,25,0,206.5,1
70566,1200,-5.50,42,1,451.1,1
70582,1201,-6.97,16,0,204.4,1
70667,1202,-3.50,85,2,878.6,1
70701,1203,-6.23,34,1,353.2,1
70759,1204,-4.51,58,1,340.4,1
70798,1205,-4.74,39,1,360.3,1
70833,1206,-4.34,35,1,283.3,1
70878,1207,-5.32,45,1,289.9,1
70910,1208,-8.61,32,0,25.7,1
70972,1209,-5.08,62,1,546.6,1
71015,1210,-4.26,43,2,524.9,1
71049,1211,-7.33,34,1,50.2,1
71111,1212,-4.20,62,2,473.7,1
71134,1213,-7.08,23,0,243.8,1
71177,1214,-4.48,43,1,447.7,1
71223,1215,-5.17,46,1,219.9,1
71266,1216,-4.46,43,2,407.3,1
71316,1217,-5.57,50,1,432.9,1
71344,1218,-5.16,28,1,331.3,1
71533,1219,-5.37,189,3,705.7,1
71582,1220,-6.35,49,1,257.4,1
71629,1221,-5.92,47,1,430.3,1
71705,1222,-5.73,76,2,397.9,1
71749,1223,-4.96,44,1,425.5,1
71769,1224,-5.85,20,1,118.9,1
71828,1225,-5.23,59,1,499.7,1
71874,1226,-4.83,46,1,461.8,1
71898,1227,-6.51,24,0,421.1,1
71942,1228,-5.51,44,1,504.4,1
71985,1229,-4.73,43,1,493.8,1
72010,1230,-6.92,25,0,259.2,1
72059,1231,-4.24,49,1,374.6,1
72121,1232,-3.92,62,1,457.7,1
72164,1233,-5.30,43,1,419.0,1
72212,1234,-5.21,48,1,359.7,1
72254,1235,-4.20,42,1,371.8,1
72317,1236,-8.74,63,1,79.9,1
72379,1237,-4.61,62,2,427.2,1
72421,1238,-4.50,42,1,390.8,1
72463,1239,-6.29,42,1,439.5,1
72513,1240,-3.65,50,1,448.0,1
72555,1241,-5.53,42,1,109.2,1
72691,1242,1.56,136,3,832.8,1
72735,1243,-5.55,44,1,534.6,1
72776,1244,-5.34,41,1,342.8,1
72818,1245,-3.76,42,2,373.4,1
72856,1246,-5.40,38,1,500.0,1
72906,1247,-6.91,50,1,261.1,1
72952,1248,-4.24,46,2,435.7,1
72984,1249,-7.12,32,0,254.2,1
73000,1250,-7.39,16,0,99.9,1
73039,1251,-4.71,39,1,429.0,1
73074,1252,-5.48,35,1,318.6,1
73159,1253,-2.22,85,3,849.9,1
73216,1254,-5.82,57,1,366.9,1
73253,1255,-6.17,37,1,155.3,1
73303,1256,-4.76,50,1,655.2,1
73347,1257,-4.20,44,2,551.0,1
73398,1258,-3.79,51,1,504.2,1
73458,1259,-4.88,60,2,481.4,1
73525,1260,-3.34,67,2,830.1,1
73564,1261,-4.66,39,2,425.7,1
73633,1262,0.86,69,5,854.3,1
73670,1263,-5.86,37,1,443.0,1
73691,1264,-6.11,21,1,188.9,1
73734,1265,-5.16,43,1,447.1,1
73776,1266,-4.56,42,1,440.9,1
73835,1267,-4.66,59,1,409.9,1
73883,1268,-5.22,48,1,463.6,1
73929,1269,-4.33,46,2,515.6,1
73977,1270,-4.96,48,2,429.1,1
74023,1271,-3.76,46,2,491.1,1
74076,1272,-5.14,53,1,457.4,1
74100,1273,-7.49,24,0,90.0,1
74163,1274,-4.90,63,1,463.3,1
74196,1275,-4.89,33,1,465.4,1
74245,1276,-5.92,49,1,448.3,1
74308,1277,-2.73,63,2,681.5,1
74336,1278,-6.43,28,0,402.1,1
74379,1279,-4.48,43,1,424.1,1
74419,1280,-3.11,40,2,496.3,1
74459,1281,-3.51,40,2,474.7,1
74504,1282,-4.05,45,1,479.4,1
74599,1283,-1.26,95,3,865.0,1
74641,1284,-3.29,42,2,392.0,1
74691,1285,-3.22,50,2,413.0,1
74726,1286,-4.38,35,2,515.8,1
74766,1287,-3.89,40,2,463.1,1
74828,1288,-1.96,62,3,712.5,1
74870,1289,-5.56,42,1,472.9,1
74909,1290,-6.34,39,0,380.3,1
74955,1291,-4.76,46,2,455.1,1
74984,1292,-5.86,29,1,238.5,1
75025,1293,-4.40,41,2,541.7,1
75079,1294,-4.77,54,2,421.4,1
75153,1295,-2.13,74,3,951.9,1
75244,1296,-0.42,91,3,833.0,1
75289,1297,-5.83,45,1,375.9,1
75345,1298,-5.25,56,2,432.0,1
75370,1299,-7.47,25,0,167.2,1
75440,1300,-4.94,70,1,508.7,1
75470,1301,-4.89,30,1,541.8,1
75523,1302,-5.83,53,1,446.2,1
75570,1303,-4.51,47,2,489.4,1
75614,1304,-4.07,44,2,504.5,1
75650,1305,-5.74,36,1,398.3,1
75686,1306,-5.40,36,2,481.7,1
75751,1307,-5.41,65,1,375.8,1
75790,1308,-5.26,39,1,452.6,1
75802,1309,-6.84,12,1,88.6,1
75838,1310,-4.04,36,2,447.1,1
75883,1311,-5.11,45,1,435.0,1
75907,1312,-5.61,24,1,416.9,1
76017,1313,2.58,110,4,1104.2,1
76094,1314,-5.03,77,1,407.3,1
76115,1315,-8.10,21,0,85.3,1
76155,1316,-2.94,40,2,443.6,1
76189,1317,-5.94,34,1,365.3,1
76271,1318,-0.49,82,2,815.1,1
76307,1319,-6.02,36,0,445.7,1
76382,1320,-2.86,75,2,614.9,1
76432,1321,-6.11,50,1,189.6,1
76599,1322,-3.79,167,3,609.0,1
76641,1323,-7.16,42,0,171.5,1
76688,1324,-5.64,47,1,430.6,1
76775,1325,-3.30,87,2,964.1,1
76824,1326,-5.64,49,1,420.6,1
76874,1327,-3.18,50,2,561.0,1
76928,1328,-3.17,54,2,455.2,1
76969,1329,-7.65,41,0,201.2,1
77009,1330,-5.32,40,1,431.4,1
77060,1331,-5.06,51,1,314.0,1
77109,1332,-1.97,49,3,470.0,1
77157,1333,-5.21,48,1,426.3,1
77199,1334,-5.37,42,1,411.6,1
77266,1335,-4.79,67,1,367.4,1
77356,1336,-2.72,90,2,490.9,1
77881,1337,-8.72,525,2,238.8,0
77957,1338,-4.59,76,2,433.5,1
78030,1339,-4.16,73,2,499.2,1
78084,1340,-6.11,54,1,447.1,1
78123,1341,-5.14,39,1,320.8,1
78168,1342,-4.79,45,2,441.4,1
78204,1343,-5.48,36,2,444.9,1
78248,1344,-5.48,44,1,319.0,1
78296,1345,-6.00,48,1,472.3,1
78343,1346,-4.42,47,1,508.8,1
78395,1347,-4.93,52,2,347.6,1
78443,1348,-4.61,48,1,374.6,1
78536,1349,-2.38,93,3,933.7,1
78589,1350,-3.55,53,2,389.5,1
78630,1351,-6.71,41,0,297.8,1
78671,1352,-5.15,41,1,237.9,1
78744,1353,-0.89,73,3,566.2,1
78771,1354,-7.33,27,0,169.2,1
78842,1355,-6.04,71,1,217.5,1
78886,1356,-8.89,44,0,26.5,1
78911,1357,-7.55,25,0,157.7,1
78955,1358,-6.43,44,0,322.7,1
78971,1359,-7.15,16,1,73.4,1
79017,1360,-4.58,46,2,399.5,1
79051,1361,-5.06,34,1,435.5,1
79092,1362,-7.26,41,0,345.7,1
79133,1363,-4.80,41,1,394.2,1
79171,1364,-6.05,38,0,420.0,1
79246,1365,-3.94,75,2,595.1,1
79308,1366,-5.03,62,1,424.1,1
79353,1367,-5.32,45,1,371.1,1
79412,1368,-6.21,59,1,279.2,1
79441,1369,-5.30,29,1,220.2,1
79536,1370,0.11,95,3,847.3,1
79612,1371,0.22,76,3,1109.5,1
79766,1372,-1.89,154,3,867.1,1
79857,1373,-4.24,91,2,468.8,1
79903,1374,-2.19,46,2,567.9,1
79948,1375,-5.11,45,1,415.8,1
80015,1376,-4.35,67,2,566.4,1
80066,1377,-5.95,51,1,414.3,1
80089,1378,-6.26,23,1,159.3,1
80175,1379,-2.49,86,2,749.3,1
80233,1380,-4.17,58,2,856.2,1
80276,1381,-4.27,43,2,409.9,1
80319,1382,-4.57,43,2,384.2,1
80360,1383,-8.30,41,0,65.9,1
80407,1384,-4.01,47,2,410.0,1
80441,1385,-7.15,34,0,228.3,1
80527,1386,-1.04,86,2,853.8,1
80550,1387,-6.33,23,0,465.7,1
80598,1388,-3.90,48,2,389.1,1
80649,1389,-4.61,51,2,487.9,1
80714,1390,-5.39,65,1,390.7,1
80791,1391,-5.29,77,1,380.8,1
80829,1392,-3.93,38,2,562.4,1
80871,1393,-3.39,42,2,392.5,1
80916,1394,-5.42,45,1,302.6,1
80994,1395,-2.45,78,2,856.3,1
81059,1396,-3.71,65,1,458.5,1
81128,1397,-2.43,69,1,515.5,1
81157,1398,-5.70,29,1,233.4,1
81203,1399,-4.89,46,1,358.6,1
81265,1400,-5.65,62,1,456.7,1
81369,1401,2.32,104,4,1003.1,1
81425,1402,-6.26,56,1,340.4,1
81459,1403,-6.36,34,1,261.1,1
81531,1404,-5.92,72,1,228.2,1
81626,1405,-4.58,95,2,691.8,1
81645,1406,-7.77,19,0,59.1,1
81685,1407,-5.63,40,1,358.5,1
81785,1408,-1.23,100,3,860.8,1
81833,1409,-4.30,48,2,532.0,1
81952,1410,26.46,119,4,1277.1,0
81997,1411,-4.27,45,2,341.4,1
82040,1412,-4.23,43,2,518.5,1
82094,1413,-5.33,54,2,379.1,1
82110,1414,-7.67,16,0,61.5,1
82143,1415,-5.43,33,1,397.7,1
82229,1416,-2.92,86,2,869.9,1
82272,1417,-9.42,43,0,57.8,1
82321,1418,-6.40,49,0,323.0,1
82605,1419,-0.77,284,4,927.3,1
82647,1420,-2.52,42,1,498.2,1
82701,1421,-5.13,54,1,430.5,1
82774,1422,-3.52,73,3,474.4,1
82814,1423,-5.95,40,1,406.2,1
82858,1424,-6.39,44,1,432.8,1
83067,1425,-8.85,209,2,417.8,1
83107,1426,-5.05,40,2,431.1,1
83135,1427,-5.35,28,1,224.5,1
83180,1428,-5.32,45,1,486.9,1
83225,1429,-5.99,45,1,461.3,1
83263,1430,-5.82,38,1,512.8,1
83313,1431,-6.64,50,1,353.9,1
83396,1432,-1.14,83,2,822.7,1
83446,1433,-5.99,50,1,389.3,1
83494,1434,-6.26,48,0,395.2,1
83531,1435,-4.12,37,2,408.2,1
83580,1436,-5.77,49,1,256.9,1
83620,1437,-4.22,40,2,415.5,1
83706,1438,-0.09,86,4,830.6,1
83735,1439,-5.64,29,1,340.4,1
83789,1440,-5.25,54,1,429.6,1
84176,1441,-13.20,387,2,361.5,1
84207,1442,-6.09,31,1,348.6,1
84270,1443,-4.37,63,1,425.4,1
84384,1444,-1.59,114,3,864.1,1
84423,1445,-4.47,39,1,448.6,1
84461,1446,-6.25,38,1,157.5,1
84484,1447,-6.95,23,0,233.7,1
84520,1448,-6.46,36,0,428.2,1
84582,1449,-5.93,62,1,335.8,1
84632,1450,-4.02,50,2,482.8,1
84681,1451,-4.48,49,2,569.2,1
84731,1452,-3.94,50,1,558.9,1
84771,1453,-4.30,40,1,347.6,1
84819,1454,-5.10,48,1,468.3,1
84856,1455,-3.89,37,2,422.4,1
84951,1456,-0.39,95,3,848.2,1
84998,1457,-4.26,47,2,550.8,1
85050,1458,-4.29,52,1,520.4,1
85087,1459,-5.13,37,2,476.3,1
85137,1460,-4.87,50,1,461.3,1
85168,1461,-7.14,31,0,301.8,1
85239,1462,-2.12,71,3,857.4,1
85286,1463,-3.74,47,2,431.2,1
85352,1464,-3.84,66,2,603.4,1
85416,1465,-3.77,64,2,553.5,1
85485,1466,-5.17,69,1,442.6,1
85548,1467,-4.90,63,1,304.9,1
85588,1468,-3.43,40,2,390.1,1
85619,1469,-5.42,31,1,375.1,1
85654,1470,-5.73,35,1,349.5,1
85687,1471,-5.84,33,1,131.3,1
85731,1472,-4.23,44,1,333.3,1
85763,1473,-4.53,32,2,496.1,1
85805,1474,-4.83,42,2,380.3,1
85898,1475,-0.86,93,4,890.9,1
85958,1476,-4.91,60,1,393.1,1
85984,1477,-6.91,26,0,245.7,1
86010,1478,-4.66,26,2,390.8,1
86064,1479,-4.64,54,1,290.6,1
86143,1480,-3.71,79,2,388.0,1
86197,1481,-3.42,54,2,380.8,1
86240,1482,-5.08,43,1,370.7,1
86259,1483,-7.77,19,0,96.3,1
86296,1484,-4.67,37,2,462.0,1
86345,1485,-5.61,49,1,407.3,1
86374,1486,-5.18,29,1,430.5,1
86395,1487,-7.37,21,0,108.2,1
86481,1488,-1.31,86,2,717.2,1
86531,1489,-4.34,50,2,463.1,1
86568,1490,-5.88,37,1,336.8,1
86623,1491,-5.30,55,2,406.1,1
86667,1492,-4.76,44,1,467.2,1
86697,1493,-7.59,30,0,195.7,1
86920,1494,-5.13,223,4,1195.6,1
86959,1495,-6.94,39,0,363.9,1
87013,1496,-3.12,54,1,418.5,1
87039,1497,-8.36,26,0,72.5,1
87071,1498,-6.43,32,1,184.4,1
87146,1499,-4.11,75,1,472.6,1
87230,1500,-3.68,84,1,488.0,1
87280,1501,-3.42,50,2,508.7,1
87336,1502,-4.37,56,2,346.9,1
87447,1503,24.91,111,4,1280.1,0
87499,1504,-5.71,52,1,418.5,1
87552,1505,-3.55,53,2,527.4,1
87593,1506,-6.65,41,0,430.4,1
87640,1507,-5.60,47,1,425.7,1
87679,1508,-4.79,39,1,423.9,1
87721,1509,-2.85,42,2,436.2,1
87831,1510,-0.92,110,4,881.6,1
87891,1511,-3.27,60,2,486.0,1
87947,1512,-5.05,56,1,580.6,1
88008,1513,-5.06,61,1,422.7,1
88076,1514,-3.94,68,2,466.1,1
88141,1515,-5.23,65,1,365.9,1
88194,1516,-4.86,53,1,529.2,1
88220,1517,-7.59,26,0,103.6,1
88251,1518,-6.16,31,1,320.6,1
88300,1519,-4.89,49,2,376.7,1
88367,1520,-5.23,67,1,449.0,1
88407,1521,-5.58,40,1,474.3,1
88453,1522,-4.77,46,1,351.7,1
88498,1523,-5.79,45,1,518.6,1
88548,1524,-4.08,50,2,440.3,1
88595,1525,-3.86,47,2,327.8,1
88629,1526,-6.01,34,1,309.7,1
88678,1527,-3.08,49,2,432.7,1
88710,1528,-6.72,32,1,178.7,1
88769,1529,-5.43,59,1,518.6,1
88802,1530,-6.29,33,1,109.1,1
88845,1531,-2.73,43,3,399.9,1
88885,1532,-6.42,40,1,371.6,1
88920,1533,-6.94,35,1,261.8,1
88973,1534,-3.83,53,2,481.9,1
89105,1535,3.94,132,4,1142.1,1
89155,1536,-4.47,50,2,438.9,1
89189,1537,-9.43,34,0,80.0,1
89263,1538,-3.82,74,2,386.7,1
89339,1539,-2.94,76,2,609.4,1
89396,1540,-2.26,57,2,419.0,1
89426,1541,-7.90,30,0,50.6,1
89449,1542,-8.03,23,0,90.3,1
89486,1543,-8.52,37,0,28.8,1
89530,1544,-4.74,44,1,482.3,1
89579,1545,-3.68,49,2,449.8,1
89624,1546,-3.03,45,3,425.6,1
89670,1547,-4.28,46,2,500.6,1
89746,1548,-1.58,76,3,890.8,1
89796,1549,-4.91,50,1,419.4,1
89850,1550,-4.26,54,1,372.7,1
89892,1551,-6.86,42,1,132.5,1
89928,1552,-4.46,36,2,433.8,1
89971,1553,-4.55,43,1,394.8,1
90015,1554,-2.13,44,2,553.2,1
90101,1555,-0.70,86,3,882.7,1
90150,1556,-6.77,49,1,284.1,1
90214,1557,-6.31,64,1,378.5,1
90255,1558,-5.51,41,1,478.8,1
90393,1559,-3.40,138,2,896.1,1
90424,1560,-8.31,31,0,38.0,1
90498,1561,-3.42,74,2,439.4,1
90546,1562,-6.08,48,1,448.5,1
90596,1563,-4.09,50,1,398.9,1
90645,1564,-4.60,49,1,416.2,1
90721,1565,-3.50,76,3,315.2,1
90792,1566,-4.99,71,1,435.1,1
90841,1567,-4.01,49,2,375.6,1
90873,1568,-5.71,32,1,456.9,1
90924,1569,-5.25,51,1,442.1,1
90990,1570,-3.87,66,1,379.5,1
91024,1571,-6.77,34,1,80.6,1
91072,1572,-4.94,48,1,368.4,1
91119,1573,-3.65,47,2,455.8,1
91181,1574,-4.67,62,2,402.7,1
91224,1575,-3.68,43,2,409.6,1
91289,1576,-4.27,65,1,478.4,1
91335,1577,-4.04,46,2,446.5,1
91362,1578,-6.25,27,1,195.3,1
91411,1579,-3.94,49,1,375.5,1
91445,1580,-7.03,34,1,63.8,1
91497,1581,-4.28,52,2,488.5,1
91783,1582,-8.72,286,3,772.0,1
91821,1583,-5.21,38,1,464.1,1
91883,1584,-5.38,62,1,433.6,1
91938,1585,-4.38,55,2,437.5,1
92040,1586,-0.34,102,3,868.3,1
92085,1587,-5.06,45,1,446.9,1
92117,1588,-5.22,32,1,442.1,1
92206,1589,-1.00,89,4,931.5,1
92252,1590,-2.41,46,2,582.3,1
92317,1591,-5.12,65,1,357.7,1
92401,1592,-1.45,84,3,811.1,1
92436,1593,-9.22,35,0,76.7,1
92563,1594,-1.50,127,3,760.2,1
92612,1595,-5.06,49,1,465.4,1
92682,1596,-2.29,70,2,654.0,1
92736,1597,-5.70,54,1,512.0,1
92775,1598,-8.21,39,0,32.2,1
92845,1599,-5.30,70,1,437.4,1
93370,1600,-5.80,525,4,530.8,0
93422,1601,-5.41,52,1,440.8,1
93504,1602,-6.27,82,1,255.0,1
93544,1603,-6.27,40,1,353.9,1
93628,1604,-4.74,84,1,471.5,1
93710,1605,-0.51,82,3,839.7,1
93766,1606,-4.48,56,1,445.0,1
93831,1607,-7.06,65,1,378.5,1
93891,1608,-5.96,60,1,453.9,1
93920,1609,-6.39,29,1,149.5,1
93960,1610,-4.66,40,1,356.8,1
94010,1611,-4.49,50,2,384.8,1
94068,1612,-4.99,58,2,462.1,1
94117,1613,-5.02,49,1,345.2,1
94144,1614,-8.49,27,0,85.1,1
94211,1615,-5.24,67,2,415.0,1
94308,1616,-0.16,97,3,817.1,1
94356,1617,-3.56,48,2,384.4,1
94396,1618,-5.74,40,1,440.6,1
94464,1619,-5.53,68,1,485.1,1
94514,1620,-6.03,50,1,401.7,1
94561,1621,-6.09,47,1,425.7,1
94607,1622,-5.43,46,1,452.4,1
94669,1623,-4.98,62,1,370.0,1
94685,1624,-7.12,16,1,54.7,1
94734,1625,-5.14,49,1,448.1,1
94927,1626,-7.48,193,2,382.2,1
95035,1627,-6.31,108,1,261.2,1
95086,1628,-5.91,51,1,439.7,1
95126,1629,-5.71,40,1,421.5,1
95172,1630,-3.37,46,2,327.9,1
95232,1631,-4.20,60,2,417.5,1
95273,1632,-9.18,41,0,44.3,1
95348,1633,-4.53,75,2,508.4,1
95500,1634,-1.41,152,3,881.6,1
95539,1635,-4.88,39,1,357.3,1
95593,1636,-5.49,54,1,380.7,1
95635,1637,-3.97,42,1,385.1,1
95734,1638,-5.66,99,1,534.0,1
95768,1639,-5.18,34,1,361.1,1
95814,1640,-6.01,46,1,430.9,1
95902,1641,-3.60,88,3,521.6,1
95952,1642,-5.10,50,1,402.9,1
96026,1643,-3.21,74,1,456.3,1
96091,1644,-4.36,65,1,375.8,1
96201,1645,-4.91,110,1,485.8,1
96306,1646,-4.35,105,3,514.0,1
96386,1647,-4.26,80,2,582.3,1
96444,1648,-5.28,58,2,374.7,1
96491,1649,-4.61,47,1,328.4,1
96543,1650,-3.91,52,1,342.2,1
96583,1651,-5.04,40,2,386.7,1
96629,1652,-3.12,46,2,380.4,1
96670,1653,-8.56,41,0,90.3,1
96801,1654,-8.10,131,1,73.6,1
96857,1655,-6.19,56,1,176.3,1
96881,1656,-5.47,24,2,136.6,1
96939,1657,-4.90,58,1,357.4,1
96978,1658,-6.00,39,1,415.0,1
97106,1659,-1.84,128,3,798.1,1
97173,1660,-6.44,67,1,375.9,1
97198,1661,-8.35,25,0,33.2,1
97277,1662,-4.72,79,2,342.0,1
97354,1663,-3.21,77,1,422.1,1
97420,1664,-4.38,66,1,434.1,1
97463,1665,-5.71,43,1,373.1,1
97517,1666,-5.77,54,1,436.0,1
97566,1667,-4.89,49,1,502.9,1
97619,1668,-5.94,53,1,252.6,1
97725,1669,-7.32,106,1,360.8,1
97788,1670,-4.82,63,2,450.0,1
97811,1671,-6.43,23,1,19.2,1
97865,1672,-5.79,54,1,376.5,1
97909,1673,-4.38,44,2,431.0,1
97950,1674,-8.19,41,0,85.6,1
98031,1675,-2.44,81,3,786.9,1
98084,1676,-5.95,53,1,493.1,1
98123,1677,-5.24,39,1,411.7,1
98175,1678,-3.59,52,1,311.5,1
98229,1679,-5.28,54,1,362.3,1
98492,1680,-8.75,263,3,356.7,1
98583,1681,-10.40,91,1,344.5,1
98630,1682,-5.26,47,1,436.0,1
98718,1683,-5.29,88,1,455.2,1
98765,1684,-6.39,47,1,278.1,1
98801,1685,-5.46,36,1,397.4,1
98897,1686,-2.20,96,2,627.8,1
98998,1687,-3.87,101,2,757.2,1
99045,1688,-6.91,47,1,88.5,1
99150,1689,-4.90,105,2,341.8,1
99211,1690,-4.45,61,1,339.4,1
99358,1691,0.42,147,4,991.7,1
99416,1692,-5.66,58,1,297.9,1
99469,1693,-5.49,53,1,314.6,1
99603,1694,0.34,134,4,910.9,1
99628,1695,-7.51,25,0,166.1,1
99682,1696,-5.36,54,1,417.9,1
99725,1697,-3.29,43,2,404.3,1
99779,1698,-5.52,54,1,464.8,1
99879,1699,-5.06,100,2,476.9,1
99933,1700,-4.89,54,2,407.9,1
100124,1701,-8.27,191,2,448.6,1
100218,1702,-0.45,94,2,831.7,1
100252,1703,-7.92,34,1,69.6,1
100308,1704,-6.49,56,1,183.7,1
223,1,-13.16,223,1,345.6,1
298,2,-6.79,75,1,172.2,1
412,3,-1.35,114,3,820.9,1
491,4,-4.28,79,2,440.7,1
612,5,0.13,121,4,842.0,1
689,6,-6.57,77,1,357.7,1
751,7,-4.32,62,1,383.5,1
794,8,-6.77,43,1,82.1,1
850,9,-4.60,56,2,371.2,1
895,10,-4.47,45,2,376.5,1
1005,11,-6.50,110,2,381.8,1
1039,12,-7.22,34,1,165.1,1
1317,13,-7.00,278,3,582.0,1
1358,14,-7.67,41,0,227.7,1
1417,15,-6.32,59,1,269.7,1
1458,16,-5.18,41,1,437.1,1
1521,17,-6.43,63,1,179.6,1
1608,18,1.15,87,4,907.3,1
1660,19,-6.02,52,1,492.8,1
1707,20,-3.97,47,2,431.3,1
1744,21,-5.63,37,1,453.4,1
1820,22,-7.06,76,1,425.6,1
1933,23,-4.43,113,2,314.3,1
1978,24,-3.56,45,1,446.6,1
2013,25,-5.44,35,1,405.1,1
2078,26,-3.88,65,2,360.1,1
2119,27,-5.92,41,1,370.3,1
2221,28,-1.20,102,3,847.5,1
2302,29,-4.89,81,1,421.4,1
2386,30,-5.69,84,1,460.7,1
2433,31,-3.89,47,2,449.8,1
2538,32,-1.07,105,4,892.5,1
2605,33,-6.60,67,1,434.6,1
2668,34,-6.92,63,1,237.2,1
2752,35,-4.52,84,2,326.0,1
2811,36,-5.85,59,1,329.5,1
2835,37,-6.62,24,1,146.9,1
2885,38,-6.09,50,1,396.3,1
2972,39,-4.67,87,1,353.0,1
3095,40,-2.53,123,3,896.1,1
