step,episode,ep_reward,ep_length,ep_kills,ep_max_x,died
92,1,-1.40,92,2,0.0,1
190,2,-1.37,98,2,0.0,1
283,3,-1.54,93,2,0.0,1
384,4,-1.21,101,2,0.0,1
483,5,-1.24,99,2,0.0,1
549,6,-1.31,66,1,0.0,1
648,7,-1.47,99,2,0.0,1
741,8,-1.40,93,2,0.0,1
807,9,-1.09,66,0,0.0,1
888,10,-1.02,81,1,0.0,1
955,11,-0.83,67,3,0.0,1
1061,12,-1.13,106,3,0.0,1
1127,13,-0.95,66,1,0.0,1
1196,14,-0.95,69,1,0.0,1
1288,15,-0.91,92,2,0.0,1
1355,16,-0.99,67,0,0.0,1
1434,17,-0.93,79,1,0.0,1
1500,18,-0.92,66,0,0.0,1
1581,19,-0.82,81,1,0.0,1
1647,20,-1.16,66,0,0.0,1
1738,21,-1.01,91,1,0.0,1
1863,22,-0.99,125,3,0.0,1
1946,23,-0.99,83,1,0.0,1
2060,24,-0.87,114,4,0.0,1
2152,25,-0.80,92,1,0.0,1
2240,26,-0.83,88,1,0.0,1
2307,27,-0.74,67,1,0.0,1
2388,28,-0.87,81,1,0.0,1
2487,29,-0.63,99,2,0.0,1
2597,30,-0.57,110,4,0.0,1
2678,31,-0.86,81,1,0.0,1
2784,32,-0.49,106,3,0.0,1
2865,33,-0.67,81,1,0.0,1
2947,34,-0.79,82,1,0.0,1
3046,35,-0.73,99,3,0.0,1
3133,36,-0.47,87,1,0.0,1
3269,37,-0.27,136,4,0.0,1
3335,38,-0.68,66,0,0.0,1
3416,39,-0.33,81,2,0.0,1
3521,40,-0.51,105,3,0.0,1
3592,41,-0.67,71,1,0.0,1
3658,42,-0.60,66,0,0.0,1
3764,43,-0.55,106,2,0.0,1
3846,44,-0.70,82,1,0.0,1
3950,45,-0.57,104,2,0.0,1
4028,46,-0.51,78,1,0.0,1
4115,47,-0.27,87,2,0.0,1
4186,48,-0.35,71,1,0.0,1
4300,49,-0.56,114,2,0.0,1
4366,50,-0.53,66,0,0.0,1
4439,51,-0.53,73,1,0.0,1
4516,52,-0.48,77,1,0.0,1
4601,53,-0.59,85,1,0.0,1
4672,54,-0.36,71,1,0.0,1
4763,55,-0.55,91,1,0.0,1
4836,56,-0.48,73,1,0.0,1
4937,57,-0.38,101,3,0.0,1
5012,58,-0.43,75,1,0.0,1
5092,59,-0.43,80,1,0.0,1
5158,60,-0.56,66,0,0.0,1
5270,61,-0.39,112,2,0.0,1
5336,62,-0.60,66,0,0.0,1
5403,63,-0.41,67,2,0.0,1
5478,64,-0.51,75,1,0.0,1
5585,65,-0.45,107,2,0.0,1
5667,66,-0.51,82,1,0.0,1
5749,67,-0.55,82,1,0.0,1
5831,68,-0.43,82,1,0.0,1
5927,69,-0.25,96,2,0.0,1
6008,70,-0.47,81,1,0.0,1
6120,71,-0.30,112,2,0.0,1
6186,72,-0.48,66,0,0.0,1
6252,73,-0.48,66,0,0.0,1
6348,74,-0.31,96,2,0.0,1
6454,75,-0.27,106,2,0.0,1
6557,76,-0.81,103,2,0.0,1
6633,77,-0.72,76,0,0.0,1
6745,78,-0.33,112,3,0.0,1
6808,79,-0.47,63,0,0.0,1
6910,80,-0.44,102,3,0.0,1
6981,81,-0.47,71,1,0.0,1
7047,82,-0.56,66,0,0.0,1
7100,83,-0.56,53,0,0.0,1
7163,84,-0.51,63,1,0.0,1
7247,85,-0.43,84,1,0.0,1
7336,86,-0.29,89,2,0.0,1
7418,87,-0.43,82,1,0.0,1
7488,88,-0.53,70,0,0.0,1
7570,89,-0.62,82,1,0.0,1
7641,90,-0.39,71,1,0.0,1
7715,91,-0.39,74,1,0.0,1
7815,92,-0.43,100,2,0.0,1
7881,93,-0.48,66,0,0.0,1
7963,94,-0.43,82,1,0.0,1
8050,95,-0.32,87,1,0.0,1
8131,96,-0.47,81,1,0.0,1
8197,97,-0.52,66,0,0.0,1
8263,98,-0.60,66,0,0.0,1
8329,99,-0.56,66,0,0.0,1
8392,100,-0.41,63,0,0.0,1
8458,101,-0.52,66,0,0.0,1
8537,102,-0.48,79,0,0.0,1
8603,103,-0.48,66,0,0.0,1
8673,104,-0.32,70,1,0.0,1
8744,105,-0.35,71,1,0.0,1
8810,106,-0.48,66,0,0.0,1
8871,107,-0.51,61,0,0.0,1
8953,108,-0.41,82,1,0.0,1
9046,109,-0.25,93,2,0.0,1
9112,110,-0.48,66,0,0.0,1
9186,111,-0.45,74,0,0.0,1
9252,112,-0.56,66,0,0.0,1
9319,113,-0.33,67,1,0.0,1
9396,114,-0.47,77,1,0.0,1
9495,115,-0.49,99,1,0.0,1
9561,116,-0.56,66,0,0.0,1
9633,117,-0.51,72,0,0.0,1
9724,118,-0.43,91,1,0.0,1
9790,119,-0.52,66,0,0.0,1
9887,120,-0.31,97,2,0.0,1
9961,121,-0.59,74,0,0.0,1
10037,122,-0.79,76,0,0.0,1
10103,123,-0.64,66,0,0.0,1
10174,124,-0.43,71,0,0.0,1
10255,125,-0.43,81,1,0.0,1
10314,126,-0.56,59,0,0.0,1
10380,127,-0.44,66,0,0.0,1
10479,128,-0.27,99,2,0.0,1
10545,129,-0.52,66,0,0.0,1
10652,130,-0.32,107,2,0.0,1
10717,131,-0.52,65,0,0.0,1
10794,132,-0.35,77,1,0.0,1
10869,133,-0.47,75,1,0.0,1
10968,134,-0.48,99,0,0.0,1
11049,135,-0.37,81,2,0.0,1
11130,136,-0.47,81,1,0.0,1
11182,137,-0.55,52,0,0.0,1
11281,138,-0.23,99,2,0.0,1
11340,139,-0.49,59,0,0.0,1
11421,140,-0.35,81,1,0.0,1
11499,141,-0.40,78,1,0.0,1
11576,142,-0.52,77,0,0.0,1
11642,143,-0.56,66,0,0.0,1
11695,144,-0.55,53,0,0.0,1
11798,145,-0.31,103,2,0.0,1
11890,146,-0.47,92,1,0.0,1
11973,147,-0.49,83,0,0.0,1
12039,148,-0.52,66,0,0.0,1
12105,149,-0.56,66,0,0.0,1
12171,150,-0.56,66,0,0.0,1
12276,151,-0.31,105,2,0.0,1
12342,152,-0.52,66,0,0.0,1
12407,153,-0.43,65,1,0.0,1
12473,154,-0.48,66,0,0.0,1
12588,155,-0.17,115,3,0.0,1
12654,156,-0.52,66,0,0.0,1
12733,157,-0.49,79,1,0.0,1
12806,158,-0.53,73,0,0.0,1
12913,159,-0.39,107,2,0.0,1
12979,160,-0.56,66,0,0.0,1
13050,161,-0.51,71,0,0.0,1
13119,162,-0.53,69,0,0.0,1
13196,163,-0.41,77,1,0.0,1
13262,164,-0.49,66,0,0.0,1
13331,165,-0.51,69,0,0.0,1
13399,166,-0.44,68,0,0.0,1
13480,167,-0.35,81,1,0.0,1
13581,168,-0.30,101,2,0.0,1
13647,169,-0.48,66,0,0.0,1
13736,170,-0.32,89,1,0.0,1
13811,171,-0.35,75,1,0.0,1
13877,172,-0.44,66,0,0.0,1
13943,173,-0.48,66,0,0.0,1
14046,174,-0.57,103,0,0.0,1
14112,175,-0.56,66,0,0.0,1
14168,176,-0.45,56,0,0.0,1
14246,177,-0.64,78,0,0.0,1
14303,178,-0.51,57,0,0.0,1
14383,179,-0.41,80,1,0.0,1
14449,180,-0.48,66,0,0.0,1
14515,181,-0.44,66,0,0.0,1
14588,182,-0.48,73,0,0.0,1
14661,183,-0.45,73,0,0.0,1
14727,184,-0.44,66,0,0.0,1
14795,185,-0.47,68,0,0.0,1
14861,186,-0.44,66,0,0.0,1
14930,187,-0.55,69,0,0.0,1
14995,188,-0.35,65,1,0.0,1
15060,189,-0.44,65,0,0.0,1
15129,190,-0.47,69,0,0.0,1
15190,191,-0.52,61,0,0.0,1
15256,192,-0.52,66,0,0.0,1
15322,193,-0.44,66,0,0.0,1
15388,194,-0.48,66,0,0.0,1
15454,195,-0.48,66,0,0.0,1
15542,196,-0.47,88,0,0.0,1
15608,197,-0.44,66,0,0.0,1
15674,198,-0.52,66,0,0.0,1
15740,199,-0.44,66,0,0.0,1
15806,200,-0.52,66,0,0.0,1
15872,201,-0.48,66,0,0.0,1
15944,202,-0.47,72,0,0.0,1
16005,203,-0.45,61,0,0.0,1
16071,204,-0.48,66,0,0.0,1
16153,205,-0.39,82,1,0.0,1
16223,206,-0.39,70,1,0.0,1
16289,207,-0.60,66,0,0.0,1
16376,208,-0.35,87,1,0.0,1
16454,209,-0.35,78,1,0.0,1
16520,210,-0.44,66,0,0.0,1
16607,211,-0.35,87,1,0.0,1
16673,212,-0.44,66,0,0.0,1
16737,213,-0.43,64,0,0.0,1
16815,214,-0.35,78,1,0.0,1
16881,215,-0.48,66,0,0.0,1
16947,216,-0.44,66,0,0.0,1
17013,217,-0.48,66,0,0.0,1
17079,218,-0.44,66,0,0.0,1
17175,219,-0.39,96,1,0.0,1
17241,220,-0.48,66,0,0.0,1
17325,221,-0.32,84,1,0.0,1
17391,222,-0.48,66,0,0.0,1
17459,223,-0.40,68,0,0.0,1
17525,224,-0.52,66,0,0.0,1
17591,225,-0.56,66,0,0.0,1
17686,226,-0.29,95,2,0.0,1
17750,227,-0.57,64,0,0.0,1
17816,228,-0.48,66,0,0.0,1
17891,229,-0.56,75,0,0.0,1
17957,230,-0.48,66,0,0.0,1
18023,231,-0.52,66,0,0.0,1
18089,232,-0.44,66,0,0.0,1
18168,233,-0.44,79,1,0.0,1
18234,234,-0.44,66,0,0.0,1
18300,235,-0.44,66,0,0.0,1
18376,236,-0.48,76,0,0.0,1
18448,237,-0.43,72,0,0.0,1
18514,238,-0.48,66,0,0.0,1
18567,239,-0.55,53,0,0.0,1
18633,240,-0.44,66,0,0.0,1
18725,241,-0.36,92,1,0.0,1
18791,242,-0.56,66,0,0.0,1
18868,243,-0.48,77,0,0.0,1
18935,244,-0.51,67,0,0.0,1
19001,245,-0.48,66,0,0.0,1
19065,246,-0.49,64,0,0.0,1
19150,247,-0.52,85,0,0.0,1
19232,248,-0.48,82,0,0.0,1
19298,249,-0.48,66,0,0.0,1
19361,250,-0.43,63,0,0.0,1
19427,251,-0.48,66,0,0.0,1
19493,252,-0.48,66,0,0.0,1
19559,253,-0.44,66,0,0.0,1
19625,254,-0.44,66,0,0.0,1
19706,255,-0.35,81,1,0.0,1
19780,256,-0.45,74,0,0.0,1
19846,257,-0.44,66,0,0.0,1
19912,258,-0.44,66,0,0.0,1
19986,259,-0.43,74,0,0.0,1
20052,260,-0.44,66,0,0.0,1
20118,261,-0.44,66,0,0.0,1
20199,262,-0.40,81,0,0.0,1
20274,263,-0.48,75,0,0.0,1
20340,264,-0.48,66,0,0.0,1
20406,265,-0.44,66,0,0.0,1
20472,266,-0.48,66,0,0.0,1
20538,267,-0.44,66,0,0.0,1
20604,268,-0.44,66,0,0.0,1
20689,269,-0.33,85,1,0.0,1
20755,270,-0.48,66,0,0.0,1
20821,271,-0.44,66,0,0.0,1
20892,272,-0.55,71,0,0.0,1
20957,273,-0.39,65,1,0.0,1
21023,274,-0.44,66,0,0.0,1
21089,275,-0.44,66,0,0.0,1
21170,276,-0.39,81,1,0.0,1
21234,277,-0.41,64,0,0.0,1
21300,278,-0.35,66,1,0.0,1
21371,279,-0.43,71,0,0.0,1
21437,280,-0.35,66,1,0.0,1
21537,281,-0.32,100,1,0.0,1
21603,282,-0.48,66,0,0.0,1
21661,283,-0.43,58,0,0.0,1
21738,284,-0.45,77,0,0.0,1
21804,285,-0.44,66,0,0.0,1
21866,286,-0.51,62,0,0.0,1
21925,287,-0.44,59,0,0.0,1
21991,288,-0.44,66,0,0.0,1
22055,289,-0.48,64,0,0.0,1
22121,290,-0.44,66,0,0.0,1
22196,291,-0.35,75,1,0.0,1
22262,292,-0.48,66,0,0.0,1
22322,293,-0.51,60,0,0.0,1
22389,294,-0.45,67,0,0.0,1
22451,295,-0.48,62,0,0.0,1
22517,296,-0.48,66,0,0.0,1
22603,297,-0.34,86,1,0.0,1
22669,298,-0.44,66,0,0.0,1
22755,299,-0.52,86,0,0.0,1
22866,300,-0.25,111,2,0.0,1
22976,301,-0.27,110,2,0.0,1
23032,302,-0.44,56,0,0.0,1
23135,303,-0.29,103,2,0.0,1
23213,304,-0.35,78,1,0.0,1
23279,305,-0.48,66,0,0.0,1
23347,306,-0.49,68,0,0.0,1
23413,307,-0.48,66,0,0.0,1
23473,308,-0.43,60,0,0.0,1
23539,309,-0.44,66,0,0.0,1
23605,310,-0.56,66,0,0.0,1
23671,311,-0.44,66,0,0.0,1
23746,312,-0.39,75,1,0.0,1
23812,313,-0.52,66,0,0.0,1
23878,314,-0.44,66,0,0.0,1
23965,315,-0.49,87,1,0.0,1
24031,316,-0.44,66,0,0.0,1
24097,317,-0.39,66,1,0.0,1
24163,318,-0.33,66,1,0.0,1
24238,319,-0.39,75,1,0.0,1
24304,320,-0.48,66,0,0.0,1
24374,321,-0.53,70,1,0.0,1
24455,322,-0.39,81,1,0.0,1
24521,323,-0.48,66,0,0.0,1
24588,324,-0.37,67,1,0.0,1
24655,325,-0.52,67,0,0.0,1
24721,326,-0.44,66,0,0.0,1
24787,327,-0.48,66,0,0.0,1
24870,328,-0.43,83,1,0.0,1
24942,329,-0.49,72,0,0.0,1
25031,330,-0.34,89,2,0.0,1
25089,331,-0.45,58,0,0.0,1
25144,332,-0.44,55,0,0.0,1
25225,333,-0.33,81,1,0.0,1
25291,334,-0.49,66,0,0.0,1
25357,335,-0.56,66,0,0.0,1
25432,336,-0.39,75,1,0.0,1
25531,337,-0.22,99,3,0.0,1
25597,338,-0.44,66,0,0.0,1
25663,339,-0.56,66,0,0.0,1
25742,340,-0.23,79,2,0.0,1
25804,341,-0.57,62,0,0.0,1
25870,342,-0.52,66,0,0.0,1
25970,343,-0.36,100,1,0.0,1
26025,344,-0.40,55,0,0.0,1
26091,345,-0.44,66,0,0.0,1
26157,346,-0.44,66,0,0.0,1
26220,347,-0.53,63,0,0.0,1
26310,348,-0.47,90,1,0.0,1
26372,349,-0.48,62,0,0.0,1
26438,350,-0.44,66,0,0.0,1
26497,351,-0.44,59,0,0.0,1
26563,352,-0.52,66,0,0.0,1
26640,353,-0.47,77,1,0.0,1
26708,354,-0.41,68,0,0.0,1
26787,355,-0.49,79,0,0.0,1
26880,356,-0.49,93,0,0.0,1
26946,357,-0.44,66,0,0.0,1
27012,358,-0.44,66,0,0.0,1
27120,359,-0.49,108,2,0.0,1
27177,360,-0.64,57,0,0.0,1
27256,361,-0.53,79,0,0.0,1
27327,362,-0.35,71,1,0.0,1
27404,363,-0.43,77,0,0.0,1
27469,364,-0.52,65,0,0.0,1
27545,365,-0.45,76,1,0.0,1
27611,366,-0.44,66,0,0.0,1
27692,367,-0.29,81,2,0.0,1
27758,368,-0.48,66,0,0.0,1
27812,369,-0.47,54,0,0.0,1
27878,370,-0.52,66,0,0.0,1
27960,371,-0.39,82,1,0.0,1
28030,372,-0.35,70,1,0.0,1
28096,373,-0.44,66,0,0.0,1
28191,374,-0.43,95,0,0.0,1
28257,375,-0.48,66,0,0.0,1
28317,376,-0.40,60,0,0.0,1
28383,377,-0.44,66,0,0.0,1
28449,378,-0.44,66,0,0.0,1
28519,379,-0.53,70,0,0.0,1
28599,380,-0.47,80,0,0.0,1
28665,381,-0.44,66,0,0.0,1
28739,382,-0.48,74,0,0.0,1
28814,383,-0.39,75,1,0.0,1
28880,384,-0.44,66,0,0.0,1
28946,385,-0.44,66,0,0.0,1
29017,386,-0.49,71,1,0.0,1
29095,387,-0.35,78,1,0.0,1
29165,388,-0.44,70,0,0.0,1
29231,389,-0.52,66,0,0.0,1
29315,390,-0.39,84,1,0.0,1
29381,391,-0.48,66,0,0.0,1
29447,392,-0.48,66,0,0.0,1
29513,393,-0.44,66,0,0.0,1
29589,394,-0.40,76,1,0.0,1
29648,395,-0.41,59,0,0.0,1
29714,396,-0.44,66,0,0.0,1
29785,397,-0.53,71,0,0.0,1
29856,398,-0.48,71,0,0.0,1
29943,399,-0.48,87,0,0.0,1
30009,400,-0.48,66,0,0.0,1
30107,401,-0.43,98,1,0.0,1
30181,402,-0.39,74,1,0.0,1
30262,403,-0.39,81,1,0.0,1
30328,404,-0.68,66,0,0.0,1
30394,405,-0.52,66,0,0.0,1
30475,406,-0.50,81,1,0.0,1
30540,407,-0.45,65,0,0.0,1
30606,408,-0.60,66,0,0.0,1
30658,409,-0.44,52,0,0.0,1
30731,410,-0.45,73,0,0.0,1
30797,411,-0.52,66,0,0.0,1
30859,412,-0.40,62,0,0.0,1
30933,413,-0.56,74,0,0.0,1
30999,414,-0.52,66,0,0.0,1
31062,415,-0.56,63,0,0.0,1
31139,416,-0.35,77,1,0.0,1
31236,417,-0.32,97,1,0.0,1
31302,418,-0.48,66,0,0.0,1
31368,419,-0.48,66,0,0.0,1
31451,420,-0.36,83,1,0.0,1
31527,421,-0.41,76,1,0.0,1
31597,422,-0.52,70,0,0.0,1
31687,423,-0.31,90,1,0.0,1
31767,424,-0.48,80,0,0.0,1
31834,425,-0.43,67,0,0.0,1
31899,426,-0.43,65,0,0.0,1
31966,427,-0.35,67,1,0.0,1
32056,428,-0.44,90,0,0.0,1
32138,429,-0.39,82,1,0.0,1
32207,430,-0.56,69,0,0.0,1
32267,431,-0.43,60,0,0.0,1
32333,432,-0.48,66,0,0.0,1
32405,433,-0.45,72,0,0.0,1
32479,434,-0.44,74,1,0.0,1
32545,435,-0.48,66,0,0.0,1
32611,436,-0.44,66,0,0.0,1
32677,437,-0.44,66,0,0.0,1
32745,438,-0.41,68,0,0.0,1
32827,439,-0.51,82,0,0.0,1
32893,440,-0.44,66,0,0.0,1
32965,441,-0.47,72,0,0.0,1
33025,442,-0.44,60,0,0.0,1
33090,443,-0.39,65,1,0.0,1
33161,444,-0.52,71,0,0.0,1
33227,445,-0.52,66,0,0.0,1
33286,446,-0.45,59,0,0.0,1
33352,447,-0.44,66,0,0.0,1
33418,448,-0.44,66,0,0.0,1
33481,449,-0.51,63,0,0.0,1
33551,450,-0.40,70,0,0.0,1
33619,451,-0.45,68,0,0.0,1
33685,452,-0.44,66,0,0.0,1
33751,453,-0.48,66,0,0.0,1
33816,454,-0.56,65,0,0.0,1
33893,455,-0.41,77,0,0.0,1
33959,456,-0.48,66,0,0.0,1
34031,457,-0.51,72,0,0.0,1
34096,458,-0.43,65,0,0.0,1
34163,459,-0.40,67,0,0.0,1
34216,460,-0.43,53,0,0.0,1
34282,461,-0.48,66,0,0.0,1
34348,462,-0.44,66,0,0.0,1
34400,463,-0.47,52,0,0.0,1
34466,464,-0.44,66,0,0.0,1
34563,465,-0.41,97,0,0.0,1
34645,466,-0.44,82,0,0.0,1
34727,467,-0.39,82,1,0.0,1
34793,468,-0.44,66,0,0.0,1
34859,469,-0.44,66,0,0.0,1
34925,470,-0.44,66,0,0.0,1
34996,471,-0.45,71,0,0.0,1
35062,472,-0.44,66,0,0.0,1
35128,473,-0.44,66,0,0.0,1
35188,474,-0.43,60,0,0.0,1
35247,475,-0.47,59,0,0.0,1
35327,476,-0.44,80,0,0.0,1
35393,477,-0.44,66,0,0.0,1
35459,478,-0.44,66,0,0.0,1
35537,479,-0.44,78,0,0.0,1
35603,480,-0.44,66,0,0.0,1
35685,481,-0.35,82,1,0.0,1
35751,482,-0.44,66,0,0.0,1
35807,483,-0.40,56,0,0.0,1
35873,484,-0.48,66,0,0.0,1
35939,485,-0.44,66,0,0.0,1
35993,486,-0.31,54,1,0.0,1
36055,487,-0.40,62,0,0.0,1
36121,488,-0.44,66,0,0.0,1
36186,489,-0.41,65,0,0.0,1
36254,490,-0.41,68,0,0.0,1
36308,491,-0.47,54,0,0.0,1
36377,492,-0.43,69,0,0.0,1
36445,493,-0.53,68,0,0.0,1
36540,494,-0.44,95,0,0.0,1
36606,495,-0.44,66,0,0.0,1
36670,496,-0.44,64,0,0.0,1
36736,497,-0.44,66,0,0.0,1
36806,498,-0.47,70,0,0.0,1
36872,499,-0.44,66,0,0.0,1
36945,500,-0.44,73,0,0.0,1
37011,501,-0.44,66,0,0.0,1
37109,502,-0.34,98,1,0.0,1
37182,503,-0.45,73,0,0.0,1
37248,504,-0.44,66,0,0.0,1
37314,505,-0.44,66,0,0.0,1
37399,506,-0.45,85,0,0.0,1
37478,507,-0.47,79,0,0.0,1
37544,508,-0.44,66,0,0.0,1
37610,509,-0.44,66,0,0.0,1
37673,510,-0.43,63,0,0.0,1
37744,511,-0.44,71,0,0.0,1
37809,512,-0.40,65,0,0.0,1
37877,513,-0.52,68,0,0.0,1
37955,514,-0.39,78,1,0.0,1
38034,515,-0.43,79,0,0.0,1
38100,516,-0.44,66,0,0.0,1
38166,517,-0.44,66,0,0.0,1
38232,518,-0.44,66,0,0.0,1
38297,519,-0.36,65,1,0.0,1
38382,520,-0.31,85,1,0.0,1
38451,521,-0.43,69,0,0.0,1
38517,522,-0.44,66,0,0.0,1
38598,523,-0.47,81,0,0.0,1
38664,524,-0.44,66,0,0.0,1
38730,525,-0.48,66,0,0.0,1
38799,526,-0.48,69,0,0.0,1
38863,527,-0.47,64,0,0.0,1
38929,528,-0.44,66,0,0.0,1
39006,529,-0.45,77,0,0.0,1
39089,530,-0.40,83,0,0.0,1
39155,531,-0.48,66,0,0.0,1
39221,532,-0.44,66,0,0.0,1
39287,533,-0.52,66,0,0.0,1
39353,534,-0.44,66,0,0.0,1
39422,535,-0.45,69,0,0.0,1
39501,536,-0.32,79,1,0.0,1
39567,537,-0.44,66,0,0.0,1
39633,538,-0.44,66,0,0.0,1
39701,539,-0.44,68,0,0.0,1
39804,540,-0.43,103,0,0.0,1
39879,541,-0.35,75,1,0.0,1
39945,542,-0.48,66,0,0.0,1
40017,543,-0.44,72,0,0.0,1
40102,544,-0.43,85,0,0.0,1
40164,545,-0.40,62,0,0.0,1
40230,546,-0.44,66,0,0.0,1
40314,547,-0.41,84,1,0.0,1
40390,548,-0.49,76,0,0.0,1
40456,549,-0.44,66,0,0.0,1
40527,550,-0.45,71,0,0.0,1
40594,551,-0.41,67,0,0.0,1
40660,552,-0.44,66,0,0.0,1
40726,553,-0.44,66,0,0.0,1
40792,554,-0.52,66,0,0.0,1
40851,555,-0.48,59,0,0.0,1
40917,556,-0.44,66,0,0.0,1
40981,557,-0.48,64,0,0.0,1
41047,558,-0.44,66,0,0.0,1
41113,559,-0.44,66,0,0.0,1
41179,560,-0.44,66,0,0.0,1
41245,561,-0.44,66,0,0.0,1
41303,562,-0.40,58,0,0.0,1
41396,563,-0.40,93,0,0.0,1
41462,564,-0.44,66,0,0.0,1
41538,565,-0.51,76,0,0.0,1
41604,566,-0.44,66,0,0.0,1
41660,567,-0.41,56,0,0.0,1
41733,568,-0.44,73,0,0.0,1
41799,569,-0.44,66,0,0.0,1
41866,570,-0.41,67,0,0.0,1
41932,571,-0.44,66,0,0.0,1
41998,572,-0.48,66,0,0.0,1
42060,573,-0.43,62,0,0.0,1
42125,574,-0.44,65,0,0.0,1
42206,575,-0.41,81,0,0.0,1
42292,576,-0.45,86,0,0.0,1
42377,577,-0.48,85,0,0.0,1
42443,578,-0.44,66,0,0.0,1
42509,579,-0.44,66,0,0.0,1
42561,580,-0.41,52,0,0.0,1
42636,581,-0.45,75,0,0.0,1
42709,582,-0.47,73,0,0.0,1
42775,583,-0.44,66,0,0.0,1
42846,584,-0.48,71,0,0.0,1
42912,585,-0.44,66,0,0.0,1
42980,586,-0.47,68,0,0.0,1
43060,587,-0.45,80,0,0.0,1
43141,588,-0.43,81,0,0.0,1
43207,589,-0.44,66,0,0.0,1
43284,590,-0.35,77,1,0.0,1
43350,591,-0.44,66,0,0.0,1
43416,592,-0.44,66,0,0.0,1
43495,593,-0.43,79,0,0.0,1
43561,594,-0.44,66,0,0.0,1
43627,595,-0.44,66,0,0.0,1
43678,596,-0.43,51,0,0.0,1
43732,597,-0.41,54,0,0.0,1
43798,598,-0.44,66,0,0.0,1
43852,599,-0.43,54,0,0.0,1
43934,600,-0.47,82,0,0.0,1
44000,601,-0.44,66,0,0.0,1
44065,602,-0.43,65,0,0.0,1
44131,603,-0.44,66,0,0.0,1
44193,604,-0.48,62,0,0.0,1
44263,605,-0.48,70,0,0.0,1
44340,606,-0.51,77,0,0.0,1
44406,607,-0.44,66,0,0.0,1
44472,608,-0.44,66,0,0.0,1
44538,609,-0.44,66,0,0.0,1
44604,610,-0.44,66,0,0.0,1
44670,611,-0.44,66,0,0.0,1
44733,612,-0.40,63,0,0.0,1
44803,613,-0.43,70,0,0.0,1
44869,614,-0.44,66,0,0.0,1
44935,615,-0.44,66,0,0.0,1
45001,616,-0.44,66,0,0.0,1
45067,617,-0.48,66,0,0.0,1
45144,618,-0.48,77,0,0.0,1
45215,619,-0.49,71,0,0.0,1
45281,620,-0.44,66,0,0.0,1
45347,621,-0.44,66,0,0.0,1
45413,622,-0.44,66,0,0.0,1
45479,623,-0.44,66,0,0.0,1
45548,624,-0.44,69,0,0.0,1
45624,625,-0.51,76,0,0.0,1
45690,626,-0.44,66,0,0.0,1
45776,627,-0.43,86,0,0.0,1
45854,628,-0.41,78,0,0.0,1
45914,629,-0.41,60,0,0.0,1
46005,630,-0.48,91,0,0.0,1
46071,631,-0.44,66,0,0.0,1
46137,632,-0.44,66,0,0.0,1
46204,633,-0.48,67,0,0.0,1
46270,634,-0.44,66,0,0.0,1
46366,635,-0.38,96,1,0.0,1
46443,636,-0.45,77,0,0.0,1
46509,637,-0.44,66,0,0.0,1
46575,638,-0.44,66,0,0.0,1
46642,639,-0.48,67,0,0.0,1
46709,640,-0.40,67,0,0.0,1
46785,641,-0.48,76,0,0.0,1
46847,642,-0.43,62,0,0.0,1
46913,643,-0.44,66,0,0.0,1
46979,644,-0.44,66,0,0.0,1
47045,645,-0.44,66,0,0.0,1
47111,646,-0.48,66,0,0.0,1
47165,647,-0.48,54,0,0.0,1
47231,648,-0.44,66,0,0.0,1
47317,649,-0.40,86,0,0.0,1
47382,650,-0.43,65,0,0.0,1
47448,651,-0.48,66,0,0.0,1
47514,652,-0.48,66,0,0.0,1
47580,653,-0.44,66,0,0.0,1
47646,654,-0.44,66,0,0.0,1
47712,655,-0.44,66,0,0.0,1
47782,656,-0.31,70,1,0.0,1
47848,657,-0.44,66,0,0.0,1
47913,658,-0.49,65,0,0.0,1
47979,659,-0.44,66,0,0.0,1
48048,660,-0.55,69,0,0.0,1
48114,661,-0.44,66,0,0.0,1
48179,662,-0.41,65,0,0.0,1
48242,663,-0.41,63,0,0.0,1
48309,664,-0.43,67,0,0.0,1
48381,665,-0.40,72,0,0.0,1
48450,666,-0.40,69,0,0.0,1
48518,667,-0.52,68,0,0.0,1
48618,668,-0.35,100,1,0.0,1
48677,669,-0.40,59,0,0.0,1
48743,670,-0.44,66,0,0.0,1
48813,671,-0.40,70,0,0.0,1
48879,672,-0.44,66,0,0.0,1
48947,673,-0.44,68,0,0.0,1
49012,674,-0.40,65,0,0.0,1
49077,675,-0.35,65,1,0.0,1
49175,676,-0.48,98,0,0.0,1
49241,677,-0.44,66,0,0.0,1
49307,678,-0.44,66,0,0.0,1
49367,679,-0.47,60,0,0.0,1
49433,680,-0.44,66,0,0.0,1
49491,681,-0.48,58,0,0.0,1
49567,682,-0.65,76,0,0.0,1
49633,683,-0.44,66,0,0.0,1
49684,684,-0.41,51,0,0.0,1
49760,685,-0.32,76,1,0.0,1
49830,686,-0.49,70,0,0.0,1
49938,687,-0.43,108,2,0.0,1
50004,688,-0.44,66,0,0.0,1
50079,689,-0.56,75,0,0.0,1
50145,690,-0.44,66,0,0.0,1
50211,691,-0.48,66,0,0.0,1
50277,692,-0.60,66,0,0.0,1
50343,693,-0.44,66,0,0.0,1
50420,694,-0.35,77,1,0.0,1
50492,695,-0.45,72,0,0.0,1
50548,696,-0.41,56,0,0.0,1
50614,697,-0.48,66,0,0.0,1
50679,698,-0.45,65,0,0.0,1
50756,699,-0.39,77,1,0.0,1
50814,700,-0.45,58,0,0.0,1
50876,701,-0.44,62,0,0.0,1
50942,702,-0.44,66,0,0.0,1
51016,703,-0.47,74,0,0.0,1
51079,704,-0.43,63,0,0.0,1
51155,705,-0.45,76,0,0.0,1
51224,706,-0.45,69,0,0.0,1
51292,707,-0.48,68,0,0.0,1
51358,708,-0.48,66,0,0.0,1
51419,709,-0.44,61,0,0.0,1
51486,710,-0.40,67,0,0.0,1
51570,711,-0.47,84,0,0.0,1
51683,712,-0.23,113,2,0.0,1
51737,713,-0.40,54,0,0.0,1
51811,714,-0.53,74,0,0.0,1
51877,715,-0.44,66,0,0.0,1
51947,716,-0.44,70,0,0.0,1
52013,717,-0.52,66,0,0.0,1
52103,718,-0.37,90,1,0.0,1
52170,719,-0.35,67,1,0.0,1
52242,720,-0.53,72,0,0.0,1
52308,721,-0.44,66,0,0.0,1
52374,722,-0.44,66,0,0.0,1
52440,723,-0.44,66,0,0.0,1
52543,724,-0.33,103,2,0.0,1
52632,725,-0.57,89,0,0.0,1
52698,726,-0.44,66,0,0.0,1
52764,727,-0.44,66,0,0.0,1
52832,728,-0.45,68,0,0.0,1
52896,729,-0.43,64,0,0.0,1
52962,730,-0.44,66,0,0.0,1
53047,731,-0.34,85,1,0.0,1
53113,732,-0.44,66,0,0.0,1
53190,733,-0.35,77,1,0.0,1
53292,734,-0.22,102,2,0.0,1
53359,735,-0.43,67,1,0.0,1
53430,736,-0.53,71,0,0.0,1
53489,737,-0.35,59,1,0.0,1
53570,738,-0.35,81,1,0.0,1
53646,739,-0.49,76,0,0.0,1
53736,740,-0.32,90,1,0.0,1
53823,741,-0.48,87,0,0.0,1
53889,742,-0.48,66,0,0.0,1
53965,743,-0.61,76,0,0.0,1
54031,744,-0.52,66,0,0.0,1
54118,745,-0.45,87,1,0.0,1
54209,746,-0.39,91,1,0.0,1
54275,747,-0.52,66,0,0.0,1
54341,748,-0.52,66,0,0.0,1
54407,749,-0.44,66,0,0.0,1
54473,750,-0.44,66,0,0.0,1
54539,751,-0.47,66,0,0.0,1
54600,752,-0.52,61,0,0.0,1
54691,753,-0.47,91,1,0.0,1
54757,754,-0.49,66,0,0.0,1
54836,755,-0.47,79,0,0.0,1
54902,756,-0.44,66,0,0.0,1
54982,757,-0.40,80,1,0.0,1
55075,758,-0.41,93,1,0.0,1
55139,759,-0.52,64,0,0.0,1
55205,760,-0.52,66,0,0.0,1
55271,761,-0.48,66,0,0.0,1
55346,762,-0.44,75,0,0.0,1
55397,763,-0.40,51,0,0.0,1
55463,764,-0.44,66,0,0.0,1
55575,765,-0.27,112,2,0.0,1
55667,766,-0.53,92,0,0.0,1
55733,767,-0.44,66,0,0.0,1
55832,768,-0.45,99,0,0.0,1
55898,769,-0.48,66,0,0.0,1
55964,770,-0.44,66,0,0.0,1
56048,771,-0.43,84,1,0.0,1
56129,772,-0.35,81,1,0.0,1
56195,773,-0.56,66,0,0.0,1
56277,774,-0.31,82,1,0.0,1
56343,775,-0.44,66,0,0.0,1
56420,776,-0.47,77,0,0.0,1
56489,777,-0.48,69,0,0.0,1
56555,778,-0.44,66,0,0.0,1
56621,779,-0.44,66,0,0.0,1
56687,780,-0.52,66,0,0.0,1
56755,781,-0.56,68,0,0.0,1
56821,782,-0.44,66,0,0.0,1
56887,783,-0.44,66,0,0.0,1
56953,784,-0.56,66,0,0.0,1
57019,785,-0.52,66,0,0.0,1
57096,786,-0.56,77,0,0.0,1
57162,787,-0.48,66,0,0.0,1
57228,788,-0.44,66,0,0.0,1
57294,789,-0.48,66,0,0.0,1
57380,790,-0.52,86,0,0.0,1
57441,791,-0.53,61,0,0.0,1
57507,792,-0.48,66,0,0.0,1
57582,793,-0.43,75,1,0.0,1
57648,794,-0.44,66,0,0.0,1
57733,795,-0.41,85,0,0.0,1
57799,796,-0.48,66,0,0.0,1
57866,797,-0.45,67,0,0.0,1
57932,798,-0.44,66,0,0.0,1
57998,799,-0.44,66,0,0.0,1
58078,800,-0.43,80,1,0.0,1
58159,801,-0.35,81,1,0.0,1
58240,802,-0.43,81,1,0.0,1
58323,803,-0.40,83,1,0.0,1
58399,804,-0.40,76,1,0.0,1
58468,805,-0.41,69,1,0.0,1
58549,806,-0.43,81,1,0.0,1
58615,807,-0.59,66,0,0.0,1
58681,808,-0.40,66,0,0.0,1
58759,809,-0.40,78,0,0.0,1
58871,810,-0.39,112,1,0.0,1
58953,811,-0.35,82,1,0.0,1
59013,812,-0.43,60,0,0.0,1
59116,813,-0.23,103,2,0.0,1
59182,814,-0.52,66,0,0.0,1
59244,815,-0.44,62,0,0.0,1
59300,816,-0.41,56,0,0.0,1
59366,817,-0.44,66,0,0.0,1
59432,818,-0.60,66,0,0.0,1
59498,819,-0.48,66,0,0.0,1
59575,820,-0.40,77,1,0.0,1
59679,821,-0.31,104,2,0.0,1
59780,822,-0.34,101,2,0.0,1
59862,823,-0.55,82,1,0.0,1
59950,824,-0.47,88,1,0.0,1
60032,825,-0.33,82,2,0.0,1
60098,826,-0.44,66,0,0.0,1
60178,827,-0.56,80,0,0.0,1
60247,828,-0.44,69,0,0.0,1
60353,829,-0.30,106,2,0.0,1
60419,830,-0.44,66,0,0.0,1
60483,831,-0.40,64,0,0.0,1
60560,832,-0.35,77,1,0.0,1
60660,833,-0.37,100,1,0.0,1
60734,834,-0.44,74,0,0.0,1
60844,835,-0.25,110,3,0.0,1
60934,836,-0.41,90,0,0.0,1
61014,837,-0.35,80,1,0.0,1
61091,838,-0.35,77,1,0.0,1
61173,839,-0.48,82,0,0.0,1
61250,840,-0.35,77,1,0.0,1
61315,841,-0.44,65,0,0.0,1
61389,842,-0.45,74,0,0.0,1
61482,843,-0.26,93,2,0.0,1
61560,844,-0.47,78,1,0.0,1
61626,845,-0.57,66,0,0.0,1
61693,846,-0.46,67,1,0.0,1
61801,847,-0.43,108,2,0.0,1
61903,848,-0.40,102,2,0.0,1
62010,849,-0.45,107,3,0.0,1
62091,850,-0.63,81,1,0.0,1
62209,851,-0.25,118,3,0.0,1
62275,852,-0.52,66,0,0.0,1
62415,853,-0.63,140,3,0.0,1
62524,854,-0.55,109,2,0.0,1
62586,855,-0.47,62,0,0.0,1
62694,856,-0.59,108,2,0.0,1
62775,857,-0.54,81,1,0.0,1
62883,858,-0.65,108,2,0.0,1
62964,859,-0.55,81,1,0.0,1
63043,860,-0.61,79,1,0.0,1
63131,861,-0.53,88,1,0.0,1
63224,862,-0.76,93,1,0.0,1
63327,863,-0.35,103,2,0.0,1
63408,864,-0.43,81,1,0.0,1
63474,865,-0.64,66,0,0.0,1
63540,866,-0.56,66,0,0.0,1
63606,867,-0.64,66,0,0.0,1
63706,868,-0.21,100,2,0.0,1
63787,869,-0.38,81,1,0.0,1
63865,870,-0.64,78,1,0.0,1
63954,871,-0.49,89,1,0.0,1
64038,872,-0.48,84,1,0.0,1
64105,873,-0.51,67,1,0.0,1
64194,874,-0.61,89,1,0.0,1
64260,875,-0.53,66,0,0.0,1
64326,876,-0.48,66,0,0.0,1
64378,877,-0.51,52,0,0.0,1
64458,878,-0.63,80,0,0.0,1
64533,879,-0.51,75,1,0.0,1
64584,880,-0.31,51,1,0.0,1
64650,881,-0.48,66,0,0.0,1
64746,882,-0.40,96,2,0.0,1
64817,883,-0.51,71,1,0.0,1
64928,884,-0.42,111,2,0.0,1
64990,885,-0.43,62,0,0.0,1
65065,886,-0.57,75,0,0.0,1
65131,887,-0.64,66,0,0.0,1
65200,888,-0.55,69,0,0.0,1
65296,889,-0.47,96,1,0.0,1
65366,890,-0.48,70,0,0.0,1
65432,891,-0.44,66,0,0.0,1
65497,892,-0.36,65,2,0.0,1
65563,893,-0.53,66,0,0.0,1
65643,894,-0.43,80,1,0.0,1
65709,895,-0.52,66,0,0.0,1
65775,896,-0.52,66,0,0.0,1
65852,897,-0.57,77,1,0.0,1
65916,898,-0.49,64,0,0.0,1
65990,899,-0.39,74,1,0.0,1
66072,900,-0.39,82,1,0.0,1
66154,901,-0.51,82,0,0.0,1
66248,902,-0.51,94,1,0.0,1
66331,903,-0.39,83,1,0.0,1
66392,904,-0.47,61,0,0.0,1
66458,905,-0.48,66,0,0.0,1
66518,906,-0.56,60,0,0.0,1
66590,907,-0.51,72,0,0.0,1
66655,908,-0.45,65,0,0.0,1
66732,909,-0.43,77,1,0.0,1
66839,910,-0.35,107,1,0.0,1
66932,911,-0.35,93,1,0.0,1
66995,912,-0.51,63,0,0.0,1
67061,913,-0.48,66,0,0.0,1
67129,914,-0.43,68,0,0.0,1
67204,915,-0.43,75,1,0.0,1
67270,916,-0.44,66,0,0.0,1
67336,917,-0.48,66,0,0.0,1
67407,918,-0.32,71,1,0.0,1
67473,919,-0.48,66,0,0.0,1
67538,920,-0.35,65,1,0.0,1
67608,921,-0.41,70,0,0.0,1
67674,922,-0.44,66,0,0.0,1
67739,923,-0.35,65,1,0.0,1
67852,924,-0.14,113,3,0.0,1
67953,925,-0.39,101,1,0.0,1
68028,926,-0.35,75,1,0.0,1
68092,927,-0.45,64,0,0.0,1
68158,928,-0.44,66,0,0.0,1
68209,929,-0.49,51,0,0.0,1
68275,930,-0.44,66,0,0.0,1
68341,931,-0.44,66,0,0.0,1
68420,932,-0.43,79,1,0.0,1
68488,933,-0.43,68,0,0.0,1
68565,934,-0.35,77,1,0.0,1
68643,935,-0.49,78,1,0.0,1
68704,936,-0.53,61,0,0.0,1
68812,937,-0.27,108,2,0.0,1
68891,938,-0.48,79,0,0.0,1
68972,939,-0.39,81,1,0.0,1
69050,940,-0.43,78,1,0.0,1
69125,941,-0.47,75,1,0.0,1
69181,942,-0.49,56,0,0.0,1
69292,943,-0.35,111,2,0.0,1
69367,944,-0.39,75,1,0.0,1
69433,945,-0.39,66,1,0.0,1
69501,946,-0.53,68,0,0.0,1
69605,947,-0.31,104,2,0.0,1
69721,948,-0.33,116,2,0.0,1
69820,949,-0.35,99,2,0.0,1
69921,950,-0.51,101,2,0.0,1
69996,951,-0.54,75,1,0.0,1
70107,952,-0.37,111,3,0.0,1
70173,953,-0.56,66,0,0.0,1
70239,954,-0.64,66,0,0.0,1
70343,955,-0.51,104,2,0.0,1
70451,956,-0.46,108,2,0.0,1
70553,957,-0.37,102,2,0.0,1
70660,958,-0.36,107,3,0.0,1
70751,959,-0.39,91,1,0.0,1
70817,960,-0.48,66,0,0.0,1
70883,961,-0.48,66,0,0.0,1
70950,962,-0.43,67,0,0.0,1
71016,963,-0.44,66,0,0.0,1
71124,964,-0.34,108,2,0.0,1
71190,965,-0.44,66,0,0.0,1
71256,966,-0.52,66,0,0.0,1
71322,967,-0.44,66,0,0.0,1
71388,968,-0.52,66,0,0.0,1
71454,969,-0.55,66,0,0.0,1
71534,970,-0.41,80,1,0.0,1
71621,971,-0.32,87,1,0.0,1
71687,972,-0.44,66,0,0.0,1
71750,973,-0.47,63,0,0.0,1
71816,974,-0.44,66,0,0.0,1
71882,975,-0.44,66,0,0.0,1
71962,976,-0.42,80,1,0.0,1
72028,977,-0.44,66,0,0.0,1
72094,978,-0.52,66,0,0.0,1
72148,979,-0.41,54,0,0.0,1
72230,980,-0.47,82,1,0.0,1
72338,981,-0.35,108,2,0.0,1
72413,982,-0.49,75,0,0.0,1
72492,983,-0.37,79,1,0.0,1
72569,984,-0.39,77,1,0.0,1
72660,985,-0.27,91,2,0.0,1
72778,986,-0.07,118,5,0.0,1
72876,987,-0.33,98,1,0.0,1
72947,988,-0.48,71,1,0.0,1
73013,989,-0.45,66,0,0.0,1
73125,990,-0.33,112,3,0.0,1
73238,991,-0.37,113,2,0.0,1
73346,992,-0.27,108,2,0.0,1
73453,993,-0.31,107,2,0.0,1
73531,994,-0.39,78,1,0.0,1
73644,995,-0.33,113,3,0.0,1
73709,996,-0.49,65,0,0.0,1
73793,997,-0.39,84,1,0.0,1
73845,998,-0.44,52,0,0.0,1
73927,999,-0.40,82,1,0.0,1
73994,1000,-0.38,67,1,0.0,1
74089,1001,-0.36,95,1,0.0,1
74174,1002,-0.41,85,0,0.0,1
74231,1003,-0.49,57,0,0.0,1
74291,1004,-0.47,60,0,0.0,1
74357,1005,-0.44,66,0,0.0,1
74423,1006,-0.44,66,0,0.0,1
74489,1007,-0.48,66,0,0.0,1
74559,1008,-0.48,70,0,0.0,1
74631,1009,-0.33,72,1,0.0,1
74740,1010,-0.26,109,3,0.0,1
74802,1011,-0.40,62,0,0.0,1
74904,1012,-0.34,102,2,0.0,1
74978,1013,-0.40,74,1,0.0,1
75044,1014,-0.52,66,0,0.0,1
75129,1015,-0.49,85,1,0.0,1
75216,1016,-0.45,87,1,0.0,1
75282,1017,-0.52,66,0,0.0,1
75348,1018,-0.41,66,1,0.0,1
75456,1019,-0.42,108,2,0.0,1
75563,1020,-0.70,107,2,0.0,1
75623,1021,-0.46,60,0,0.0,1
75700,1022,-0.47,77,2,0.0,1
75808,1023,-0.36,108,3,0.0,1
75880,1024,-0.67,72,0,0.0,1
75973,1025,-0.39,93,1,0.0,1
76039,1026,-0.44,66,0,0.0,1
76147,1027,-0.35,108,2,0.0,1
76194,1028,-0.41,47,0,0.0,1
76286,1029,-0.48,92,1,0.0,1
76372,1030,-0.39,86,1,0.0,1
76450,1031,-0.35,78,1,0.0,1
76557,1032,-0.44,107,2,0.0,1
76619,1033,-0.49,62,0,0.0,1
76700,1034,-0.47,81,1,0.0,1
76766,1035,-0.44,66,0,0.0,1
76873,1036,-0.39,107,2,0.0,1
76984,1037,-0.41,111,3,0.0,1
77081,1038,-0.33,97,2,0.0,1
77180,1039,-0.49,99,1,0.0,1
77267,1040,-0.51,87,1,0.0,1
77338,1041,-0.37,71,1,0.0,1
77459,1042,-0.58,121,3,0.0,1
77525,1043,-0.60,66,0,0.0,1
77591,1044,-0.56,66,0,0.0,1
77697,1045,-0.39,106,3,0.0,1
77798,1046,-0.38,101,2,0.0,1
77894,1047,-0.35,96,1,0.0,1
77995,1048,-0.42,101,2,0.0,1
78072,1049,-0.72,77,1,0.0,1
78180,1050,-0.46,108,2,0.0,1
78312,1051,-0.27,132,4,0.0,1
78378,1052,-0.48,66,0,0.0,1
78444,1053,-0.68,66,0,0.0,1
78508,1054,-0.44,64,0,0.0,1
78624,1055,-0.14,116,4,0.0,1
78733,1056,-0.47,109,2,0.0,1
78854,1057,-0.21,121,3,0.0,1
78954,1058,-0.23,100,2,0.0,1
79050,1059,-0.23,96,2,0.0,1
79116,1060,-0.48,66,0,0.0,1
79182,1061,-0.56,66,0,0.0,1
79248,1062,-0.48,66,0,0.0,1
79325,1063,-0.25,77,2,0.0,1
79429,1064,-0.43,104,2,0.0,1
79495,1065,-0.52,66,0,0.0,1
79593,1066,-0.37,98,1,0.0,1
79659,1067,-0.44,66,0,0.0,1
79769,1068,-0.35,110,2,0.0,1
79850,1069,-0.39,81,1,0.0,1
79917,1070,-0.32,67,1,0.0,1
80011,1071,-0.37,94,1,0.0,1
80098,1072,-0.49,87,1,0.0,1
80164,1073,-0.56,66,0,0.0,1
80252,1074,-0.39,88,1,0.0,1
80341,1075,-0.49,89,0,0.0,1
80391,1076,-0.47,50,0,0.0,1
80444,1077,-0.49,53,0,0.0,1
80531,1078,-0.39,87,1,0.0,1
80639,1079,-0.17,108,3,0.0,1
80718,1080,-0.44,79,0,0.0,1
80832,1081,-0.35,114,2,0.0,1
80898,1082,-0.44,66,0,0.0,1
81006,1083,-0.35,108,2,0.0,1
81114,1084,-0.31,108,2,0.0,1
81173,1085,-0.47,59,0,0.0,1
81245,1086,-0.49,72,0,0.0,1
81302,1087,-0.48,57,0,0.0,1
81368,1088,-0.44,66,0,0.0,1
81467,1089,-0.35,99,1,0.0,1
81556,1090,-0.36,89,1,0.0,1
81620,1091,-0.33,64,1,0.0,1
81680,1092,-0.43,60,0,0.0,1
81747,1093,-0.53,67,0,0.0,1
81813,1094,-0.48,66,0,0.0,1
81879,1095,-0.44,66,0,0.0,1
81994,1096,-0.24,115,2,0.0,1
82048,1097,-0.44,54,0,0.0,1
82100,1098,-0.40,52,0,0.0,1
82203,1099,-0.31,103,2,0.0,1
82302,1100,-0.16,99,3,0.0,1
82356,1101,-0.45,54,0,0.0,1
82460,1102,-0.23,104,2,0.0,1
82567,1103,-0.30,107,2,0.0,1
82641,1104,-0.60,74,0,0.0,1
82751,1105,-0.31,110,2,0.0,1
82817,1106,-0.52,66,0,0.0,1
82883,1107,-0.48,66,0,0.0,1
82949,1108,-0.48,66,0,0.0,1
83047,1109,-0.32,98,2,0.0,1
83113,1110,-0.48,66,0,0.0,1
83218,1111,-0.51,105,2,0.0,1
83299,1112,-0.48,81,0,0.0,1
83405,1113,-0.31,106,2,0.0,1
83502,1114,-0.45,97,1,0.0,1
83568,1115,-0.48,66,0,0.0,1
83668,1116,-0.34,100,2,0.0,1
83750,1117,-0.35,82,1,0.0,1
83816,1118,-0.44,66,0,0.0,1
83909,1119,-0.44,93,1,0.0,1
83986,1120,-0.47,77,1,0.0,1
84100,1121,-0.49,114,3,0.0,1
84166,1122,-0.48,66,0,0.0,1
84250,1123,-0.35,84,2,0.0,1
84328,1124,-0.48,78,0,0.0,1
84405,1125,-0.36,77,1,0.0,1
84517,1126,-0.29,112,3,0.0,1
84583,1127,-0.44,66,0,0.0,1
84648,1128,-0.43,65,1,0.0,1
84720,1129,-0.31,72,1,0.0,1
84786,1130,-0.64,66,0,0.0,1
84900,1131,-0.46,114,3,0.0,1
84966,1132,-0.53,66,0,0.0,1
85041,1133,-0.43,75,1,0.0,1
85152,1134,-0.11,111,4,0.0,1
85218,1135,-0.52,66,0,0.0,1
85330,1136,-0.40,112,2,0.0,1
85398,1137,-0.48,68,0,0.0,1
85506,1138,-0.42,108,2,0.0,1
85614,1139,-0.65,108,2,0.0,1
85721,1140,-0.54,107,2,0.0,1
85799,1141,-0.67,78,1,0.0,1
85889,1142,-0.35,90,1,0.0,1
85967,1143,-0.52,78,1,0.0,1
86061,1144,-0.29,94,2,0.0,1
86176,1145,-0.93,115,3,0.0,1
86257,1146,-0.65,81,1,0.0,1
86323,1147,-0.72,66,0,0.0,1
86424,1148,-0.45,101,3,0.0,1
86534,1149,-0.82,110,2,0.0,1
86633,1150,-0.85,99,2,0.0,1
86728,1151,-0.55,95,2,0.0,1
86845,1152,-0.63,117,3,0.0,1
86926,1153,-0.50,81,1,0.0,1
87036,1154,-0.87,110,3,0.0,1
87138,1155,-0.61,102,2,0.0,1
87193,1156,-0.63,55,0,0.0,1
87251,1157,-0.51,58,0,0.0,1
87348,1158,-0.53,97,2,0.0,1
87449,1159,-0.66,101,2,0.0,1
87507,1160,-0.48,58,0,0.0,1
87605,1161,-0.53,98,1,0.0,1
87657,1162,-0.48,52,1,0.0,1
87763,1163,-0.67,106,2,0.0,1
87863,1164,-0.60,100,1,0.0,1
87971,1165,-0.45,108,3,0.0,1
88082,1166,-0.52,111,2,0.0,1
88165,1167,-0.38,83,1,0.0,1
88231,1168,-0.48,66,0,0.0,1
88313,1169,-0.43,82,0,0.0,1
88406,1170,-0.40,93,1,0.0,1
88466,1171,-0.35,60,1,0.0,1
88526,1172,-0.43,60,1,0.0,1
88584,1173,-0.45,58,0,0.0,1
88650,1174,-0.48,66,0,0.0,1
88765,1175,-0.27,115,3,0.0,1
88873,1176,-0.37,108,2,0.0,1
88996,1177,-0.28,123,3,0.0,1
89098,1178,-0.66,102,1,0.0,1
89179,1179,-0.47,81,1,0.0,1
89257,1180,-0.55,78,1,0.0,1
89375,1181,-0.18,118,5,0.0,1
89470,1182,-0.59,95,2,0.0,1
89546,1183,-0.44,76,1,0.0,1
89628,1184,-0.41,82,2,0.0,1
89700,1185,-0.40,72,1,0.0,1
89791,1186,-0.51,91,1,0.0,1
89885,1187,-0.34,94,1,0.0,1
89993,1188,-0.38,108,2,0.0,1
90104,1189,-0.41,111,3,0.0,1
90182,1190,-0.39,78,1,0.0,1
90276,1191,-0.29,94,2,0.0,1
90389,1192,-0.37,113,3,0.0,1
90455,1193,-0.48,66,0,0.0,1
90535,1194,-0.55,80,1,0.0,1
90629,1195,-0.37,94,1,0.0,1
90724,1196,-0.35,95,2,0.0,1
90802,1197,-0.43,78,1,0.0,1
90876,1198,-0.43,74,1,0.0,1
90954,1199,-0.67,78,1,0.0,1
91032,1200,-0.42,78,1,0.0,1
91097,1201,-0.45,65,0,0.0,1
91188,1202,-0.30,91,2,0.0,1
91268,1203,-0.32,80,2,0.0,1
91354,1204,-0.45,86,1,0.0,1
91461,1205,-0.50,107,2,0.0,1
91542,1206,-0.47,81,1,0.0,1
91640,1207,-0.25,98,2,0.0,1
91721,1208,-0.54,81,1,0.0,1
91826,1209,-0.66,105,2,0.0,1
91910,1210,-0.71,84,0,0.0,1
92018,1211,-0.33,108,3,0.0,1
92084,1212,-0.60,66,0,0.0,1
92163,1213,-0.43,79,1,0.0,1
92229,1214,-0.56,66,0,0.0,1
92315,1215,-0.51,86,0,0.0,1
92397,1216,-0.60,82,1,0.0,1
92488,1217,-0.37,91,2,0.0,1
92609,1218,-0.54,121,3,0.0,1
92691,1219,-0.54,82,1,0.0,1
92782,1220,-0.43,91,1,0.0,1
92873,1221,-0.43,91,1,0.0,1
92966,1222,-0.31,93,1,0.0,1
93067,1223,-0.47,101,2,0.0,1
93139,1224,-0.59,72,0,0.0,1
93205,1225,-0.48,66,0,0.0,1
93271,1226,-0.44,66,0,0.0,1
93337,1227,-0.48,66,0,0.0,1
93403,1228,-0.48,66,0,0.0,1
93476,1229,-0.44,73,0,0.0,1
93542,1230,-0.40,66,0,0.0,1
93651,1231,-0.25,109,3,0.0,1
93717,1232,-0.52,66,0,0.0,1
93800,1233,-0.40,83,0,0.0,1
93904,1234,-0.23,104,2,0.0,1
93970,1235,-0.44,66,0,0.0,1
94037,1236,-0.43,67,1,0.0,1
94120,1237,-0.35,83,1,0.0,1
94188,1238,-0.51,68,0,0.0,1
94299,1239,-0.39,111,2,0.0,1
94376,1240,-0.53,77,0,0.0,1
94449,1241,-0.39,73,1,0.0,1
94544,1242,-0.47,95,1,0.0,1
94638,1243,-0.21,94,3,0.0,1
94719,1244,-0.47,81,1,0.0,1
94785,1245,-0.52,66,0,0.0,1
94848,1246,-0.48,63,0,0.0,1
94914,1247,-0.56,66,0,0.0,1
94995,1248,-0.43,81,1,0.0,1
95073,1249,-0.35,78,1,0.0,1
95172,1250,-0.43,99,2,0.0,1
95239,1251,-0.64,67,0,0.0,1
95345,1252,-0.45,106,2,0.0,1
95411,1253,-0.48,66,0,0.0,1
95520,1254,-0.28,109,3,0.0,1
95586,1255,-0.52,66,0,0.0,1
95652,1256,-0.48,66,0,0.0,1
95755,1257,-0.18,103,3,0.0,1
95826,1258,-0.44,71,0,0.0,1
95904,1259,-0.43,78,1,0.0,1
95970,1260,-0.52,66,0,0.0,1
96036,1261,-0.48,66,0,0.0,1
96123,1262,-0.31,87,2,0.0,1
96184,1263,-0.51,61,0,0.0,1
96250,1264,-0.44,66,0,0.0,1
96336,1265,-0.25,86,2,0.0,1
96405,1266,-0.47,69,0,0.0,1
96515,1267,-0.23,110,3,0.0,1
96623,1268,-0.36,108,2,0.0,1
96704,1269,-0.37,81,1,0.0,1
96758,1270,-0.39,54,1,0.0,1
96824,1271,-0.48,66,0,0.0,1
96916,1272,-0.42,92,1,0.0,1
96993,1273,-0.40,77,1,0.0,1
97059,1274,-0.60,66,0,0.0,1
97160,1275,-0.41,101,1,0.0,1
97225,1276,-0.36,65,1,0.0,1
97321,1277,-0.37,96,1,0.0,1
97378,1278,-0.43,57,0,0.0,1
97431,1279,-0.44,53,0,0.0,1
97504,1280,-0.44,73,0,0.0,1
97603,1281,-0.55,99,2,0.0,1
97698,1282,-0.41,95,0,0.0,1
97806,1283,-0.39,108,2,0.0,1
97879,1284,-0.39,73,1,0.0,1
97945,1285,-0.48,66,0,0.0,1
98041,1286,-0.27,96,2,0.0,1
98113,1287,-0.40,72,1,0.0,1
98179,1288,-0.44,66,0,0.0,1
98245,1289,-0.44,66,0,0.0,1
98355,1290,-0.22,110,3,0.0,1
98468,1291,-0.46,113,3,0.0,1
98558,1292,-0.44,90,1,0.0,1
98640,1293,-0.37,82,1,0.0,1
98728,1294,-0.44,88,0,0.0,1
98837,1295,-0.29,109,3,0.0,1
98928,1296,-0.49,91,1,0.0,1
99038,1297,-0.26,110,3,0.0,1
99104,1298,-0.44,66,0,0.0,1
99201,1299,-0.45,97,1,0.0,1
99269,1300,-0.35,68,2,0.0,1
99370,1301,-0.52,101,2,0.0,1
99436,1302,-0.44,66,0,0.0,1
99517,1303,-0.35,81,1,0.0,1
99583,1304,-0.64,66,0,0.0,1
99654,1305,-0.45,71,0,0.0,1
99754,1306,-0.50,100,1,0.0,1
99864,1307,-0.33,110,2,0.0,1
99959,1308,-0.55,95,1,0.0,1
100056,1309,-0.45,97,1,0.0,1
100122,1310,-0.60,66,0,0.0,1
100231,1311,-0.23,109,3,0.0,1
100326,1312,-0.67,95,1,0.0,1
100404,1313,-0.35,78,1,0.0,1
100482,1314,-0.43,78,1,0.0,1
100559,1315,-0.44,77,0,0.0,1
100634,1316,-0.37,75,1,0.0,1
100701,1317,-0.43,67,1,0.0,1
100778,1318,-0.59,77,1,0.0,1
100887,1319,-0.51,109,2,0.0,1
100968,1320,-0.47,81,1,0.0,1
101039,1321,-0.47,71,0,0.0,1
101112,1322,-0.52,73,0,0.0,1
101188,1323,-0.37,76,1,0.0,1
101286,1324,-0.41,98,1,0.0,1
101367,1325,-0.40,81,1,0.0,1
101464,1326,-0.35,97,2,0.0,1
101530,1327,-0.60,66,0,0.0,1
101596,1328,-0.48,66,0,0.0,1
101687,1329,-0.40,91,1,0.0,1
101756,1330,-0.69,69,0,0.0,1
101849,1331,-0.31,93,2,0.0,1
101936,1332,-0.39,87,1,0.0,1
102014,1333,-0.41,78,1,0.0,1
102080,1334,-0.48,66,0,0.0,1
102159,1335,-0.51,79,0,0.0,1
102275,1336,-0.30,116,3,0.0,1
102365,1337,-0.59,90,0,0.0,1
102424,1338,-0.49,59,0,0.0,1
102490,1339,-0.52,66,0,0.0,1
102556,1340,-0.44,66,0,0.0,1
102626,1341,-0.40,70,0,0.0,1
102684,1342,-0.52,58,0,0.0,1
102788,1343,-0.27,104,2,0.0,1
102879,1344,-0.29,91,2,0.0,1
102978,1345,-0.37,99,1,0.0,1
103059,1346,-0.63,81,0,0.0,1
103141,1347,-0.39,82,1,0.0,1
103207,1348,-0.44,66,0,0.0,1
103309,1349,-0.46,102,1,0.0,1
103375,1350,-0.44,66,0,0.0,1
103470,1351,-0.35,95,1,0.0,1
103551,1352,-0.42,81,1,0.0,1
103632,1353,-0.35,81,1,0.0,1
103684,1354,-0.31,52,1,0.0,1
103789,1355,-0.31,105,2,0.0,1
103855,1356,-0.52,66,0,0.0,1
103921,1357,-0.48,66,0,0.0,1
103996,1358,-0.43,75,1,0.0,1
104062,1359,-0.52,66,0,0.0,1
104143,1360,-0.34,81,1,0.0,1
104210,1361,-0.39,67,1,0.0,1
104290,1362,-0.39,80,1,0.0,1
104359,1363,-0.43,69,1,0.0,1
104425,1364,-0.56,66,0,0.0,1
104491,1365,-0.48,66,0,0.0,1
104598,1366,-0.23,107,2,0.0,1
104662,1367,-0.55,64,0,0.0,1
104728,1368,-0.52,66,0,0.0,1
104836,1369,-0.21,108,3,0.0,1
104932,1370,-0.41,96,1,0.0,1
105005,1371,-0.38,73,1,0.0,1
105071,1372,-0.44,66,0,0.0,1
105123,1373,-0.40,52,0,0.0,1
105204,1374,-0.43,81,1,0.0,1
105270,1375,-0.44,66,0,0.0,1
105336,1376,-0.44,66,0,0.0,1
105417,1377,-0.35,81,1,0.0,1
105493,1378,-0.39,76,1,0.0,1
105559,1379,-0.48,66,0,0.0,1
105668,1380,-0.30,109,3,0.0,1
105759,1381,-0.36,91,1,0.0,1
105813,1382,-0.40,54,0,0.0,1
105917,1383,-0.25,104,3,0.0,1
105981,1384,-0.41,64,0,0.0,1
106090,1385,-0.31,109,2,0.0,1
106194,1386,-0.41,104,2,0.0,1
106307,1387,-0.28,113,2,0.0,1
106383,1388,-0.37,76,1,0.0,1
106450,1389,-0.40,67,1,0.0,1
106517,1390,-0.39,67,1,0.0,1
106624,1391,-0.28,107,3,0.0,1
106723,1392,-0.32,99,2,0.0,1
106789,1393,-0.52,66,0,0.0,1
106889,1394,-0.42,100,2,0.0,1
106997,1395,-0.35,108,2,0.0,1
107065,1396,-0.48,68,0,0.0,1
107143,1397,-0.60,78,2,0.0,1
107295,1398,-0.20,152,6,0.0,1
107401,1399,-0.33,106,2,0.0,1
107504,1400,-0.41,103,2,0.0,1
107619,1401,-0.38,115,2,0.0,1
107681,1402,-0.41,62,1,0.0,1
107786,1403,-0.33,105,3,0.0,1
107873,1404,-0.32,87,1,0.0,1
107972,1405,-0.27,99,2,0.0,1
108071,1406,-0.23,99,2,0.0,1
108175,1407,-0.26,104,2,0.0,1
108260,1408,-0.48,85,0,0.0,1
108389,1409,-0.09,129,5,0.0,1
108462,1410,-0.35,73,1,0.0,1
108574,1411,-0.30,112,3,0.0,1
108640,1412,-0.52,66,0,0.0,1
108748,1413,-0.13,108,3,0.0,1
108812,1414,-0.35,64,1,0.0,1
108912,1415,-0.17,100,3,0.0,1
108978,1416,-0.48,66,0,0.0,1
109088,1417,-0.25,110,3,0.0,1
109154,1418,-0.48,66,0,0.0,1
109261,1419,-0.32,107,2,0.0,1
109372,1420,-0.15,111,3,0.0,1
109476,1421,-0.27,104,2,0.0,1
109559,1422,-0.35,83,1,0.0,1
109625,1423,-0.44,66,0,0.0,1
109736,1424,-0.26,111,3,0.0,1
109849,1425,-0.21,113,3,0.0,1
109984,1426,-0.25,135,6,0.0,1
110078,1427,-0.49,94,2,0.0,1
110161,1428,-0.51,83,1,0.0,1
110257,1429,-0.47,96,2,0.0,1
110349,1430,-0.42,92,2,0.0,1
110427,1431,-0.39,78,1,0.0,1
110534,1432,-0.54,107,2,0.0,1
110601,1433,-0.56,67,1,0.0,1
110700,1434,-0.34,99,2,0.0,1
110807,1435,-0.18,107,4,0.0,1
110915,1436,-0.53,108,2,0.0,1
111007,1437,-0.63,92,1,0.0,1
111108,1438,-0.33,101,3,0.0,1
111174,1439,-0.48,66,0,0.0,1
111283,1440,-0.41,109,2,0.0,1
111387,1441,-0.41,104,3,0.0,1
111457,1442,-0.33,70,2,0.0,1
111565,1443,-0.17,108,3,0.0,1
111680,1444,-0.39,115,3,0.0,1
111787,1445,-0.42,107,2,0.0,1
111869,1446,-0.43,82,1,0.0,1
111982,1447,-0.22,113,3,0.0,1
112074,1448,-0.31,92,2,0.0,1
112181,1449,-0.43,107,2,0.0,1
112253,1450,-0.37,72,1,0.0,1
112312,1451,-0.39,59,1,0.0,1
112425,1452,-0.55,113,3,0.0,1
112527,1453,-0.33,102,2,0.0,1
112613,1454,-0.31,86,1,0.0,1
112679,1455,-0.44,66,0,0.0,1
112773,1456,-0.25,94,2,0.0,1
112879,1457,-0.38,106,2,0.0,1
112957,1458,-0.35,78,1,0.0,1
113034,1459,-0.35,77,1,0.0,1
113147,1460,-0.05,113,4,0.0,1
113213,1461,-0.44,66,0,0.0,1
113325,1462,-0.23,112,2,0.0,1
113400,1463,-0.35,75,1,0.0,1
113506,1464,-0.35,106,2,0.0,1
113602,1465,-0.31,96,2,0.0,1
113715,1466,-0.26,113,3,0.0,1
113799,1467,-0.31,84,1,0.0,1
113898,1468,-0.43,99,2,0.0,1
114006,1469,-0.39,108,2,0.0,1
114078,1470,-0.51,72,1,0.0,1
114144,1471,-0.44,66,0,0.0,1
114212,1472,-0.39,68,1,0.0,1
114287,1473,-0.39,75,1,0.0,1
114384,1474,-0.35,97,2,0.0,1
114482,1475,-0.49,98,1,0.0,1
114548,1476,-0.44,66,0,0.0,1
114634,1477,-0.48,86,1,0.0,1
114752,1478,-0.32,118,2,0.0,1
114838,1479,-0.32,86,1,0.0,1
114915,1480,-0.39,77,1,0.0,1
115022,1481,-0.36,107,2,0.0,1
115135,1482,-0.26,113,3,0.0,1
115214,1483,-0.38,79,1,0.0,1
115316,1484,-0.17,102,3,0.0,1
115426,1485,-0.20,110,3,0.0,1
115533,1486,-0.42,107,2,0.0,1
115634,1487,-0.43,101,2,0.0,1
115731,1488,-0.36,97,1,0.0,1
115832,1489,-0.31,101,2,0.0,1
115945,1490,-0.21,113,3,0.0,1
116058,1491,-0.23,113,2,0.0,1
116124,1492,-0.44,66,0,0.0,1
116223,1493,-0.24,99,2,0.0,1
116318,1494,-0.27,95,2,0.0,1
116435,1495,-0.42,117,2,0.0,1
116527,1496,-0.42,92,1,0.0,1
116635,1497,-0.27,108,2,0.0,1
116749,1498,-0.13,114,3,0.0,1
116830,1499,-0.35,81,1,0.0,1
116895,1500,-0.25,65,2,0.0,1
116991,1501,-0.37,96,1,0.0,1
117072,1502,-0.43,81,1,0.0,1
117138,1503,-0.44,66,0,0.0,1
117242,1504,-0.39,104,2,0.0,1
117335,1505,-0.27,93,2,0.0,1
117450,1506,-0.30,115,2,0.0,1
117531,1507,-0.39,81,1,0.0,1
117598,1508,-0.44,67,0,0.0,1
117679,1509,-0.34,81,1,0.0,1
117778,1510,-0.33,99,2,0.0,1
117896,1511,-0.23,118,3,0.0,1
117999,1512,-0.31,103,2,0.0,1
118081,1513,-0.34,82,1,0.0,1
118147,1514,-0.44,66,0,0.0,1
118213,1515,-0.44,66,0,0.0,1
118328,1516,-0.23,115,3,0.0,1
118434,1517,-0.34,106,2,0.0,1
118535,1518,-0.29,101,3,0.0,1
118643,1519,-0.28,108,4,0.0,1
118738,1520,-0.21,95,2,0.0,1
118820,1521,-0.35,82,1,0.0,1
118897,1522,-0.35,77,1,0.0,1
118986,1523,-0.36,89,1,0.0,1
119105,1524,-0.40,119,3,0.0,1
119215,1525,-0.35,110,2,0.0,1
119324,1526,-0.28,109,3,0.0,1
119409,1527,-0.39,85,2,0.0,1
119460,1528,-0.47,51,0,0.0,1
119574,1529,-0.21,114,3,0.0,1
119670,1530,-0.33,96,2,0.0,1
119787,1531,-0.38,117,3,0.0,1
119901,1532,-0.22,114,5,0.0,1
119979,1533,-0.82,78,1,0.0,1
120071,1534,-0.59,92,2,0.0,1
120172,1535,-0.24,101,3,0.0,1
120235,1536,-0.45,63,0,0.0,1
120315,1537,-0.49,80,2,0.0,1
120381,1538,-0.60,66,0,0.0,1
120493,1539,-0.75,112,2,0.0,1
120559,1540,-0.56,66,0,0.0,1
120667,1541,-0.59,108,2,0.0,1
120778,1542,-0.73,111,3,0.0,1
120887,1543,-0.33,109,5,0.0,1
121008,1544,-0.88,121,4,0.0,1
121121,1545,-0.56,113,3,0.0,1
121226,1546,-0.84,105,2,0.0,1
121326,1547,-0.50,100,3,0.0,1
121407,1548,-0.86,81,1,0.0,1
121513,1549,-0.69,106,3,0.0,1
121631,1550,-0.85,118,4,0.0,1
121697,1551,-0.47,66,1,0.0,1
121810,1552,-0.11,113,4,0.0,1
121913,1553,-0.56,103,4,0.0,1
122018,1554,-0.49,105,3,0.0,1
122100,1555,-0.95,82,1,0.0,1
122201,1556,-0.71,101,2,0.0,1
122322,1557,-0.70,121,5,0.0,1
122438,1558,-0.62,116,5,0.0,1
122504,1559,-0.61,66,0,0.0,1
122617,1560,-0.99,113,2,0.0,1
122703,1561,-0.48,86,2,0.0,1
122819,1562,-0.32,116,5,0.0,1
122943,1563,-0.38,124,4,0.0,1
123078,1564,-0.21,135,5,0.0,1
123173,1565,-0.17,95,3,0.0,1
123262,1566,-0.49,89,2,0.0,1
123368,1567,-0.31,106,3,0.0,1
123448,1568,-0.58,80,1,0.0,1
123546,1569,-0.66,98,2,0.0,1
123661,1570,-0.29,115,3,0.0,1
123727,1571,-0.45,66,0,0.0,1
123831,1572,-0.58,104,2,0.0,1
123929,1573,-0.41,98,1,0.0,1
124040,1574,-0.31,111,2,0.0,1
124109,1575,-0.40,69,0,0.0,1
124189,1576,-0.42,80,1,0.0,1
124255,1577,-0.43,66,1,0.0,1
124330,1578,-0.35,75,1,0.0,1
124424,1579,-0.30,94,2,0.0,1
124484,1580,-0.55,60,0,0.0,1
124550,1581,-0.49,66,0,0.0,1
124657,1582,-0.35,107,2,0.0,1
124768,1583,-0.39,111,2,0.0,1
124877,1584,-0.25,109,3,0.0,1
124981,1585,-0.43,104,3,0.0,1
125056,1586,-0.43,75,1,0.0,1
125180,1587,-0.19,124,4,0.0,1
125287,1588,-0.36,107,2,0.0,1
125350,1589,-0.43,63,1,0.0,1
125416,1590,-0.44,66,0,0.0,1
125529,1591,-0.26,113,3,0.0,1
125629,1592,-0.33,100,2,0.0,1
125742,1593,-0.33,113,3,0.0,1
125849,1594,-0.29,107,2,0.0,1
125952,1595,-0.28,103,3,0.0,1
126040,1596,-0.39,88,1,0.0,1
126097,1597,-0.41,57,0,0.0,1
126177,1598,-0.46,80,1,0.0,1
126249,1599,-0.49,72,1,0.0,1
126360,1600,-0.31,111,2,0.0,1
126461,1601,-0.35,101,2,0.0,1
126569,1602,-0.23,108,2,0.0,1
126680,1603,-0.23,111,3,0.0,1
126786,1604,-0.16,106,3,0.0,1
126879,1605,-0.40,93,1,0.0,1
126996,1606,-0.23,117,3,0.0,1
127062,1607,-0.35,66,1,0.0,1
127165,1608,-0.25,103,2,0.0,1
127276,1609,-0.24,111,3,0.0,1
127385,1610,-0.31,109,2,0.0,1
127466,1611,-0.39,81,1,0.0,1
127568,1612,-0.33,102,2,0.0,1
127634,1613,-0.41,66,1,0.0,1
127733,1614,-0.23,99,2,0.0,1
127846,1615,-0.18,113,3,0.0,1
127946,1616,-0.25,100,2,0.0,1
128050,1617,-0.16,104,4,0.0,1
128164,1618,-0.61,114,2,0.0,1
128271,1619,-0.38,107,2,0.0,1
128383,1620,-0.11,112,4,0.0,1
128493,1621,-0.31,110,3,0.0,1
128602,1622,-0.31,109,3,0.0,1
128712,1623,-0.32,110,3,0.0,1
128834,1624,-0.65,122,3,0.0,1
128938,1625,-0.24,104,3,0.0,1
129046,1626,-0.49,108,2,0.0,1
129145,1627,-0.68,99,2,0.0,1
129260,1628,-0.54,115,2,0.0,1
129347,1629,-0.39,87,2,0.0,1
129476,1630,-0.19,129,4,0.0,1
129542,1631,-0.72,66,0,0.0,1
129631,1632,-0.28,89,3,0.0,1
129697,1633,-0.48,66,0,0.0,1
129800,1634,-0.52,103,3,0.0,1
129912,1635,-0.15,112,4,0.0,1
130023,1636,-0.44,111,3,0.0,1
130131,1637,-0.27,108,2,0.0,1
130242,1638,-0.17,111,3,0.0,1
130341,1639,-0.29,99,2,0.0,1
130451,1640,-0.23,110,3,0.0,1
130517,1641,-0.64,66,0,0.0,1
130627,1642,-0.35,110,2,0.0,1
130722,1643,-0.35,95,1,0.0,1
130788,1644,-0.44,66,0,0.0,1
130897,1645,-0.27,109,2,0.0,1
130963,1646,-0.52,66,0,0.0,1
131070,1647,-0.20,107,3,0.0,1
131179,1648,-0.59,109,2,0.0,1
131275,1649,-0.51,96,1,0.0,1
131350,1650,-0.46,75,1,0.0,1
131424,1651,-0.33,74,2,0.0,1
131490,1652,-0.44,66,0,0.0,1
131559,1653,-0.48,69,0,0.0,1
131649,1654,-0.25,90,2,0.0,1
131786,1655,-0.27,137,4,0.0,1
131861,1656,-0.44,75,1,0.0,1
131960,1657,-0.26,99,2,0.0,1
132061,1658,-0.30,101,2,0.0,1
132183,1659,-0.15,122,4,0.0,1
132286,1660,-0.27,103,4,0.0,1
132385,1661,-0.27,99,2,0.0,1
132493,1662,-0.21,108,2,0.0,1
132575,1663,-0.39,82,1,0.0,1
132625,1664,-0.44,50,0,0.0,1
132735,1665,-0.28,110,3,0.0,1
132802,1666,-0.39,67,1,0.0,1
132925,1667,-0.30,123,2,0.0,1
133034,1668,-0.49,109,2,0.0,1
133143,1669,-0.27,109,2,0.0,1
133247,1670,-0.30,104,2,0.0,1
133346,1671,-0.31,99,2,0.0,1
133457,1672,-0.30,111,2,0.0,1
133523,1673,-0.44,66,0,0.0,1
133623,1674,-0.20,100,2,0.0,1
133732,1675,-0.20,109,3,0.0,1
133841,1676,-0.47,109,2,0.0,1
133947,1677,-0.30,106,2,0.0,1
134022,1678,-0.47,75,1,0.0,1
134097,1679,-0.37,75,1,0.0,1
134171,1680,-0.39,74,1,0.0,1
134278,1681,-0.35,107,2,0.0,1
134332,1682,-0.48,54,0,0.0,1
134444,1683,-0.24,112,3,0.0,1
134539,1684,-0.31,95,2,0.0,1
134604,1685,-0.45,65,0,0.0,1
134704,1686,-0.27,100,2,0.0,1
134805,1687,-0.17,101,3,0.0,1
134904,1688,-0.31,99,2,0.0,1
134971,1689,-0.39,67,1,0.0,1
135054,1690,-0.35,83,1,0.0,1
135137,1691,-0.33,83,1,0.0,1
135218,1692,-0.47,81,1,0.0,1
135306,1693,-0.45,88,1,0.0,1
135387,1694,-0.35,81,1,0.0,1
135488,1695,-0.27,101,2,0.0,1
135587,1696,-0.23,99,2,0.0,1
135697,1697,-0.35,110,2,0.0,1
135788,1698,-0.37,91,1,0.0,1
135842,1699,-0.43,54,0,0.0,1
135945,1700,-0.28,103,2,0.0,1
136026,1701,-0.34,81,1,0.0,1
136093,1702,-0.39,67,1,0.0,1
136216,1703,-0.37,123,5,0.0,1
136323,1704,-0.39,107,2,0.0,1
136428,1705,-0.34,105,2,0.0,1
136510,1706,-0.35,82,1,0.0,1
136665,1707,-0.17,155,6,0.0,1
136778,1708,-0.31,113,3,0.0,1
136892,1709,-0.28,114,3,0.0,1
136998,1710,-0.29,106,3,0.0,1
137080,1711,-0.39,82,1,0.0,1
137184,1712,-0.11,104,3,0.0,1
137296,1713,-0.24,112,3,0.0,1
137405,1714,-0.30,109,2,0.0,1
137471,1715,-0.44,66,0,0.0,1
137552,1716,-0.35,81,1,0.0,1
137667,1717,-0.38,115,1,0.0,1
137740,1718,-0.44,73,0,0.0,1
137806,1719,-0.48,66,0,0.0,1
137880,1720,-0.39,74,1,0.0,1
137968,1721,-0.17,88,3,0.0,1
138073,1722,-0.29,105,2,0.0,1
138183,1723,-0.24,110,3,0.0,1
138302,1724,-0.20,119,3,0.0,1
138368,1725,-0.44,66,0,0.0,1
138452,1726,-0.45,84,1,0.0,1
138580,1727,-0.00,128,6,0.0,1
138689,1728,-0.40,109,3,0.0,1
138776,1729,-0.33,87,1,0.0,1
138880,1730,-0.24,104,3,0.0,1
138993,1731,-0.33,113,4,0.0,1
139092,1732,-0.43,99,1,0.0,1
139207,1733,-0.28,115,3,0.0,1
139269,1734,-0.48,62,0,0.0,1
139349,1735,-0.55,80,1,0.0,1
139418,1736,-0.48,69,0,0.0,1
139499,1737,-0.48,81,1,0.0,1
139572,1738,-0.43,73,1,0.0,1
139638,1739,-0.49,66,0,0.0,1
139728,1740,-0.34,90,1,0.0,1
139808,1741,-0.45,80,0,0.0,1
139923,1742,-0.53,115,4,0.0,1
140017,1743,-0.52,94,1,0.0,1
140122,1744,-0.37,105,3,0.0,1
140191,1745,-0.59,69,0,0.0,1
140292,1746,-0.48,101,1,0.0,1
140370,1747,-0.43,78,1,0.0,1
140466,1748,-0.23,96,2,0.0,1
140564,1749,-0.25,98,2,0.0,1
140675,1750,-0.19,111,3,0.0,1
140770,1751,-0.39,95,2,0.0,1
140872,1752,-0.38,102,2,0.0,1
140985,1753,-0.07,113,4,0.0,1
141100,1754,-0.21,115,3,0.0,1
141231,1755,-0.27,131,5,0.0,1
141324,1756,-0.31,93,2,0.0,1
141431,1757,-0.22,107,2,0.0,1
141549,1758,-0.20,118,4,0.0,1
141660,1759,-0.13,111,3,0.0,1
141726,1760,-0.48,66,0,0.0,1
141829,1761,-0.31,103,2,0.0,1
141936,1762,-0.23,107,4,0.0,1
142040,1763,-0.16,104,3,0.0,1
142146,1764,-0.15,106,3,0.0,1
142264,1765,-0.09,118,4,0.0,1
142374,1766,-0.23,110,3,0.0,1
142456,1767,-0.34,82,1,0.0,1
142544,1768,-0.40,88,1,0.0,1
142625,1769,-0.34,81,1,0.0,1
142697,1770,-0.31,72,1,0.0,1
142778,1771,-0.43,81,1,0.0,1
142860,1772,-0.35,82,1,0.0,1
142941,1773,-0.50,81,1,0.0,1
143046,1774,-0.33,105,2,0.0,1
143128,1775,-0.35,82,1,0.0,1
143249,1776,-0.16,121,3,0.0,1
143336,1777,-0.31,87,1,0.0,1
143449,1778,-0.11,113,4,0.0,1
143548,1779,-0.35,99,2,0.0,1
143635,1780,-0.34,87,1,0.0,1
143745,1781,-0.18,110,3,0.0,1
143871,1782,-0.16,126,4,0.0,1
143978,1783,-0.36,107,2,0.0,1
144097,1784,-0.05,119,4,0.0,1
144172,1785,-0.38,75,1,0.0,1
144250,1786,-0.37,78,1,0.0,1
144330,1787,-0.38,80,1,0.0,1
144438,1788,-0.30,108,2,0.0,1
144518,1789,-0.39,80,1,0.0,1
144630,1790,-0.27,112,2,0.0,1
144690,1791,-0.47,60,0,0.0,1
144794,1792,-0.17,104,3,0.0,1
144862,1793,-0.48,68,0,0.0,1
144975,1794,-0.25,113,2,0.0,1
145056,1795,-0.38,81,1,0.0,1
145133,1796,-0.39,77,1,0.0,1
145232,1797,-0.39,99,2,0.0,1
145345,1798,-0.35,113,3,0.0,1
145451,1799,-0.27,106,2,0.0,1
145559,1800,-0.25,108,3,0.0,1
145660,1801,-0.28,101,2,0.0,1
145757,1802,-0.30,97,2,0.0,1
145814,1803,-0.45,57,0,0.0,1
145888,1804,-0.40,74,1,0.0,1
145982,1805,-0.34,94,1,0.0,1
146081,1806,-0.38,99,2,0.0,1
146183,1807,-0.39,102,2,0.0,1
146264,1808,-0.34,81,1,0.0,1
146350,1809,-0.44,86,1,0.0,1
146440,1810,-0.21,90,2,0.0,1
146505,1811,-0.39,65,1,0.0,1
146595,1812,-0.35,90,3,0.0,1
146664,1813,-0.52,69,0,0.0,1
146744,1814,-0.32,80,1,0.0,1
146841,1815,-0.45,97,2,0.0,1
146940,1816,-0.26,99,2,0.0,1
147021,1817,-0.47,81,1,0.0,1
147107,1818,-0.55,86,1,0.0,1
147203,1819,-0.37,96,3,0.0,1
147316,1820,-0.23,113,4,0.0,1
147399,1821,-0.39,83,1,0.0,1
147480,1822,-0.49,81,1,0.0,1
147609,1823,-0.26,129,5,0.0,1
147690,1824,-0.44,81,1,0.0,1
147771,1825,-0.43,81,1,0.0,1
147837,1826,-0.44,66,0,0.0,1
147937,1827,-0.43,100,1,0.0,1
148066,1828,-0.04,129,5,0.0,1
148131,1829,-0.57,65,0,0.0,1
148212,1830,-0.42,81,1,0.0,1
148283,1831,-0.45,71,2,0.0,1
148355,1832,-0.53,72,0,0.0,1
148462,1833,-0.51,107,2,0.0,1
148569,1834,-0.49,107,2,0.0,1
148678,1835,-0.70,109,2,0.0,1
148802,1836,-0.27,124,4,0.0,1
148895,1837,-0.42,93,1,0.0,1
148966,1838,-0.46,71,1,0.0,1
149075,1839,-0.35,109,3,0.0,1
149181,1840,-0.53,106,3,0.0,1
149315,1841,-0.38,134,4,0.0,1
149414,1842,-0.39,99,2,0.0,1
149552,1843,-0.07,138,5,0.0,1
149658,1844,-0.15,106,3,0.0,1
149766,1845,-0.37,108,2,0.0,1
149844,1846,-0.63,78,1,0.0,1
149951,1847,-0.36,107,2,0.0,1
150063,1848,-0.07,112,5,0.0,1
150129,1849,-0.56,66,0,0.0,1
150247,1850,-0.42,118,2,0.0,1
150359,1851,-0.31,112,2,0.0,1
150450,1852,-0.34,91,1,0.0,1
150580,1853,-0.07,130,5,0.0,1
150661,1854,-0.38,81,1,0.0,1
150758,1855,-0.32,97,2,0.0,1
150875,1856,-0.06,117,4,0.0,1
150928,1857,-0.40,53,0,0.0,1
151009,1858,-0.34,81,1,0.0,1
151121,1859,-0.18,112,4,0.0,1
151204,1860,-0.33,83,1,0.0,1
151263,1861,-0.40,59,0,0.0,1
151335,1862,-0.45,72,0,0.0,1
151401,1863,-0.44,66,0,0.0,1
151482,1864,-0.34,81,1,0.0,1
151590,1865,-0.04,108,4,0.0,1
151660,1866,-0.31,70,1,0.0,1
151780,1867,-0.06,120,5,0.0,1
151846,1868,-0.44,66,0,0.0,1
151912,1869,-0.44,66,0,0.0,1
151978,1870,-0.52,66,0,0.0,1
152087,1871,-0.34,109,3,0.0,1
152186,1872,-0.35,99,1,0.0,1
152252,1873,-0.44,66,0,0.0,1
152362,1874,-0.18,110,3,0.0,1
152474,1875,-0.26,112,2,0.0,1
152555,1876,-0.38,81,1,0.0,1
152657,1877,-0.11,102,3,0.0,1
152757,1878,-0.21,100,2,0.0,1
152865,1879,-0.35,108,2,0.0,1
152966,1880,-0.23,101,2,0.0,1
153070,1881,-0.27,104,2,0.0,1
153170,1882,-0.27,100,2,0.0,1
153273,1883,-0.27,103,2,0.0,1
153386,1884,-0.34,113,3,0.0,1
153458,1885,-0.45,72,0,0.0,1
153564,1886,-0.13,106,3,0.0,1
153677,1887,-0.21,113,3,0.0,1
153780,1888,-0.27,103,2,0.0,1
153886,1889,-0.34,106,2,0.0,1
154005,1890,-0.09,119,4,0.0,1
154114,1891,-0.23,109,2,0.0,1
154215,1892,-0.24,101,2,0.0,1
154281,1893,-0.44,66,0,0.0,1
154391,1894,-0.25,110,2,0.0,1
154510,1895,-0.04,119,4,0.0,1
154611,1896,-0.22,101,2,0.0,1
154689,1897,-0.39,78,1,0.0,1
154792,1898,-0.23,103,2,0.0,1
154900,1899,-0.31,108,2,0.0,1
155006,1900,-0.28,106,2,0.0,1
155116,1901,-0.15,110,3,0.0,1
155219,1902,-0.22,103,2,0.0,1
155297,1903,-0.34,78,1,0.0,1
155365,1904,-0.35,68,1,0.0,1
155425,1905,-0.32,60,1,0.0,1
155528,1906,-0.31,103,3,0.0,1
155629,1907,-0.22,101,2,0.0,1
155730,1908,-0.13,101,3,0.0,1
155807,1909,-0.48,77,0,0.0,1
155923,1910,-0.10,116,4,0.0,1
156031,1911,-0.25,108,2,0.0,1
156097,1912,-0.48,66,0,0.0,1
156228,1913,0.04,131,5,0.0,1
156294,1914,-0.44,66,0,0.0,1
156372,1915,-0.34,78,1,0.0,1
156485,1916,-0.22,113,2,0.0,1
156586,1917,-0.14,101,3,0.0,1
156688,1918,-0.18,102,3,0.0,1
156787,1919,-0.23,99,2,0.0,1
156897,1920,-0.23,110,2,0.0,1
157007,1921,-0.25,110,3,0.0,1
157125,1922,-0.31,118,3,0.0,1
157253,1923,-0.36,128,4,0.0,1
157375,1924,-0.23,122,4,0.0,1
157483,1925,-0.22,108,3,0.0,1
157591,1926,-0.29,108,3,0.0,1
157707,1927,-0.06,116,4,0.0,1
157816,1928,-0.23,109,2,0.0,1
157916,1929,-0.39,100,1,0.0,1
158029,1930,-0.02,113,4,0.0,1
158107,1931,-0.55,78,1,0.0,1
158185,1932,-0.42,78,1,0.0,1
158295,1933,-0.27,110,3,0.0,1
158376,1934,-0.39,81,1,0.0,1
158442,1935,-0.48,66,0,0.0,1
158567,1936,-0.05,125,5,0.0,1
158623,1937,-0.43,56,0,0.0,1
158729,1938,-0.24,106,3,0.0,1
158838,1939,-0.13,109,3,0.0,1
158942,1940,-0.29,104,2,0.0,1
159051,1941,-0.40,109,2,0.0,1
159158,1942,-0.26,107,2,0.0,1
159272,1943,-0.18,114,3,0.0,1
159385,1944,-0.21,113,3,0.0,1
159493,1945,-0.37,108,2,0.0,1
159571,1946,-0.43,78,1,0.0,1
159691,1947,-0.13,120,3,0.0,1
159809,1948,-0.13,118,3,0.0,1
159905,1949,-0.36,96,1,0.0,1
160013,1950,-0.25,108,2,0.0,1
160141,1951,-0.15,128,4,0.0,1
160242,1952,-0.23,101,2,0.0,1
160326,1953,-0.37,84,1,0.0,1
160417,1954,-0.28,91,2,0.0,1
160529,1955,-0.35,112,2,0.0,1
160636,1956,-0.30,107,2,0.0,1
160704,1957,-0.40,68,0,0.0,1
160808,1958,-0.25,104,2,0.0,1
160922,1959,-0.13,114,3,0.0,1
161028,1960,-0.29,106,2,0.0,1
161137,1961,-0.06,109,4,0.0,1
161248,1962,-0.11,111,3,0.0,1
161359,1963,-0.21,111,3,0.0,1
161494,1964,0.11,135,6,0.0,1
161594,1965,-0.21,100,2,0.0,1
161694,1966,-0.39,100,1,0.0,1
161805,1967,-0.12,111,3,0.0,1
161919,1968,-0.03,114,4,0.0,1
162014,1969,-0.22,95,2,0.0,1
162144,1970,-0.07,130,4,0.0,1
162271,1971,-0.16,127,4,0.0,1
162387,1972,-0.17,116,3,0.0,1
162498,1973,-0.21,111,3,0.0,1
162602,1974,-0.29,104,3,0.0,1
162697,1975,-0.31,95,2,0.0,1
162765,1976,-0.43,68,0,0.0,1
162840,1977,-0.32,75,1,0.0,1
162927,1978,-0.34,87,1,0.0,1
163037,1979,-0.27,110,2,0.0,1
163161,1980,-0.03,124,4,0.0,1
163271,1981,-0.23,110,2,0.0,1
163390,1982,-0.28,119,2,0.0,1
163471,1983,-0.43,81,1,0.0,1
163584,1984,-0.21,113,3,0.0,1
163694,1985,-0.25,110,2,0.0,1
163816,1986,-0.15,122,3,0.0,1
163953,1987,-0.21,137,5,0.0,1
164078,1988,-0.46,125,5,0.0,1
164201,1989,-0.43,123,3,0.0,1
164312,1990,-0.44,111,3,0.0,1
164411,1991,-0.49,99,3,0.0,1
164489,1992,-0.51,78,1,0.0,1
164597,1993,-0.75,108,2,0.0,1
164712,1994,-0.42,115,4,0.0,1
164888,1995,-0.13,176,7,0.0,1
164994,1996,-0.47,106,2,0.0,1
165102,1997,-0.33,108,3,0.0,1
165204,1998,-0.38,102,2,0.0,1
165308,1999,-0.36,104,2,0.0,1
165399,2000,-0.45,91,2,0.0,1
165515,2001,-0.24,116,4,0.0,1
165617,2002,-0.20,102,3,0.0,1
165702,2003,-0.47,85,1,0.0,1
165817,2004,-0.54,115,3,0.0,1
165919,2005,-0.32,102,3,0.0,1
166040,2006,-0.15,121,4,0.0,1
166105,2007,-0.48,65,0,0.0,1
166209,2008,-0.39,104,3,0.0,1
166319,2009,-0.35,110,2,0.0,1
166421,2010,-0.47,102,3,0.0,1
166533,2011,-0.39,112,4,0.0,1
166636,2012,-0.39,103,2,0.0,1
166750,2013,-0.33,114,3,0.0,1
166831,2014,-0.63,81,1,0.0,1
166938,2015,-0.45,107,2,0.0,1
167047,2016,-0.21,109,4,0.0,1
167153,2017,-0.29,106,2,0.0,1
167256,2018,-0.21,103,3,0.0,1
167362,2019,-0.12,106,4,0.0,1
167428,2020,-0.56,66,0,0.0,1
167545,2021,-0.19,117,4,0.0,1
167647,2022,-0.19,102,4,0.0,1
167757,2023,-0.19,110,4,0.0,1
167866,2024,-0.37,109,3,0.0,1
167965,2025,-0.25,99,3,0.0,1
168075,2026,-0.18,110,4,0.0,1
168156,2027,-0.46,81,1,0.0,1
168260,2028,-0.48,104,2,0.0,1
168371,2029,-0.29,111,2,0.0,1
168464,2030,-0.59,93,1,0.0,1
168575,2031,-0.14,111,5,0.0,1
168670,2032,-0.31,95,2,0.0,1
168787,2033,-0.23,117,4,0.0,1
168883,2034,-0.17,96,3,0.0,1
168987,2035,-0.33,104,2,0.0,1
169104,2036,-0.09,117,5,0.0,1
169202,2037,-0.43,98,2,0.0,1
169302,2038,-0.33,100,2,0.0,1
169416,2039,-0.23,114,3,0.0,1
169493,2040,-0.73,77,1,0.0,1
169614,2041,-0.19,121,4,0.0,1
169722,2042,-0.57,108,3,0.0,1
169830,2043,-0.17,108,4,0.0,1
169938,2044,-0.33,108,2,0.0,1
170069,2045,-0.36,131,4,0.0,1
170177,2046,-0.56,108,3,0.0,1
170268,2047,-0.63,91,2,0.0,1
170363,2048,-0.83,95,1,0.0,1
170466,2049,-0.57,103,3,0.0,1
170581,2050,-0.46,115,3,0.0,1
170696,2051,-0.43,115,3,0.0,1
170780,2052,-0.65,84,1,0.0,1
170910,2053,-0.05,130,7,0.0,1
171020,2054,-0.35,110,4,0.0,1
171132,2055,-0.57,112,3,0.0,1
171246,2056,-0.52,114,4,0.0,1
171361,2057,-0.49,115,3,0.0,1
171525,2058,-0.09,164,7,0.0,1
171681,2059,-0.45,156,6,0.0,1
171798,2060,-0.59,117,5,0.0,1
171936,2061,-0.29,138,6,0.0,1
172050,2062,-0.14,114,4,0.0,1
172153,2063,-0.42,103,2,0.0,1
172282,2064,-0.14,129,5,0.0,1
172400,2065,-0.32,118,4,0.0,1
172497,2066,-0.49,97,2,0.0,1
172608,2067,-0.47,111,2,0.0,1
172783,2068,-0.07,175,7,0.0,1
172902,2069,-0.38,119,3,0.0,1
173019,2070,-0.27,117,5,0.0,1
173096,2071,-0.66,77,1,0.0,1
173203,2072,-0.63,107,3,0.0,1
173324,2073,-0.41,121,6,0.0,1
173405,2074,-0.56,81,3,0.0,1
173486,2075,-0.47,81,1,0.0,1
173552,2076,-0.75,66,1,0.0,1
173666,2077,-0.57,114,2,0.0,1
173761,2078,-0.51,95,2,0.0,1
173843,2079,-0.82,82,1,0.0,1
173919,2080,-0.62,76,2,0.0,1
174027,2081,-0.53,108,3,0.0,1
174145,2082,-0.69,118,3,0.0,1
174256,2083,-0.32,111,3,0.0,1
174357,2084,-0.35,101,2,0.0,1
174463,2085,-0.39,106,2,0.0,1
174571,2086,-0.35,108,3,0.0,1
174749,2087,0.06,178,8,0.0,1
174863,2088,-0.21,114,3,0.0,1
174978,2089,-0.40,115,3,0.0,1
175107,2090,-0.17,129,5,0.0,1
175193,2091,-0.37,86,1,0.0,1
175307,2092,-0.45,114,3,0.0,1
175424,2093,-0.26,117,4,0.0,1
175532,2094,-0.27,108,3,0.0,1
175603,2095,-0.23,71,2,0.0,1
175722,2096,-0.46,119,3,0.0,1
175833,2097,-0.25,111,3,0.0,1
175937,2098,-0.19,104,3,0.0,1
176029,2099,-0.45,92,2,0.0,1
176169,2100,-0.29,140,6,0.0,1
176270,2101,-0.35,101,3,0.0,1
176396,2102,-0.37,126,5,0.0,1
176526,2103,-0.28,130,5,0.0,1
176662,2104,-0.40,136,4,0.0,1
176765,2105,-0.25,103,5,0.0,1
176880,2106,-0.27,115,4,0.0,1
177007,2107,-0.35,127,4,0.0,1
177097,2108,-0.47,90,1,0.0,1
177199,2109,-0.23,102,4,0.0,1
177320,2110,-0.74,121,3,0.0,1
177425,2111,-0.56,105,3,0.0,1
177534,2112,-0.59,109,3,0.0,1
177653,2113,-0.24,119,5,0.0,1
177761,2114,-0.45,108,3,0.0,1
177893,2115,-0.27,132,6,0.0,1
178005,2116,-0.46,112,3,0.0,1
178121,2117,-0.56,116,3,0.0,1
178256,2118,-0.24,135,6,0.0,1
178364,2119,-0.45,108,2,0.0,1
178482,2120,-0.35,118,4,0.0,1
178591,2121,-0.57,109,2,0.0,1
178696,2122,-0.54,105,2,0.0,1
178814,2123,-0.22,118,4,0.0,1
178939,2124,-0.45,125,5,0.0,1
179053,2125,-0.32,114,4,0.0,1
179159,2126,-0.27,106,4,0.0,1
179240,2127,-0.74,81,1,0.0,1
179365,2128,-0.39,125,4,0.0,1
179478,2129,-0.43,113,3,0.0,1
179577,2130,-0.31,99,4,0.0,1
179717,2131,-0.45,140,5,0.0,1
179831,2132,-0.69,114,3,0.0,1
179922,2133,-0.91,91,1,0.0,1
180003,2134,-0.59,81,1,0.0,1
180113,2135,-0.40,110,3,0.0,1
180228,2136,-0.63,115,4,0.0,1
180358,2137,-0.37,130,6,0.0,1
180489,2138,-0.11,131,6,0.0,1
180605,2139,-0.41,116,3,0.0,1
180710,2140,-0.33,105,4,0.0,1
180819,2141,-0.38,109,4,0.0,1
180937,2142,-0.03,118,6,0.0,1
181040,2143,-0.46,103,2,0.0,1
181155,2144,-0.56,115,3,0.0,1
181269,2145,-0.16,114,4,0.0,1
181381,2146,-0.62,112,4,0.0,1
181514,2147,-0.21,133,5,0.0,1
181622,2148,-0.52,108,2,0.0,1
181726,2149,-0.33,104,3,0.0,1
181841,2150,-0.08,115,5,0.0,1
181958,2151,-0.11,117,5,0.0,1
182072,2152,-0.48,114,3,0.0,1
182189,2153,-0.28,117,3,0.0,1
182298,2154,-0.23,109,3,0.0,1
182402,2155,-0.42,104,2,0.0,1
182531,2156,-0.34,129,5,0.0,1
182639,2157,-0.29,108,2,0.0,1
182744,2158,-0.23,105,3,0.0,1
182865,2159,-0.27,121,4,0.0,1
182973,2160,-0.55,108,4,0.0,1
183064,2161,-0.42,91,2,0.0,1
183183,2162,-0.33,119,4,0.0,1
183309,2163,-0.35,126,3,0.0,1
183423,2164,-0.29,114,3,0.0,1
183522,2165,-0.27,99,2,0.0,1
183592,2166,-0.47,70,1,0.0,1
183700,2167,-0.28,108,3,0.0,1
183820,2168,-0.13,120,4,0.0,1
183935,2169,-0.24,115,4,0.0,1
184036,2170,-0.37,101,2,0.0,1
184101,2171,-0.47,65,1,0.0,1
184207,2172,-0.21,106,3,0.0,1
184314,2173,-0.15,107,4,0.0,1
184437,2174,-0.09,123,4,0.0,1
184547,2175,-0.11,110,3,0.0,1
184654,2176,-0.07,107,4,0.0,1
184753,2177,-0.31,99,2,0.0,1
184850,2178,-0.19,97,3,0.0,1
184961,2179,-0.27,111,3,0.0,1
185069,2180,-0.42,108,2,0.0,1
185179,2181,-0.15,110,3,0.0,1
185273,2182,-0.28,94,2,0.0,1
185390,2183,-0.20,117,3,0.0,1
185521,2184,-0.05,131,4,0.0,1
185610,2185,-0.35,89,1,0.0,1
185709,2186,-0.30,99,2,0.0,1
185833,2187,-0.09,124,5,0.0,1
185934,2188,-0.24,101,2,0.0,1
186047,2189,-0.15,113,3,0.0,1
186154,2190,-0.22,107,3,0.0,1
186250,2191,-0.34,96,1,0.0,1
186356,2192,-0.28,106,2,0.0,1
186470,2193,-0.27,114,3,0.0,1
186569,2194,-0.27,99,2,0.0,1
186647,2195,-0.38,78,1,0.0,1
186759,2196,-0.18,112,3,0.0,1
186865,2197,-0.17,106,3,0.0,1
186973,2198,-0.25,108,2,0.0,1
187078,2199,-0.24,105,3,0.0,1
187174,2200,-0.23,96,2,0.0,1
187287,2201,-0.02,113,4,0.0,1
187413,2202,-0.10,126,4,0.0,1
187537,2203,-0.01,124,4,0.0,1
187649,2204,-0.21,112,2,0.0,1
187774,2205,-0.03,125,4,0.0,1
187887,2206,-0.29,113,3,0.0,1
187998,2207,-0.25,111,3,0.0,1
188107,2208,-0.23,109,2,0.0,1
188209,2209,-0.20,102,2,0.0,1
188314,2210,-0.15,105,3,0.0,1
188413,2211,-0.25,99,2,0.0,1
188525,2212,0.06,112,5,0.0,1
188644,2213,-0.15,119,3,0.0,1
188721,2214,-0.52,77,0,0.0,1
188828,2215,-0.21,107,2,0.0,1
188927,2216,-0.41,99,1,0.0,1
189044,2217,-0.25,117,3,0.0,1
189154,2218,-0.21,110,3,0.0,1
189273,2219,-0.06,119,4,0.0,1
189381,2220,-0.21,108,3,0.0,1
189502,2221,-0.09,121,4,0.0,1
189588,2222,-0.31,86,1,0.0,1
189689,2223,-0.30,101,2,0.0,1
189792,2224,-0.30,103,2,0.0,1
189894,2225,-0.26,102,2,0.0,1
190017,2226,-0.16,123,3,0.0,1
190112,2227,-0.23,95,2,0.0,1
190219,2228,-0.27,107,2,0.0,1
190325,2229,-0.24,106,2,0.0,1
190419,2230,-0.23,94,2,0.0,1
190530,2231,-0.15,111,3,0.0,1
190637,2232,-0.35,107,2,0.0,1
190752,2233,-0.07,115,4,0.0,1
190854,2234,-0.17,102,3,0.0,1
190944,2235,-0.51,90,1,0.0,1
191031,2236,-0.36,87,1,0.0,1
191133,2237,-0.26,102,2,0.0,1
191238,2238,-0.19,105,3,0.0,1
191340,2239,-0.30,102,2,0.0,1
191450,2240,-0.17,110,3,0.0,1
191558,2241,-0.26,108,2,0.0,1
191660,2242,-0.33,102,2,0.0,1
191759,2243,-0.23,99,2,0.0,1
191863,2244,-0.36,104,2,0.0,1
191924,2245,-0.42,61,1,0.0,1
192045,2246,-0.33,121,2,0.0,1
192144,2247,-0.24,99,2,0.0,1
192248,2248,-0.25,104,2,0.0,1
192352,2249,-0.27,104,2,0.0,1
192461,2250,-0.21,109,3,0.0,1
192578,2251,-0.22,117,4,0.0,1
192759,2252,0.18,181,9,0.0,1
192858,2253,-0.38,99,2,0.0,1
192977,2254,-0.13,119,4,0.0,1
193105,2255,-0.08,128,6,0.0,1
193218,2256,-0.15,113,3,0.0,1
193325,2257,-0.21,107,4,0.0,1
193404,2258,-0.49,79,1,0.0,1
193545,2259,-0.22,141,5,0.0,1
193643,2260,-0.50,98,2,0.0,1
193797,2261,0.03,154,5,0.0,1
193912,2262,-0.31,115,2,0.0,1
194017,2263,-0.23,105,3,0.0,1
194124,2264,-0.29,107,2,0.0,1
194232,2265,-0.26,108,2,0.0,1
194343,2266,-0.17,111,5,0.0,1
194479,2267,-0.17,136,5,0.0,1
194580,2268,-0.37,101,2,0.0,1
194702,2269,-0.41,122,3,0.0,1
194818,2270,-0.40,116,3,0.0,1
194899,2271,-0.35,81,1,0.0,1
195000,2272,-0.31,101,2,0.0,1
195110,2273,-0.40,110,3,0.0,1
195216,2274,-0.22,106,4,0.0,1
195326,2275,-0.32,110,3,0.0,1
195451,2276,-0.07,125,5,0.0,1
195558,2277,-0.33,107,3,0.0,1
195666,2278,-0.48,108,3,0.0,1
195789,2279,-0.14,123,4,0.0,1
195888,2280,-0.22,99,2,0.0,1
195998,2281,-0.32,110,3,0.0,1
196107,2282,-0.26,109,2,0.0,1
196221,2283,-0.10,114,4,0.0,1
196325,2284,-0.34,104,2,0.0,1
196445,2285,-0.06,120,5,0.0,1
196572,2286,-0.06,127,6,0.0,1
196679,2287,-0.30,107,2,0.0,1
196783,2288,-0.13,104,3,0.0,1
196906,2289,-0.07,123,5,0.0,1
197019,2290,-0.16,113,3,0.0,1
197121,2291,-0.38,102,2,0.0,1
197225,2292,-0.29,104,2,0.0,1
197329,2293,-0.24,104,3,0.0,1
197432,2294,-0.37,103,2,0.0,1
197567,2295,-0.18,135,4,0.0,1
197685,2296,-0.36,118,3,0.0,1
197767,2297,-0.42,82,1,0.0,1
197875,2298,-0.32,108,3,0.0,1
197983,2299,-0.19,108,3,0.0,1
198064,2300,-0.39,81,1,0.0,1
198172,2301,-0.28,108,3,0.0,1
198255,2302,-0.35,83,1,0.0,1
198367,2303,-0.30,112,2,0.0,1
198475,2304,-0.42,108,2,0.0,1
198579,2305,-0.17,104,4,0.0,1
198702,2306,-0.13,123,5,0.0,1
198815,2307,-0.22,113,3,0.0,1
198919,2308,-0.13,104,4,0.0,1
199041,2309,-0.06,122,4,0.0,1
199152,2310,-0.29,111,3,0.0,1
199260,2311,-0.15,108,3,0.0,1
199374,2312,-0.09,114,4,0.0,1
199494,2313,-0.05,120,5,0.0,1
199617,2314,0.00,123,5,0.0,1
199725,2315,-0.26,108,2,0.0,1
199841,2316,-0.13,116,4,0.0,1
199955,2317,-0.13,114,3,0.0,1
200072,2318,-0.28,117,3,0.0,1
200178,2319,-0.10,106,4,0.0,1
200275,2320,-0.27,97,2,0.0,1
200383,2321,-0.33,108,3,0.0,1
200492,2322,-0.13,109,3,0.0,1
200628,2323,0.02,136,6,0.0,1
200734,2324,-0.25,106,2,0.0,1
200833,2325,-0.27,99,2,0.0,1
200940,2326,-0.25,107,3,0.0,1
201072,2327,0.03,132,5,0.0,1
201214,2328,0.01,142,6,0.0,1
201316,2329,-0.23,102,2,0.0,1
201441,2330,-0.09,125,4,0.0,1
201574,2331,-0.13,133,4,0.0,1
201674,2332,-0.29,100,2,0.0,1
201762,2333,-0.25,88,2,0.0,1
201885,2334,-0.12,123,5,0.0,1
201984,2335,-0.17,99,3,0.0,1
202109,2336,-0.10,125,4,0.0,1
202243,2337,-0.12,134,4,0.0,1
202359,2338,-0.07,116,4,0.0,1
202484,2339,-0.11,125,5,0.0,1
202573,2340,-0.36,89,2,0.0,1
202679,2341,-0.25,106,2,0.0,1
202800,2342,-0.08,121,5,0.0,1
202902,2343,-0.32,102,3,0.0,1
203001,2344,-0.31,99,2,0.0,1
203074,2345,-0.37,73,1,0.0,1
203173,2346,-0.28,99,2,0.0,1
203262,2347,-0.43,89,1,0.0,1
203370,2348,-0.29,108,2,0.0,1
203476,2349,-0.07,106,4,0.0,1
203587,2350,-0.25,111,4,0.0,1
203695,2351,-0.23,108,3,0.0,1
203822,2352,0.03,127,6,0.0,1
203883,2353,-0.49,61,1,0.0,1
203994,2354,-0.16,111,4,0.0,1
204113,2355,-0.07,119,4,0.0,1
204222,2356,-0.19,109,3,0.0,1
204335,2357,-0.08,113,3,0.0,1
204443,2358,-0.26,108,2,0.0,1
204546,2359,-0.26,103,2,0.0,1
204680,2360,0.03,134,5,0.0,1
204787,2361,-0.30,107,2,0.0,1
204902,2362,-0.34,115,5,0.0,1
205025,2363,-0.29,123,4,0.0,1
205149,2364,-0.29,124,3,0.0,1
205269,2365,-0.10,120,5,0.0,1
205408,2366,-0.15,139,5,0.0,1
205539,2367,-0.15,131,5,0.0,1
205724,2368,-0.00,185,8,0.0,1
205841,2369,-0.11,117,5,0.0,1
205958,2370,-0.27,117,3,0.0,1
206066,2371,-0.15,108,4,0.0,1
206179,2372,-0.26,113,3,0.0,1
206303,2373,-0.18,124,6,0.0,1
206402,2374,-0.23,99,2,0.0,1
206504,2375,-0.38,102,3,0.0,1
206608,2376,-0.36,104,2,0.0,1
206720,2377,-0.42,112,3,0.0,1
206830,2378,-0.37,110,3,0.0,1
206942,2379,-0.39,112,3,0.0,1
207063,2380,-0.11,121,5,0.0,1
207188,2381,-0.09,125,5,0.0,1
207294,2382,-0.46,106,2,0.0,1
207432,2383,-0.08,138,5,0.0,1
207547,2384,-0.24,115,4,0.0,1
207653,2385,-0.21,106,4,0.0,1
207882,2386,0.05,229,10,0.0,1
207983,2387,-0.29,101,2,0.0,1
208087,2388,-0.28,104,3,0.0,1
208194,2389,-0.31,107,2,0.0,1
208373,2390,0.03,179,7,0.0,1
208461,2391,-0.37,88,2,0.0,1
208537,2392,-0.44,76,1,0.0,1
208651,2393,-0.33,114,3,0.0,1
208783,2394,0.11,132,6,0.0,1
208896,2395,-0.19,113,3,0.0,1
209005,2396,-0.28,109,3,0.0,1
209135,2397,-0.18,130,4,0.0,1
209201,2398,-0.44,66,0,0.0,1
209399,2399,-0.11,198,9,0.0,1
209510,2400,-0.21,111,4,0.0,1
209656,2401,-0.14,146,6,0.0,1
209767,2402,-0.53,111,2,0.0,1
209895,2403,-0.27,128,4,0.0,1
210025,2404,-0.18,130,5,0.0,1
210147,2405,-0.20,122,5,0.0,1
210267,2406,-0.13,120,4,0.0,1
210420,2407,-0.09,153,6,0.0,1
210483,2408,-0.36,63,1,0.0,1
210596,2409,-0.44,113,3,0.0,1
210719,2410,-0.30,123,4,0.0,1
210829,2411,-0.29,110,3,0.0,1
210956,2412,-0.29,127,4,0.0,1
211078,2413,-0.06,122,5,0.0,1
211185,2414,-0.25,107,3,0.0,1
211375,2415,0.12,190,8,0.0,1
211513,2416,0.06,138,6,0.0,1
211632,2417,-0.14,119,5,0.0,1
211738,2418,-0.45,106,2,0.0,1
211845,2419,-0.17,107,3,0.0,1
211963,2420,-0.13,118,4,0.0,1
212097,2421,-0.11,134,5,0.0,1
212200,2422,-0.33,103,2,0.0,1
212315,2423,-0.18,115,4,0.0,1
212419,2424,-0.37,104,2,0.0,1
212551,2425,-0.16,132,5,0.0,1
212665,2426,-0.25,114,4,0.0,1
212764,2427,-0.21,99,3,0.0,1
212871,2428,-0.27,107,4,0.0,1
212987,2429,-0.23,116,3,0.0,1
213098,2430,-0.20,111,3,0.0,1
213204,2431,-0.39,106,2,0.0,1
213316,2432,-0.26,112,4,0.0,1
213418,2433,-0.29,102,3,0.0,1
213527,2434,-0.27,109,3,0.0,1
213634,2435,-0.33,107,3,0.0,1
213742,2436,-0.41,108,2,0.0,1
213858,2437,-0.15,116,4,0.0,1
213977,2438,-0.06,119,5,0.0,1
214080,2439,-0.25,103,3,0.0,1
214179,2440,-0.37,99,3,0.0,1
214311,2441,-0.17,132,6,0.0,1
214422,2442,-0.35,111,4,0.0,1
214530,2443,-0.19,108,4,0.0,1
214625,2444,-0.42,95,3,0.0,1
214751,2445,-0.17,126,5,0.0,1
214870,2446,-0.30,119,4,0.0,1
214991,2447,-0.37,121,5,0.0,1
215224,2448,0.05,233,9,0.0,1
215360,2449,-0.21,136,5,0.0,1
215484,2450,-0.42,124,4,0.0,1
215623,2451,-0.28,139,5,0.0,1
215752,2452,-0.11,129,4,0.0,1
215871,2453,-0.33,119,4,0.0,1
216000,2454,-0.17,129,5,0.0,1
216120,2455,-0.09,120,5,0.0,1
216208,2456,-0.21,88,2,0.0,1
216317,2457,-0.31,109,3,0.0,1
216442,2458,0.05,125,6,0.0,1
216550,2459,-0.27,108,3,0.0,1
216657,2460,-0.11,107,5,0.0,1
216763,2461,-0.13,106,4,0.0,1
216882,2462,-0.27,119,4,0.0,1
216993,2463,-0.16,111,3,0.0,1
217107,2464,-0.31,114,4,0.0,1
217213,2465,-0.41,106,3,0.0,1
217332,2466,-0.23,119,5,0.0,1
217450,2467,-0.41,118,5,0.0,1
217552,2468,-0.36,102,3,0.0,1
217658,2469,-0.27,106,3,0.0,1
217790,2470,-0.33,132,5,0.0,1
217896,2471,-0.27,106,3,0.0,1
218004,2472,-0.72,108,4,0.0,1
218135,2473,-0.17,131,5,0.0,1
218249,2474,-0.33,114,3,0.0,1
218357,2475,-0.27,108,3,0.0,1
218475,2476,-0.17,118,4,0.0,1
218621,2477,-0.27,146,6,0.0,1
218728,2478,-0.51,107,2,0.0,1
218838,2479,-0.47,110,2,0.0,1
218960,2480,-0.12,122,5,0.0,1
219068,2481,-0.49,108,2,0.0,1
219300,2482,0.08,232,10,0.0,1
219410,2483,-0.37,110,2,0.0,1
219529,2484,-0.31,119,3,0.0,1
219637,2485,-0.27,108,3,0.0,1
219768,2486,-0.15,131,4,0.0,1
219872,2487,-0.34,104,3,0.0,1
219977,2488,-0.17,105,3,0.0,1
220193,2489,0.30,216,9,0.0,1
220369,2490,-0.07,176,8,0.0,1
220475,2491,-0.26,106,3,0.0,1
220584,2492,-0.23,109,3,0.0,1
220695,2493,-0.32,111,3,0.0,1
220816,2494,-0.40,121,3,0.0,1
220923,2495,-0.18,107,4,0.0,1
221042,2496,0.01,119,6,0.0,1
221144,2497,-0.39,102,2,0.0,1
221255,2498,-0.17,111,4,0.0,1
221373,2499,-0.27,118,4,0.0,1
221506,2500,-0.26,133,4,0.0,1
221621,2501,-0.34,115,4,0.0,1
221748,2502,-0.23,127,5,0.0,1
221855,2503,-0.38,107,2,0.0,1
221965,2504,-0.41,110,3,0.0,1
222083,2505,-0.09,118,5,0.0,1
222194,2506,-0.28,111,3,0.0,1
222307,2507,-0.05,113,4,0.0,1
222414,2508,-0.42,107,3,0.0,1
222551,2509,-0.23,137,4,0.0,1
222669,2510,-0.12,118,4,0.0,1
222780,2511,-0.15,111,4,0.0,1
222884,2512,-0.40,104,2,0.0,1
222994,2513,-0.23,110,3,0.0,1
223126,2514,-0.09,132,5,0.0,1
223241,2515,-0.22,115,4,0.0,1
223352,2516,0.01,111,5,0.0,1
223458,2517,-0.28,106,3,0.0,1
223575,2518,-0.09,117,4,0.0,1
223695,2519,-0.15,120,4,0.0,1
223794,2520,-0.31,99,2,0.0,1
223920,2521,0.02,126,5,0.0,1
224036,2522,0.09,116,6,0.0,1
224171,2523,-0.11,135,5,0.0,1
224274,2524,-0.31,103,2,0.0,1
224380,2525,-0.21,106,3,0.0,1
224512,2526,0.02,132,5,0.0,1
224751,2527,-0.00,239,10,0.0,1
224860,2528,-0.07,109,5,0.0,1
224985,2529,-0.21,125,4,0.0,1
225093,2530,-0.29,108,2,0.0,1
225317,2531,0.13,224,9,0.0,1
225416,2532,-0.31,99,2,0.0,1
225533,2533,-0.16,117,3,0.0,1
225588,2534,-0.32,55,1,0.0,1
225695,2535,-0.15,107,5,0.0,1
225802,2536,-0.11,107,3,0.0,1
225922,2537,-0.10,120,5,0.0,1
226035,2538,-0.21,113,3,0.0,1
226167,2539,-0.15,132,4,0.0,1
226290,2540,-0.22,123,3,0.0,1
226399,2541,-0.17,109,4,0.0,1
226519,2542,-0.07,120,4,0.0,1
226622,2543,-0.25,103,3,0.0,1
226738,2544,-0.11,116,4,0.0,1
226871,2545,-0.00,133,5,0.0,1
226992,2546,-0.06,121,6,0.0,1
227109,2547,-0.10,117,4,0.0,1
227221,2548,-0.23,112,5,0.0,1
227336,2549,-0.19,115,3,0.0,1
227584,2550,0.34,248,10,0.0,1
227687,2551,-0.33,103,2,0.0,1
227803,2552,-0.11,116,4,0.0,1
227899,2553,-0.27,96,2,0.0,1
228015,2554,-0.01,116,5,0.0,1
228132,2555,-0.26,117,3,0.0,1
228243,2556,-0.21,111,3,0.0,1
228342,2557,-0.27,99,2,0.0,1
228457,2558,-0.46,115,3,0.0,1
228541,2559,-0.66,84,1,0.0,1
228632,2560,-0.51,91,1,0.0,1
228731,2561,-0.45,99,2,0.0,1
228843,2562,-0.32,112,3,0.0,1
228933,2563,-0.45,90,2,0.0,1
229047,2564,-0.25,114,3,0.0,1
229153,2565,-0.33,106,3,0.0,1
229260,2566,-0.41,107,3,0.0,1
229345,2567,-0.43,85,1,0.0,1
229464,2568,-0.33,119,4,0.0,1
229578,2569,-0.44,114,3,0.0,1
229693,2570,-0.50,115,2,0.0,1
229800,2571,-0.41,107,3,0.0,1
229897,2572,-0.43,97,2,0.0,1
230011,2573,-0.50,114,3,0.0,1
230121,2574,-0.15,110,4,0.0,1
230247,2575,-0.30,126,4,0.0,1
230347,2576,-0.49,100,2,0.0,1
230461,2577,-0.19,114,3,0.0,1
230560,2578,-0.22,99,2,0.0,1
230680,2579,-0.12,120,4,0.0,1
230782,2580,-0.16,102,3,0.0,1
230887,2581,-0.11,105,3,0.0,1
230997,2582,-0.22,110,3,0.0,1
231129,2583,-0.05,132,5,0.0,1
231362,2584,0.23,233,9,0.0,1
231463,2585,-0.07,101,4,0.0,1
231585,2586,-0.13,122,4,0.0,1
231696,2587,-0.18,111,3,0.0,1
231785,2588,-0.26,89,2,0.0,1
231893,2589,-0.30,108,2,0.0,1
232012,2590,-0.24,119,4,0.0,1
232127,2591,-0.11,115,3,0.0,1
232251,2592,-0.05,124,5,0.0,1
232371,2593,-0.21,120,3,0.0,1
232483,2594,-0.21,112,3,0.0,1
232611,2595,-0.09,128,5,0.0,1
232728,2596,-0.23,117,3,0.0,1
232906,2597,0.11,178,7,0.0,1
233035,2598,-0.34,129,5,0.0,1
233164,2599,-0.17,129,5,0.0,1
233322,2600,-0.04,158,5,0.0,1
233433,2601,-0.31,111,3,0.0,1
233539,2602,-0.33,106,2,0.0,1
233663,2603,-0.24,124,3,0.0,1
233776,2604,-0.15,113,3,0.0,1
233857,2605,-0.38,81,1,0.0,1
234011,2606,0.02,154,6,0.0,1
234106,2607,-0.13,95,3,0.0,1
234192,2608,-0.26,86,2,0.0,1
234303,2609,-0.30,111,2,0.0,1
234414,2610,-0.29,111,2,0.0,1
234521,2611,-0.28,107,3,0.0,1
234620,2612,-0.23,99,2,0.0,1
234723,2613,-0.11,103,4,0.0,1
234843,2614,-0.19,120,4,0.0,1
234962,2615,-0.02,119,4,0.0,1
235094,2616,-0.07,132,5,0.0,1
235194,2617,-0.11,100,4,0.0,1
235300,2618,-0.27,106,3,0.0,1
235526,2619,0.37,226,10,0.0,1
235629,2620,-0.29,103,3,0.0,1
235734,2621,-0.36,105,3,0.0,1
235858,2622,-0.03,124,5,0.0,1
235963,2623,-0.25,105,2,0.0,1
236088,2624,0.08,125,6,0.0,1
236192,2625,-0.08,104,4,0.0,1
236327,2626,-0.06,135,5,0.0,1
236438,2627,-0.31,111,2,0.0,1
236564,2628,-0.08,126,5,0.0,1
236637,2629,-0.35,73,1,0.0,1
236764,2630,0.00,127,5,0.0,1
236855,2631,-0.26,91,2,0.0,1
236969,2632,-0.17,114,3,0.0,1
237111,2633,0.01,142,5,0.0,1
237209,2634,-0.28,98,2,0.0,1
237329,2635,-0.12,120,4,0.0,1
237442,2636,-0.05,113,4,0.0,1
237553,2637,-0.21,111,3,0.0,1
237786,2638,0.14,233,7,0.0,1
238005,2639,0.11,219,7,0.0,1
238106,2640,-0.31,101,2,0.0,1
238214,2641,-0.15,108,3,0.0,1
238326,2642,-0.33,112,2,0.0,1
238450,2643,-0.06,124,4,0.0,1
238567,2644,-0.19,117,4,0.0,1
238675,2645,-0.27,108,2,0.0,1
238775,2646,-0.35,100,2,0.0,1
238865,2647,-0.22,90,2,0.0,1
238966,2648,-0.28,101,2,0.0,1
239070,2649,-0.07,104,4,0.0,1
239187,2650,-0.01,117,4,0.0,1
239305,2651,-0.27,118,3,0.0,1
239429,2652,0.13,124,6,0.0,1
239537,2653,-0.21,108,3,0.0,1
239643,2654,-0.26,106,2,0.0,1
239741,2655,-0.34,98,2,0.0,1
239851,2656,-0.07,110,4,0.0,1
239965,2657,-0.13,114,4,0.0,1
240072,2658,-0.26,107,2,0.0,1
240198,2659,-0.15,126,4,0.0,1
240307,2660,-0.13,109,4,0.0,1
240418,2661,-0.31,111,2,0.0,1
240533,2662,-0.16,115,3,0.0,1
240645,2663,-0.22,112,3,0.0,1
240758,2664,-0.16,113,4,0.0,1
240900,2665,0.09,142,6,0.0,1
240954,2666,-0.53,54,0,0.0,1
241062,2667,-0.27,108,3,0.0,1
241179,2668,-0.19,117,3,0.0,1
241281,2669,-0.25,102,3,0.0,1
241381,2670,-0.35,100,2,0.0,1
241498,2671,-0.24,117,4,0.0,1
241613,2672,-0.12,115,4,0.0,1
241710,2673,-0.11,97,3,0.0,1
241808,2674,-0.25,98,2,0.0,1
241917,2675,-0.13,109,3,0.0,1
242024,2676,-0.15,107,3,0.0,1
242125,2677,-0.27,101,2,0.0,1
242197,2678,-0.31,72,1,0.0,1
242305,2679,-0.11,108,4,0.0,1
242416,2680,-0.23,111,4,0.0,1
242519,2681,-0.26,103,2,0.0,1
242719,2682,0.29,200,9,0.0,1
242916,2683,0.09,197,9,0.0,1
243029,2684,-0.20,113,3,0.0,1
243133,2685,-0.37,104,2,0.0,1
243254,2686,-0.17,121,5,0.0,1
243359,2687,-0.10,105,4,0.0,1
243490,2688,0.09,131,6,0.0,1
243597,2689,-0.36,107,3,0.0,1
243723,2690,-0.09,126,5,0.0,1
243828,2691,-0.35,105,2,0.0,1
243954,2692,0.05,126,6,0.0,1
244120,2693,0.16,166,7,0.0,1
244370,2694,0.39,250,10,0.0,1
244501,2695,-0.08,131,5,0.0,1
244609,2696,-0.15,108,4,0.0,1
244759,2697,0.05,150,6,0.0,1
244864,2698,-0.29,105,3,0.0,1
244940,2699,-0.41,76,1,0.0,1
245057,2700,-0.41,117,2,0.0,1
245164,2701,-0.36,107,3,0.0,1
245293,2702,-0.05,129,5,0.0,1
245404,2703,-0.29,111,2,0.0,1
245513,2704,-0.40,109,2,0.0,1
245624,2705,-0.02,111,4,0.0,1
245735,2706,-0.27,111,3,0.0,1
245864,2707,-0.09,129,4,0.0,1
245977,2708,-0.13,113,3,0.0,1
246106,2709,-0.07,129,4,0.0,1
246189,2710,-0.37,83,1,0.0,1
246293,2711,-0.13,104,3,0.0,1
246392,2712,-0.23,99,2,0.0,1
246499,2713,-0.16,107,3,0.0,1
246631,2714,0.00,132,5,0.0,1
246735,2715,-0.30,104,2,0.0,1
246850,2716,-0.17,115,4,0.0,1
246965,2717,-0.09,115,5,0.0,1
247215,2718,0.37,250,10,0.0,1
247322,2719,-0.26,107,4,0.0,1
247446,2720,-0.19,124,3,0.0,1
247639,2721,0.13,193,8,0.0,1
247754,2722,-0.07,115,4,0.0,1
247931,2723,-0.08,177,7,0.0,1
248252,2724,0.89,321,16,0.0,1
248357,2725,-0.36,105,3,0.0,1
248466,2726,-0.21,109,4,0.0,1
248567,2727,-0.31,101,3,0.0,1
248790,2728,0.19,223,9,0.0,1
248889,2729,-0.43,99,2,0.0,1
249020,2730,-0.11,131,5,0.0,1
249138,2731,-0.08,118,5,0.0,1
249249,2732,-0.31,111,3,0.0,1
249368,2733,-0.16,119,4,0.0,1
249478,2734,-0.23,110,4,0.0,1
249598,2735,-0.13,120,5,0.0,1
249728,2736,-0.00,130,6,0.0,1
249868,2737,-0.09,140,6,0.0,1
249961,2738,-0.39,93,2,0.0,1
250073,2739,-0.41,112,4,0.0,1
250195,2740,-0.33,122,3,0.0,1
250309,2741,-0.14,114,4,0.0,1
250425,2742,0.08,116,6,0.0,1
250540,2743,-0.34,115,4,0.0,1
250616,2744,-0.51,76,1,0.0,1
250741,2745,-0.13,125,5,0.0,1
250983,2746,0.15,242,11,0.0,1
251098,2747,-0.24,115,3,0.0,1
251225,2748,-0.20,127,4,0.0,1
251443,2749,0.48,218,10,0.0,1
251558,2750,-0.17,115,4,0.0,1
251666,2751,-0.16,108,3,0.0,1
251794,2752,-0.05,128,5,0.0,1
251902,2753,-0.20,108,3,0.0,1
252001,2754,-0.39,99,2,0.0,1
252104,2755,-0.06,103,4,0.0,1
252208,2756,-0.06,104,4,0.0,1
252328,2757,-0.14,120,4,0.0,1
252440,2758,-0.17,112,4,0.0,1
252550,2759,-0.15,110,3,0.0,1
252667,2760,-0.04,117,4,0.0,1
252782,2761,-0.21,115,4,0.0,1
252890,2762,-0.14,108,4,0.0,1
252998,2763,-0.15,108,3,0.0,1
253110,2764,-0.28,112,2,0.0,1
253234,2765,-0.06,124,4,0.0,1
253335,2766,-0.25,101,2,0.0,1
253444,2767,-0.29,109,3,0.0,1
253550,2768,-0.15,106,3,0.0,1
253657,2769,-0.22,107,2,0.0,1
253774,2770,0.03,117,5,0.0,1
253880,2771,-0.15,106,3,0.0,1
253973,2772,-0.31,93,1,0.0,1
254079,2773,-0.25,106,2,0.0,1
254182,2774,-0.28,103,2,0.0,1
254307,2775,-0.21,125,3,0.0,1
254418,2776,-0.04,111,4,0.0,1
254529,2777,-0.26,111,2,0.0,1
254637,2778,-0.14,108,3,0.0,1
254757,2779,-0.02,120,5,0.0,1
254871,2780,-0.17,114,3,0.0,1
254979,2781,-0.27,108,2,0.0,1
255091,2782,-0.09,112,4,0.0,1
255158,2783,-0.34,67,1,0.0,1
255266,2784,-0.20,108,2,0.0,1
255381,2785,-0.19,115,3,0.0,1
255486,2786,-0.28,105,3,0.0,1
255597,2787,-0.25,111,2,0.0,1
255698,2788,-0.14,101,3,0.0,1
255797,2789,-0.12,99,3,0.0,1
255862,2790,-0.37,65,1,0.0,1
255971,2791,0.06,109,5,0.0,1
256082,2792,-0.03,111,4,0.0,1
256202,2793,-0.01,120,4,0.0,1
256295,2794,-0.27,93,2,0.0,1
256426,2795,0.09,131,5,0.0,1
256497,2796,-0.35,71,1,0.0,1
256606,2797,-0.11,109,3,0.0,1
256710,2798,-0.20,104,3,0.0,1
256841,2799,-0.03,131,4,0.0,1
257061,2800,0.35,220,9,0.0,1
257177,2801,-0.11,116,4,0.0,1
257288,2802,-0.16,111,3,0.0,1
257396,2803,-0.21,108,2,0.0,1
257520,2804,-0.18,124,3,0.0,1
257644,2805,-0.17,124,4,0.0,1
257761,2806,-0.11,117,4,0.0,1
257862,2807,-0.13,101,3,0.0,1
258084,2808,0.21,222,7,0.0,1
258221,2809,-0.03,137,5,0.0,1
258332,2810,-0.00,111,4,0.0,1
258468,2811,-0.08,136,5,0.0,1
258594,2812,0.03,126,5,0.0,1
258696,2813,-0.33,102,2,0.0,1
258814,2814,-0.12,118,4,0.0,1
258927,2815,-0.25,113,3,0.0,1
259050,2816,-0.16,123,4,0.0,1
259149,2817,-0.31,99,2,0.0,1
259336,2818,0.21,187,8,0.0,1
259500,2819,-0.23,164,6,0.0,1
259619,2820,-0.09,119,4,0.0,1
259735,2821,-0.22,116,4,0.0,1
259837,2822,-0.15,102,4,0.0,1
260042,2823,0.14,205,8,0.0,1
260152,2824,-0.17,110,3,0.0,1
260280,2825,-0.10,128,6,0.0,1
260420,2826,-0.07,140,5,0.0,1
260522,2827,-0.30,102,3,0.0,1
260701,2828,-0.02,179,7,0.0,1
260800,2829,-0.39,99,2,0.0,1
260977,2830,-0.05,177,6,0.0,1
261087,2831,-0.06,110,4,0.0,1
261255,2832,-0.40,168,7,0.0,1
261380,2833,-0.58,125,5,0.0,1
261603,2834,-0.59,223,9,0.0,1
261785,2835,-0.88,182,8,0.0,1
261904,2836,-0.68,119,5,0.0,1
262089,2837,-0.47,185,9,0.0,1
262203,2838,-0.77,114,4,0.0,1
262412,2839,-1.05,209,8,0.0,1
262512,2840,-0.55,100,2,0.0,1
262626,2841,-0.73,114,3,0.0,1
262789,2842,-0.68,163,8,0.0,1
262908,2843,-0.84,119,3,0.0,1
263043,2844,-0.47,135,6,0.0,1
263153,2845,-0.83,110,4,0.0,1
263261,2846,-0.73,108,4,0.0,1
263405,2847,-0.99,144,4,0.0,1
263526,2848,-0.72,121,4,0.0,1
263638,2849,-0.55,112,5,0.0,1
263862,2850,-0.59,224,10,0.0,1
264029,2851,-0.53,167,8,0.0,1
264137,2852,-0.80,108,4,0.0,1
264264,2853,-0.22,127,6,0.0,1
264370,2854,-0.21,106,5,0.0,1
264537,2855,-0.47,167,8,0.0,1
264650,2856,-0.26,113,5,0.0,1
264750,2857,-0.55,100,3,0.0,1
264880,2858,-0.68,130,4,0.0,1
264995,2859,-0.44,115,5,0.0,1
265202,2860,-0.27,207,9,0.0,1
265461,2861,-1.35,259,9,0.0,1
265677,2862,-0.42,216,10,0.0,1
265786,2863,-0.49,109,4,0.0,1
265838,2864,-0.57,52,1,0.0,1
266072,2865,-0.31,234,10,0.0,1
266275,2866,-0.13,203,9,0.0,1
266429,2867,-0.05,154,6,0.0,1
266546,2868,-0.10,117,4,0.0,1
266681,2869,-0.09,135,5,0.0,1
266805,2870,-0.01,124,5,0.0,1
266933,2871,-0.19,128,4,0.0,1
267048,2872,-0.29,115,4,0.0,1
267161,2873,-0.31,113,3,0.0,1
267284,2874,-0.14,123,4,0.0,1
267390,2875,-0.23,106,3,0.0,1
267531,2876,0.01,141,6,0.0,1
267622,2877,-0.46,91,1,0.0,1
267728,2878,-0.27,106,3,0.0,1
267835,2879,-0.10,107,4,0.0,1
268048,2880,0.11,213,8,0.0,1
268162,2881,-0.11,114,3,0.0,1
268310,2882,-0.01,148,5,0.0,1
268411,2883,-0.17,101,3,0.0,1
268534,2884,-0.01,123,6,0.0,1
268643,2885,-0.22,109,2,0.0,1
268749,2886,-0.17,106,3,0.0,1
268860,2887,-0.26,111,3,0.0,1
268998,2888,0.15,138,6,0.0,1
269125,2889,-0.01,127,6,0.0,1
269232,2890,-0.34,107,2,0.0,1
269377,2891,-0.10,145,6,0.0,1
269626,2892,0.64,249,12,0.0,1
269749,2893,-0.04,123,5,0.0,1
269859,2894,-0.05,110,4,0.0,1
269986,2895,0.03,127,5,0.0,1
270103,2896,-0.14,117,4,0.0,1
270210,2897,-0.38,107,2,0.0,1
270317,2898,-0.15,107,4,0.0,1
270431,2899,-0.14,114,4,0.0,1
270542,2900,-0.01,111,4,0.0,1
270647,2901,-0.21,105,3,0.0,1
270790,2902,0.09,143,6,0.0,1
270905,2903,-0.31,115,4,0.0,1
271013,2904,-0.26,108,2,0.0,1
271122,2905,-0.29,109,2,0.0,1
271251,2906,-0.03,129,5,0.0,1
271356,2907,-0.47,105,2,0.0,1
271483,2908,-0.22,127,3,0.0,1
271603,2909,-0.19,120,4,0.0,1
271725,2910,0.07,122,5,0.0,1
271843,2911,-0.10,118,4,0.0,1
271968,2912,0.01,125,5,0.0,1
272148,2913,0.11,180,7,0.0,1
272265,2914,-0.25,117,3,0.0,1
272374,2915,-0.21,109,3,0.0,1
272491,2916,-0.07,117,5,0.0,1
272623,2917,-0.06,132,5,0.0,1
272734,2918,-0.25,111,2,0.0,1
272833,2919,-0.23,99,2,0.0,1
272967,2920,-0.02,134,5,0.0,1
273079,2921,-0.10,112,4,0.0,1
273190,2922,-0.26,111,2,0.0,1
273328,2923,0.04,138,5,0.0,1
273440,2924,-0.01,112,4,0.0,1
273559,2925,-0.05,119,5,0.0,1
273796,2926,0.16,237,8,0.0,1
273914,2927,-0.15,118,4,0.0,1
274025,2928,-0.23,111,3,0.0,1
274144,2929,-0.16,119,3,0.0,1
274248,2930,-0.37,104,2,0.0,1
274367,2931,-0.01,119,4,0.0,1
274491,2932,-0.27,124,4,0.0,1
274701,2933,0.48,210,10,0.0,1
274814,2934,-0.18,113,4,0.0,1
274935,2935,0.03,121,5,0.0,1
275058,2936,-0.14,123,4,0.0,1
275214,2937,-0.11,156,6,0.0,1
275347,2938,-0.03,133,5,0.0,1
275466,2939,-0.14,119,4,0.0,1
275572,2940,-0.19,106,4,0.0,1
275692,2941,-0.10,120,4,0.0,1
275791,2942,-0.34,99,2,0.0,1
275921,2943,-0.17,130,5,0.0,1
276036,2944,-0.32,115,4,0.0,1
276140,2945,-0.43,104,2,0.0,1
276273,2946,-0.23,133,6,0.0,1
276385,2947,-0.19,112,3,0.0,1
276507,2948,-0.13,122,4,0.0,1
276631,2949,-0.05,124,4,0.0,1
276759,2950,-0.01,128,5,0.0,1
276896,2951,0.08,137,6,0.0,1
277133,2952,0.53,237,11,0.0,1
277246,2953,-0.06,113,4,0.0,1
277369,2954,-0.00,123,5,0.0,1
277583,2955,0.32,214,9,0.0,1
277818,2956,0.31,235,10,0.0,1
277947,2957,-0.10,129,5,0.0,1
278083,2958,0.02,136,6,0.0,1
278211,2959,-0.04,128,5,0.0,1
278429,2960,0.12,218,9,0.0,1
278558,2961,-0.10,129,5,0.0,1
278686,2962,-0.05,128,6,0.0,1
278900,2963,0.39,214,9,0.0,1
279117,2964,0.19,217,9,0.0,1
279225,2965,-0.19,108,3,0.0,1
279330,2966,-0.20,105,3,0.0,1
279446,2967,-0.21,116,3,0.0,1
279582,2968,-0.25,136,6,0.0,1
279782,2969,0.23,200,8,0.0,1
279892,2970,-0.13,110,4,0.0,1
279997,2971,-0.25,105,2,0.0,1
280107,2972,-0.11,110,4,0.0,1
280219,2973,-0.20,112,3,0.0,1
280337,2974,-0.13,118,4,0.0,1
280459,2975,-0.24,122,4,0.0,1
280563,2976,-0.31,104,2,0.0,1
280671,2977,-0.14,108,4,0.0,1
280802,2978,-0.20,131,4,0.0,1
280928,2979,-0.01,126,5,0.0,1
281055,2980,-0.06,127,6,0.0,1
281235,2981,-0.08,180,7,0.0,1
281347,2982,-0.10,112,4,0.0,1
281458,2983,-0.20,111,4,0.0,1
281699,2984,0.48,241,11,0.0,1
281809,2985,-0.04,110,4,0.0,1
281924,2986,-0.43,115,3,0.0,1
282116,2987,0.15,192,9,0.0,1
282221,2988,-0.10,105,4,0.0,1
282372,2989,-0.12,151,6,0.0,1
282471,2990,-0.40,99,2,0.0,1
282574,2991,-0.40,103,3,0.0,1
282703,2992,-0.09,129,4,0.0,1
282902,2993,0.15,199,7,0.0,1
283027,2994,-0.03,125,4,0.0,1
283134,2995,-0.12,107,3,0.0,1
283246,2996,-0.18,112,3,0.0,1
283351,2997,-0.30,105,3,0.0,1
283466,2998,-0.05,115,5,0.0,1
283576,2999,-0.20,110,4,0.0,1
283713,3000,0.15,137,6,0.0,1
283814,3001,-0.21,101,2,0.0,1
284006,3002,0.08,192,7,0.0,1
284154,3003,0.04,148,6,0.0,1
284262,3004,-0.29,108,3,0.0,1
284462,3005,0.23,200,8,0.0,1
284570,3006,-0.14,108,4,0.0,1
284672,3007,-0.23,102,3,0.0,1
284873,3008,0.31,201,8,0.0,1
284990,3009,-0.26,117,3,0.0,1
285108,3010,-0.26,118,2,0.0,1
285227,3011,-0.01,119,4,0.0,1
285339,3012,-0.01,112,4,0.0,1
285447,3013,-0.15,108,4,0.0,1
285556,3014,-0.21,109,2,0.0,1
285662,3015,-0.12,106,3,0.0,1
285768,3016,-0.21,106,3,0.0,1
285883,3017,-0.11,115,4,0.0,1
286022,3018,0.05,139,6,0.0,1
286249,3019,0.25,227,9,0.0,1
286364,3020,-0.19,115,4,0.0,1
286472,3021,-0.32,108,3,0.0,1
286612,3022,0.09,140,6,0.0,1
286720,3023,-0.22,108,3,0.0,1
286833,3024,-0.21,113,3,0.0,1
287040,3025,0.25,207,9,0.0,1
287169,3026,0.05,129,6,0.0,1
287275,3027,-0.19,106,4,0.0,1
287403,3028,-0.02,128,5,0.0,1
287619,3029,0.33,216,8,0.0,1
287726,3030,-0.23,107,4,0.0,1
287853,3031,-0.09,127,5,0.0,1
287967,3032,-0.20,114,3,0.0,1
288076,3033,-0.21,109,3,0.0,1
288185,3034,-0.27,109,2,0.0,1
288293,3035,-0.21,108,3,0.0,1
288418,3036,0.05,125,6,0.0,1
288550,3037,0.13,132,6,0.0,1
288662,3038,-0.41,112,3,0.0,1
288774,3039,-0.15,112,3,0.0,1
288980,3040,-0.03,206,8,0.0,1
289100,3041,-0.07,120,5,0.0,1
289241,3042,-0.09,141,6,0.0,1
289345,3043,-0.22,104,4,0.0,1
289542,3044,0.05,197,8,0.0,1
289683,3045,-0.09,141,6,0.0,1
289804,3046,-0.22,121,4,0.0,1
289904,3047,-0.34,100,3,0.0,1
290008,3048,-0.38,104,3,0.0,1
290114,3049,-0.30,106,4,0.0,1
290213,3050,-0.38,99,2,0.0,1
290317,3051,-0.14,104,4,0.0,1
290626,3052,-0.02,309,13,0.0,1
290748,3053,-0.30,122,4,0.0,1
290884,3054,-0.15,136,6,0.0,1
291011,3055,-0.13,127,6,0.0,1
291265,3056,-0.13,254,14,0.0,1
291386,3057,-0.27,121,5,0.0,1
291607,3058,0.17,221,10,0.0,1
291775,3059,0.01,168,8,0.0,1
291894,3060,-0.19,119,4,0.0,1
292007,3061,-0.02,113,5,0.0,1
292132,3062,-0.32,125,4,0.0,1
292359,3063,-0.09,227,9,0.0,1
292589,3064,0.19,230,12,0.0,1
292714,3065,-0.26,125,5,0.0,1
292825,3066,-0.25,111,4,0.0,1
292939,3067,-0.09,114,5,0.0,1
293165,3068,0.57,226,12,0.0,1
293303,3069,0.14,138,6,0.0,1
293423,3070,0.02,120,5,0.0,1
293531,3071,-0.19,108,3,0.0,1
293662,3072,-0.12,131,5,0.0,1
293787,3073,-0.08,125,5,0.0,1
293959,3074,0.29,172,8,0.0,1
294091,3075,-0.04,132,5,0.0,1
294223,3076,-0.11,132,5,0.0,1
294454,3077,0.11,231,8,0.0,1
294598,3078,-0.11,144,5,0.0,1
294706,3079,-0.00,108,5,0.0,1
294825,3080,-0.10,119,4,0.0,1
294957,3081,0.01,132,5,0.0,1
295073,3082,-0.32,116,3,0.0,1
295207,3083,-0.16,134,5,0.0,1
295319,3084,-0.17,112,3,0.0,1
295466,3085,0.16,147,6,0.0,1
295661,3086,0.25,195,8,0.0,1
295956,3087,0.73,295,14,0.0,1
296071,3088,-0.17,115,4,0.0,1
296188,3089,-0.31,117,3,0.0,1
296308,3090,-0.05,120,6,0.0,1
296430,3091,-0.03,122,6,0.0,1
296671,3092,0.23,241,11,0.0,1
296875,3093,0.11,204,8,0.0,1
297094,3094,0.19,219,9,0.0,1
297228,3095,-0.08,134,6,0.0,1
297438,3096,0.18,210,8,0.0,1
297637,3097,0.14,199,9,0.0,1
297825,3098,0.06,188,8,0.0,1
297953,3099,-0.07,128,5,0.0,1
298169,3100,0.06,216,9,0.0,1
298301,3101,-0.07,132,6,0.0,1
298426,3102,-0.03,125,5,0.0,1
298596,3103,-0.01,170,7,0.0,1
298716,3104,-0.01,120,5,0.0,1
298824,3105,-0.20,108,3,0.0,1
299000,3106,-0.09,176,7,0.0,1
299109,3107,-0.44,109,3,0.0,1
299217,3108,-0.61,108,2,0.0,1
299334,3109,-0.63,117,3,0.0,1
299406,3110,-0.80,72,0,0.0,1
299523,3111,-0.55,117,4,0.0,1
299629,3112,-0.57,106,3,0.0,1
299736,3113,-0.58,107,2,0.0,1
299852,3114,-0.34,116,4,0.0,1
300060,3115,-0.08,208,10,0.0,1
300171,3116,-0.17,111,5,0.0,1
300295,3117,-0.19,124,5,0.0,1
300478,3118,-0.11,183,7,0.0,1
300604,3119,-0.30,126,5,0.0,1
300724,3120,-0.24,120,5,0.0,1
300830,3121,-0.52,106,4,0.0,1
300947,3122,-0.34,117,6,0.0,1
301162,3123,0.20,215,11,0.0,1
301296,3124,-0.21,134,6,0.0,1
301424,3125,-0.14,128,6,0.0,1
301532,3126,-0.45,108,4,0.0,1
301725,3127,-0.03,193,8,0.0,1
301851,3128,-0.38,126,4,0.0,1
301957,3129,-0.23,106,4,0.0,1
302079,3130,-0.20,122,5,0.0,1
302201,3131,-0.07,122,4,0.0,1
302435,3132,0.49,234,10,0.0,1
302542,3133,-0.15,107,3,0.0,1
302688,3134,0.00,146,6,0.0,1
302864,3135,0.13,176,7,0.0,1
303085,3136,0.18,221,9,0.0,1
303197,3137,-0.22,112,4,0.0,1
303373,3138,0.09,176,7,0.0,1
303551,3139,-0.04,178,7,0.0,1
303664,3140,-0.29,113,5,0.0,1
303803,3141,-0.02,139,6,0.0,1
303911,3142,-0.17,108,4,0.0,1
304019,3143,-0.24,108,4,0.0,1
304225,3144,-0.22,206,7,0.0,1
304419,3145,0.11,194,9,0.0,1
304595,3146,0.05,176,8,0.0,1
304819,3147,-0.14,224,8,0.0,1
304949,3148,-0.03,130,6,0.0,1
305152,3149,0.30,203,9,0.0,1
305281,3150,-0.05,129,5,0.0,1
305435,3151,0.07,154,6,0.0,1
305582,3152,-0.15,147,6,0.0,1
305747,3153,-0.09,165,7,0.0,1
305854,3154,-0.46,107,2,0.0,1
305953,3155,-0.30,99,2,0.0,1
306149,3156,-0.00,196,7,0.0,1
306255,3157,-0.48,106,3,0.0,1
306385,3158,-0.49,130,4,0.0,1
306504,3159,-0.21,119,5,0.0,1
306620,3160,-0.24,116,3,0.0,1
306732,3161,-0.28,112,4,0.0,1
306860,3162,-0.17,128,6,0.0,1
306955,3163,-0.29,95,3,0.0,1
307085,3164,-0.56,130,4,0.0,1
307301,3165,-0.09,216,9,0.0,1
307419,3166,-0.22,118,5,0.0,1
307542,3167,-0.41,123,5,0.0,1
307657,3168,-0.26,115,5,0.0,1
307759,3169,-0.47,102,3,0.0,1
307881,3170,-0.18,122,6,0.0,1
308007,3171,-0.18,126,4,0.0,1
308117,3172,-0.47,110,4,0.0,1
308286,3173,-0.05,169,7,0.0,1
308409,3174,-0.05,123,5,0.0,1
308517,3175,-0.19,108,3,0.0,1
308771,3176,0.42,254,12,0.0,1
309021,3177,0.31,250,12,0.0,1
309131,3178,-0.04,110,5,0.0,1
309252,3179,0.01,121,5,0.0,1
309366,3180,-0.13,114,5,0.0,1
309477,3181,-0.27,111,3,0.0,1
309696,3182,0.29,219,11,0.0,1
310001,3183,0.29,305,14,0.0,1
310221,3184,-0.11,220,8,0.0,1
310332,3185,-0.35,111,3,0.0,1
310454,3186,-0.34,122,4,0.0,1
310552,3187,0.00,98,4,0.0,1
310775,3188,0.13,223,9,0.0,1
310902,3189,-0.04,127,5,0.0,1
311043,3190,0.09,141,6,0.0,1
311183,3191,0.11,140,7,0.0,1
311297,3192,-0.16,114,4,0.0,1
311427,3193,0.08,130,6,0.0,1
311547,3194,-0.13,120,5,0.0,1
311672,3195,-0.08,125,5,0.0,1
311806,3196,-0.17,134,6,0.0,1
312023,3197,0.08,217,8,0.0,1
312141,3198,-0.15,118,4,0.0,1
312266,3199,0.01,125,6,0.0,1
312396,3200,-0.26,130,3,0.0,1
312517,3201,-0.13,121,4,0.0,1
312644,3202,-0.05,127,5,0.0,1
312790,3203,-0.08,146,6,0.0,1
312929,3204,-0.31,139,5,0.0,1
313034,3205,-0.13,105,3,0.0,1
313142,3206,-0.15,108,3,0.0,1
313359,3207,0.15,217,9,0.0,1
313461,3208,-0.21,102,3,0.0,1
313687,3209,0.37,226,9,0.0,1
313796,3210,-0.21,109,3,0.0,1
314004,3211,0.09,208,6,0.0,1
314114,3212,-0.25,110,3,0.0,1
314252,3213,-0.09,138,5,0.0,1
314360,3214,-0.16,108,3,0.0,1
314464,3215,-0.16,104,3,0.0,1
314573,3216,-0.22,109,3,0.0,1
314686,3217,-0.23,113,4,0.0,1
314797,3218,0.05,111,5,0.0,1
314920,3219,-0.21,123,5,0.0,1
315066,3220,0.10,146,6,0.0,1
315190,3221,0.06,124,6,0.0,1
315305,3222,0.02,115,5,0.0,1
315414,3223,-0.03,109,4,0.0,1
315528,3224,-0.16,114,4,0.0,1
315637,3225,-0.35,109,2,0.0,1
315753,3226,-0.25,116,5,0.0,1
315866,3227,-0.13,113,4,0.0,1
315968,3228,-0.25,102,3,0.0,1
316109,3229,0.02,141,6,0.0,1
316224,3230,-0.18,115,4,0.0,1
316325,3231,-0.38,101,2,0.0,1
316444,3232,0.15,119,6,0.0,1
316661,3233,0.30,217,8,0.0,1
316784,3234,-0.14,123,4,0.0,1
317012,3235,0.34,228,10,0.0,1
317110,3236,-0.41,98,2,0.0,1
317221,3237,-0.27,111,4,0.0,1
317339,3238,-0.13,118,4,0.0,1
317476,3239,-0.11,137,5,0.0,1
317592,3240,-0.11,116,4,0.0,1
317743,3241,0.17,151,7,0.0,1
317857,3242,-0.07,114,4,0.0,1
317978,3243,-0.05,121,5,0.0,1
318082,3244,-0.25,104,2,0.0,1
318211,3245,0.03,129,5,0.0,1
318344,3246,0.04,133,5,0.0,1
318457,3247,-0.16,113,3,0.0,1
318574,3248,-0.30,117,3,0.0,1
318752,3249,0.15,178,7,0.0,1
318856,3250,-0.23,104,3,0.0,1
318957,3251,-0.26,101,2,0.0,1
319140,3252,0.29,183,8,0.0,1
319250,3253,-0.19,110,3,0.0,1
319474,3254,0.39,224,10,0.0,1
319589,3255,-0.04,115,5,0.0,1
319696,3256,-0.01,107,5,0.0,1
319833,3257,-0.03,137,6,0.0,1
319942,3258,-0.12,109,5,0.0,1
320138,3259,0.06,196,9,0.0,1
320237,3260,-0.42,99,2,0.0,1
320465,3261,0.27,228,12,0.0,1
320576,3262,-0.19,111,4,0.0,1
320747,3263,0.05,171,7,0.0,1
320953,3264,0.27,206,11,0.0,1
321071,3265,-0.48,118,4,0.0,1
321267,3266,-0.03,196,8,0.0,1
321498,3267,0.33,231,11,0.0,1
321608,3268,-0.48,110,3,0.0,1
321906,3269,0.49,298,14,0.0,1
322029,3270,-0.32,123,5,0.0,1
322130,3271,-0.64,101,2,0.0,1
322242,3272,-0.22,112,4,0.0,1
322341,3273,-0.47,99,2,0.0,1
322447,3274,-0.32,106,3,0.0,1
322654,3275,0.21,207,9,0.0,1
322777,3276,-0.09,123,4,0.0,1
322878,3277,-0.33,101,2,0.0,1
322991,3278,0.03,113,6,0.0,1
323129,3279,-0.15,138,5,0.0,1
323257,3280,-0.28,128,5,0.0,1
323489,3281,0.28,232,10,0.0,1
323686,3282,0.25,197,8,0.0,1
323936,3283,0.69,250,12,0.0,1
324054,3284,-0.14,118,4,0.0,1
324186,3285,-0.08,132,5,0.0,1
324316,3286,-0.02,130,4,0.0,1
324429,3287,-0.14,113,4,0.0,1
324537,3288,-0.11,108,4,0.0,1
324675,3289,-0.29,138,6,0.0,1
324872,3290,0.39,197,9,0.0,1
324990,3291,-0.01,118,4,0.0,1
325114,3292,-0.05,124,5,0.0,1
325240,3293,-0.11,126,5,0.0,1
325351,3294,-0.26,111,4,0.0,1
325584,3295,0.26,233,10,0.0,1
325690,3296,-0.27,106,3,0.0,1
325977,3297,0.65,287,13,0.0,1
326100,3298,-0.09,123,5,0.0,1
326209,3299,-0.10,109,5,0.0,1
326316,3300,-0.13,107,4,0.0,1
326446,3301,0.01,130,6,0.0,1
326567,3302,0.01,121,5,0.0,1
326674,3303,-0.47,107,2,0.0,1
326888,3304,0.38,214,9,0.0,1
326996,3305,-0.42,108,3,0.0,1
327123,3306,-0.11,127,5,0.0,1
327243,3307,-0.18,120,5,0.0,1
327342,3308,-0.38,99,2,0.0,1
327572,3309,0.45,230,11,0.0,1
327697,3310,-0.09,125,5,0.0,1
327870,3311,-0.46,173,7,0.0,1
328090,3312,0.07,220,11,0.0,1
328189,3313,-0.51,99,4,0.0,1
328304,3314,-0.01,115,6,0.0,1
328425,3315,-0.51,121,5,0.0,1
328740,3316,-0.70,315,12,0.0,1
328851,3317,-0.35,111,3,0.0,1
328968,3318,-0.26,117,4,0.0,1
329081,3319,-0.09,113,4,0.0,1
329222,3320,-0.16,141,6,0.0,1
329464,3321,0.29,242,11,0.0,1
329823,3322,0.19,359,17,0.0,1
329952,3323,-0.01,129,5,0.0,1
330086,3324,-0.30,134,4,0.0,1
330310,3325,0.33,224,9,0.0,1
330416,3326,-0.32,106,3,0.0,1
330777,3327,0.62,361,17,0.0,1
330874,3328,-0.08,97,4,0.0,1
331003,3329,-0.01,129,6,0.0,1
331239,3330,0.33,236,10,0.0,1
331354,3331,-0.23,115,4,0.0,1
331549,3332,0.11,195,9,0.0,1
331750,3333,0.19,201,7,0.0,1
331870,3334,-0.18,120,3,0.0,1
331998,3335,-0.05,128,5,0.0,1
332117,3336,-0.16,119,4,0.0,1
332245,3337,-0.09,128,5,0.0,1
332387,3338,0.11,142,6,0.0,1
332496,3339,-0.11,109,4,0.0,1
332630,3340,0.02,134,6,0.0,1
332738,3341,-0.23,108,3,0.0,1
332861,3342,-0.10,123,5,0.0,1
333093,3343,0.55,232,11,0.0,1
333297,3344,0.26,204,8,0.0,1
333497,3345,0.13,200,8,0.0,1
333721,3346,0.21,224,9,0.0,1
334019,3347,0.66,298,15,0.0,1
334147,3348,-0.14,128,4,0.0,1
334382,3349,0.40,235,10,0.0,1
334600,3350,0.29,218,9,0.0,1
334833,3351,0.13,233,8,0.0,1
335086,3352,0.55,253,12,0.0,1
335190,3353,-0.06,104,5,0.0,1
335498,3354,0.63,308,14,0.0,1
335766,3355,0.78,268,13,0.0,1
335949,3356,0.11,183,7,0.0,1
336073,3357,0.09,124,5,0.0,1
336179,3358,-0.40,106,2,0.0,1
336404,3359,0.37,225,11,0.0,1
336514,3360,-0.21,110,3,0.0,1
336634,3361,-0.04,120,4,0.0,1
336779,3362,-0.01,145,6,0.0,1
336909,3363,0.06,130,6,0.0,1
337153,3364,0.60,244,12,0.0,1
337390,3365,0.36,237,9,0.0,1
337498,3366,-0.15,108,4,0.0,1
337749,3367,0.54,251,12,0.0,1
337856,3368,-0.17,107,3,0.0,1
337988,3369,0.10,132,6,0.0,1
338106,3370,0.01,118,5,0.0,1
338449,3371,1.12,343,17,0.0,1
338564,3372,-0.17,115,4,0.0,1
338702,3373,0.09,138,6,0.0,1
338819,3374,-0.03,117,5,0.0,1
338961,3375,0.18,142,6,0.0,1
339067,3376,-0.03,106,4,0.0,1
339181,3377,-0.26,114,4,0.0,1
339284,3378,-0.11,103,3,0.0,1
339396,3379,-0.12,112,4,0.0,1
339516,3380,-0.13,120,4,0.0,1
339633,3381,0.05,117,5,0.0,1
339870,3382,0.63,237,12,0.0,1
339974,3383,-0.33,104,2,0.0,1
340150,3384,0.27,176,7,0.0,1
340267,3385,-0.20,117,3,0.0,1
340498,3386,0.37,231,10,0.0,1
340618,3387,-0.16,120,3,0.0,1
340722,3388,-0.23,104,2,0.0,1
340834,3389,-0.05,112,4,0.0,1
341126,3390,0.85,292,14,0.0,1
341267,3391,-0.18,141,6,0.0,1
341399,3392,-0.26,132,5,0.0,1
341529,3393,-0.34,130,4,0.0,1
341749,3394,0.06,220,9,0.0,1
341869,3395,-0.25,120,4,0.0,1
341989,3396,-0.22,120,5,0.0,1
342129,3397,-0.48,140,5,0.0,1
342351,3398,0.10,222,11,0.0,1
342476,3399,-0.45,125,5,0.0,1
342665,3400,0.05,189,8,0.0,1
342763,3401,-0.38,98,4,0.0,1
342880,3402,-0.17,117,5,0.0,1
343007,3403,-0.17,127,6,0.0,1
343116,3404,-0.41,109,4,0.0,1
343222,3405,-0.31,106,3,0.0,1
343340,3406,-0.51,118,4,0.0,1
343461,3407,-0.44,121,4,0.0,1
343567,3408,-0.40,106,2,0.0,1
343675,3409,-0.60,108,2,0.0,1
343787,3410,-0.49,112,3,0.0,1
343900,3411,-0.20,113,4,0.0,1
343969,3412,-0.58,69,1,0.0,1
344079,3413,-0.29,110,3,0.0,1
344212,3414,-0.17,133,6,0.0,1
344368,3415,0.03,156,7,0.0,1
344564,3416,-0.17,196,9,0.0,1
344674,3417,-0.49,110,3,0.0,1
344794,3418,-0.26,120,4,0.0,1
344972,3419,0.06,178,8,0.0,1
345229,3420,-0.01,257,13,0.0,1
345347,3421,-0.22,118,5,0.0,1
345595,3422,-0.76,248,11,0.0,1
345843,3423,-0.03,248,12,0.0,1
345982,3424,-0.06,139,5,0.0,1
346088,3425,-0.29,106,4,0.0,1
346251,3426,-0.02,163,7,0.0,1
346470,3427,0.29,219,9,0.0,1
346573,3428,-0.28,103,3,0.0,1
346686,3429,-0.24,113,3,0.0,1
346806,3430,-0.03,120,5,0.0,1
346917,3431,-0.12,111,4,0.0,1
347198,3432,0.32,281,12,0.0,1
347299,3433,-0.41,101,2,0.0,1
347412,3434,-0.17,113,4,0.0,1
347551,3435,0.06,139,6,0.0,1
347676,3436,-0.17,125,5,0.0,1
347789,3437,-0.29,113,3,0.0,1
347973,3438,0.13,184,8,0.0,1
348091,3439,-0.19,118,3,0.0,1
348212,3440,-0.04,121,5,0.0,1
348396,3441,0.44,184,9,0.0,1
348520,3442,0.03,124,6,0.0,1
348715,3443,0.17,195,8,0.0,1
348856,3444,-0.02,141,6,0.0,1
348965,3445,-0.19,109,3,0.0,1
349072,3446,-0.10,107,4,0.0,1
349195,3447,0.00,123,5,0.0,1
349435,3448,0.33,240,11,0.0,1
349670,3449,0.43,235,11,0.0,1
349863,3450,-0.01,193,7,0.0,1
349968,3451,-0.15,105,3,0.0,1
350142,3452,0.20,174,7,0.0,1
350264,3453,-0.27,122,5,0.0,1
350388,3454,-0.11,124,6,0.0,1
350499,3455,-0.31,111,4,0.0,1
350619,3456,-0.19,120,4,0.0,1
350723,3457,-0.27,104,3,0.0,1
350854,3458,-0.01,131,5,0.0,1
350986,3459,-0.09,132,6,0.0,1
351107,3460,-0.14,121,6,0.0,1
351231,3461,-0.18,124,5,0.0,1
351467,3462,0.57,236,11,0.0,1
351599,3463,-0.04,132,6,0.0,1
351720,3464,-0.09,121,4,0.0,1
351865,3465,-0.29,145,4,0.0,1
352108,3466,0.62,243,12,0.0,1
352275,3467,0.27,167,8,0.0,1
352490,3468,0.55,215,11,0.0,1
352743,3469,0.53,253,11,0.0,1
352957,3470,0.37,214,10,0.0,1
353167,3471,0.44,210,9,0.0,1
353309,3472,0.16,142,6,0.0,1
353412,3473,-0.27,103,3,0.0,1
353515,3474,-0.09,103,4,0.0,1
353802,3475,0.60,287,13,0.0,1
354141,3476,1.13,339,18,0.0,1
354267,3477,-0.04,126,5,0.0,1
354405,3478,0.10,138,6,0.0,1
354706,3479,0.88,301,14,0.0,1
354924,3480,0.25,218,8,0.0,1
355169,3481,0.41,245,10,0.0,1
355407,3482,0.55,238,11,0.0,1
355541,3483,0.16,134,6,0.0,1
355660,3484,-0.11,119,3,0.0,1
355802,3485,0.15,142,6,0.0,1
355913,3486,-0.11,111,3,0.0,1
356018,3487,-0.06,105,4,0.0,1
356196,3488,0.10,178,7,0.0,1
356311,3489,-0.15,115,4,0.0,1
356425,3490,-0.13,114,3,0.0,1
356543,3491,-0.07,118,4,0.0,1
356683,3492,0.09,140,6,0.0,1
356819,3493,0.12,136,6,0.0,1
356930,3494,-0.11,111,3,0.0,1
357038,3495,-0.11,108,3,0.0,1
357152,3496,-0.17,114,3,0.0,1
357259,3497,-0.05,107,4,0.0,1
357387,3498,-0.01,128,5,0.0,1
357497,3499,-0.14,110,3,0.0,1
357616,3500,-0.07,119,4,0.0,1
357971,3501,0.83,355,16,0.0,1
358119,3502,-0.09,148,5,0.0,1
358222,3503,-0.21,103,3,0.0,1
358345,3504,0.07,123,5,0.0,1
358543,3505,0.32,198,10,0.0,1
358656,3506,-0.18,113,3,0.0,1
358804,3507,0.07,148,6,0.0,1
358944,3508,-0.02,140,5,0.0,1
359080,3509,0.07,136,5,0.0,1
359214,3510,-0.04,134,5,0.0,1
359340,3511,-0.09,126,4,0.0,1
359574,3512,0.65,234,11,0.0,1
359708,3513,0.12,134,6,0.0,1
359856,3514,0.21,148,7,0.0,1
359986,3515,-0.14,130,4,0.0,1
360102,3516,-0.20,116,3,0.0,1
360229,3517,-0.03,127,5,0.0,1
360446,3518,0.33,217,9,0.0,1
360715,3519,0.50,269,10,0.0,1
360843,3520,0.06,128,5,0.0,1
360950,3521,-0.23,107,3,0.0,1
361196,3522,0.75,246,13,0.0,1
361390,3523,0.25,194,8,0.0,1
361491,3524,-0.31,101,2,0.0,1
361713,3525,0.32,222,9,0.0,1
361852,3526,0.01,139,6,0.0,1
361958,3527,-0.17,106,3,0.0,1
362200,3528,0.61,242,12,0.0,1
362317,3529,-0.06,117,4,0.0,1
362541,3530,0.61,224,11,0.0,1
362649,3531,-0.10,108,3,0.0,1
362756,3532,-0.11,107,3,0.0,1
363021,3533,0.39,265,10,0.0,1
363276,3534,0.61,255,12,0.0,1
363384,3535,-0.15,108,3,0.0,1
363623,3536,0.61,239,11,0.0,1
363722,3537,-0.23,99,3,0.0,1
363840,3538,0.06,118,5,0.0,1
363947,3539,-0.16,107,3,0.0,1
364053,3540,-0.02,106,4,0.0,1
364166,3541,-0.16,113,3,0.0,1
364306,3542,0.10,140,6,0.0,1
364426,3543,-0.03,120,4,0.0,1
364535,3544,-0.17,109,3,0.0,1
364660,3545,-0.03,125,5,0.0,1
364799,3546,0.13,139,6,0.0,1
364908,3547,-0.15,109,4,0.0,1
365036,3548,0.13,128,6,0.0,1
365229,3549,0.16,193,8,0.0,1
365445,3550,0.39,216,9,0.0,1
365550,3551,-0.03,105,4,0.0,1
365746,3552,0.32,196,8,0.0,1
366018,3553,0.67,272,13,0.0,1
366248,3554,0.55,230,10,0.0,1
366453,3555,0.43,205,9,0.0,1
366678,3556,0.37,225,10,0.0,1
366910,3557,0.52,232,10,0.0,1
367025,3558,-0.07,115,4,0.0,1
367236,3559,0.33,211,8,0.0,1
367339,3560,-0.11,103,3,0.0,1
367438,3561,-0.11,99,3,0.0,1
367554,3562,0.02,116,4,0.0,1
367782,3563,0.32,228,10,0.0,1
367894,3564,-0.02,112,4,0.0,1
368035,3565,0.05,141,6,0.0,1
368143,3566,-0.05,108,4,0.0,1
368340,3567,0.37,197,9,0.0,1
368483,3568,0.10,143,6,0.0,1
368862,3569,1.23,379,19,0.0,1
369087,3570,0.35,225,10,0.0,1
369216,3571,-0.34,129,3,0.0,1
369322,3572,-0.30,106,3,0.0,1
369437,3573,-0.03,115,5,0.0,1
369780,3574,0.95,343,18,0.0,1
369916,3575,-0.01,136,6,0.0,1
370123,3576,0.26,207,9,0.0,1
370256,3577,-0.17,133,4,0.0,1
370365,3578,-0.19,109,3,0.0,1
370480,3579,-0.07,115,4,0.0,1
370606,3580,-0.05,126,5,0.0,1
370845,3581,0.57,239,11,0.0,1
370951,3582,-0.19,106,3,0.0,1
371177,3583,0.51,226,11,0.0,1
371400,3584,0.50,223,10,0.0,1
371640,3585,0.65,240,12,0.0,1
371767,3586,0.07,127,6,0.0,1
372010,3587,0.61,243,12,0.0,1
372111,3588,-0.30,101,2,0.0,1
372324,3589,0.38,213,9,0.0,1
372440,3590,-0.05,116,5,0.0,1
372564,3591,0.15,124,6,0.0,1
372814,3592,0.57,250,12,0.0,1
372956,3593,0.13,142,6,0.0,1
373065,3594,-0.12,109,3,0.0,1
373304,3595,0.52,239,11,0.0,1
373422,3596,-0.09,118,4,0.0,1
373629,3597,0.48,207,10,0.0,1
373744,3598,-0.12,115,4,0.0,1
373879,3599,0.11,135,6,0.0,1
374111,3600,0.39,232,10,0.0,1
374219,3601,-0.19,108,3,0.0,1
374325,3602,-0.13,106,4,0.0,1
374571,3603,0.50,246,11,0.0,1
374689,3604,-0.18,118,4,0.0,1
374826,3605,-0.02,137,6,0.0,1
375034,3606,0.21,208,9,0.0,1
375144,3607,-0.45,110,3,0.0,1
375266,3608,-0.12,122,5,0.0,1
375518,3609,0.67,252,13,0.0,1
375644,3610,-0.12,126,5,0.0,1
375912,3611,0.45,268,12,0.0,1
376015,3612,-0.17,103,4,0.0,1
376124,3613,-0.23,109,3,0.0,1
376353,3614,0.24,229,10,0.0,1
376534,3615,0.06,181,7,0.0,1
376781,3616,0.29,247,11,0.0,1
376905,3617,-0.35,124,3,0.0,1
377099,3618,0.04,194,8,0.0,1
377216,3619,-0.09,117,5,0.0,1
377380,3620,0.12,164,8,0.0,1
377500,3621,-0.08,120,6,0.0,1
377726,3622,0.43,226,10,0.0,1
377855,3623,0.11,129,6,0.0,1
377965,3624,-0.22,110,3,0.0,1
378172,3625,0.31,207,8,0.0,1
378283,3626,-0.11,111,3,0.0,1
378531,3627,0.46,248,9,0.0,1
378636,3628,-0.15,105,3,0.0,1
378886,3629,0.63,250,11,0.0,1
379136,3630,0.20,250,10,0.0,1
379262,3631,0.05,126,6,0.0,1
379487,3632,0.49,225,11,0.0,1
379598,3633,-0.12,111,4,0.0,1
379800,3634,0.33,202,8,0.0,1
380183,3635,1.23,383,20,0.0,1
380289,3636,-0.11,106,4,0.0,1
380412,3637,0.04,123,6,0.0,1
380616,3638,0.16,204,8,0.0,1
380729,3639,-0.30,113,4,0.0,1
380999,3640,0.55,270,13,0.0,1
381268,3641,0.71,269,14,0.0,1
381475,3642,0.23,207,10,0.0,1
381581,3643,-0.14,106,3,0.0,1
381705,3644,-0.03,124,5,0.0,1
382033,3645,0.25,328,16,0.0,1
382268,3646,0.07,235,9,0.0,1
382474,3647,0.29,206,11,0.0,1
382587,3648,-0.44,113,3,0.0,1
382934,3649,0.30,347,16,0.0,1
383039,3650,-0.29,105,4,0.0,1
383155,3651,-0.31,116,3,0.0,1
383282,3652,-0.35,127,5,0.0,1
383397,3653,-0.37,115,3,0.0,1
383502,3654,-0.43,105,3,0.0,1
383593,3655,-0.45,91,2,0.0,1
383706,3656,-0.19,113,4,0.0,1
383854,3657,-0.05,148,7,0.0,1
383963,3658,-0.04,109,5,0.0,1
384090,3659,-0.33,127,6,0.0,1
384279,3660,-0.88,189,8,0.0,1
384447,3661,-0.33,168,8,0.0,1
384545,3662,-0.99,98,1,0.0,1
384678,3663,-0.51,133,6,0.0,1
384905,3664,-0.68,227,9,0.0,1
385075,3665,-0.37,170,8,0.0,1
385239,3666,-0.41,164,7,0.0,1
385424,3667,0.09,185,9,0.0,1
385633,3668,-0.33,209,9,0.0,1
385865,3669,-0.58,232,10,0.0,1
385981,3670,-0.55,116,4,0.0,1
386201,3671,-0.66,220,10,0.0,1
386310,3672,-0.33,109,4,0.0,1
386416,3673,-0.67,106,3,0.0,1
386541,3674,-0.37,125,6,0.0,1
386681,3675,-0.27,140,6,0.0,1
386826,3676,-0.39,145,6,0.0,1
386931,3677,-0.42,105,4,0.0,1
387043,3678,-0.47,112,4,0.0,1
387295,3679,-0.27,252,11,0.0,1
387422,3680,-0.24,127,6,0.0,1
387617,3681,-0.15,195,8,0.0,1
387734,3682,-0.39,117,4,0.0,1
387808,3683,-0.45,74,2,0.0,1
387914,3684,-0.42,106,4,0.0,1
388046,3685,-0.22,132,6,0.0,1
388171,3686,0.01,125,5,0.0,1
388552,3687,1.13,381,19,0.0,1
388832,3688,0.18,280,13,0.0,1
388956,3689,-0.49,124,4,0.0,1
389144,3690,-0.16,188,8,0.0,1
389262,3691,-0.33,118,4,0.0,1
389482,3692,-0.19,220,10,0.0,1
389603,3693,-0.06,121,6,0.0,1
389746,3694,0.06,143,7,0.0,1
390040,3695,0.37,294,13,0.0,1
390230,3696,0.31,190,9,0.0,1
390348,3697,-0.31,118,4,0.0,1
390470,3698,-0.26,122,4,0.0,1
390653,3699,0.20,183,8,0.0,1
390837,3700,0.25,184,8,0.0,1
391076,3701,0.45,239,12,0.0,1
391184,3702,-0.23,108,3,0.0,1
391308,3703,-0.05,124,5,0.0,1
391436,3704,0.05,128,5,0.0,1
391549,3705,-0.04,113,5,0.0,1
391816,3706,0.61,267,13,0.0,1
391936,3707,-0.04,120,5,0.0,1
392276,3708,0.61,340,15,0.0,1
392503,3709,0.15,227,8,0.0,1
392742,3710,0.56,239,12,0.0,1
392976,3711,0.52,234,12,0.0,1
393090,3712,-0.01,114,5,0.0,1
393226,3713,-0.03,136,6,0.0,1
393545,3714,0.75,319,15,0.0,1
393778,3715,0.43,233,12,0.0,1
394079,3716,0.69,301,15,0.0,1
394331,3717,0.58,252,13,0.0,1
394567,3718,0.28,236,10,0.0,1
394687,3719,-0.07,120,6,0.0,1
394808,3720,-0.16,121,4,0.0,1
395022,3721,0.16,214,9,0.0,1
395135,3722,-0.19,113,4,0.0,1
395254,3723,-0.16,119,5,0.0,1
395355,3724,-0.17,101,3,0.0,1
395475,3725,-0.07,120,4,0.0,1
395602,3726,0.17,127,6,0.0,1
395724,3727,-0.05,122,4,0.0,1
395837,3728,-0.22,113,3,0.0,1
396067,3729,0.67,230,11,0.0,1
396332,3730,0.76,265,13,0.0,1
396433,3731,-0.17,101,3,0.0,1
396535,3732,-0.19,102,3,0.0,1
396639,3733,-0.01,104,4,0.0,1
396862,3734,0.55,223,10,0.0,1
397087,3735,0.47,225,10,0.0,1
397335,3736,0.77,248,13,0.0,1
397475,3737,-0.17,140,6,0.0,1
397582,3738,-0.27,107,3,0.0,1
397705,3739,-0.38,123,6,0.0,1
397951,3740,0.46,246,14,0.0,1
398127,3741,-0.15,176,7,0.0,1
398258,3742,-0.21,131,5,0.0,1
398378,3743,-0.21,120,4,0.0,1
398488,3744,-0.09,110,4,0.0,1
398655,3745,0.15,167,7,0.0,1
398817,3746,0.19,162,7,0.0,1
398932,3747,-0.05,115,4,0.0,1
399052,3748,0.03,120,5,0.0,1
399180,3749,0.08,128,6,0.0,1
399285,3750,-0.20,105,3,0.0,1
399387,3751,-0.43,102,2,0.0,1
399608,3752,0.13,221,10,0.0,1
399735,3753,-0.09,127,6,0.0,1
399917,3754,0.09,182,8,0.0,1
400235,3755,0.62,318,16,0.0,1
400370,3756,0.15,135,7,0.0,1
400482,3757,-0.23,112,3,0.0,1
400579,3758,-0.29,97,3,0.0,1
400687,3759,-0.36,108,3,0.0,1
400803,3760,-0.15,116,4,0.0,1
400937,3761,0.07,134,6,0.0,1
401062,3762,0.02,125,6,0.0,1
401278,3763,0.46,216,11,0.0,1
401410,3764,-0.31,132,4,0.0,1
401584,3765,0.11,174,7,0.0,1
401701,3766,-0.13,117,4,0.0,1
401935,3767,0.50,234,11,0.0,1
402130,3768,0.34,195,9,0.0,1
402251,3769,-0.10,121,5,0.0,1
402358,3770,-0.06,107,4,0.0,1
402579,3771,0.50,221,10,0.0,1
402693,3772,-0.09,114,4,0.0,1
402921,3773,0.46,228,10,0.0,1
403140,3774,0.45,219,10,0.0,1
403261,3775,-0.02,121,4,0.0,1
403374,3776,0.04,113,5,0.0,1
403506,3777,0.13,132,6,0.0,1
403723,3778,0.32,217,11,0.0,1
403888,3779,0.28,165,8,0.0,1
404085,3780,0.18,197,9,0.0,1
404390,3781,0.26,305,15,0.0,1
404621,3782,0.23,231,10,0.0,1
404834,3783,0.09,213,9,0.0,1
405138,3784,0.55,304,14,0.0,1
405251,3785,-0.07,113,4,0.0,1
405480,3786,0.53,229,11,0.0,1
405733,3787,0.22,253,12,0.0,1
405999,3788,0.51,266,14,0.0,1
406223,3789,0.15,224,10,0.0,1
406603,3790,0.33,380,17,0.0,1
406803,3791,0.11,200,7,0.0,1
407078,3792,0.47,275,13,0.0,1
407204,3793,-0.03,126,6,0.0,1
407488,3794,0.17,284,14,0.0,1
407714,3795,0.37,226,11,0.0,1
407866,3796,0.10,152,8,0.0,1
407999,3797,-0.01,133,6,0.0,1
408209,3798,0.12,210,9,0.0,1
408427,3799,0.21,218,9,0.0,1
408735,3800,0.81,308,14,0.0,1
408960,3801,0.28,225,9,0.0,1
409199,3802,0.37,239,11,0.0,1
409402,3803,0.25,203,8,0.0,1
409734,3804,1.07,332,15,0.0,1
409989,3805,0.43,255,12,0.0,1
410110,3806,-0.29,121,4,0.0,1
410343,3807,0.53,233,11,0.0,1
410456,3808,0.08,113,5,0.0,1
410786,3809,1.17,330,17,0.0,1
410917,3810,0.05,131,5,0.0,1
411129,3811,0.12,212,8,0.0,1
411258,3812,0.18,129,6,0.0,1
411456,3813,0.13,198,7,0.0,1
411681,3814,0.47,225,10,0.0,1
411819,3815,0.13,138,6,0.0,1
411945,3816,0.15,126,6,0.0,1
412371,3817,1.08,426,21,0.0,1
412566,3818,0.22,195,8,0.0,1
412803,3819,0.57,237,11,0.0,1
412952,3820,0.12,149,6,0.0,1
413192,3821,0.61,240,12,0.0,1
413518,3822,0.91,326,16,0.0,1
413630,3823,-0.25,112,3,0.0,1
413878,3824,0.38,248,12,0.0,1
413983,3825,-0.44,105,3,0.0,1
414176,3826,0.15,193,10,0.0,1
414302,3827,-0.12,126,5,0.0,1
414426,3828,-0.02,124,5,0.0,1
414679,3829,-0.31,253,12,0.0,1
414896,3830,0.29,217,9,0.0,1
415072,3831,0.01,176,8,0.0,1
415180,3832,-0.17,108,4,0.0,1
415287,3833,-0.40,107,3,0.0,1
415420,3834,0.01,133,6,0.0,1
415664,3835,0.51,244,12,0.0,1
415775,3836,-0.20,111,5,0.0,1
415977,3837,-0.00,202,7,0.0,1
416094,3838,0.09,117,5,0.0,1
416203,3839,-0.16,109,4,0.0,1
416602,3840,0.36,399,19,0.0,1
416926,3841,0.77,324,16,0.0,1
417126,3842,0.35,200,9,0.0,1
417288,3843,0.17,162,7,0.0,1
417672,3844,0.81,384,19,0.0,1
417777,3845,-0.10,105,4,0.0,1
417881,3846,-0.14,104,4,0.0,1
418187,3847,0.75,306,15,0.0,1
418426,3848,0.44,239,12,0.0,1
418623,3849,0.36,197,10,0.0,1
418908,3850,0.88,285,16,0.0,1
419210,3851,0.51,302,14,0.0,1
419460,3852,0.51,250,12,0.0,1
419722,3853,0.44,262,13,0.0,1
419943,3854,0.29,221,10,0.0,1
420174,3855,0.59,231,12,0.0,1
420405,3856,0.60,231,10,0.0,1
420628,3857,0.35,223,9,0.0,1
420856,3858,0.51,228,10,0.0,1
421101,3859,0.50,245,10,0.0,1
421209,3860,-0.11,108,3,0.0,1
421321,3861,0.02,112,4,0.0,1
421427,3862,-0.08,106,3,0.0,1
421566,3863,0.08,139,6,0.0,1
421671,3864,-0.02,105,4,0.0,1
422090,3865,1.45,419,21,0.0,1
422216,3866,0.16,126,6,0.0,1
422509,3867,0.90,293,16,0.0,1
422636,3868,-0.01,127,5,0.0,1
422739,3869,-0.09,103,4,0.0,1
422884,3870,0.11,145,6,0.0,1
423088,3871,0.29,204,10,0.0,1
423298,3872,0.23,210,9,0.0,1
423623,3873,0.90,325,17,0.0,1
423835,3874,-0.04,212,10,0.0,1
423936,3875,-0.36,101,3,0.0,1
424034,3876,-0.02,98,4,0.0,1
424180,3877,0.09,146,6,0.0,1
424500,3878,0.59,320,14,0.0,1
424610,3879,-0.24,110,3,0.0,1
424731,3880,0.11,121,6,0.0,1
424851,3881,0.08,120,6,0.0,1
425133,3882,0.55,282,13,0.0,1
425239,3883,-0.23,106,3,0.0,1
425484,3884,0.28,245,11,0.0,1
425606,3885,0.08,122,5,0.0,1
425857,3886,0.68,251,13,0.0,1
426072,3887,0.59,215,11,0.0,1
426282,3888,0.25,210,9,0.0,1
426503,3889,0.44,221,9,0.0,1
426717,3890,0.39,214,10,0.0,1
427028,3891,0.92,311,15,0.0,1
427127,3892,-0.17,99,3,0.0,1
427248,3893,-0.03,121,5,0.0,1
427488,3894,0.61,240,11,0.0,1
427667,3895,0.08,179,7,0.0,1
427886,3896,0.43,219,9,0.0,1
428128,3897,0.45,242,11,0.0,1
428244,3898,-0.01,116,4,0.0,1
428356,3899,-0.01,112,4,0.0,1
428595,3900,0.57,239,11,0.0,1
428765,3901,0.15,170,7,0.0,1
428872,3902,-0.16,107,3,0.0,1
428997,3903,0.12,125,6,0.0,1
429108,3904,0.12,111,5,0.0,1
429231,3905,0.04,123,5,0.0,1
429349,3906,-0.05,118,4,0.0,1
429472,3907,-0.19,123,4,0.0,1
429717,3908,0.58,245,11,0.0,1
429961,3909,0.60,244,11,0.0,1
430096,3910,0.01,135,5,0.0,1
430223,3911,0.13,127,6,0.0,1
430324,3912,-0.11,101,3,0.0,1
430425,3913,-0.16,101,3,0.0,1
430668,3914,0.61,243,12,0.0,1
430930,3915,0.71,262,13,0.0,1
431048,3916,0.07,118,5,0.0,1
431276,3917,0.65,228,11,0.0,1
431503,3918,0.61,227,11,0.0,1
431751,3919,0.67,248,12,0.0,1
431862,3920,0.10,111,5,0.0,1
432091,3921,0.44,229,10,0.0,1
432206,3922,-0.07,115,4,0.0,1
432388,3923,0.25,182,7,0.0,1
432561,3924,0.22,173,7,0.0,1
432781,3925,0.47,220,10,0.0,1
432981,3926,0.37,200,9,0.0,1
433116,3927,0.05,135,5,0.0,1
433249,3928,0.08,133,6,0.0,1
433555,3929,0.83,306,14,0.0,1
433790,3930,0.65,235,11,0.0,1
433922,3931,-0.05,132,4,0.0,1
434044,3932,-0.03,122,4,0.0,1
434171,3933,0.04,127,6,0.0,1
434284,3934,-0.06,113,4,0.0,1
434397,3935,-0.07,113,4,0.0,1
434642,3936,0.67,245,11,0.0,1
434835,3937,0.33,193,8,0.0,1
435097,3938,0.63,262,12,0.0,1
435237,3939,0.07,140,5,0.0,1
435455,3940,0.49,218,10,0.0,1
435833,3941,0.97,378,16,0.0,1
435956,3942,-0.14,123,4,0.0,1
436353,3943,1.02,397,17,0.0,1
436476,3944,-0.01,123,5,0.0,1
436738,3945,0.73,262,14,0.0,1
436870,3946,-0.01,132,6,0.0,1
437129,3947,0.55,259,11,0.0,1
437334,3948,0.39,205,9,0.0,1
437537,3949,0.21,203,9,0.0,1
437639,3950,-0.27,102,3,0.0,1
437744,3951,-0.37,105,3,0.0,1
437978,3952,0.14,234,10,0.0,1
438156,3953,0.12,178,8,0.0,1
438281,3954,-0.25,125,5,0.0,1
438515,3955,0.29,234,11,0.0,1
438699,3956,-0.05,184,7,0.0,1
438909,3957,0.21,210,10,0.0,1
439026,3958,-0.05,117,6,0.0,1
439153,3959,-0.10,127,6,0.0,1
439260,3960,-0.32,107,2,0.0,1
439377,3961,-0.23,117,4,0.0,1
439604,3962,0.53,227,13,0.0,1
439717,3963,-0.35,113,3,0.0,1
439827,3964,-0.14,110,4,0.0,1
439941,3965,-0.15,114,4,0.0,1
440091,3966,-0.00,150,7,0.0,1
440322,3967,0.50,231,12,0.0,1
440568,3968,0.29,246,12,0.0,1
440697,3969,0.09,129,6,0.0,1
440921,3970,0.33,224,13,0.0,1
441145,3971,0.11,224,11,0.0,1
441338,3972,0.10,193,10,0.0,1
441449,3973,-0.12,111,5,0.0,1
441554,3974,-0.41,105,3,0.0,1
441765,3975,0.19,211,10,0.0,1
441926,3976,-0.03,161,7,0.0,1
442042,3977,-0.18,116,4,0.0,1
442257,3978,0.01,215,9,0.0,1
442551,3979,0.34,294,15,0.0,1
442756,3980,0.06,205,11,0.0,1
442877,3981,-0.33,121,6,0.0,1
443003,3982,-0.31,126,5,0.0,1
443250,3983,-0.18,247,11,0.0,1
443381,3984,-0.33,131,5,0.0,1
443670,3985,0.21,289,15,0.0,1
443898,3986,0.37,228,13,0.0,1
444023,3987,0.01,125,6,0.0,1
444216,3988,-0.04,193,8,0.0,1
444467,3989,0.73,251,14,0.0,1
444580,3990,-0.19,113,4,0.0,1
444782,3991,0.15,202,8,0.0,1
444899,3992,-0.09,117,5,0.0,1
445130,3993,0.06,231,9,0.0,1
445350,3994,0.26,220,11,0.0,1
445561,3995,0.18,211,10,0.0,1
445721,3996,0.22,160,7,0.0,1
445836,3997,-0.08,115,5,0.0,1
445942,3998,-0.08,106,5,0.0,1
446051,3999,-0.12,109,5,0.0,1
446215,4000,0.19,164,9,0.0,1
446467,4001,0.47,252,13,0.0,1
446714,4002,0.34,247,11,0.0,1
446921,4003,0.48,207,10,0.0,1
447218,4004,0.66,297,15,0.0,1
447374,4005,0.11,156,7,0.0,1
447589,4006,0.15,215,10,0.0,1
447713,4007,-0.13,124,4,0.0,1
447835,4008,-0.17,122,4,0.0,1
448190,4009,0.66,355,18,0.0,1
448312,4010,-0.24,122,5,0.0,1
448525,4011,0.27,213,10,0.0,1
448652,4012,-0.09,127,6,0.0,1
448775,4013,-0.36,123,5,0.0,1
448987,4014,-0.01,212,9,0.0,1
449212,4015,0.24,225,12,0.0,1
449343,4016,-0.03,131,6,0.0,1
449481,4017,-0.26,138,7,0.0,1
449717,4018,0.10,236,11,0.0,1
450044,4019,0.08,327,15,0.0,1
450290,4020,0.47,246,13,0.0,1
450391,4021,-0.32,101,4,0.0,1
450704,4022,0.44,313,15,0.0,1
451054,4023,0.58,350,17,0.0,1
451278,4024,0.63,224,12,0.0,1
451693,4025,0.59,415,20,0.0,1
451924,4026,0.31,231,11,0.0,1
452132,4027,0.36,208,10,0.0,1
452312,4028,-0.07,180,8,0.0,1
452547,4029,0.52,235,13,0.0,1
452756,4030,0.04,209,11,0.0,1
452992,4031,0.53,236,13,0.0,1
453207,4032,0.01,215,10,0.0,1
453313,4033,-0.25,106,4,0.0,1
453419,4034,-0.21,106,4,0.0,1
453738,4035,-0.11,319,14,0.0,1
454086,4036,1.09,348,18,0.0,1
454197,4037,-0.33,111,3,0.0,1
454310,4038,-0.17,113,5,0.0,1
454492,4039,-0.11,182,7,0.0,1
454627,4040,-0.16,135,6,0.0,1
454912,4041,0.77,285,15,0.0,1
455189,4042,0.85,277,15,0.0,1
455481,4043,0.63,292,15,0.0,1
455865,4044,0.74,384,20,0.0,1
455988,4045,-0.02,123,6,0.0,1
456186,4046,0.07,198,8,0.0,1
456450,4047,0.43,264,12,0.0,1
456605,4048,0.13,155,7,0.0,1
456728,4049,-0.02,123,6,0.0,1
456949,4050,0.44,221,11,0.0,1
457184,4051,0.49,235,11,0.0,1
457526,4052,1.14,342,18,0.0,1
457893,4053,0.43,367,18,0.0,1
458146,4054,0.23,253,12,0.0,1
458280,4055,0.03,134,6,0.0,1
458412,4056,-0.16,132,6,0.0,1
458692,4057,0.48,280,15,0.0,1
458905,4058,0.40,213,11,0.0,1
459134,4059,0.45,229,11,0.0,1
459320,4060,-0.05,186,8,0.0,1
459539,4061,0.28,219,10,0.0,1
459647,4062,-0.23,108,3,0.0,1
459772,4063,-0.22,125,4,0.0,1
460006,4064,0.33,234,11,0.0,1
460127,4065,-0.14,121,5,0.0,1
460232,4066,-0.07,105,4,0.0,1
460361,4067,-0.02,129,4,0.0,1
460489,4068,-0.04,128,6,0.0,1
460594,4069,-0.07,105,4,0.0,1
460864,4070,0.47,270,13,0.0,1
460976,4071,-0.21,112,3,0.0,1
461094,4072,-0.13,118,5,0.0,1
461230,4073,0.08,136,6,0.0,1
461489,4074,0.42,259,13,0.0,1
461599,4075,-0.23,110,3,0.0,1
461705,4076,-0.01,106,5,0.0,1
461921,4077,0.54,216,10,0.0,1
462077,4078,0.19,156,7,0.0,1
462324,4079,0.73,247,13,0.0,1
462539,4080,0.58,215,11,0.0,1
462743,4081,0.46,204,10,0.0,1
462903,4082,0.09,160,7,0.0,1
463010,4083,-0.49,107,3,0.0,1
463230,4084,0.17,220,11,0.0,1
463450,4085,0.30,220,12,0.0,1
463555,4086,-0.21,105,5,0.0,1
463661,4087,-0.29,106,4,0.0,1
463770,4088,0.03,109,5,0.0,1
463871,4089,-0.33,101,4,0.0,1
464192,4090,0.47,321,15,0.0,1
464338,4091,0.05,146,7,0.0,1
464461,4092,-0.19,123,5,0.0,1
464581,4093,0.03,120,6,0.0,1
464801,4094,0.10,220,10,0.0,1
464956,4095,0.17,155,7,0.0,1
465080,4096,0.07,124,6,0.0,1
465435,4097,0.61,355,17,0.0,1
465545,4098,-0.18,110,5,0.0,1
465893,4099,1.12,348,18,0.0,1
466120,4100,0.39,227,10,0.0,1
466368,4101,0.46,248,13,0.0,1
466613,4102,0.37,245,13,0.0,1
466937,4103,0.55,324,16,0.0,1
467133,4104,0.39,196,10,0.0,1
467481,4105,0.18,348,18,0.0,1
467697,4106,0.22,216,9,0.0,1
467942,4107,0.49,245,13,0.0,1
468235,4108,-0.08,293,14,0.0,1
468463,4109,0.11,228,11,0.0,1
468706,4110,0.44,243,12,0.0,1
468920,4111,0.20,214,10,0.0,1
469042,4112,-0.24,122,5,0.0,1
469273,4113,0.55,231,12,0.0,1
469581,4114,0.89,308,17,0.0,1
469954,4115,0.29,373,17,0.0,1
470202,4116,0.41,248,12,0.0,1
470441,4117,0.71,239,13,0.0,1
470671,4118,0.62,230,11,0.0,1
470775,4119,-0.19,104,4,0.0,1
470878,4120,-0.23,103,3,0.0,1
471108,4121,0.49,230,10,0.0,1
471220,4122,-0.00,112,5,0.0,1
471500,4123,0.55,280,13,0.0,1
471795,4124,0.80,295,14,0.0,1
472008,4125,0.39,213,10,0.0,1
472202,4126,0.29,194,8,0.0,1
472337,4127,0.14,135,6,0.0,1
472461,4128,-0.02,124,5,0.0,1
472614,4129,0.05,153,6,0.0,1
472808,4130,0.33,194,9,0.0,1
472926,4131,-0.04,118,5,0.0,1
473048,4132,-0.03,122,5,0.0,1
473161,4133,-0.09,113,4,0.0,1
473267,4134,-0.26,106,3,0.0,1
473392,4135,0.01,125,5,0.0,1
473634,4136,0.55,242,13,0.0,1
473769,4137,-0.07,135,5,0.0,1
473943,4138,0.07,174,8,0.0,1
474304,4139,1.16,361,18,0.0,1
474512,4140,0.29,208,9,0.0,1
474733,4141,0.48,221,10,0.0,1
474955,4142,0.46,222,11,0.0,1
475174,4143,0.27,219,9,0.0,1
475340,4144,0.25,166,8,0.0,1
475546,4145,0.21,206,8,0.0,1
475733,4146,0.15,187,7,0.0,1
476029,4147,0.95,296,15,0.0,1
476417,4148,0.81,388,20,0.0,1
476654,4149,0.47,237,12,0.0,1
476972,4150,0.84,318,16,0.0,1
477201,4151,0.43,229,11,0.0,1
477391,4152,0.19,190,8,0.0,1
477496,4153,-0.21,105,4,0.0,1
477613,4154,-0.03,117,5,0.0,1
477857,4155,0.49,244,11,0.0,1
478090,4156,0.61,233,12,0.0,1
478241,4157,0.08,151,6,0.0,1
478372,4158,0.01,131,6,0.0,1
478494,4159,0.13,122,6,0.0,1
478765,4160,0.69,271,14,0.0,1
478867,4161,-0.17,102,4,0.0,1
479114,4162,0.30,247,11,0.0,1
479242,4163,-0.02,128,5,0.0,1
479437,4164,0.35,195,8,0.0,1
479812,4165,1.07,375,19,0.0,1
480053,4166,0.39,241,9,0.0,1
480415,4167,1.01,362,17,0.0,1
480635,4168,0.38,220,9,0.0,1
480741,4169,-0.02,106,4,0.0,1
480858,4170,0.07,117,5,0.0,1
480964,4171,-0.14,106,3,0.0,1
481070,4172,-0.15,106,3,0.0,1
481364,4173,0.91,294,15,0.0,1
481575,4174,0.36,211,10,0.0,1
481805,4175,0.52,230,11,0.0,1
482030,4176,0.50,225,11,0.0,1
482344,4177,0.84,314,15,0.0,1
482480,4178,0.09,136,6,0.0,1
482690,4179,0.24,210,9,0.0,1
482907,4180,0.41,217,9,0.0,1
483038,4181,-0.01,131,5,0.0,1
483237,4182,0.38,199,10,0.0,1
483456,4183,0.44,219,9,0.0,1
483774,4184,1.10,318,17,0.0,1
483954,4185,0.24,180,7,0.0,1
484158,4186,0.43,204,9,0.0,1
484616,4187,1.33,458,20,0.0,1
484726,4188,-0.15,110,3,0.0,1
484996,4189,0.82,270,14,0.0,1
485129,4190,-0.12,133,5,0.0,1
485473,4191,1.23,344,18,0.0,1
485699,4192,0.65,226,11,0.0,1
485925,4193,0.65,226,11,0.0,1
486159,4194,0.59,234,11,0.0,1
486342,4195,0.44,183,9,0.0,1
486485,4196,0.07,143,7,0.0,1
486616,4197,-0.01,131,5,0.0,1
486731,4198,-0.01,115,4,0.0,1
486975,4199,0.87,244,13,0.0,1
487218,4200,0.44,243,10,0.0,1
487444,4201,0.53,226,11,0.0,1
487559,4202,-0.09,115,4,0.0,1
487651,4203,-0.13,92,3,0.0,1
488090,4204,1.16,439,22,0.0,1
488492,4205,1.74,402,22,0.0,1
488823,4206,1.18,331,17,0.0,1
489057,4207,0.47,234,11,0.0,1
489288,4208,0.47,231,11,0.0,1
489727,4209,1.27,439,23,0.0,1
490063,4210,0.83,336,14,0.0,1
490203,4211,0.13,140,6,0.0,1
490326,4212,-0.03,123,5,0.0,1
490536,4213,0.23,210,7,0.0,1
490765,4214,0.64,229,11,0.0,1
490992,4215,0.39,227,9,0.0,1
491217,4216,0.51,225,11,0.0,1
491527,4217,0.93,310,15,0.0,1
491945,4218,1.32,418,21,0.0,1
492196,4219,0.70,251,13,0.0,1
492439,4220,0.69,243,13,0.0,1
492568,4221,0.03,129,6,0.0,1
492990,4222,1.29,422,23,0.0,1
493332,4223,1.07,342,16,0.0,1
493440,4224,-0.02,108,4,0.0,1
493625,4225,0.20,185,9,0.0,1
493816,4226,0.32,191,8,0.0,1
494149,4227,0.95,333,16,0.0,1
494491,4228,1.09,342,16,0.0,1
494622,4229,-0.07,131,6,0.0,1
494925,4230,0.85,303,14,0.0,1
495210,4231,0.83,285,14,0.0,1
495682,4232,1.67,472,24,0.0,1
495890,4233,0.43,208,10,0.0,1
496258,4234,1.01,368,17,0.0,1
496654,4235,1.56,396,21,0.0,1
496967,4236,0.73,313,13,0.0,1
497213,4237,0.35,246,10,0.0,1
497356,4238,0.06,143,6,0.0,1
497479,4239,-0.01,123,5,0.0,1
497708,4240,0.57,229,11,0.0,1
497840,4241,0.07,132,6,0.0,1
498072,4242,0.40,232,10,0.0,1
498300,4243,0.46,228,11,0.0,1
498752,4244,1.18,452,24,0.0,1
498873,4245,0.04,121,5,0.0,1
499010,4246,0.15,137,6,0.0,1
499120,4247,-0.24,110,4,0.0,1
499358,4248,0.71,238,13,0.0,1
499489,4249,0.01,131,6,0.0,1
499638,4250,0.07,149,7,0.0,1
500016,4251,1.18,378,19,0.0,1
500452,4252,1.28,436,23,0.0,1
500796,4253,1.27,344,18,0.0,1
501143,4254,0.56,347,18,0.0,1
501474,4255,1.04,331,16,0.0,1
501597,4256,-0.12,123,5,0.0,1
501791,4257,0.30,194,9,0.0,1
501920,4258,0.12,129,6,0.0,1
502115,4259,0.14,195,8,0.0,1
502557,4260,1.21,442,19,0.0,1
502680,4261,-0.29,123,4,0.0,1
502922,4262,0.58,242,11,0.0,1
503026,4263,-0.15,104,3,0.0,1
503257,4264,0.72,231,12,0.0,1
503481,4265,0.42,224,10,0.0,1
503729,4266,0.65,248,11,0.0,1
503941,4267,0.44,212,10,0.0,1
504118,4268,-0.07,177,6,0.0,1
504358,4269,0.70,240,13,0.0,1
504610,4270,0.39,252,13,0.0,1
504963,4271,1.17,353,18,0.0,1
505287,4272,0.81,324,15,0.0,1
505457,4273,0.26,170,8,0.0,1
505666,4274,0.31,209,9,0.0,1
505897,4275,0.60,231,11,0.0,1
506008,4276,-0.03,111,5,0.0,1
506324,4277,0.87,316,15,0.0,1
506445,4278,0.02,121,6,0.0,1
506667,4279,0.58,222,12,0.0,1
506790,4280,0.02,123,5,0.0,1
506935,4281,0.15,145,7,0.0,1
507056,4282,-0.10,121,4,0.0,1
507489,4283,0.80,433,22,0.0,1
507691,4284,0.42,202,9,0.0,1
507848,4285,0.16,157,7,0.0,1
508077,4286,0.57,229,10,0.0,1
508284,4287,0.30,207,9,0.0,1
508392,4288,-0.05,108,5,0.0,1
508758,4289,0.89,366,19,0.0,1
509012,4290,0.60,254,13,0.0,1
509452,4291,1.65,440,23,0.0,1
509689,4292,0.25,237,10,0.0,1
509820,4293,-0.03,131,5,0.0,1
509925,4294,0.01,105,5,0.0,1
510237,4295,0.94,312,16,0.0,1
510392,4296,0.13,155,7,0.0,1
510552,4297,0.14,160,7,0.0,1
510867,4298,0.65,315,15,0.0,1
511154,4299,0.82,287,15,0.0,1
511267,4300,0.02,113,5,0.0,1
511647,4301,1.39,380,20,0.0,1
512057,4302,0.37,410,17,0.0,1
512367,4303,0.53,310,14,0.0,1
512672,4304,0.65,305,15,0.0,1
513002,4305,0.93,330,17,0.0,1
513266,4306,-0.05,264,13,0.0,1
513522,4307,0.62,256,13,0.0,1
513831,4308,0.35,309,15,0.0,1
514131,4309,-0.45,300,14,0.0,1
514390,4310,0.61,259,13,0.0,1
514753,4311,1.16,363,20,0.0,1
515089,4312,-0.01,336,17,0.0,1
515342,4313,0.53,253,13,0.0,1
515469,4314,-0.11,127,5,0.0,1
515662,4315,0.38,193,9,0.0,1
516088,4316,0.68,426,21,0.0,1
516313,4317,0.43,225,11,0.0,1
516441,4318,-0.01,128,5,0.0,1
516566,4319,-0.01,125,5,0.0,1
516706,4320,0.01,140,6,0.0,1
516942,4321,0.60,236,12,0.0,1
517051,4322,-0.44,109,2,0.0,1
517448,4323,0.22,397,17,0.0,1
517672,4324,0.27,224,10,0.0,1
517833,4325,0.12,161,7,0.0,1
518066,4326,0.59,233,12,0.0,1
518174,4327,-0.06,108,4,0.0,1
518302,4328,0.17,128,6,0.0,1
518407,4329,-0.23,105,4,0.0,1
518551,4330,0.04,144,6,0.0,1
518776,4331,0.41,225,10,0.0,1
519019,4332,0.65,243,13,0.0,1
519283,4333,0.46,264,12,0.0,1
519521,4334,0.35,238,12,0.0,1
519791,4335,0.71,270,13,0.0,1
520019,4336,0.41,228,11,0.0,1
520372,4337,1.12,353,19,0.0,1
520528,4338,0.09,156,7,0.0,1
520762,4339,0.44,234,11,0.0,1
520909,4340,-0.10,147,7,0.0,1
521040,4341,-0.09,131,6,0.0,1
521239,4342,0.09,199,9,0.0,1
521552,4343,0.72,313,16,0.0,1
521870,4344,0.98,318,16,0.0,1
521992,4345,-0.11,122,4,0.0,1
522340,4346,-0.01,348,17,0.0,1
522486,4347,0.00,146,6,0.0,1
522833,4348,0.14,347,18,0.0,1
523217,4349,0.73,384,19,0.0,1
523675,4350,0.98,458,21,0.0,1
523906,4351,0.59,231,11,0.0,1
524217,4352,0.67,311,14,0.0,1
524419,4353,0.37,202,10,0.0,1
524592,4354,0.12,173,7,0.0,1
524813,4355,0.50,221,11,0.0,1
525039,4356,0.44,226,10,0.0,1
525161,4357,-0.14,122,4,0.0,1
525385,4358,0.41,224,11,0.0,1
525496,4359,-0.07,111,4,0.0,1
525717,4360,0.43,221,10,0.0,1
525898,4361,0.23,181,8,0.0,1
526022,4362,-0.09,124,5,0.0,1
526196,4363,-0.05,174,7,0.0,1
526426,4364,0.32,230,11,0.0,1
526637,4365,0.23,211,10,0.0,1
526772,4366,0.07,135,5,0.0,1
527119,4367,0.84,347,16,0.0,1
527359,4368,0.59,240,11,0.0,1
527497,4369,-0.01,138,5,0.0,1
527717,4370,0.55,220,12,0.0,1
527937,4371,0.48,220,10,0.0,1
528252,4372,1.18,315,18,0.0,1
528581,4373,0.98,329,17,0.0,1
528802,4374,0.59,221,11,0.0,1
529186,4375,0.58,384,19,0.0,1
529567,4376,1.50,381,21,0.0,1
529715,4377,0.19,148,7,0.0,1
529922,4378,0.38,207,9,0.0,1
530243,4379,0.86,321,15,0.0,1
530356,4380,-0.14,113,4,0.0,1
530573,4381,0.65,217,11,0.0,1
530875,4382,0.96,302,15,0.0,1
531117,4383,0.57,242,12,0.0,1
531380,4384,0.58,263,12,0.0,1
531599,4385,0.15,219,9,0.0,1
531849,4386,0.61,250,13,0.0,1
532140,4387,0.98,291,15,0.0,1
532338,4388,0.31,198,9,0.0,1
532715,4389,1.23,377,19,0.0,1
533015,4390,0.77,300,16,0.0,1
533209,4391,0.06,194,8,0.0,1
533357,4392,0.23,148,7,0.0,1
533768,4393,1.13,411,21,0.0,1
533977,4394,0.41,209,10,0.0,1
534201,4395,0.54,224,11,0.0,1
534307,4396,-0.28,106,3,0.0,1
534513,4397,0.33,206,9,0.0,1
534858,4398,0.82,345,19,0.0,1
535300,4399,1.03,442,20,0.0,1
535647,4400,0.85,347,17,0.0,1
535869,4401,0.32,222,11,0.0,1
536087,4402,0.23,218,9,0.0,1
536358,4403,0.52,271,11,0.0,1
536491,4404,0.06,133,6,0.0,1
536595,4405,-0.07,104,4,0.0,1
536780,4406,0.42,185,9,0.0,1
537035,4407,0.64,255,13,0.0,1
537227,4408,0.35,192,9,0.0,1
537453,4409,0.39,226,11,0.0,1
537713,4410,0.69,260,13,0.0,1
537833,4411,0.12,120,6,0.0,1
538062,4412,0.68,229,12,0.0,1
538287,4413,0.33,225,10,0.0,1
538402,4414,-0.25,115,4,0.0,1
538648,4415,0.58,246,11,0.0,1
538987,4416,0.96,339,16,0.0,1
539116,4417,-0.01,129,6,0.0,1
539219,4418,-0.15,103,4,0.0,1
539556,4419,0.36,337,17,0.0,1
539784,4420,0.58,228,11,0.0,1
540016,4421,0.45,232,11,0.0,1
540122,4422,-0.23,106,3,0.0,1
540246,4423,0.04,124,5,0.0,1
540379,4424,-0.05,133,6,0.0,1
540607,4425,0.63,228,11,0.0,1
540835,4426,0.46,228,12,0.0,1
540970,4427,0.03,135,6,0.0,1
541160,4428,0.31,190,8,0.0,1
541354,4429,0.20,194,8,0.0,1
541589,4430,0.62,235,11,0.0,1
541684,4431,-0.21,95,2,0.0,1
541892,4432,0.19,208,8,0.0,1
542010,4433,-0.03,118,5,0.0,1
542118,4434,-0.01,108,4,0.0,1
542249,4435,0.02,131,5,0.0,1
542371,4436,0.14,122,6,0.0,1
542516,4437,0.21,145,7,0.0,1
542638,4438,0.04,122,5,0.0,1
543059,4439,1.36,421,21,0.0,1
543185,4440,0.01,126,6,0.0,1
543428,4441,0.65,243,13,0.0,1
543539,4442,-0.14,111,4,0.0,1
543766,4443,0.36,227,9,0.0,1
543897,4444,-0.20,131,5,0.0,1
544105,4445,0.19,208,10,0.0,1
544336,4446,0.61,231,13,0.0,1
544591,4447,0.39,255,12,0.0,1
544741,4448,0.08,150,8,0.0,1
545055,4449,-0.08,314,16,0.0,1
545283,4450,0.65,228,12,0.0,1
545415,4451,0.11,132,6,0.0,1
545679,4452,0.37,264,12,0.0,1
545882,4453,0.23,203,9,0.0,1
546114,4454,0.49,232,13,0.0,1
546332,4455,0.09,218,9,0.0,1
546454,4456,0.02,122,6,0.0,1
546564,4457,0.05,110,6,0.0,1
546732,4458,0.13,168,8,0.0,1
546986,4459,0.71,254,14,0.0,1
547194,4460,0.27,208,8,0.0,1
547445,4461,0.61,251,12,0.0,1
547819,4462,0.54,374,20,0.0,1
548021,4463,0.35,202,9,0.0,1
548281,4464,0.31,260,10,0.0,1
548447,4465,0.15,166,7,0.0,1
548560,4466,-0.11,113,4,0.0,1
548686,4467,0.03,126,5,0.0,1
548801,4468,-0.13,115,5,0.0,1
549107,4469,0.87,306,13,0.0,1
549448,4470,1.04,341,17,0.0,1
549723,4471,0.69,275,14,0.0,1
549979,4472,0.47,256,12,0.0,1
550096,4473,0.03,117,5,0.0,1
550210,4474,-0.29,114,3,0.0,1
550309,4475,-0.21,99,3,0.0,1
550469,4476,0.10,160,6,0.0,1
550690,4477,0.40,221,9,0.0,1
550821,4478,0.03,131,6,0.0,1
550927,4479,-0.08,106,4,0.0,1
551081,4480,0.03,154,6,0.0,1
551189,4481,-0.43,108,2,0.0,1
551270,4482,-0.35,81,1,0.0,1
551536,4483,0.53,266,14,0.0,1
551647,4484,-0.36,111,3,0.0,1
551883,4485,0.30,236,11,0.0,1
552065,4486,0.10,182,7,0.0,1
552181,4487,-0.18,116,4,0.0,1
552415,4488,0.31,234,12,0.0,1
552649,4489,0.33,234,11,0.0,1
552752,4490,-0.18,103,4,0.0,1
552949,4491,0.01,197,10,0.0,1
553055,4492,-0.20,106,3,0.0,1
553275,4493,0.37,220,10,0.0,1
553385,4494,-0.45,110,3,0.0,1
553518,4495,-0.07,133,6,0.0,1
553691,4496,-0.10,173,7,0.0,1
553822,4497,-0.02,131,6,0.0,1
553928,4498,-0.23,106,3,0.0,1
554172,4499,0.54,244,12,0.0,1
554474,4500,0.87,302,16,0.0,1
554650,4501,0.17,176,7,0.0,1
554973,4502,1.10,323,18,0.0,1
555207,4503,0.46,234,10,0.0,1
555457,4504,0.47,250,11,0.0,1
555689,4505,0.37,232,10,0.0,1
555814,4506,0.00,125,5,0.0,1
555977,4507,0.21,163,7,0.0,1
556226,4508,0.53,249,13,0.0,1
556332,4509,-0.22,106,4,0.0,1
556461,4510,-0.21,129,5,0.0,1
556590,4511,0.09,129,6,0.0,1
556793,4512,0.19,203,9,0.0,1
557014,4513,0.35,221,11,0.0,1
557230,4514,0.25,216,8,0.0,1
557424,4515,0.15,194,7,0.0,1
557546,4516,-0.05,122,5,0.0,1
557692,4517,0.01,146,7,0.0,1
557913,4518,0.52,221,11,0.0,1
558040,4519,-0.16,127,5,0.0,1
558145,4520,-0.28,105,3,0.0,1
558477,4521,0.89,332,15,0.0,1
558595,4522,-0.13,118,4,0.0,1
558816,4523,0.33,221,10,0.0,1
558931,4524,-0.13,115,4,0.0,1
559064,4525,0.08,133,6,0.0,1
559183,4526,0.07,119,5,0.0,1
559298,4527,-0.14,115,5,0.0,1
559423,4528,-0.02,125,5,0.0,1
559853,4529,1.13,430,21,0.0,1
560310,4530,0.99,457,21,0.0,1
560420,4531,-0.18,110,4,0.0,1
560567,4532,0.07,147,6,0.0,1
560802,4533,0.45,235,12,0.0,1
560921,4534,0.06,119,6,0.0,1
561288,4535,1.16,367,18,0.0,1
561510,4536,0.43,222,10,0.0,1
561971,4537,1.64,461,23,0.0,1
562089,4538,-0.23,118,4,0.0,1
562328,4539,0.12,239,10,0.0,1
562533,4540,0.43,205,9,0.0,1
562639,4541,-0.13,106,4,0.0,1
562965,4542,1.06,326,17,0.0,1
563316,4543,1.10,351,17,0.0,1
563557,4544,0.40,241,11,0.0,1
563761,4545,0.34,204,9,0.0,1
563996,4546,0.51,235,13,0.0,1
564231,4547,0.52,235,11,0.0,1
564353,4548,-0.01,122,5,0.0,1
564676,4549,0.91,323,16,0.0,1
564824,4550,0.17,148,6,0.0,1
565143,4551,1.02,319,16,0.0,1
565508,4552,0.07,365,18,0.0,1
565871,4553,1.26,363,20,0.0,1
565994,4554,-0.37,123,4,0.0,1
566282,4555,0.37,288,14,0.0,1
566393,4556,0.04,111,5,0.0,1
566632,4557,0.47,239,12,0.0,1
566851,4558,0.54,219,11,0.0,1
567081,4559,0.37,230,11,0.0,1
567391,4560,0.79,310,15,0.0,1
567772,4561,0.97,381,19,0.0,1
567893,4562,-0.02,121,6,0.0,1
568111,4563,0.61,218,11,0.0,1
568480,4564,0.82,369,17,0.0,1
568600,4565,-0.03,120,5,0.0,1
568806,4566,0.41,206,10,0.0,1
569022,4567,0.43,216,10,0.0,1
569234,4568,0.31,212,10,0.0,1
569498,4569,0.57,264,13,0.0,1
569823,4570,1.09,325,17,0.0,1
570232,4571,1.43,409,20,0.0,1
570345,4572,-0.03,113,5,0.0,1
570475,4573,-0.06,130,6,0.0,1
570596,4574,-0.10,121,4,0.0,1
570707,4575,0.09,111,5,0.0,1
570918,4576,0.49,211,10,0.0,1
571136,4577,0.49,218,10,0.0,1
571494,4578,1.03,358,18,0.0,1
571722,4579,0.38,228,10,0.0,1
572070,4580,1.04,348,19,0.0,1
572285,4581,0.37,215,9,0.0,1
572481,4582,0.22,196,9,0.0,1
572704,4583,0.28,223,10,0.0,1
572863,4584,0.14,159,6,0.0,1
572999,4585,-0.03,136,7,0.0,1
573175,4586,-0.13,176,6,0.0,1
573310,4587,0.01,135,6,0.0,1
573410,4588,-0.21,100,4,0.0,1
573698,4589,0.80,288,15,0.0,1
574010,4590,0.97,312,17,0.0,1
574116,4591,-0.17,106,4,0.0,1
574259,4592,0.07,143,6,0.0,1
574381,4593,0.02,122,5,0.0,1
574506,4594,0.01,125,6,0.0,1
574731,4595,0.54,225,12,0.0,1
574924,4596,0.16,193,8,0.0,1
575138,4597,0.26,214,9,0.0,1
575267,4598,-0.29,129,4,0.0,1
575384,4599,-0.23,117,4,0.0,1
575607,4600,0.41,223,11,0.0,1
575713,4601,-0.21,106,4,0.0,1
575821,4602,-0.04,108,5,0.0,1
575991,4603,0.13,170,7,0.0,1
576197,4604,0.47,206,10,0.0,1
576303,4605,-0.04,106,5,0.0,1
576573,4606,0.29,270,10,0.0,1
576853,4607,0.79,280,14,0.0,1
576984,4608,-0.15,131,5,0.0,1
577213,4609,0.61,229,12,0.0,1
577336,4610,-0.11,123,5,0.0,1
577478,4611,0.06,142,6,0.0,1
577689,4612,0.25,211,9,0.0,1
578058,4613,1.35,369,20,0.0,1
578292,4614,0.56,234,12,0.0,1
578624,4615,0.81,332,17,0.0,1
578836,4616,-0.01,212,10,0.0,1
578960,4617,-0.23,124,5,0.0,1
579175,4618,0.47,215,12,0.0,1
579528,4619,0.68,353,17,0.0,1
579633,4620,-0.22,105,3,0.0,1
579854,4621,0.48,221,10,0.0,1
579966,4622,-0.20,112,4,0.0,1
580196,4623,0.55,230,12,0.0,1
580412,4624,0.49,216,10,0.0,1
580626,4625,0.31,214,9,0.0,1
580967,4626,1.33,341,19,0.0,1
581192,4627,0.51,225,11,0.0,1
581617,4628,0.75,425,22,0.0,1
581864,4629,0.55,247,13,0.0,1
581994,4630,-0.15,130,6,0.0,1
582222,4631,0.58,228,11,0.0,1
582419,4632,0.26,197,9,0.0,1
582657,4633,0.51,238,12,0.0,1
582896,4634,0.36,239,11,0.0,1
583089,4635,0.20,193,8,0.0,1
583332,4636,0.70,243,13,0.0,1
583550,4637,0.44,218,10,0.0,1
583769,4638,0.32,219,10,0.0,1
584039,4639,0.81,270,14,0.0,1
584151,4640,-0.21,112,4,0.0,1
584271,4641,-0.26,120,4,0.0,1
584601,4642,0.79,330,16,0.0,1
584844,4643,0.67,243,12,0.0,1
585057,4644,0.31,213,10,0.0,1
585281,4645,0.68,224,12,0.0,1
585436,4646,0.29,155,8,0.0,1
585592,4647,0.20,156,7,0.0,1
585810,4648,0.44,218,9,0.0,1
586106,4649,0.87,296,16,0.0,1
586316,4650,0.53,210,11,0.0,1
586434,4651,-0.13,118,5,0.0,1
586539,4652,-0.19,105,3,0.0,1
586889,4653,1.01,350,17,0.0,1
587106,4654,0.44,217,10,0.0,1
587325,4655,0.26,219,10,0.0,1
587690,4656,1.28,365,20,0.0,1
588053,4657,1.37,363,20,0.0,1
588455,4658,1.23,402,21,0.0,1
588568,4659,-0.13,113,4,0.0,1
588737,4660,0.17,169,8,0.0,1
588889,4661,0.14,152,7,0.0,1
589101,4662,0.33,212,9,0.0,1
589486,4663,0.51,385,20,0.0,1
589794,4664,0.78,308,15,0.0,1
589920,4665,0.03,126,6,0.0,1
590269,4666,0.47,349,17,0.0,1
590465,4667,0.36,196,10,0.0,1
590697,4668,0.46,232,11,0.0,1
591032,4669,0.39,335,17,0.0,1
591138,4670,0.05,106,6,0.0,1
591308,4671,0.03,170,7,0.0,1
591585,4672,0.56,277,14,0.0,1
591705,4673,-0.16,120,5,0.0,1
592108,4674,-0.68,403,18,0.0,1
592314,4675,0.48,206,11,0.0,1
592665,4676,0.54,351,16,0.0,1
592892,4677,0.51,227,11,0.0,1
592994,4678,-0.21,102,4,0.0,1
593222,4679,0.56,228,12,0.0,1
593434,4680,0.28,212,9,0.0,1
593763,4681,0.90,329,17,0.0,1
593873,4682,-0.32,110,4,0.0,1
594127,4683,0.68,254,13,0.0,1
594437,4684,0.82,310,17,0.0,1
594798,4685,1.19,361,20,0.0,1
594933,4686,0.05,135,6,0.0,1
595188,4687,0.47,255,13,0.0,1
595327,4688,-0.11,139,6,0.0,1
595425,4689,-0.35,98,2,0.0,1
595539,4690,-0.07,114,4,0.0,1
595670,4691,0.01,131,5,0.0,1
595884,4692,0.52,214,12,0.0,1
596226,4693,0.63,342,18,0.0,1
596557,4694,1.12,331,17,0.0,1
596948,4695,-0.17,391,18,0.0,1
597415,4696,0.98,467,21,0.0,1
597679,4697,0.79,264,15,0.0,1
597919,4698,0.77,240,13,0.0,1
598326,4699,0.69,407,20,0.0,1
598539,4700,0.49,213,10,0.0,1
598754,4701,0.28,215,9,0.0,1
599202,4702,0.74,448,22,0.0,1
599420,4703,0.55,218,11,0.0,1
599582,4704,0.21,162,7,0.0,1
599722,4705,0.08,140,6,0.0,1
599945,4706,0.40,223,10,0.0,1
600168,4707,0.50,223,10,0.0,1
600572,4708,0.94,404,20,0.0,1
600883,4709,0.60,311,15,0.0,1
600988,4710,-0.07,105,4,0.0,1
601261,4711,0.65,273,14,0.0,1
601513,4712,0.49,252,13,0.0,1
601849,4713,0.87,336,17,0.0,1
602074,4714,0.31,225,11,0.0,1
602184,4715,-0.13,110,5,0.0,1
602433,4716,0.60,249,13,0.0,1
602542,4717,-0.16,109,4,0.0,1
602781,4718,0.48,239,12,0.0,1
603005,4719,0.38,224,11,0.0,1
603342,4720,1.19,337,18,0.0,1
603473,4721,-0.09,131,5,0.0,1
603600,4722,-0.14,127,6,0.0,1
603979,4723,1.33,379,20,0.0,1
604370,4724,0.42,391,20,0.0,1
604470,4725,-0.41,100,2,0.0,1
604625,4726,0.23,155,7,0.0,1
604857,4727,0.58,232,11,0.0,1
605077,4728,0.34,220,11,0.0,1
605187,4729,-0.05,110,5,0.0,1
605389,4730,0.33,202,9,0.0,1
605635,4731,0.45,246,13,0.0,1
606002,4732,1.01,367,20,0.0,1
606262,4733,0.53,260,13,0.0,1
606386,4734,0.14,124,6,0.0,1
606490,4735,-0.33,104,3,0.0,1
606737,4736,0.52,247,12,0.0,1
607044,4737,0.61,307,14,0.0,1
607211,4738,0.05,167,7,0.0,1
607339,4739,0.09,128,6,0.0,1
607460,4740,0.03,121,5,0.0,1
607672,4741,0.29,212,10,0.0,1
607856,4742,0.41,184,9,0.0,1
608190,4743,1.01,334,17,0.0,1
608515,4744,1.05,325,16,0.0,1
608877,4745,1.25,362,19,0.0,1
608981,4746,0.04,104,5,0.0,1
609374,4747,1.09,393,17,0.0,1
609502,4748,-0.13,128,5,0.0,1
609631,4749,-0.03,129,5,0.0,1
609763,4750,-0.07,132,6,0.0,1
609972,4751,0.35,209,9,0.0,1
610075,4752,-0.27,103,3,0.0,1
610291,4753,0.35,216,8,0.0,1
610657,4754,1.08,366,20,0.0,1
610880,4755,0.17,223,10,0.0,1
611104,4756,0.52,224,11,0.0,1
611259,4757,0.11,155,7,0.0,1
611390,4758,-0.16,131,6,0.0,1
611617,4759,0.53,227,10,0.0,1
611981,4760,1.22,364,20,0.0,1
612119,4761,0.17,138,7,0.0,1
612235,4762,-0.09,116,5,0.0,1
612370,4763,0.10,135,6,0.0,1
612683,4764,1.04,313,16,0.0,1
612995,4765,0.99,312,16,0.0,1
613321,4766,1.08,326,17,0.0,1
613612,4767,0.68,291,13,0.0,1
613848,4768,0.37,236,11,0.0,1
216,1,0.47,216,11,0.0,1
339,2,0.17,123,6,0.0,1
335,1,0.91,335,14,0.0,1
546,2,0.51,211,11,0.0,1
779,3,0.55,233,12,0.0,1
1020,4,0.11,241,12,0.0,1
1264,5,0.53,244,11,0.0,1
1505,6,0.65,241,11,0.0,1
1902,7,-0.36,397,18,0.0,1
2283,8,0.35,381,18,0.0,1
2484,9,0.21,201,8,0.0,1
2603,10,-0.18,119,4,0.0,1
2706,11,-0.17,103,4,0.0,1
2828,12,0.01,122,6,0.0,1
3043,13,0.32,215,10,0.0,1
3146,14,-0.17,103,3,0.0,1
3505,15,0.39,359,16,0.0,1
3629,16,-0.01,124,6,0.0,1
3741,17,-0.21,112,5,0.0,1
3984,18,0.64,243,11,0.0,1
4324,19,1.03,340,17,0.0,1
4426,20,-0.14,102,3,0.0,1
4859,21,1.18,433,22,0.0,1
4964,22,-0.02,105,4,0.0,1
5202,23,0.71,238,12,0.0,1
5452,24,0.63,250,12,0.0,1
5640,25,0.25,188,8,0.0,1
5958,26,1.05,318,16,0.0,1
6293,27,1.23,335,18,0.0,1
6492,28,0.24,199,8,0.0,1
6605,29,-0.01,113,5,0.0,1
6866,30,0.64,261,13,0.0,1
7113,31,0.59,247,12,0.0,1
7349,32,0.56,236,11,0.0,1
7568,33,0.42,219,10,0.0,1
7893,34,1.10,325,16,0.0,1
8205,35,1.14,312,17,0.0,1
8467,36,0.75,262,13,0.0,1
8681,37,0.31,214,10,0.0,1
8799,38,-0.03,118,5,0.0,1
9035,39,0.59,236,12,0.0,1
9267,40,0.58,232,12,0.0,1
9477,41,0.31,210,8,0.0,1
9624,42,0.13,147,7,0.0,1
9840,43,0.59,216,11,0.0,1
10072,44,0.67,232,12,0.0,1
10298,45,0.59,226,12,0.0,1
10500,46,0.26,202,9,0.0,1
10936,47,1.27,436,23,0.0,1
11062,48,-0.12,126,6,0.0,1
11247,49,0.21,185,8,0.0,1
11589,50,1.25,342,18,0.0,1
11837,51,0.59,248,11,0.0,1
12052,52,0.45,215,10,0.0,1
12165,53,-0.13,113,4,0.0,1
12281,54,0.12,116,6,0.0,1
12629,55,1.19,348,19,0.0,1
13154,56,1.75,525,25,0.0,0
13378,57,0.58,224,12,0.0,1
13807,58,1.18,429,22,0.0,1
13920,59,-0.13,113,4,0.0,1
14114,60,0.25,194,8,0.0,1
14225,61,-0.07,111,4,0.0,1
14510,62,1.01,285,15,0.0,1
14779,63,0.86,269,14,0.0,1
14938,64,0.32,159,8,0.0,1
15178,65,0.51,240,11,0.0,1
15286,66,-0.04,108,5,0.0,1
15628,67,1.18,342,19,0.0,1
16031,68,0.52,403,20,0.0,1
16359,69,1.04,328,18,0.0,1
16478,70,-0.26,119,3,0.0,1
16629,71,0.28,151,8,0.0,1
16865,72,0.38,236,10,0.0,1
17064,73,0.15,199,8,0.0,1
17460,74,1.18,396,20,0.0,1
17901,75,0.86,441,20,0.0,1
18140,76,0.39,239,12,0.0,1
18352,77,0.45,212,10,0.0,1
18579,78,0.29,227,11,0.0,1
18965,79,0.74,386,20,0.0,1
19309,80,0.83,344,18,0.0,1
19568,81,0.59,259,13,0.0,1
19911,82,1.07,343,17,0.0,1
20220,83,0.66,309,15,0.0,1
20569,84,1.15,349,18,0.0,1
20897,85,0.75,328,18,0.0,1
21001,86,-0.16,104,3,0.0,1
21225,87,0.63,224,12,0.0,1
21519,88,0.92,294,15,0.0,1
21875,89,1.49,356,20,0.0,1
22112,90,0.56,237,12,0.0,1
22276,91,0.07,164,7,0.0,1
22526,92,0.77,250,13,0.0,1
22869,93,1.09,343,17,0.0,1
22997,94,-0.01,128,5,0.0,1
23306,95,1.04,309,16,0.0,1
23541,96,0.58,235,11,0.0,1
23885,97,1.16,344,19,0.0,1
24182,98,0.88,297,16,0.0,1
24307,99,0.16,125,6,0.0,1
24615,100,0.89,308,15,0.0,1
24740,101,0.09,125,5,0.0,1
24965,102,0.34,225,9,0.0,1
25174,103,0.49,209,10,0.0,1
25409,104,0.61,235,11,0.0,1
25576,105,0.11,167,7,0.0,1
25902,106,0.89,326,15,0.0,1
26130,107,0.57,228,11,0.0,1
26572,108,1.59,442,22,0.0,1
26806,109,0.50,234,11,0.0,1
27043,110,0.43,237,11,0.0,1
27322,111,0.83,279,14,0.0,1
27655,112,0.82,333,14,0.0,1
27780,113,0.16,125,6,0.0,1
28017,114,0.25,237,9,0.0,1
28252,115,0.55,235,11,0.0,1
28612,116,0.68,360,12,0.0,1
28976,117,1.40,364,20,0.0,1
29104,118,0.13,128,6,0.0,1
29371,119,0.67,267,13,0.0,1
29557,120,0.29,186,8,0.0,1
29683,121,0.04,126,5,0.0,1
30106,122,1.03,423,17,0.0,1
30348,123,0.58,242,12,0.0,1
30574,124,0.51,226,11,0.0,1
30798,125,0.31,224,10,0.0,1
31074,126,0.82,276,13,0.0,1
31288,127,0.35,214,9,0.0,1
31506,128,0.39,218,9,0.0,1
31740,129,0.62,234,11,0.0,1
31853,130,-0.08,113,4,0.0,1
32092,131,0.52,239,11,0.0,1
32229,132,0.18,137,6,0.0,1
32351,133,0.04,122,6,0.0,1
32602,134,0.54,251,13,0.0,1
32735,135,0.01,133,6,0.0,1
32857,136,0.05,122,6,0.0,1
32991,137,0.07,134,6,0.0,1
33346,138,1.29,355,20,0.0,1
33543,139,0.22,197,9,0.0,1
33658,140,-0.01,115,5,0.0,1
33891,141,0.55,233,13,0.0,1
34108,142,0.29,217,11,0.0,1
34428,143,0.75,320,17,0.0,1
34689,144,0.38,261,12,0.0,1
34846,145,-0.11,157,7,0.0,1
34979,146,-0.00,133,5,0.0,1
35206,147,0.60,227,13,0.0,1
35336,148,0.01,130,5,0.0,1
35471,149,0.23,135,7,0.0,1
35767,150,-0.47,296,14,0.0,1
35900,151,-0.04,133,5,0.0,1
36278,152,0.31,378,17,0.0,1
36496,153,0.54,218,11,0.0,1
36713,154,0.29,217,11,0.0,1
36943,155,0.47,230,12,0.0,1
37072,156,-0.19,129,5,0.0,1
37164,157,-0.29,92,3,0.0,1
37415,158,0.33,251,14,0.0,1
37600,159,-0.05,185,8,0.0,1
37804,160,0.38,204,11,0.0,1
37911,161,0.01,107,5,0.0,1
38181,162,0.11,270,14,0.0,1
38321,163,-0.13,140,6,0.0,1
38479,164,-0.27,158,8,0.0,1
38687,165,0.11,208,11,0.0,1
38897,166,0.21,210,12,0.0,1
39033,167,-0.35,136,6,0.0,1
39232,168,0.15,199,9,0.0,1
39355,169,-0.25,123,5,0.0,1
39613,170,0.25,258,14,0.0,1
39724,171,-0.37,111,4,0.0,1
39844,172,-0.11,120,6,0.0,1
40020,173,-0.15,176,7,0.0,1
40253,174,0.18,233,12,0.0,1
40603,175,-0.47,350,15,0.0,1
40824,176,0.25,221,12,0.0,1
41053,177,0.17,229,12,0.0,1
41253,178,-0.04,200,9,0.0,1
41520,179,0.35,267,13,0.0,1
41642,180,-0.03,122,6,0.0,1
41963,181,0.78,321,17,0.0,1
42073,182,-0.36,110,4,0.0,1
42387,183,0.67,314,16,0.0,1
42756,184,0.55,369,19,0.0,1
42983,185,0.44,227,12,0.0,1
43098,186,-0.34,115,4,0.0,1
43451,187,0.61,353,18,0.0,1
43573,188,-0.12,122,5,0.0,1
43844,189,0.80,271,14,0.0,1
44165,190,0.93,321,17,0.0,1
44450,191,0.80,285,15,0.0,1
44758,192,0.88,308,16,0.0,1
44989,193,0.49,231,11,0.0,1
45192,194,0.24,203,9,0.0,1
45381,195,0.39,189,9,0.0,1
45607,196,0.45,226,12,0.0,1
45946,197,0.64,339,18,0.0,1
46280,198,0.65,334,18,0.0,1
46515,199,0.53,235,12,0.0,1
46811,200,0.82,296,16,0.0,1
47141,201,0.96,330,17,0.0,1
47328,202,0.25,187,8,0.0,1
47695,203,1.17,367,19,0.0,1
48072,204,0.74,377,18,0.0,1
48319,205,0.77,247,13,0.0,1
48554,206,0.61,235,13,0.0,1
48760,207,0.50,206,10,0.0,1
49011,208,0.56,251,12,0.0,1
49345,209,0.97,334,16,0.0,1
49742,210,1.22,397,22,0.0,1
50025,211,0.74,283,14,0.0,1
50140,212,-0.11,115,5,0.0,1
50502,213,0.67,362,19,0.0,1
50742,214,0.70,240,13,0.0,1
50857,215,-0.18,115,5,0.0,1
51312,216,0.88,455,23,0.0,1
51540,217,0.56,228,12,0.0,1
51657,218,-0.04,117,5,0.0,1
51898,219,0.47,241,11,0.0,1
52324,220,0.76,426,21,0.0,1
52710,221,0.56,386,20,0.0,1
53026,222,0.75,316,16,0.0,1
53407,223,0.40,381,18,0.0,1
53667,224,0.37,260,13,0.0,1
54026,225,0.76,359,18,0.0,1
54337,226,0.76,311,16,0.0,1
54588,227,0.71,251,13,0.0,1
54865,228,0.79,277,14,0.0,1
54973,229,0.05,108,5,0.0,1
55081,230,-0.09,108,4,0.0,1
55325,231,0.76,244,12,0.0,1
55452,232,-0.08,127,5,0.0,1
55710,233,0.74,258,13,0.0,1
56107,234,1.70,397,22,0.0,1
56318,235,0.45,211,9,0.0,1
56438,236,-0.02,120,5,0.0,1
56860,237,1.10,422,22,0.0,1
57096,238,0.59,236,13,0.0,1
57319,239,0.47,223,11,0.0,1
57567,240,0.33,248,12,0.0,1
57782,241,0.45,215,11,0.0,1
58152,242,0.77,370,18,0.0,1
58369,243,0.32,217,9,0.0,1
58498,244,-0.21,129,6,0.0,1
58615,245,-0.29,117,5,0.0,1
58801,246,0.14,186,8,0.0,1
59006,247,-0.11,205,7,0.0,1
59216,248,0.41,210,11,0.0,1
59462,249,0.40,246,13,0.0,1
59646,250,0.28,184,9,0.0,1
59743,251,-0.39,97,3,0.0,1
60087,252,0.79,344,17,0.0,1
60230,253,-0.14,143,6,0.0,1
60357,254,-0.14,127,5,0.0,1
60654,255,0.53,297,17,0.0,1
61020,256,1.17,366,20,0.0,1
61400,257,1.39,380,20,0.0,1
61523,258,0.02,123,6,0.0,1
61632,259,-0.05,109,4,0.0,1
61759,260,-0.13,127,5,0.0,1
61870,261,-0.15,111,5,0.0,1
61996,262,-0.17,126,6,0.0,1
62200,263,-0.10,204,8,0.0,1
62426,264,0.31,226,11,0.0,1
62562,265,0.09,136,7,0.0,1
62764,266,0.30,202,9,0.0,1
62926,267,0.12,162,8,0.0,1
63137,268,0.48,211,10,0.0,1
63306,269,0.32,169,8,0.0,1
63519,270,0.29,213,10,0.0,1
63746,271,0.12,227,11,0.0,1
63995,272,0.37,249,11,0.0,1
64419,273,1.47,424,21,0.0,1
64635,274,0.38,216,10,0.0,1
64811,275,0.27,176,8,0.0,1
65168,276,0.52,357,17,0.0,1
65279,277,-0.00,111,5,0.0,1
65506,278,0.45,227,11,0.0,1
65642,279,0.00,136,6,0.0,1
65845,280,0.37,203,10,0.0,1
66025,281,0.31,180,9,0.0,1
66261,282,0.69,236,12,0.0,1
66602,283,0.94,341,17,0.0,1
67049,284,1.30,447,22,0.0,1
67158,285,-0.11,109,4,0.0,1
67422,286,0.87,264,14,0.0,1
67831,287,0.73,409,20,0.0,1
68198,288,1.03,367,20,0.0,1
68649,289,0.99,451,22,0.0,1
68785,290,0.13,136,6,0.0,1
69095,291,1.05,310,16,0.0,1
69445,292,0.59,350,18,0.0,1
69666,293,0.40,221,11,0.0,1
70021,294,1.32,355,19,0.0,1
70339,295,0.82,318,15,0.0,1
70620,296,0.91,281,15,0.0,1
70941,297,0.79,321,16,0.0,1
71172,298,0.12,231,10,0.0,1
71547,299,0.60,375,20,0.0,1
71974,300,0.93,427,21,0.0,1
72122,301,0.15,148,7,0.0,1
72245,302,-0.04,123,5,0.0,1
72473,303,0.68,228,12,0.0,1
72617,304,0.05,144,6,0.0,1
72834,305,0.20,217,9,0.0,1
73171,306,1.01,337,17,0.0,1
73612,307,1.64,441,23,0.0,1
73910,308,0.95,298,16,0.0,1
74034,309,0.05,124,5,0.0,1
74243,310,0.37,209,10,0.0,1
74364,311,0.04,121,6,0.0,1
74600,312,0.39,236,13,0.0,1
74863,313,0.58,263,14,0.0,1
75284,314,1.38,421,22,0.0,1
75537,315,0.73,253,13,0.0,1
75811,316,0.69,274,13,0.0,1
76263,317,1.30,452,24,0.0,1
76617,318,0.97,354,18,0.0,1
76742,319,0.10,125,6,0.0,1
77078,320,1.10,336,18,0.0,1
77234,321,0.08,156,6,0.0,1
77574,322,0.93,340,17,0.0,1
77781,323,0.45,207,11,0.0,1
78024,324,0.65,243,12,0.0,1
78136,325,-0.07,112,4,0.0,1
78566,326,1.46,430,23,0.0,1
78668,327,-0.24,102,3,0.0,1
78965,328,0.96,297,16,0.0,1
79260,329,0.66,295,13,0.0,1
79684,330,0.39,424,20,0.0,1
79980,331,0.91,296,15,0.0,1
80148,332,0.25,168,7,0.0,1
80248,333,-0.25,100,3,0.0,1
80476,334,0.35,228,9,0.0,1
80739,335,0.77,263,14,0.0,1
81051,336,1.07,312,16,0.0,1
81389,337,1.12,338,17,0.0,1
81607,338,0.57,218,11,0.0,1
81847,339,0.46,240,11,0.0,1
81986,340,0.03,139,6,0.0,1
82411,341,1.55,425,22,0.0,1
82860,342,1.59,449,24,0.0,1
83188,343,1.11,328,17,0.0,1
83530,344,1.07,342,16,0.0,1
83757,345,0.29,227,9,0.0,1
84001,346,0.23,244,8,0.0,1
84277,347,0.65,276,13,0.0,1
84512,348,0.43,235,11,0.0,1
84746,349,0.51,234,10,0.0,1
84977,350,0.78,231,13,0.0,1
85447,351,1.75,470,24,0.0,1
85667,352,0.39,220,10,0.0,1
85791,353,-0.17,124,5,0.0,1
86027,354,0.62,236,11,0.0,1
86278,355,0.65,251,13,0.0,1
86442,356,0.36,164,8,0.0,1
86857,357,1.26,415,20,0.0,1
87159,358,0.93,302,15,0.0,1
87226,359,-0.38,67,1,0.0,1
87409,360,0.19,183,7,0.0,1
87799,361,1.20,390,18,0.0,1
87922,362,-0.07,123,4,0.0,1
88222,363,0.69,300,13,0.0,1
88592,364,1.17,370,17,0.0,1
88821,365,0.65,229,11,0.0,1
89038,366,0.55,217,11,0.0,1
89302,367,0.69,264,12,0.0,1
89527,368,0.61,225,11,0.0,1
89658,369,0.07,131,6,0.0,1
90097,370,1.43,439,23,0.0,1
90229,371,0.11,132,6,0.0,1
90599,372,1.14,370,17,0.0,1
91047,373,1.75,448,24,0.0,1
91170,374,0.05,123,5,0.0,1
91389,375,0.35,219,10,0.0,1
91511,376,-0.14,122,4,0.0,1
91623,377,0.00,112,5,0.0,1
91894,378,0.75,271,13,0.0,1
92120,379,0.23,226,9,0.0,1
92346,380,0.56,226,11,0.0,1
92646,381,0.96,300,14,0.0,1
92809,382,0.27,163,7,0.0,1
93079,383,0.76,270,13,0.0,1
93207,384,0.13,128,6,0.0,1
93537,385,0.91,330,14,0.0,1
93756,386,0.21,219,8,0.0,1
93935,387,0.18,179,8,0.0,1
94296,388,1.27,361,19,0.0,1
94748,389,1.70,452,23,0.0,1
94909,390,0.03,161,7,0.0,1
95126,391,0.55,217,11,0.0,1
95363,392,0.59,237,13,0.0,1
95698,393,0.93,335,17,0.0,1
96028,394,1.18,330,19,0.0,1
96364,395,1.18,336,19,0.0,1
96664,396,1.03,300,16,0.0,1
96897,397,0.52,233,11,0.0,1
97274,398,1.26,377,20,0.0,1
97396,399,0.17,122,6,0.0,1
97825,400,1.38,429,20,0.0,1
98298,401,1.87,473,25,0.0,1
98527,402,0.69,229,12,0.0,1
98745,403,0.34,218,11,0.0,1
99125,404,1.26,380,19,0.0,1
99465,405,1.25,340,19,0.0,1
99918,406,0.79,453,24,0.0,1
100120,407,0.29,202,9,0.0,1
100479,408,1.25,359,19,0.0,1
100586,409,-0.16,107,4,0.0,1
100943,410,1.19,357,19,0.0,1
101081,411,0.25,138,7,0.0,1
101397,412,1.15,316,17,0.0,1
101624,413,0.67,227,12,0.0,1
102073,414,1.21,449,23,0.0,1
102362,415,0.77,289,14,0.0,1
102569,416,0.25,207,9,0.0,1
102814,417,0.58,245,11,0.0,1
103003,418,0.38,189,9,0.0,1
103124,419,0.07,121,5,0.0,1
103501,420,0.48,377,18,0.0,1
103710,421,0.34,209,9,0.0,1
103919,422,0.50,209,10,0.0,1
104033,423,0.07,114,6,0.0,1
104298,424,0.91,265,14,0.0,1
104648,425,1.07,350,17,0.0,1
105100,426,1.84,452,24,0.0,1
105249,427,-0.03,149,7,0.0,1
105562,428,0.97,313,16,0.0,1
105911,429,1.11,349,16,0.0,1
106124,430,0.25,213,8,0.0,1
106344,431,0.55,220,11,0.0,1
106453,432,0.04,109,5,0.0,1
106574,433,0.05,121,6,0.0,1
106695,434,0.05,121,5,0.0,1
106970,435,0.70,275,13,0.0,1
107146,436,0.14,176,7,0.0,1
107436,437,0.83,290,14,0.0,1
107750,438,0.93,314,16,0.0,1
107916,439,0.15,166,7,0.0,1
108021,440,-0.31,105,3,0.0,1
108315,441,0.83,294,15,0.0,1
108552,442,0.32,237,10,0.0,1
108808,443,0.67,256,13,0.0,1
109123,444,0.80,315,16,0.0,1
109258,445,0.11,135,6,0.0,1
109661,446,1.07,403,21,0.0,1
109901,447,0.46,240,11,0.0,1
110226,448,0.78,325,19,0.0,1
110335,449,-0.35,109,3,0.0,1
110583,450,0.57,248,12,0.0,1
110714,451,0.08,131,6,0.0,1
110904,452,0.22,190,9,0.0,1
111048,453,-0.14,144,7,0.0,1
111310,454,0.32,262,13,0.0,1
111439,455,0.01,129,6,0.0,1
111621,456,-0.02,182,7,0.0,1
111946,457,0.99,325,17,0.0,1
112093,458,0.07,147,8,0.0,1
112322,459,0.42,229,12,0.0,1
112559,460,0.45,237,11,0.0,1
112789,461,0.49,230,13,0.0,1
113154,462,0.93,365,19,0.0,1
113374,463,0.51,220,12,0.0,1
113743,464,0.96,369,19,0.0,1
113956,465,0.16,213,11,0.0,1
114224,466,0.48,268,13,0.0,1
114641,467,0.03,417,20,0.0,1
114854,468,0.31,213,10,0.0,1
115007,469,-0.39,153,7,0.0,1
115347,470,0.29,340,16,0.0,1
115469,471,0.05,122,7,0.0,1
115617,472,-0.25,148,7,0.0,1
115901,473,0.21,284,14,0.0,1
116253,474,-0.21,352,16,0.0,1
116541,475,-0.32,288,14,0.0,1
116653,476,-0.33,112,4,0.0,1
116957,477,-0.14,304,15,0.0,1
117085,478,-0.21,128,6,0.0,1
117195,479,-0.39,110,4,0.0,1
117409,480,0.28,214,12,0.0,1
117623,481,-0.11,214,10,0.0,1
117951,482,-0.22,328,14,0.0,1
118268,483,0.58,317,16,0.0,1
118444,484,0.23,176,9,0.0,1
118545,485,-0.38,101,2,0.0,1
118662,486,-0.30,117,4,0.0,1
118879,487,0.29,217,11,0.0,1
119172,488,-0.03,293,14,0.0,1
119372,489,0.07,200,8,0.0,1
119503,490,-0.22,131,6,0.0,1
119637,491,-0.06,134,7,0.0,1
119845,492,0.27,208,9,0.0,1
119945,493,-0.12,100,4,0.0,1
120200,494,0.27,255,13,0.0,1
120314,495,-0.23,114,4,0.0,1
120529,496,0.38,215,11,0.0,1
120755,497,0.45,226,11,0.0,1
120918,498,0.05,163,8,0.0,1
121142,499,0.21,224,12,0.0,1
121251,500,-0.21,109,4,0.0,1
121482,501,0.41,231,12,0.0,1
121578,502,-0.18,96,4,0.0,1
121649,503,-0.47,71,1,0.0,1
121844,504,0.02,195,9,0.0,1
121948,505,-0.27,104,4,0.0,1
122125,506,-0.06,177,9,0.0,1
122380,507,-0.46,255,11,0.0,1
122535,508,0.00,155,8,0.0,1
122691,509,-0.33,156,7,0.0,1
122919,510,-0.39,228,11,0.0,1
123045,511,-0.11,126,6,0.0,1
123181,512,-0.09,136,6,0.0,1
123297,513,0.05,116,6,0.0,1
123485,514,0.13,188,8,0.0,1
123660,515,-0.15,175,7,0.0,1
123796,516,-0.13,136,4,0.0,1
123904,517,-0.28,108,3,0.0,1
124227,518,0.63,323,16,0.0,1
124582,519,-0.14,355,17,0.0,1
124791,520,0.35,209,9,0.0,1
125005,521,0.36,214,11,0.0,1
125127,522,0.04,122,6,0.0,1
125560,523,0.55,433,21,0.0,1
125694,524,-0.18,134,6,0.0,1
125810,525,0.01,116,6,0.0,1
126124,526,0.96,314,17,0.0,1
126372,527,0.63,248,14,0.0,1
126585,528,0.17,213,10,0.0,1
126722,529,-0.00,137,6,0.0,1
126982,530,0.41,260,12,0.0,1
127323,531,0.27,341,17,0.0,1
127542,532,0.46,219,11,0.0,1
127761,533,0.47,219,11,0.0,1
128096,534,0.32,335,17,0.0,1
128241,535,0.20,145,7,0.0,1
128615,536,0.92,374,21,0.0,1
128909,537,0.85,294,16,0.0,1
129255,538,0.28,346,16,0.0,1
129391,539,0.10,136,7,0.0,1
129532,540,-0.14,141,6,0.0,1
129635,541,-0.23,103,4,0.0,1
129994,542,0.93,359,18,0.0,1
130322,543,0.21,328,17,0.0,1
130515,544,-0.16,193,8,0.0,1
130781,545,-0.21,266,14,0.0,1
131009,546,0.21,228,11,0.0,1
131205,547,0.35,196,10,0.0,1
131519,548,0.80,314,16,0.0,1
131747,549,0.27,228,12,0.0,1
132096,550,-0.18,349,17,0.0,1
132263,551,-0.29,167,7,0.0,1
132489,552,-0.01,226,10,0.0,1
132715,553,0.02,226,10,0.0,1
132954,554,-0.08,239,12,0.0,1
133235,555,0.33,281,15,0.0,1
133462,556,0.53,227,13,0.0,1
133760,557,0.74,298,16,0.0,1
133866,558,-0.32,106,4,0.0,1
134103,559,0.51,237,13,0.0,1
134339,560,0.38,236,13,0.0,1
134664,561,-0.55,325,15,0.0,1
134943,562,-0.02,279,15,0.0,1
135092,563,-0.06,149,7,0.0,1
135402,564,-0.14,310,16,0.0,1
135604,565,0.14,202,9,0.0,1
135836,566,0.19,232,12,0.0,1
136073,567,0.25,237,11,0.0,1
136402,568,0.66,329,16,0.0,1
136700,569,-1.06,298,15,0.0,1
136882,570,-0.01,182,8,0.0,1
136998,571,-0.02,116,6,0.0,1
137155,572,-0.05,157,8,0.0,1
137321,573,-0.20,166,7,0.0,1
137508,574,-0.04,187,8,0.0,1
137714,575,0.30,206,11,0.0,1
137940,576,0.36,226,12,0.0,1
138182,577,0.55,242,13,0.0,1
138289,578,-0.22,107,4,0.0,1
138549,579,0.31,260,13,0.0,1
138678,580,-0.21,129,6,0.0,1
139001,581,0.13,323,17,0.0,1
139129,582,-0.09,128,7,0.0,1
139435,583,0.47,306,15,0.0,1
139702,584,0.60,267,15,0.0,1
139831,585,-0.14,129,6,0.0,1
139954,586,-0.36,123,5,0.0,1
140179,587,0.39,225,12,0.0,1
140545,588,1.01,366,20,0.0,1
140869,589,0.80,324,16,0.0,1
141163,590,0.32,294,16,0.0,1
141376,591,0.29,213,11,0.0,1
141729,592,0.44,353,17,0.0,1
141938,593,0.11,209,11,0.0,1
142201,594,0.62,263,15,0.0,1
142534,595,0.42,333,17,0.0,1
142654,596,-0.24,120,4,0.0,1
142981,597,0.88,327,17,0.0,1
143189,598,0.33,208,11,0.0,1
143412,599,0.52,223,12,0.0,1
143536,600,-0.14,124,4,0.0,1
143924,601,0.61,388,20,0.0,1
144043,602,0.11,119,6,0.0,1
144214,603,-0.17,171,7,0.0,1
144539,604,0.88,325,17,0.0,1
144882,605,1.23,343,19,0.0,1
145171,606,0.88,289,16,0.0,1
145293,607,-0.16,122,5,0.0,1
145666,608,0.69,373,20,0.0,1
145895,609,0.54,229,10,0.0,1
146130,610,0.37,235,13,0.0,1
146586,611,0.46,456,23,0.0,1
146766,612,0.10,180,8,0.0,1
146887,613,-0.01,121,6,0.0,1
147095,614,0.22,208,9,0.0,1
147319,615,0.39,224,11,0.0,1
147528,616,0.18,209,9,0.0,1
147769,617,0.51,241,12,0.0,1
148067,618,0.81,298,14,0.0,1
148366,619,0.69,299,16,0.0,1
148724,620,0.90,358,19,0.0,1
149095,621,1.17,371,18,0.0,1
149410,622,1.00,315,16,0.0,1
149547,623,0.14,137,6,0.0,1
149817,624,0.74,270,13,0.0,1
150168,625,1.39,351,19,0.0,1
150386,626,0.44,218,9,0.0,1
150519,627,-0.15,133,5,0.0,1
150834,628,0.83,315,17,0.0,1
151082,629,0.69,248,13,0.0,1
151295,630,0.31,213,9,0.0,1
151763,631,1.18,468,24,0.0,1
152013,632,0.67,250,13,0.0,1
152298,633,0.72,285,13,0.0,1
152523,634,0.45,225,10,0.0,1
152709,635,0.31,186,9,0.0,1
152848,636,0.06,139,6,0.0,1
152998,637,0.19,150,7,0.0,1
153219,638,0.48,221,10,0.0,1
153426,639,0.39,207,10,0.0,1
153792,640,1.31,366,19,0.0,1
153954,641,0.15,162,7,0.0,1
154272,642,1.24,318,18,0.0,1
154383,643,-0.22,111,4,0.0,1
154615,644,0.38,232,11,0.0,1
154852,645,0.68,237,12,0.0,1
155198,646,0.99,346,16,0.0,1
155464,647,0.71,266,13,0.0,1
155847,648,1.34,383,19,0.0,1
156056,649,0.66,209,11,0.0,1
156295,650,0.46,239,11,0.0,1
156733,651,0.87,438,22,0.0,1
157099,652,1.32,366,19,0.0,1
157307,653,0.47,208,10,0.0,1
157618,654,0.82,311,14,0.0,1
157721,655,-0.02,103,4,0.0,1
158011,656,0.81,290,14,0.0,1
158353,657,1.08,342,18,0.0,1
158705,658,1.41,352,20,0.0,1
159006,659,1.01,301,15,0.0,1
159264,660,0.79,258,13,0.0,1
159502,661,0.55,238,12,0.0,1
159730,662,0.63,228,11,0.0,1
159954,663,0.47,224,11,0.0,1
160290,664,1.19,336,17,0.0,1
160518,665,0.61,228,12,0.0,1
160768,666,0.82,250,13,0.0,1
161056,667,0.69,288,13,0.0,1
161284,668,0.53,228,11,0.0,1
161487,669,0.37,203,10,0.0,1
161753,670,0.61,266,12,0.0,1
162063,671,0.93,310,16,0.0,1
162294,672,0.48,231,11,0.0,1
162417,673,-0.03,123,5,0.0,1
162640,674,0.55,223,11,0.0,1
162898,675,0.68,258,12,0.0,1
163202,676,1.10,304,16,0.0,1
163515,677,1.17,313,17,0.0,1
163964,678,1.62,449,23,0.0,1
164424,679,1.49,460,24,0.0,1
164760,680,1.00,336,17,0.0,1
165134,681,1.13,374,18,0.0,1
165490,682,0.90,356,19,0.0,1
165914,683,1.16,424,22,0.0,1
166129,684,0.18,215,8,0.0,1
166362,685,0.53,233,12,0.0,1
166718,686,1.35,356,20,0.0,1
166960,687,0.42,242,10,0.0,1
167355,688,1.45,395,21,0.0,1
167707,689,1.42,352,20,0.0,1
168143,690,0.76,436,22,0.0,1
168466,691,1.01,323,16,0.0,1
168608,692,0.26,142,7,0.0,1
168825,693,0.45,217,10,0.0,1
169065,694,0.65,240,13,0.0,1
169309,695,0.55,244,11,0.0,1
169667,696,1.20,358,17,0.0,1
169969,697,0.91,302,15,0.0,1
170160,698,0.28,191,8,0.0,1
170472,699,0.82,312,14,0.0,1
170713,700,0.69,241,13,0.0,1
170933,701,0.48,220,10,0.0,1
171250,702,1.04,317,17,0.0,1
171499,703,0.68,249,13,0.0,1
171707,704,0.44,208,10,0.0,1
172181,705,0.43,474,22,0.0,1
172612,706,1.52,431,22,0.0,1
172930,707,0.83,318,16,0.0,1
173198,708,0.69,268,13,0.0,1
173528,709,0.97,330,16,0.0,1
173844,710,0.97,316,16,0.0,1
174306,711,1.22,462,22,0.0,1
174616,712,0.99,310,16,0.0,1
174996,713,1.35,380,20,0.0,1
175217,714,0.59,221,11,0.0,1
175663,715,0.88,446,22,0.0,1
176019,716,0.73,356,19,0.0,1
176121,717,-0.13,102,4,0.0,1
176458,718,1.22,337,19,0.0,1
176702,719,0.57,244,11,0.0,1
176997,720,0.83,295,15,0.0,1
177354,721,1.16,357,18,0.0,1
177765,722,0.42,411,20,0.0,1
178210,723,1.33,445,22,0.0,1
178525,724,0.91,315,16,0.0,1
178755,725,0.31,230,13,0.0,1
179148,726,1.30,393,20,0.0,1
179254,727,-0.18,106,4,0.0,1
179579,728,0.75,325,16,0.0,1
179931,729,0.13,352,17,0.0,1
180294,730,-0.41,363,15,0.0,1
180624,731,0.73,330,16,0.0,1
180823,732,0.16,199,10,0.0,1
180936,733,-0.19,113,5,0.0,1
181158,734,0.41,222,12,0.0,1
181395,735,0.63,237,12,0.0,1
181727,736,0.73,332,16,0.0,1
181980,737,0.49,253,13,0.0,1
182212,738,0.07,232,11,0.0,1
182345,739,0.07,133,7,0.0,1
182623,740,-0.10,278,15,0.0,1
182956,741,-0.11,333,16,0.0,1
183194,742,0.22,238,11,0.0,1
183433,743,0.39,239,12,0.0,1
183830,744,0.23,397,18,0.0,1
183936,745,-0.11,106,5,0.0,1
184147,746,0.54,211,11,0.0,1
184374,747,0.60,227,12,0.0,1
184575,748,0.05,201,9,0.0,1
184878,749,0.88,303,16,0.0,1
185137,750,0.03,259,13,0.0,1
185430,751,0.22,293,14,0.0,1
185666,752,0.29,236,13,0.0,1
185783,753,-0.01,117,6,0.0,1
185890,754,-0.17,107,4,0.0,1
186027,755,-0.45,137,6,0.0,1
186349,756,0.92,322,17,0.0,1
186739,757,1.24,390,22,0.0,1
186962,758,0.43,223,11,0.0,1
187202,759,0.57,240,12,0.0,1
187545,760,0.01,343,18,0.0,1
187803,761,0.62,258,13,0.0,1
188062,762,0.29,259,13,0.0,1
188269,763,0.20,207,9,0.0,1
188557,764,0.55,288,14,0.0,1
188801,765,0.30,244,11,0.0,1
189096,766,0.68,295,14,0.0,1
189394,767,0.82,298,17,0.0,1
189776,768,0.23,382,18,0.0,1
189908,769,-0.08,132,7,0.0,1
190094,770,0.24,186,9,0.0,1
190339,771,0.63,245,14,0.0,1
190505,772,0.08,166,7,0.0,1
190945,773,1.31,440,22,0.0,1
191333,774,0.37,388,18,0.0,1
191581,775,0.34,248,12,0.0,1
191733,776,-0.07,152,7,0.0,1
192026,777,0.85,293,16,0.0,1
192320,778,0.73,294,15,0.0,1
192543,779,0.60,223,12,0.0,1
192841,780,0.67,298,14,0.0,1
192950,781,-0.09,109,4,0.0,1
193056,782,-0.48,106,3,0.0,1
193280,783,0.51,224,12,0.0,1
193379,784,-0.26,99,3,0.0,1
193624,785,0.62,245,13,0.0,1
193735,786,0.06,111,5,0.0,1
193991,787,0.59,256,13,0.0,1
194307,788,1.15,316,18,0.0,1
194551,789,0.27,244,13,0.0,1
194907,790,1.17,356,20,0.0,1
195292,791,1.26,385,20,0.0,1
195509,792,0.63,217,12,0.0,1
195755,793,0.83,246,14,0.0,1
195876,794,-0.02,121,6,0.0,1
196287,795,1.11,411,20,0.0,1
196415,796,0.00,128,5,0.0,1
196785,797,1.00,370,19,0.0,1
197001,798,0.63,216,11,0.0,1
197363,799,1.01,362,18,0.0,1
197711,800,0.95,348,16,0.0,1
198117,801,-0.48,406,18,0.0,1
198400,802,0.72,283,15,0.0,1
198526,803,-0.19,126,5,0.0,1
198641,804,-0.03,115,5,0.0,1
198998,805,0.73,357,19,0.0,1
199313,806,0.87,315,14,0.0,1
199700,807,0.30,387,19,0.0,1
199820,808,-0.17,120,5,0.0,1
200154,809,1.00,334,16,0.0,1
200388,810,0.70,234,13,0.0,1
200629,811,0.63,241,12,0.0,1
200803,812,0.29,174,9,0.0,1
201050,813,0.42,247,11,0.0,1
201546,814,1.35,496,21,0.0,1
201777,815,0.53,231,12,0.0,1
201891,816,0.15,114,6,0.0,1
202043,817,0.07,152,7,0.0,1
202221,818,0.23,178,9,0.0,1
202450,819,0.46,229,12,0.0,1
202741,820,0.63,291,15,0.0,1
202961,821,0.41,220,10,0.0,1
203177,822,0.69,216,12,0.0,1
203299,823,-0.06,122,6,0.0,1
203410,824,0.09,111,5,0.0,1
203518,825,-0.15,108,4,0.0,1
203739,826,0.53,221,11,0.0,1
204165,827,1.19,426,22,0.0,1
204400,828,0.79,235,14,0.0,1
204535,829,-0.04,135,6,0.0,1
204874,830,0.83,339,17,0.0,1
205216,831,0.51,342,18,0.0,1
205430,832,0.43,214,11,0.0,1
205800,833,1.13,370,18,0.0,1
206043,834,0.25,243,11,0.0,1
206374,835,0.93,331,19,0.0,1
206740,836,0.57,366,19,0.0,1
207078,837,1.09,338,18,0.0,1
207208,838,-0.08,130,6,0.0,1
207314,839,-0.03,106,5,0.0,1
207432,840,0.14,118,6,0.0,1
207673,841,0.65,241,13,0.0,1
208111,842,1.13,438,22,0.0,1
208497,843,1.01,386,20,0.0,1
208830,844,1.05,333,18,0.0,1
209126,845,0.67,296,14,0.0,1
209382,846,0.82,256,14,0.0,1
209736,847,1.10,354,18,0.0,1
210129,848,1.32,393,22,0.0,1
210349,849,0.38,220,11,0.0,1
210595,850,0.55,246,11,0.0,1
210834,851,0.63,239,13,0.0,1
211151,852,1.01,317,16,0.0,1
211396,853,0.55,245,12,0.0,1
211515,854,0.12,119,6,0.0,1
211819,855,0.97,304,16,0.0,1
212207,856,0.24,388,20,0.0,1
212338,857,0.03,131,6,0.0,1
212766,858,0.96,428,22,0.0,1
213029,859,0.77,263,14,0.0,1
213260,860,0.59,231,11,0.0,1
213511,861,0.64,251,13,0.0,1
213927,862,1.33,416,22,0.0,1
214081,863,0.19,154,7,0.0,1
214409,864,1.07,328,18,0.0,1
214824,865,1.29,415,22,0.0,1
215043,866,0.34,219,10,0.0,1
215453,867,1.15,410,22,0.0,1
215799,868,0.86,346,17,0.0,1
216020,869,0.60,221,11,0.0,1
216291,870,0.72,271,13,0.0,1
216434,871,0.17,143,6,0.0,1
216871,872,1.16,437,23,0.0,1
217331,873,1.12,460,23,0.0,1
217679,874,1.09,348,18,0.0,1
217969,875,0.80,290,16,0.0,1
218088,876,0.05,119,6,0.0,1
218445,877,1.35,357,20,0.0,1
218685,878,0.71,240,12,0.0,1
218943,879,0.40,258,11,0.0,1
219130,880,0.17,187,7,0.0,1
219351,881,0.35,221,11,0.0,1
219455,882,-0.09,104,5,0.0,1
219683,883,0.49,228,12,0.0,1
219923,884,0.36,240,12,0.0,1
220171,885,0.65,248,14,0.0,1
220490,886,1.03,319,17,0.0,1
220851,887,0.77,361,19,0.0,1
220988,888,0.01,137,6,0.0,1
221374,889,1.40,386,21,0.0,1
221585,890,0.31,211,10,0.0,1
221750,891,0.19,165,8,0.0,1
221851,892,-0.03,101,5,0.0,1
222116,893,0.68,265,13,0.0,1
222583,894,1.08,467,22,0.0,1
222715,895,0.07,132,6,0.0,1
223087,896,0.83,372,19,0.0,1
223332,897,0.81,245,13,0.0,1
223581,898,0.79,249,13,0.0,1
223701,899,0.01,120,5,0.0,1
224033,900,0.97,332,17,0.0,1
224232,901,0.25,199,8,0.0,1
224355,902,0.02,123,6,0.0,1
224757,903,1.49,402,22,0.0,1
225098,904,1.33,341,20,0.0,1
225543,905,1.25,445,20,0.0,1
225790,906,0.58,247,12,0.0,1
226024,907,0.65,234,12,0.0,1
226246,908,0.68,222,12,0.0,1
226373,909,-0.02,127,5,0.0,1
226753,910,1.18,380,20,0.0,1
226886,911,0.04,133,6,0.0,1
227111,912,0.58,225,11,0.0,1
227472,913,1.47,361,21,0.0,1
227567,914,-0.11,95,4,0.0,1
227778,915,0.22,211,9,0.0,1
228113,916,0.74,335,17,0.0,1
228414,917,0.38,301,14,0.0,1
228656,918,0.65,242,13,0.0,1
228878,919,0.71,222,12,0.0,1
229236,920,0.67,358,17,0.0,1
229672,921,1.47,436,23,0.0,1
230113,922,1.28,441,22,0.0,1
230368,923,0.79,255,13,0.0,1
230577,924,0.53,209,10,0.0,1
230978,925,0.36,401,21,0.0,1
231263,926,0.71,285,15,0.0,1
231505,927,0.57,242,13,0.0,1
231852,928,1.19,347,18,0.0,1
231974,929,-0.15,122,4,0.0,1
232306,930,1.16,332,19,0.0,1
232638,931,0.58,332,16,0.0,1
232848,932,0.65,210,12,0.0,1
233009,933,0.12,161,8,0.0,1
233224,934,0.38,215,11,0.0,1
233565,935,0.27,341,17,0.0,1
233891,936,-0.01,326,16,0.0,1
234095,937,-0.04,204,10,0.0,1
234254,938,-0.28,159,7,0.0,1
234482,939,-0.01,228,11,0.0,1
234819,940,1.01,337,18,0.0,1
235060,941,0.53,241,13,0.0,1
235203,942,0.03,143,6,0.0,1
235308,943,-0.17,105,4,0.0,1
235545,944,0.38,237,13,0.0,1
235763,945,0.15,218,10,0.0,1
236087,946,0.99,324,18,0.0,1
236202,947,-0.10,115,6,0.0,1
236566,948,0.46,364,19,0.0,1
236681,949,-0.21,115,5,0.0,1
236993,950,1.02,312,17,0.0,1
237208,951,0.67,215,12,0.0,1
237623,952,0.89,415,22,0.0,1
238033,953,0.89,410,20,0.0,1
238327,954,1.07,294,17,0.0,1
238436,955,0.05,109,5,0.0,1
238749,956,0.93,313,17,0.0,1
238899,957,0.03,150,7,0.0,1
239121,958,0.44,222,10,0.0,1
239397,959,1.02,276,16,0.0,1
239502,960,-0.19,105,4,0.0,1
239759,961,0.75,257,14,0.0,1
239933,962,0.07,174,8,0.0,1
240318,963,1.17,385,20,0.0,1
240448,964,0.27,130,7,0.0,1
240551,965,-0.05,103,4,0.0,1
240944,966,0.83,393,20,0.0,1
241361,967,0.65,417,20,0.0,1
241767,968,0.87,406,20,0.0,1
242157,969,0.85,390,20,0.0,1
242257,970,-0.13,100,3,0.0,1
242490,971,0.55,233,11,0.0,1
242740,972,0.03,250,10,0.0,1
243173,973,0.80,433,21,0.0,1
243399,974,0.42,226,10,0.0,1
243608,975,0.33,209,9,0.0,1
244061,976,1.28,453,23,0.0,1
244400,977,0.91,339,17,0.0,1
244749,978,1.13,349,19,0.0,1
244982,979,0.67,233,13,0.0,1
245267,980,0.93,285,15,0.0,1
245396,981,0.01,129,5,0.0,1
245531,982,-0.05,135,6,0.0,1
245639,983,-0.00,108,5,0.0,1
246061,984,1.32,422,22,0.0,1
246504,985,1.22,443,21,0.0,1
246890,986,1.07,386,20,0.0,1
247154,987,0.47,264,12,0.0,1
247353,988,0.43,199,10,0.0,1
247695,989,0.85,342,19,0.0,1
247907,990,0.33,212,11,0.0,1
248242,991,1.26,335,19,0.0,1
248454,992,0.32,212,9,0.0,1
248572,993,0.08,118,6,0.0,1
248918,994,0.54,346,18,0.0,1
249047,995,-0.19,129,5,0.0,1
249170,996,-0.07,123,6,0.0,1
249416,997,0.38,246,13,0.0,1
249746,998,0.72,330,18,0.0,1
250091,999,-0.16,345,15,0.0,1
250302,1000,0.27,211,10,0.0,1
250542,1001,0.37,240,12,0.0,1
250659,1002,-0.14,117,5,0.0,1
250816,1003,-0.13,157,6,0.0,1
251051,1004,0.15,235,12,0.0,1
251389,1005,0.95,338,19,0.0,1
251734,1006,0.81,345,19,0.0,1
251984,1007,0.41,250,13,0.0,1
252313,1008,0.98,329,18,0.0,1
252526,1009,-0.08,213,8,0.0,1
252697,1010,-0.09,171,7,0.0,1
253078,1011,0.78,381,20,0.0,1
253317,1012,0.85,239,13,0.0,1
253596,1013,0.66,279,13,0.0,1
253970,1014,1.03,374,17,0.0,1
254123,1015,-0.03,153,7,0.0,1
254335,1016,0.17,212,10,0.0,1
254461,1017,-0.14,126,6,0.0,1
254611,1018,-0.29,150,7,0.0,1
254716,1019,-0.15,105,5,0.0,1
254861,1020,-0.09,145,7,0.0,1
255108,1021,0.46,247,14,0.0,1
255210,1022,-0.55,102,4,0.0,1
255417,1023,-0.36,207,11,0.0,1
255628,1024,-0.52,211,9,0.0,1
255765,1025,-0.15,137,6,0.0,1
255905,1026,-0.57,140,4,0.0,1
256014,1027,-0.46,109,4,0.0,1
256123,1028,-0.50,109,4,0.0,1
256324,1029,-0.13,201,10,0.0,1
256429,1030,-0.58,105,3,0.0,1
256609,1031,-0.27,180,9,0.0,1
256861,1032,-1.21,252,10,0.0,1
256987,1033,-0.34,126,6,0.0,1
257159,1034,-0.15,172,7,0.0,1
257295,1035,-0.07,136,7,0.0,1
257456,1036,-0.15,161,8,0.0,1
257573,1037,-0.41,117,4,0.0,1
257735,1038,0.07,162,8,0.0,1
257917,1039,-0.03,182,9,0.0,1
258207,1040,-0.07,290,15,0.0,1
258472,1041,0.39,265,14,0.0,1
258587,1042,-0.25,115,5,0.0,1
258731,1043,-0.19,144,6,0.0,1
258855,1044,0.01,124,6,0.0,1
259132,1045,0.26,277,14,0.0,1
259457,1046,0.41,325,17,0.0,1
259685,1047,0.27,228,13,0.0,1
260020,1048,0.07,335,16,0.0,1
260286,1049,0.02,266,15,0.0,1
260491,1050,0.19,205,9,0.0,1
260799,1051,-0.21,308,15,0.0,1
261059,1052,0.31,260,14,0.0,1
261220,1053,-0.13,161,7,0.0,1
261368,1054,-0.12,148,6,0.0,1
261487,1055,-0.28,119,5,0.0,1
261709,1056,-0.49,222,11,0.0,1
261819,1057,-0.10,110,6,0.0,1
261975,1058,0.07,156,8,0.0,1
262185,1059,0.23,210,10,0.0,1
262307,1060,-0.11,122,6,0.0,1
262507,1061,0.23,200,10,0.0,1
262653,1062,-0.11,146,6,0.0,1
262765,1063,-0.01,112,6,0.0,1
263069,1064,0.46,304,15,0.0,1
263286,1065,0.32,217,11,0.0,1
263521,1066,0.58,235,13,0.0,1
263786,1067,0.45,265,12,0.0,1
264098,1068,0.71,312,15,0.0,1
264320,1069,0.37,222,11,0.0,1
264631,1070,0.67,311,16,0.0,1
264946,1071,0.82,315,15,0.0,1
265195,1072,0.31,249,10,0.0,1
265648,1073,0.56,453,22,0.0,1
266066,1074,0.80,418,20,0.0,1
266507,1075,1.69,441,24,0.0,1
266809,1076,0.96,302,16,0.0,1
267044,1077,0.42,235,11,0.0,1
267274,1078,0.71,230,12,0.0,1
267613,1079,0.92,339,14,0.0,1
267912,1080,0.87,299,15,0.0,1
268221,1081,0.94,309,16,0.0,1
268615,1082,0.82,394,17,0.0,1
269060,1083,0.52,445,20,0.0,1
269505,1084,1.51,445,22,0.0,1
269908,1085,0.83,403,20,0.0,1
270370,1086,1.03,462,21,0.0,1
270491,1087,-0.00,121,5,0.0,1
270908,1088,1.45,417,22,0.0,1
271019,1089,-0.23,111,4,0.0,1
271309,1090,0.80,290,15,0.0,1
271552,1091,0.48,243,12,0.0,1
271877,1092,0.89,325,15,0.0,1
272110,1093,0.44,233,10,0.0,1
272277,1094,0.18,167,8,0.0,1
272412,1095,0.04,135,5,0.0,1
272639,1096,0.29,227,11,0.0,1
272855,1097,0.44,216,11,0.0,1
273043,1098,0.10,188,8,0.0,1
273147,1099,-0.10,104,4,0.0,1
273422,1100,0.71,275,13,0.0,1
273684,1101,0.57,262,12,0.0,1
273794,1102,-0.37,110,4,0.0,1
273993,1103,0.11,199,8,0.0,1
274112,1104,0.02,119,5,0.0,1
274338,1105,0.73,226,13,0.0,1
274633,1106,0.57,295,12,0.0,1
274755,1107,0.01,122,6,0.0,1
274932,1108,0.03,177,7,0.0,1
275199,1109,0.45,267,12,0.0,1
275642,1110,1.67,443,23,0.0,1
275749,1111,-0.41,107,2,0.0,1
276048,1112,0.91,299,15,0.0,1
276249,1113,0.41,201,10,0.0,1
276611,1114,1.23,362,19,0.0,1
276952,1115,1.04,341,16,0.0,1
277084,1116,-0.12,132,6,0.0,1
277318,1117,0.30,234,10,0.0,1
277527,1118,0.37,209,10,0.0,1
277656,1119,0.07,129,6,0.0,1
277776,1120,-0.12,120,5,0.0,1
278054,1121,0.78,278,15,0.0,1
278283,1122,0.43,229,10,0.0,1
278466,1123,0.27,183,9,0.0,1
278600,1124,0.04,134,6,0.0,1
278779,1125,0.31,179,8,0.0,1
278984,1126,0.39,205,10,0.0,1
279231,1127,0.67,247,12,0.0,1
279579,1128,1.34,348,19,0.0,1
279836,1129,0.75,257,14,0.0,1
280035,1130,0.45,199,9,0.0,1
280292,1131,0.82,257,13,0.0,1
280530,1132,0.52,238,11,0.0,1
280771,1133,0.58,241,12,0.0,1
281042,1134,0.77,271,14,0.0,1
281205,1135,-0.10,163,7,0.0,1
281501,1136,0.57,296,14,0.0,1
281735,1137,0.57,234,13,0.0,1
282069,1138,1.37,334,19,0.0,1
282208,1139,0.05,139,6,0.0,1
282452,1140,0.60,244,12,0.0,1
282673,1141,0.05,221,9,0.0,1
282850,1142,0.17,177,7,0.0,1
283125,1143,0.86,275,14,0.0,1
283332,1144,0.39,207,10,0.0,1
283445,1145,-0.01,113,5,0.0,1
283564,1146,-0.06,119,5,0.0,1
283684,1147,-0.10,120,4,0.0,1
283902,1148,0.51,218,11,0.0,1
284275,1149,1.14,373,19,0.0,1
284405,1150,0.11,130,6,0.0,1
284699,1151,1.01,294,16,0.0,1
284931,1152,0.70,232,12,0.0,1
285282,1153,1.23,351,18,0.0,1
285676,1154,1.28,394,19,0.0,1
285988,1155,0.89,312,14,0.0,1
286230,1156,0.69,242,12,0.0,1
286467,1157,0.33,237,8,0.0,1
286790,1158,1.30,323,18,0.0,1
287032,1159,0.51,242,12,0.0,1
287243,1160,0.48,211,10,0.0,1
287551,1161,1.14,308,17,0.0,1
288019,1162,1.40,468,24,0.0,1
288263,1163,0.53,244,12,0.0,1
288477,1164,0.48,214,10,0.0,1
288596,1165,0.17,119,6,0.0,1
288839,1166,0.71,243,12,0.0,1
289091,1167,0.83,252,13,0.0,1
289548,1168,1.35,457,22,0.0,1
289749,1169,0.36,201,8,0.0,1
290080,1170,1.03,331,17,0.0,1
290326,1171,0.59,246,12,0.0,1
290443,1172,-0.05,117,5,0.0,1
290644,1173,0.53,201,10,0.0,1
290873,1174,0.59,229,11,0.0,1
291354,1175,1.56,481,24,0.0,1
291483,1176,0.04,129,6,0.0,1
291852,1177,1.15,369,19,0.0,1
292081,1178,0.41,229,11,0.0,1
292312,1179,0.55,231,12,0.0,1
292692,1180,1.29,380,20,0.0,1
293075,1181,0.87,383,21,0.0,1
293327,1182,0.50,252,11,0.0,1
293667,1183,1.13,340,19,0.0,1
293878,1184,0.53,211,12,0.0,1
294101,1185,0.43,223,11,0.0,1
294342,1186,0.49,241,11,0.0,1
294767,1187,1.63,425,23,0.0,1
295215,1188,1.45,448,23,0.0,1
295475,1189,0.51,260,12,0.0,1
295783,1190,0.97,308,15,0.0,1
296028,1191,0.54,245,12,0.0,1
296328,1192,1.01,300,15,0.0,1
296487,1193,0.21,159,8,0.0,1
296637,1194,0.16,150,8,0.0,1
296870,1195,0.41,233,11,0.0,1
297314,1196,1.30,444,24,0.0,1
297445,1197,-0.17,131,6,0.0,1
297656,1198,0.51,211,13,0.0,1
297871,1199,0.36,215,10,0.0,1
298219,1200,1.23,348,19,0.0,1
298438,1201,0.47,219,11,0.0,1
298655,1202,0.29,217,11,0.0,1
298783,1203,0.10,128,6,0.0,1
299023,1204,0.34,240,10,0.0,1
299129,1205,-0.02,106,5,0.0,1
299360,1206,0.66,231,12,0.0,1
299566,1207,0.32,206,9,0.0,1
299710,1208,-0.08,144,5,0.0,1
299919,1209,0.42,209,9,0.0,1
300151,1210,0.63,232,12,0.0,1
300396,1211,0.40,245,12,0.0,1
300520,1212,0.01,124,6,0.0,1
300637,1213,0.01,117,6,0.0,1
300760,1214,0.04,123,6,0.0,1
300953,1215,0.33,193,9,0.0,1
301058,1216,-0.11,105,4,0.0,1
301283,1217,0.47,225,11,0.0,1
301537,1218,0.55,254,12,0.0,1
301799,1219,0.58,262,13,0.0,1
301928,1220,-0.17,129,5,0.0,1
302164,1221,0.46,236,12,0.0,1
302290,1222,0.03,126,5,0.0,1
302411,1223,0.11,121,6,0.0,1
302747,1224,0.82,336,16,0.0,1
302989,1225,0.45,242,11,0.0,1
303202,1226,0.22,213,9,0.0,1
303422,1227,0.53,220,11,0.0,1
303620,1228,0.27,198,8,0.0,1
303833,1229,0.51,213,11,0.0,1
303951,1230,0.15,118,6,0.0,1
304125,1231,0.20,174,8,0.0,1
304502,1232,0.60,377,18,0.0,1
304626,1233,0.09,124,6,0.0,1
304862,1234,0.53,236,11,0.0,1
305254,1235,0.64,392,19,0.0,1
305603,1236,0.90,349,18,0.0,1
306008,1237,1.32,405,21,0.0,1
306424,1238,1.43,416,22,0.0,1
306752,1239,0.81,328,17,0.0,1
306869,1240,-0.19,117,4,0.0,1
307183,1241,0.75,314,16,0.0,1
307605,1242,0.80,422,22,0.0,1
307956,1243,1.31,351,20,0.0,1
308307,1244,1.15,351,18,0.0,1
308682,1245,1.17,375,20,0.0,1
309063,1246,1.28,381,21,0.0,1
309278,1247,0.25,215,11,0.0,1
309447,1248,0.20,169,7,0.0,1
309596,1249,0.15,149,7,0.0,1
309816,1250,0.39,220,12,0.0,1
310113,1251,0.81,297,16,0.0,1
310462,1252,0.28,349,17,0.0,1
310711,1253,0.71,249,13,0.0,1
310836,1254,-0.12,125,6,0.0,1
311240,1255,1.00,404,21,0.0,1
311512,1256,0.62,272,14,0.0,1
311689,1257,0.15,177,9,0.0,1
311968,1258,0.61,279,14,0.0,1
312122,1259,0.06,154,7,0.0,1
312229,1260,-0.23,107,3,0.0,1
312460,1261,0.52,231,12,0.0,1
312694,1262,0.53,234,12,0.0,1
313042,1263,1.32,348,20,0.0,1
313163,1264,-0.09,121,5,0.0,1
313374,1265,0.27,211,9,0.0,1
313702,1266,0.33,328,18,0.0,1
314010,1267,0.91,308,16,0.0,1
314322,1268,0.30,312,16,0.0,1
314737,1269,1.20,415,22,0.0,1
315084,1270,0.48,347,15,0.0,1
315478,1271,-0.20,394,20,0.0,1
315601,1272,-0.00,123,6,0.0,1
315734,1273,0.10,133,6,0.0,1
315929,1274,0.27,195,9,0.0,1
316173,1275,0.50,244,11,0.0,1
316406,1276,0.53,233,12,0.0,1
316590,1277,0.15,184,8,0.0,1
316772,1278,0.33,182,9,0.0,1
316944,1279,0.29,172,8,0.0,1
317050,1280,-0.09,106,5,0.0,1
317407,1281,0.90,357,18,0.0,1
317676,1282,0.67,269,14,0.0,1
317910,1283,0.46,234,11,0.0,1
318195,1284,0.88,285,16,0.0,1
318416,1285,0.27,221,10,0.0,1
318655,1286,0.69,239,12,0.0,1
318838,1287,0.27,183,8,0.0,1
318962,1288,0.07,124,6,0.0,1
319251,1289,0.94,289,15,0.0,1
319558,1290,0.81,307,15,0.0,1
319983,1291,1.55,425,23,0.0,1
320119,1292,-0.09,136,6,0.0,1
320235,1293,0.12,116,6,0.0,1
320399,1294,0.21,164,8,0.0,1
320622,1295,0.55,223,13,0.0,1
320796,1296,0.03,174,8,0.0,1
321014,1297,0.16,218,10,0.0,1
321244,1298,0.63,230,12,0.0,1
321582,1299,0.97,338,16,0.0,1
321921,1300,0.96,339,16,0.0,1
322356,1301,1.15,435,23,0.0,1
322745,1302,1.42,389,21,0.0,1
323094,1303,0.75,349,16,0.0,1
323503,1304,0.61,409,20,0.0,1
323831,1305,0.91,328,16,0.0,1
323961,1306,0.10,130,6,0.0,1
324349,1307,0.21,388,17,0.0,1
324683,1308,0.28,334,18,0.0,1
324906,1309,0.36,223,10,0.0,1
325174,1310,0.59,268,13,0.0,1
325534,1311,1.10,360,20,0.0,1
325855,1312,1.09,321,18,0.0,1
326077,1313,0.49,222,12,0.0,1
326364,1314,0.53,287,16,0.0,1
326790,1315,0.80,426,20,0.0,1
326909,1316,0.09,119,7,0.0,1
327183,1317,-0.15,274,13,0.0,1
327304,1318,-0.33,121,4,0.0,1
327606,1319,0.96,302,17,0.0,1
327712,1320,-0.33,106,4,0.0,1
327909,1321,0.27,197,9,0.0,1
328128,1322,0.21,219,10,0.0,1
328368,1323,0.39,240,13,0.0,1
328753,1324,0.87,385,20,0.0,1
328987,1325,0.29,234,12,0.0,1
329103,1326,-0.29,116,5,0.0,1
329236,1327,-0.40,133,4,0.0,1
329415,1328,-0.14,179,8,0.0,1
329552,1329,-0.07,137,7,0.0,1
329683,1330,0.08,131,6,0.0,1
329958,1331,0.93,275,16,0.0,1
330126,1332,0.11,168,8,0.0,1
330343,1333,0.45,217,10,0.0,1
330787,1334,1.42,444,23,0.0,1
330912,1335,-0.22,125,5,0.0,1
331025,1336,0.11,113,6,0.0,1
331201,1337,0.10,176,8,0.0,1
331410,1338,0.24,209,10,0.0,1
331638,1339,0.56,228,11,0.0,1
331840,1340,0.19,202,9,0.0,1
332095,1341,0.71,255,14,0.0,1
332306,1342,0.25,211,10,0.0,1
332424,1343,-0.25,118,4,0.0,1
332676,1344,0.62,252,13,0.0,1
332865,1345,0.17,189,9,0.0,1
332966,1346,-0.19,101,4,0.0,1
333146,1347,-0.19,180,8,0.0,1
333361,1348,0.23,215,9,0.0,1
333489,1349,-0.05,128,6,0.0,1
333815,1350,0.90,326,16,0.0,1
334124,1351,1.08,309,17,0.0,1
334287,1352,0.18,163,8,0.0,1
334427,1353,0.01,140,6,0.0,1
334840,1354,0.88,413,20,0.0,1
335194,1355,0.40,354,17,0.0,1
335466,1356,-0.02,272,13,0.0,1
335766,1357,0.25,300,15,0.0,1
335998,1358,0.40,232,11,0.0,1
336329,1359,1.12,331,17,0.0,1
336564,1360,0.66,235,12,0.0,1
336716,1361,-0.13,152,7,0.0,1
337016,1362,0.70,300,16,0.0,1
337369,1363,0.57,353,19,0.0,1
337499,1364,-0.17,130,6,0.0,1
337908,1365,1.33,409,21,0.0,1
338047,1366,0.11,139,7,0.0,1
338427,1367,0.33,380,20,0.0,1
338649,1368,0.31,222,11,0.0,1
338751,1369,-0.27,102,4,0.0,1
339111,1370,1.23,360,20,0.0,1
339378,1371,0.46,267,13,0.0,1
339715,1372,1.12,337,18,0.0,1
340073,1373,0.49,358,18,0.0,1
340404,1374,0.77,331,18,0.0,1
340724,1375,1.16,320,18,0.0,1
341145,1376,0.08,421,20,0.0,1
341503,1377,0.79,358,19,0.0,1
341835,1378,1.10,332,17,0.0,1
342049,1379,0.51,214,11,0.0,1
342461,1380,0.96,412,21,0.0,1
342665,1381,0.53,204,11,0.0,1
342972,1382,0.93,307,16,0.0,1
343366,1383,0.87,394,21,0.0,1
343593,1384,0.70,227,12,0.0,1
343903,1385,1.07,310,16,0.0,1
344132,1386,0.56,229,12,0.0,1
344429,1387,0.79,297,14,0.0,1
344801,1388,1.22,372,20,0.0,1
345080,1389,0.83,279,15,0.0,1
345239,1390,0.23,159,8,0.0,1
345484,1391,0.74,245,13,0.0,1
345924,1392,1.41,440,22,0.0,1
346025,1393,-0.21,101,4,0.0,1
346158,1394,-0.00,133,6,0.0,1
346514,1395,0.55,356,18,0.0,1
346850,1396,1.14,336,19,0.0,1
346961,1397,0.04,111,5,0.0,1
347174,1398,0.36,213,10,0.0,1
347464,1399,0.89,290,15,0.0,1
347901,1400,0.99,437,21,0.0,1
348027,1401,-0.15,126,5,0.0,1
348169,1402,0.23,142,7,0.0,1
348291,1403,0.05,122,6,0.0,1
348691,1404,1.19,400,21,0.0,1
348913,1405,0.54,222,11,0.0,1
349137,1406,0.62,224,12,0.0,1
349270,1407,-0.01,133,6,0.0,1
349396,1408,0.01,126,6,0.0,1
349649,1409,0.79,253,13,0.0,1
349875,1410,0.70,226,12,0.0,1
350327,1411,1.21,452,22,0.0,1
350519,1412,0.02,192,8,0.0,1
350749,1413,0.67,230,13,0.0,1
350969,1414,0.43,220,11,0.0,1
351193,1415,0.51,224,11,0.0,1
351360,1416,0.09,167,8,0.0,1
351692,1417,0.75,332,15,0.0,1
351919,1418,0.55,227,12,0.0,1
352061,1419,0.04,142,6,0.0,1
352183,1420,-0.25,122,4,0.0,1
352440,1421,0.61,257,12,0.0,1
352680,1422,0.46,240,10,0.0,1
353050,1423,0.88,370,18,0.0,1
353261,1424,0.48,211,10,0.0,1
353395,1425,0.03,134,6,0.0,1
353558,1426,-0.02,163,7,0.0,1
353776,1427,0.49,218,11,0.0,1
353905,1428,0.03,129,6,0.0,1
354101,1429,0.35,196,9,0.0,1
354462,1430,1.19,361,19,0.0,1
354587,1431,0.03,125,6,0.0,1
354796,1432,0.29,209,10,0.0,1
354917,1433,-0.03,121,5,0.0,1
355041,1434,-0.15,124,4,0.0,1
355287,1435,0.54,246,12,0.0,1
355403,1436,0.01,116,5,0.0,1
355613,1437,0.22,210,10,0.0,1
355921,1438,0.35,308,15,0.0,1
356048,1439,-0.03,127,5,0.0,1
356176,1440,-0.09,128,6,0.0,1
356433,1441,0.59,257,15,0.0,1
356651,1442,0.43,218,12,0.0,1
356974,1443,0.83,323,17,0.0,1
357238,1444,0.51,264,13,0.0,1
357368,1445,0.04,130,6,0.0,1
357638,1446,0.43,270,13,0.0,1
357764,1447,-0.35,126,5,0.0,1
358113,1448,1.19,349,20,0.0,1
358535,1449,1.22,422,22,0.0,1
358653,1450,-0.14,118,6,0.0,1
358964,1451,1.03,311,17,0.0,1
359074,1452,-0.07,110,5,0.0,1
359413,1453,0.21,339,17,0.0,1
359623,1454,0.40,210,10,0.0,1
359735,1455,-0.23,112,4,0.0,1
359953,1456,0.29,218,11,0.0,1
360287,1457,1.04,334,19,0.0,1
360638,1458,1.02,351,19,0.0,1
361010,1459,0.56,372,19,0.0,1
361282,1460,0.60,272,13,0.0,1
361641,1461,1.17,359,19,0.0,1
361754,1462,-0.18,113,4,0.0,1
361989,1463,0.54,235,12,0.0,1
362105,1464,-0.15,116,5,0.0,1
362329,1465,0.58,224,12,0.0,1
362524,1466,0.21,195,8,0.0,1
362844,1467,-0.34,320,15,0.0,1
363006,1468,-0.15,162,6,0.0,1
363216,1469,0.43,210,11,0.0,1
363340,1470,-0.15,124,4,0.0,1
363694,1471,0.52,354,17,0.0,1
363916,1472,0.05,222,10,0.0,1
364336,1473,0.68,420,19,0.0,1
364448,1474,-0.31,112,4,0.0,1
364739,1475,1.05,291,16,0.0,1
364977,1476,0.49,238,13,0.0,1
365285,1477,1.12,308,17,0.0,1
365513,1478,0.65,228,12,0.0,1
365831,1479,0.19,318,16,0.0,1
366021,1480,0.19,190,9,0.0,1
366229,1481,0.16,208,10,0.0,1
366452,1482,0.32,223,11,0.0,1
366775,1483,0.30,323,17,0.0,1
367118,1484,-0.34,343,15,0.0,1
367230,1485,-0.02,112,5,0.0,1
367458,1486,0.03,228,10,0.0,1
367779,1487,0.25,321,15,0.0,1
367904,1488,-0.23,125,6,0.0,1
368130,1489,0.37,226,11,0.0,1
368340,1490,0.05,210,8,0.0,1
368553,1491,0.13,213,10,0.0,1
368668,1492,-0.32,115,5,0.0,1
368792,1493,-0.33,124,4,0.0,1
369048,1494,0.21,256,12,0.0,1
369182,1495,-0.13,134,6,0.0,1
369503,1496,-0.10,321,15,0.0,1
369615,1497,-0.08,112,5,0.0,1
369970,1498,1.19,355,20,0.0,1
370240,1499,0.43,270,13,0.0,1
370618,1500,0.23,378,18,0.0,1
370849,1501,0.48,231,13,0.0,1
370953,1502,-0.29,104,3,0.0,1
371079,1503,-0.23,126,5,0.0,1
371222,1504,-0.11,143,6,0.0,1
371442,1505,0.38,220,10,0.0,1
371551,1506,-0.30,109,4,0.0,1
371864,1507,0.75,313,14,0.0,1
372015,1508,0.10,151,8,0.0,1
372133,1509,-0.32,118,3,0.0,1
372248,1510,-0.13,115,5,0.0,1
372360,1511,-0.11,112,4,0.0,1
372426,1512,-0.37,66,2,0.0,1
372517,1513,-0.33,91,2,0.0,1
372644,1514,0.03,127,6,0.0,1
372764,1515,-0.00,120,5,0.0,1
373122,1516,0.49,358,18,0.0,1
373345,1517,0.47,223,11,0.0,1
373456,1518,-0.07,111,4,0.0,1
373809,1519,0.63,353,18,0.0,1
374162,1520,0.76,353,19,0.0,1
374460,1521,0.95,298,16,0.0,1
374708,1522,0.59,248,13,0.0,1
374976,1523,0.46,268,14,0.0,1
375185,1524,0.21,209,11,0.0,1
375419,1525,0.73,234,13,0.0,1
375824,1526,1.04,405,20,0.0,1
376144,1527,1.27,320,19,0.0,1
376373,1528,0.56,229,11,0.0,1
376592,1529,0.35,219,11,0.0,1
376937,1530,1.20,345,18,0.0,1
377254,1531,1.22,317,18,0.0,1
377480,1532,0.56,226,12,0.0,1
377612,1533,-0.35,132,6,0.0,1
377862,1534,0.76,250,14,0.0,1
378228,1535,0.66,366,19,0.0,1
378353,1536,-0.03,125,5,0.0,1
378461,1537,-0.31,108,3,0.0,1
378863,1538,0.45,402,19,0.0,1
379033,1539,0.19,170,8,0.0,1
379251,1540,0.65,218,11,0.0,1
379566,1541,0.87,315,16,0.0,1
379777,1542,0.41,211,11,0.0,1
380004,1543,0.40,227,10,0.0,1
380228,1544,0.42,224,11,0.0,1
380351,1545,0.13,123,6,0.0,1
380568,1546,0.38,217,10,0.0,1
380875,1547,1.09,307,16,0.0,1
381109,1548,0.70,234,13,0.0,1
381448,1549,1.22,339,19,0.0,1
381691,1550,0.69,243,13,0.0,1
382140,1551,0.77,449,20,0.0,1
382302,1552,0.29,162,8,0.0,1
382555,1553,0.52,253,13,0.0,1
382999,1554,1.12,444,22,0.0,1
383105,1555,0.09,106,6,0.0,1
383323,1556,0.49,218,11,0.0,1
383764,1557,1.25,441,24,0.0,1
384008,1558,0.75,244,13,0.0,1
384234,1559,0.39,226,9,0.0,1
384694,1560,0.82,460,22,0.0,1
384830,1561,0.09,136,6,0.0,1
384964,1562,-0.07,134,6,0.0,1
385317,1563,1.43,353,20,0.0,1
385667,1564,1.35,350,20,0.0,1
386090,1565,0.93,423,21,0.0,1
386297,1566,0.28,207,9,0.0,1
386721,1567,1.09,424,19,0.0,1
386937,1568,0.27,216,10,0.0,1
387311,1569,1.36,374,21,0.0,1
387703,1570,0.67,392,20,0.0,1
388016,1571,1.03,313,17,0.0,1
388218,1572,0.29,202,9,0.0,1
388451,1573,0.72,233,13,0.0,1
388671,1574,0.39,220,10,0.0,1
388942,1575,0.64,271,13,0.0,1
389392,1576,1.37,450,21,0.0,1
389810,1577,1.28,418,22,0.0,1
389931,1578,0.02,121,6,0.0,1
390166,1579,0.51,235,12,0.0,1
390456,1580,0.87,290,15,0.0,1
390670,1581,0.37,214,10,0.0,1
390794,1582,0.12,124,6,0.0,1
391004,1583,0.40,210,10,0.0,1
391293,1584,0.65,289,14,0.0,1
391595,1585,1.03,302,15,0.0,1
391815,1586,0.61,220,11,0.0,1
392200,1587,1.21,385,20,0.0,1
392671,1588,1.64,471,25,0.0,1
393014,1589,1.23,343,18,0.0,1
393148,1590,-0.03,134,6,0.0,1
393278,1591,-0.07,130,6,0.0,1
393483,1592,0.25,205,9,0.0,1
393897,1593,1.46,414,23,0.0,1
394274,1594,1.21,377,20,0.0,1
394504,1595,0.67,230,12,0.0,1
394996,1596,1.40,492,24,0.0,1
395121,1597,0.08,125,6,0.0,1
395590,1598,1.87,469,26,0.0,1
396007,1599,1.15,417,21,0.0,1
396464,1600,1.48,457,24,0.0,1
396754,1601,0.64,290,13,0.0,1
396984,1602,0.36,230,10,0.0,1
397221,1603,0.53,237,13,0.0,1
397562,1604,1.05,341,18,0.0,1
397781,1605,0.60,219,12,0.0,1
398138,1606,1.07,357,19,0.0,1
398349,1607,0.31,211,9,0.0,1
398704,1608,0.66,355,19,0.0,1
399018,1609,0.83,314,14,0.0,1
399395,1610,1.35,377,20,0.0,1
399709,1611,1.07,314,16,0.0,1
400107,1612,1.23,398,19,0.0,1
400529,1613,1.52,422,23,0.0,1
400884,1614,0.70,355,20,0.0,1
401237,1615,1.21,353,19,0.0,1
401470,1616,0.37,233,12,0.0,1
401637,1617,0.28,167,8,0.0,1
401879,1618,0.68,242,12,0.0,1
401996,1619,-0.05,117,5,0.0,1
402207,1620,0.66,211,11,0.0,1
402656,1621,1.48,449,23,0.0,1
403064,1622,1.20,408,21,0.0,1
403407,1623,1.10,343,16,0.0,1
403653,1624,0.62,246,13,0.0,1
404062,1625,1.07,409,19,0.0,1
404522,1626,0.80,460,22,0.0,1
404789,1627,0.75,267,14,0.0,1
405146,1628,1.25,357,18,0.0,1
405392,1629,0.73,246,13,0.0,1
405800,1630,1.07,408,21,0.0,1
406085,1631,0.67,285,14,0.0,1
406186,1632,-0.12,101,4,0.0,1
406417,1633,0.54,231,12,0.0,1
406830,1634,1.27,413,22,0.0,1
407068,1635,0.68,238,13,0.0,1
407301,1636,0.56,233,13,0.0,1
407598,1637,0.89,297,16,0.0,1
407939,1638,0.71,341,18,0.0,1
408056,1639,-0.11,117,5,0.0,1
408177,1640,-0.01,121,6,0.0,1
408456,1641,0.12,279,15,0.0,1
408687,1642,0.35,231,12,0.0,1
408974,1643,0.39,287,15,0.0,1
409192,1644,0.37,218,12,0.0,1
409313,1645,-0.19,121,6,0.0,1
409476,1646,-0.03,163,8,0.0,1
409789,1647,0.42,313,16,0.0,1
410023,1648,0.47,234,13,0.0,1
410351,1649,0.23,328,17,0.0,1
410656,1650,0.57,305,17,0.0,1
410925,1651,0.48,269,14,0.0,1
411248,1652,0.71,323,19,0.0,1
411488,1653,0.43,240,13,0.0,1
411732,1654,0.52,244,13,0.0,1
411970,1655,0.48,238,12,0.0,1
412089,1656,0.02,119,6,0.0,1
412389,1657,1.20,300,18,0.0,1
412693,1658,0.91,304,16,0.0,1
412827,1659,0.03,134,7,0.0,1
413141,1660,0.70,314,16,0.0,1
413470,1661,-0.07,329,17,0.0,1
413582,1662,-0.13,112,6,0.0,1
413817,1663,0.58,235,12,0.0,1
413923,1664,-0.33,106,4,0.0,1
414050,1665,-0.12,127,6,0.0,1
414212,1666,0.03,162,7,0.0,1
414466,1667,0.36,254,12,0.0,1
414651,1668,0.18,185,9,0.0,1
414805,1669,0.29,154,9,0.0,1
414990,1670,-0.06,185,7,0.0,1
415218,1671,0.71,228,13,0.0,1
415444,1672,0.37,226,12,0.0,1
415560,1673,0.01,116,6,0.0,1
415786,1674,0.40,226,11,0.0,1
416050,1675,0.71,264,15,0.0,1
416218,1676,0.07,168,7,0.0,1
416592,1677,0.78,374,20,0.0,1
416699,1678,-0.42,107,4,0.0,1
416873,1679,0.05,174,8,0.0,1
417095,1680,0.43,222,12,0.0,1
417309,1681,0.27,214,11,0.0,1
417525,1682,0.13,216,10,0.0,1
417636,1683,-0.23,111,4,0.0,1
417765,1684,-0.35,129,4,0.0,1
417975,1685,0.28,210,11,0.0,1
418213,1686,0.29,238,11,0.0,1
418347,1687,0.17,134,7,0.0,1
418470,1688,-0.18,123,4,0.0,1
418720,1689,0.56,250,12,0.0,1
418845,1690,-0.07,125,6,0.0,1
419159,1691,0.58,314,15,0.0,1
419389,1692,0.45,230,13,0.0,1
419713,1693,0.84,324,17,0.0,1
419958,1694,0.32,245,12,0.0,1
420216,1695,0.34,258,12,0.0,1
420582,1696,1.17,366,19,0.0,1
420879,1697,0.51,297,15,0.0,1
421279,1698,0.85,400,19,0.0,1
421631,1699,0.57,352,18,0.0,1
422015,1700,1.47,384,22,0.0,1
422347,1701,1.38,332,19,0.0,1
422763,1702,1.19,416,22,0.0,1
423200,1703,0.83,437,22,0.0,1
423322,1704,0.17,122,6,0.0,1
423598,1705,0.62,276,14,0.0,1
423907,1706,1.02,309,17,0.0,1
424261,1707,1.25,354,20,0.0,1
424693,1708,1.61,432,22,0.0,1
425089,1709,0.65,396,20,0.0,1
425423,1710,0.48,334,19,0.0,1
425643,1711,0.37,220,11,0.0,1
425913,1712,0.53,270,14,0.0,1
426067,1713,0.07,154,8,0.0,1
426419,1714,0.61,352,19,0.0,1
426753,1715,0.99,334,19,0.0,1
427023,1716,0.66,270,14,0.0,1
427308,1717,0.33,285,14,0.0,1
427500,1718,0.16,192,8,0.0,1
427767,1719,0.57,267,16,0.0,1
428088,1720,0.95,321,19,0.0,1
428395,1721,0.70,307,17,0.0,1
428711,1722,0.62,316,17,0.0,1
428994,1723,0.26,283,15,0.0,1
429325,1724,0.05,331,16,0.0,1
429677,1725,0.31,352,16,0.0,1
430018,1726,0.97,341,19,0.0,1
430269,1727,0.67,251,14,0.0,1
430496,1728,0.47,227,12,0.0,1
430697,1729,0.15,201,9,0.0,1
430805,1730,0.00,108,5,0.0,1
431097,1731,-0.11,292,14,0.0,1
431415,1732,0.29,318,14,0.0,1
431748,1733,-0.20,333,16,0.0,1
432069,1734,-0.25,321,14,0.0,1
432387,1735,0.79,318,17,0.0,1
432621,1736,0.63,234,12,0.0,1
432937,1737,-0.61,316,15,0.0,1
433196,1738,0.94,259,16,0.0,1
433512,1739,0.58,316,16,0.0,1
433700,1740,0.17,188,10,0.0,1
433910,1741,0.05,210,9,0.0,1
434225,1742,-0.42,315,16,0.0,1
434567,1743,0.33,342,16,0.0,1
434751,1744,-0.10,184,7,0.0,1
434979,1745,0.37,228,12,0.0,1
435249,1746,0.61,270,14,0.0,1
435554,1747,-0.14,305,14,0.0,1
435814,1748,0.39,260,12,0.0,1
436062,1749,0.53,248,12,0.0,1
436283,1750,0.29,221,12,0.0,1
436536,1751,0.46,253,12,0.0,1
436645,1752,-0.14,109,4,0.0,1
436971,1753,0.09,326,16,0.0,1
437156,1754,0.15,185,8,0.0,1
437276,1755,-0.05,120,6,0.0,1
437520,1756,0.71,244,13,0.0,1
437912,1757,1.20,392,21,0.0,1
438275,1758,0.41,363,18,0.0,1
438381,1759,-0.07,106,5,0.0,1
438734,1760,1.36,353,20,0.0,1
439083,1761,1.10,349,19,0.0,1
439430,1762,0.65,347,18,0.0,1
439682,1763,0.63,252,15,0.0,1
439919,1764,0.49,237,13,0.0,1
440286,1765,0.66,367,18,0.0,1
440579,1766,0.86,293,16,0.0,1
440901,1767,0.98,322,17,0.0,1
441112,1768,0.21,211,8,0.0,1
441511,1769,0.86,399,21,0.0,1
441738,1770,0.49,227,12,0.0,1
441976,1771,0.31,238,11,0.0,1
442310,1772,0.72,334,18,0.0,1
442426,1773,-0.23,116,5,0.0,1
442716,1774,0.87,290,17,0.0,1
442845,1775,-0.02,129,6,0.0,1
443131,1776,0.64,286,16,0.0,1
443332,1777,0.22,201,10,0.0,1
443694,1778,1.03,362,19,0.0,1
444034,1779,0.82,340,18,0.0,1
444265,1780,0.59,231,12,0.0,1
444483,1781,0.38,218,10,0.0,1
444870,1782,0.29,387,18,0.0,1
445270,1783,0.59,400,20,0.0,1
445652,1784,1.27,382,20,0.0,1
446068,1785,1.22,416,22,0.0,1
446190,1786,0.05,122,6,0.0,1
446455,1787,0.51,265,13,0.0,1
446664,1788,0.33,209,10,0.0,1
446783,1789,-0.13,119,6,0.0,1
447131,1790,1.21,348,19,0.0,1
447352,1791,0.25,221,10,0.0,1
447686,1792,0.98,334,19,0.0,1
447905,1793,0.39,219,11,0.0,1
448265,1794,0.12,360,19,0.0,1
448623,1795,1.21,358,21,0.0,1
448854,1796,0.47,231,12,0.0,1
448983,1797,0.05,129,6,0.0,1
449272,1798,0.16,289,15,0.0,1
449617,1799,1.15,345,20,0.0,1
449814,1800,0.19,197,9,0.0,1
449951,1801,-0.06,137,6,0.0,1
450157,1802,0.42,206,10,0.0,1
450380,1803,0.31,223,10,0.0,1
450682,1804,0.37,302,14,0.0,1
451153,1805,0.52,471,23,0.0,1
451514,1806,1.47,361,21,0.0,1
451861,1807,1.13,347,19,0.0,1
452166,1808,1.01,305,17,0.0,1
452274,1809,-0.09,108,5,0.0,1
452521,1810,0.69,247,13,0.0,1
452724,1811,0.33,203,11,0.0,1
453107,1812,0.24,383,19,0.0,1
453470,1813,0.74,363,19,0.0,1
453682,1814,0.55,212,11,0.0,1
454033,1815,1.32,351,20,0.0,1
454367,1816,1.14,334,17,0.0,1
454480,1817,-0.05,113,4,0.0,1
454798,1818,1.11,318,17,0.0,1
455008,1819,0.38,210,10,0.0,1
455198,1820,0.09,190,10,0.0,1
455379,1821,0.15,181,7,0.0,1
455511,1822,-0.02,132,7,0.0,1
455958,1823,1.16,447,23,0.0,1
456201,1824,0.69,243,12,0.0,1
456536,1825,1.43,335,20,0.0,1
456774,1826,0.82,238,13,0.0,1
457036,1827,0.91,262,14,0.0,1
457476,1828,1.41,440,22,0.0,1
457703,1829,0.41,227,12,0.0,1
457953,1830,0.55,250,12,0.0,1
458161,1831,0.62,208,11,0.0,1
458360,1832,0.45,199,11,0.0,1
458727,1833,1.03,367,18,0.0,1
458924,1834,0.33,197,9,0.0,1
459175,1835,0.60,251,13,0.0,1
459552,1836,0.51,377,19,0.0,1
459689,1837,0.13,137,7,0.0,1
459977,1838,0.33,288,16,0.0,1
460200,1839,0.20,223,10,0.0,1
460344,1840,0.37,144,8,0.0,1
460471,1841,0.07,127,6,0.0,1
460765,1842,0.99,294,16,0.0,1
460881,1843,-0.14,116,4,0.0,1
461107,1844,0.46,226,11,0.0,1
461307,1845,0.15,200,10,0.0,1
461560,1846,0.64,253,13,0.0,1
461918,1847,1.24,358,21,0.0,1
462146,1848,0.36,228,12,0.0,1
462447,1849,0.44,301,16,0.0,1
462590,1850,0.16,143,8,0.0,1
462790,1851,0.37,200,10,0.0,1
462992,1852,0.35,202,10,0.0,1
463334,1853,0.18,342,17,0.0,1
463568,1854,0.25,234,10,0.0,1
463677,1855,-0.09,109,5,0.0,1
463890,1856,0.22,213,11,0.0,1
464006,1857,-0.14,116,5,0.0,1
464244,1858,0.57,238,12,0.0,1
464452,1859,0.31,208,11,0.0,1
464703,1860,0.44,251,15,0.0,1
464838,1861,-0.10,135,6,0.0,1
464954,1862,-0.13,116,4,0.0,1
465190,1863,0.45,236,10,0.0,1
465518,1864,0.89,328,17,0.0,1
465751,1865,0.49,233,11,0.0,1
466040,1866,1.19,289,18,0.0,1
466173,1867,-0.04,133,6,0.0,1
466530,1868,1.17,357,19,0.0,1
466886,1869,1.29,356,19,0.0,1
467105,1870,0.43,219,10,0.0,1
467333,1871,0.34,228,10,0.0,1
467535,1872,0.44,202,10,0.0,1
467688,1873,0.09,153,7,0.0,1
467990,1874,0.99,302,16,0.0,1
468318,1875,1.19,328,18,0.0,1
468426,1876,0.01,108,5,0.0,1
468544,1877,0.13,118,6,0.0,1
468914,1878,1.14,370,18,0.0,1
469390,1879,1.64,476,24,0.0,1
469749,1880,0.45,359,20,0.0,1
470183,1881,1.46,434,21,0.0,1
470517,1882,1.07,334,16,0.0,1
470762,1883,0.68,245,11,0.0,1
471219,1884,1.08,457,21,0.0,1
471441,1885,0.68,222,12,0.0,1
471570,1886,0.07,129,6,0.0,1
471845,1887,0.84,275,14,0.0,1
472284,1888,1.27,439,23,0.0,1
472477,1889,0.35,193,9,0.0,1
472832,1890,0.92,355,18,0.0,1
473057,1891,0.76,225,12,0.0,1
473491,1892,1.20,434,23,0.0,1
473876,1893,1.51,385,20,0.0,1
473996,1894,-0.19,120,5,0.0,1
474371,1895,1.48,375,21,0.0,1
474506,1896,0.04,135,6,0.0,1
474716,1897,0.35,210,10,0.0,1
475153,1898,1.39,437,24,0.0,1
475498,1899,1.00,345,16,0.0,1
475823,1900,0.67,325,15,0.0,1
476025,1901,0.07,202,8,0.0,1
476217,1902,0.31,192,8,0.0,1
476546,1903,0.50,329,17,0.0,1
476677,1904,0.02,131,7,0.0,1
476793,1905,0.14,116,6,0.0,1
477129,1906,0.48,336,16,0.0,1
477298,1907,-0.39,169,7,0.0,1
477422,1908,0.24,124,7,0.0,1
477795,1909,0.71,373,20,0.0,1
478118,1910,0.20,323,17,0.0,1
478223,1911,-0.26,105,4,0.0,1
478350,1912,0.05,127,6,0.0,1
478555,1913,0.32,205,10,0.0,1
478706,1914,0.13,151,7,0.0,1
478865,1915,0.15,159,7,0.0,1
479187,1916,1.03,322,16,0.0,1
479519,1917,0.40,332,16,0.0,1
479895,1918,0.91,376,19,0.0,1
480012,1919,-0.20,117,4,0.0,1
480242,1920,0.37,230,11,0.0,1
480360,1921,0.03,118,6,0.0,1
480488,1922,-0.05,128,5,0.0,1
480732,1923,0.33,244,13,0.0,1
480978,1924,0.54,246,14,0.0,1
481280,1925,-0.45,302,15,0.0,1
481389,1926,-0.08,109,5,0.0,1
481658,1927,0.62,269,14,0.0,1
481882,1928,0.49,224,11,0.0,1
482171,1929,0.77,289,17,0.0,1
482459,1930,0.64,288,14,0.0,1
482800,1931,0.80,341,18,0.0,1
483139,1932,0.11,339,15,0.0,1
483361,1933,0.28,222,10,0.0,1
483721,1934,1.19,360,19,0.0,1
483842,1935,0.12,121,6,0.0,1
484094,1936,0.60,252,13,0.0,1
484212,1937,0.07,118,5,0.0,1
484425,1938,0.49,213,10,0.0,1
484848,1939,1.41,423,23,0.0,1
485190,1940,1.47,342,20,0.0,1
485500,1941,1.12,310,17,0.0,1
485726,1942,0.56,226,11,0.0,1
486093,1943,0.93,367,19,0.0,1
486278,1944,0.40,185,10,0.0,1
486629,1945,1.23,351,20,0.0,1
487045,1946,0.47,416,21,0.0,1
487270,1947,0.34,225,11,0.0,1
487376,1948,0.03,106,5,0.0,1
487536,1949,0.07,160,7,0.0,1
487915,1950,1.02,379,20,0.0,1
488239,1951,0.97,324,17,0.0,1
488447,1952,0.26,208,9,0.0,1
488778,1953,0.95,331,17,0.0,1
488895,1954,-0.04,117,6,0.0,1
489042,1955,-0.02,147,7,0.0,1
489150,1956,-0.06,108,5,0.0,1
489279,1957,0.13,129,6,0.0,1
489709,1958,0.95,430,21,0.0,1
489956,1959,0.69,247,13,0.0,1
490155,1960,0.23,199,9,0.0,1
490547,1961,1.14,392,22,0.0,1
490814,1962,0.53,267,13,0.0,1
491151,1963,1.26,337,18,0.0,1
491539,1964,1.29,388,21,0.0,1
491773,1965,0.56,234,12,0.0,1
492101,1966,1.11,328,18,0.0,1
492570,1967,1.09,469,21,0.0,1
492691,1968,-0.05,121,5,0.0,1
492908,1969,0.61,217,11,0.0,1
493244,1970,0.97,336,16,0.0,1
493727,1971,0.86,483,24,0.0,1
494156,1972,1.21,429,24,0.0,1
494476,1973,1.07,320,17,0.0,1
494904,1974,1.64,428,23,0.0,1
495306,1975,1.33,402,23,0.0,1
495523,1976,0.46,217,10,0.0,1
495821,1977,0.73,298,14,0.0,1
495962,1978,0.17,141,7,0.0,1
496274,1979,0.85,312,16,0.0,1
496492,1980,0.46,218,11,0.0,1
496611,1981,0.17,119,6,0.0,1
497085,1982,1.16,474,23,0.0,1
497506,1983,0.78,421,21,0.0,1
497806,1984,0.95,300,16,0.0,1
498014,1985,0.47,208,10,0.0,1
498359,1986,1.25,345,18,0.0,1
498645,1987,1.01,286,16,0.0,1
499139,1988,1.34,494,25,0.0,1
499264,1989,0.09,125,6,0.0,1
499740,1990,0.47,476,21,0.0,1
500216,1991,1.20,476,24,0.0,1
500580,1992,1.47,364,21,0.0,1
500810,1993,0.44,230,10,0.0,1
500979,1994,0.27,169,8,0.0,1
501201,1995,0.42,222,10,0.0,1
501312,1996,0.09,111,6,0.0,1
501738,1997,1.58,426,23,0.0,1
501977,1998,0.65,239,12,0.0,1
502195,1999,0.24,218,8,0.0,1
502498,2000,0.92,303,14,0.0,1
502832,2001,1.00,334,17,0.0,1
503068,2002,0.45,236,11,0.0,1
503490,2003,1.33,422,23,0.0,1
136,1,0.33,136,6,0.0,1
373,2,1.14,237,11,0.0,1
677,3,1.04,304,16,0.0,1
244,1,1.41,244,13,0.0,1
624,2,2.33,380,20,0.0,1
885,3,1.31,261,14,0.0,1
988,4,0.13,103,4,0.0,1
1331,5,1.34,343,16,0.0,1
1668,6,1.60,337,19,0.0,1
1938,7,1.46,270,14,0.0,1
2057,8,0.28,119,6,0.0,1
2301,9,1.17,244,12,0.0,1
2553,10,1.35,252,13,0.0,1
2735,11,0.69,182,9,0.0,1
2977,12,0.92,242,12,0.0,1
3125,13,0.26,148,5,0.0,1
3533,14,1.60,408,20,0.0,1
3649,15,0.24,116,5,0.0,1
3792,16,0.51,143,7,0.0,1
4020,17,0.95,228,11,0.0,1
4246,18,1.03,226,11,0.0,1
4452,19,0.80,206,10,0.0,1
4647,20,0.81,195,11,0.0,1
4888,21,0.87,241,9,0.0,1
5127,22,1.28,239,13,0.0,1
5240,23,0.31,113,5,0.0,1
5362,24,0.24,122,5,0.0,1
5483,25,0.29,121,5,0.0,1
5587,26,-0.03,104,3,0.0,1
5694,27,0.12,107,4,0.0,1
5801,28,0.19,107,4,0.0,1
5944,29,0.61,143,7,0.0,1
6068,30,0.27,124,5,0.0,1
6186,31,0.30,118,5,0.0,1
6293,32,0.18,107,3,0.0,1
6429,33,0.51,136,6,0.0,1
6590,34,0.45,161,7,0.0,1
6695,35,0.06,105,3,0.0,1
6902,36,0.85,207,9,0.0,1
7031,37,0.30,129,5,0.0,1
393,1,2.67,393,22,0.0,1
736,2,1.30,343,17,0.0,1
847,3,0.18,111,4,0.0,1
1129,4,1.30,282,15,0.0,1
1482,5,2.17,353,20,0.0,1
1713,6,1.04,231,11,0.0,1
1970,7,1.09,257,13,0.0,1
2318,8,2.06,348,18,0.0,1
2572,9,1.22,254,12,0.0,1
2788,10,0.92,216,11,0.0,1
3160,11,1.86,372,19,0.0,1
3318,12,0.56,158,8,0.0,1
3745,13,2.88,427,23,0.0,1
4123,14,1.36,378,18,0.0,1
4345,15,0.95,222,10,0.0,1
4473,16,0.39,128,5,0.0,1
4606,17,0.40,133,6,0.0,1
4713,18,-0.07,107,3,0.0,1
5149,19,2.35,436,20,0.0,1
5540,20,2.41,391,21,0.0,1
5771,21,1.03,231,12,0.0,1
6179,22,2.05,408,21,0.0,1
6358,23,0.75,179,8,0.0,1
6492,24,0.50,134,7,0.0,1
6703,25,0.93,211,10,0.0,1
7057,26,2.06,354,19,0.0,1
7203,27,0.67,146,8,0.0,1
7332,28,0.42,129,6,0.0,1
7481,29,0.47,149,7,0.0,1
7834,30,2.16,353,19,0.0,1
8049,31,1.01,215,10,0.0,1
8174,32,0.38,125,6,0.0,1
8489,33,1.60,315,13,0.0,1
8828,34,1.86,339,17,0.0,1
9216,35,2.31,388,19,0.0,1
9444,36,1.20,228,11,0.0,1
9683,37,1.40,239,13,0.0,1
9847,38,0.62,164,7,0.0,1
10175,39,1.88,328,18,0.0,1
10576,40,2.45,401,21,0.0,1
10806,41,1.20,230,11,0.0,1
11052,42,1.25,246,12,0.0,1
11384,43,2.16,332,19,0.0,1
11698,44,1.66,314,16,0.0,1
11835,45,0.46,137,6,0.0,1
12275,46,2.73,440,22,0.0,1
12581,47,1.63,306,16,0.0,1
12900,48,1.84,319,15,0.0,1
13155,49,1.50,255,13,0.0,1
13505,50,1.48,350,19,0.0,1
13867,51,2.26,362,20,0.0,1
14296,52,2.33,429,21,0.0,1
14821,53,3.45,525,26,0.0,0
15082,54,1.29,261,12,0.0,1
15307,55,0.88,225,11,0.0,1
15430,56,0.17,123,5,0.0,1
15685,57,1.44,255,13,0.0,1
16058,58,1.89,373,19,0.0,1
16416,59,2.07,358,19,0.0,1
16671,60,1.35,255,13,0.0,1
16922,61,1.38,251,13,0.0,1
17036,62,0.24,114,4,0.0,1
17164,63,0.31,128,5,0.0,1
17420,64,1.37,256,12,0.0,1
17633,65,0.95,213,8,0.0,1
17869,66,1.37,236,13,0.0,1
18082,67,0.97,213,10,0.0,1
18204,68,0.42,122,6,0.0,1
18454,69,1.15,250,12,0.0,1
18760,70,1.77,306,15,0.0,1
18866,71,0.26,106,4,0.0,1
19113,72,1.46,247,13,0.0,1
19249,73,0.34,136,5,0.0,1
19415,74,0.56,166,7,0.0,1
19534,75,0.32,119,5,0.0,1
19631,76,0.04,97,2,0.0,1
19766,77,0.24,135,4,0.0,1
20002,78,1.26,236,11,0.0,1
20109,79,0.17,107,3,0.0,1
20342,80,0.91,233,9,0.0,1
20473,81,0.25,131,5,0.0,1
20938,82,2.77,465,23,0.0,1
21189,83,1.52,251,13,0.0,1
21385,84,0.90,196,9,0.0,1
21576,85,0.93,191,9,0.0,1
21819,86,1.36,243,13,0.0,1
22022,87,0.81,203,8,0.0,1
22151,88,0.46,129,6,0.0,1
22398,89,1.34,247,13,0.0,1
22537,90,0.31,139,6,0.0,1
23016,91,2.78,479,25,0.0,1
23450,92,2.75,434,22,0.0,1
23804,93,2.09,354,19,0.0,1
24092,94,1.63,288,15,0.0,1
24322,95,1.38,230,13,0.0,1
24712,96,2.40,390,20,0.0,1
24934,97,1.14,222,11,0.0,1
25173,98,1.20,239,12,0.0,1
25603,99,2.44,430,22,0.0,1
26046,100,2.54,443,23,0.0,1
26272,101,1.17,226,11,0.0,1
26725,102,2.63,453,24,0.0,1
26964,103,1.18,239,12,0.0,1
27183,104,0.89,219,10,0.0,1
27430,105,1.48,247,13,0.0,1
27670,106,1.42,240,13,0.0,1
27832,107,0.51,162,7,0.0,1
28056,108,1.06,224,10,0.0,1
28303,109,1.39,247,14,0.0,1
28555,110,1.42,252,14,0.0,1
29020,111,2.27,465,22,0.0,1
29256,112,1.22,236,11,0.0,1
29563,113,1.92,307,16,0.0,1
29860,114,1.46,297,16,0.0,1
30238,115,1.63,378,18,0.0,1
30462,116,1.17,224,11,0.0,1
30592,117,0.31,130,6,0.0,1
30972,118,2.12,380,21,0.0,1
31190,119,0.92,218,11,0.0,1
31422,120,1.23,232,12,0.0,1
31753,121,2.08,331,17,0.0,1
32047,122,1.66,294,16,0.0,1
32379,123,1.66,332,17,0.0,1
32694,124,2.08,315,18,0.0,1
32953,125,1.11,259,12,0.0,1
33066,126,0.28,113,4,0.0,1
33208,127,0.44,142,6,0.0,1
33644,128,2.06,436,21,0.0,1
33752,129,0.01,108,5,0.0,1
33963,130,0.89,211,9,0.0,1
34066,131,0.09,103,4,0.0,1
34276,132,0.87,210,9,0.0,1
34434,133,0.39,158,7,0.0,1
34786,134,2.16,352,20,0.0,1
34915,135,0.18,129,5,0.0,1
35078,136,0.71,163,8,0.0,1
35334,137,1.45,256,13,0.0,1
35589,138,1.38,255,13,0.0,1
35879,139,1.32,290,16,0.0,1
36089,140,0.31,210,10,0.0,1
36198,141,-0.19,109,4,0.0,1
36322,142,-0.13,124,5,0.0,1
36540,143,-0.32,218,8,0.0,1
36749,144,-0.24,209,10,0.0,1
36946,145,-0.11,197,10,0.0,1
37066,146,0.06,120,6,0.0,1
37264,147,0.63,198,11,0.0,1
37472,148,0.08,208,10,0.0,1
37665,149,-0.29,193,8,0.0,1
37784,150,-0.32,119,5,0.0,1
37919,151,0.03,135,6,0.0,1
38128,152,0.55,209,10,0.0,1
38336,153,0.59,208,10,0.0,1
38515,154,0.39,179,9,0.0,1
38743,155,0.78,228,11,0.0,1
38946,156,0.26,203,10,0.0,1
39193,157,0.17,247,12,0.0,1
39445,158,0.85,252,15,0.0,1
39674,159,0.73,229,12,0.0,1
39868,160,0.40,194,9,0.0,1
359,1,0.48,359,17,0.0,1
707,2,0.45,348,19,0.0,1
1029,3,1.02,322,18,0.0,1
1351,4,0.91,322,16,0.0,1
1486,5,0.06,135,7,0.0,1
1707,6,0.64,221,12,0.0,1
1934,7,0.44,227,11,0.0,1
2274,8,0.66,340,15,0.0,1
2500,9,0.41,226,11,0.0,1
2715,10,0.33,215,11,0.0,1
3089,11,0.08,374,16,0.0,1
3301,12,0.55,212,11,0.0,1
3413,13,-0.09,112,4,0.0,1
3536,14,-0.14,123,4,0.0,1
3684,15,0.03,148,6,0.0,1
4140,16,1.66,456,24,0.0,1
4512,17,1.15,372,19,0.0,1
4662,18,0.13,150,7,0.0,1
4958,19,0.91,296,16,0.0,1
5070,20,-0.25,112,4,0.0,1
5176,21,-0.13,106,4,0.0,1
5406,22,0.73,230,12,0.0,1
5711,23,0.91,305,15,0.0,1
6060,24,0.78,349,19,0.0,1
6292,25,0.49,232,11,0.0,1
6599,26,0.91,307,15,0.0,1
6722,27,-0.08,123,5,0.0,1
6926,28,0.31,204,10,0.0,1
7295,29,0.93,369,17,0.0,1
7563,30,0.55,268,14,0.0,1
7771,31,0.30,208,9,0.0,1
8073,32,1.09,302,17,0.0,1
8300,33,0.73,227,13,0.0,1
8445,34,-0.11,145,7,0.0,1
8801,35,0.32,356,18,0.0,1
9002,36,0.17,201,9,0.0,1
9126,37,-0.20,124,6,0.0,1
9249,38,-0.21,123,5,0.0,1
9588,39,0.36,339,18,0.0,1
9988,40,-0.49,400,20,0.0,1
10277,41,0.53,289,14,0.0,1
10383,42,-0.35,106,3,0.0,1
10596,43,0.45,213,10,0.0,1
10826,44,0.61,230,11,0.0,1
10937,45,-0.13,111,5,0.0,1
11072,46,-0.12,135,5,0.0,1
11285,47,0.24,213,11,0.0,1
11537,48,0.48,252,13,0.0,1
11987,49,0.13,450,21,0.0,1
12116,50,0.02,129,5,0.0,1
12516,51,1.44,400,22,0.0,1
12675,52,0.19,159,7,0.0,1
12841,53,0.11,166,8,0.0,1
13137,54,0.85,296,15,0.0,1
13373,55,0.67,236,13,0.0,1
13693,56,0.76,320,15,0.0,1
13963,57,0.65,270,14,0.0,1
14260,58,0.91,297,16,0.0,1
14512,59,0.77,252,14,0.0,1
14686,60,0.22,174,8,0.0,1
15001,61,0.78,315,17,0.0,1
15413,62,0.89,412,19,0.0,1
15626,63,0.48,213,11,0.0,1
16036,64,0.13,410,18,0.0,1
16457,65,1.04,421,20,0.0,1
16796,66,0.99,339,16,0.0,1
17006,67,0.55,210,11,0.0,1
17119,68,0.05,113,6,0.0,1
17233,69,-0.10,114,5,0.0,1
17385,70,0.01,152,8,0.0,1
17711,71,1.03,326,17,0.0,1
18006,72,0.69,295,15,0.0,1
18324,73,-0.06,318,16,0.0,1
18569,74,0.65,245,13,0.0,1
18937,75,1.20,368,19,0.0,1
19263,76,0.33,326,16,0.0,1
19640,77,1.16,377,20,0.0,1
19863,78,0.45,223,11,0.0,1
20098,79,0.51,235,12,0.0,1
20412,80,0.75,314,16,0.0,1
20662,81,0.31,250,13,0.0,1
20773,82,-0.45,111,4,0.0,1
20892,83,-0.19,119,6,0.0,1
21155,84,0.48,263,14,0.0,1
21511,85,0.13,356,17,0.0,1
21627,86,-0.30,116,5,0.0,1
21920,87,0.31,293,15,0.0,1
22302,88,0.58,382,19,0.0,1
22578,89,0.75,276,14,0.0,1
22908,90,0.90,330,18,0.0,1
23250,91,0.35,342,17,0.0,1
23470,92,0.46,220,11,0.0,1
23714,93,0.21,244,12,0.0,1
24049,94,0.64,335,16,0.0,1
24359,95,0.55,310,17,0.0,1
24712,96,0.58,353,18,0.0,1
25066,97,-0.26,354,17,0.0,1
25317,98,0.32,251,10,0.0,1
25684,99,0.15,367,18,0.0,1
25828,100,0.02,144,6,0.0,1
26053,101,0.69,225,12,0.0,1
26238,102,0.35,185,9,0.0,1
26595,103,0.86,357,19,0.0,1
26699,104,-0.27,104,4,0.0,1
26847,105,-0.09,148,7,0.0,1
27116,106,0.49,269,13,0.0,1
27439,107,0.78,323,17,0.0,1
27786,108,0.79,347,19,0.0,1
27880,109,-0.11,94,4,0.0,1
28262,110,1.13,382,19,0.0,1
28585,111,0.96,323,18,0.0,1
28891,112,1.16,306,17,0.0,1
28999,113,-0.13,108,4,0.0,1
29226,114,0.44,227,11,0.0,1
29519,115,0.97,293,16,0.0,1
29774,116,0.51,255,13,0.0,1
30123,117,1.05,349,16,0.0,1
30452,118,0.94,329,17,0.0,1
30653,119,0.17,201,8,0.0,1
30989,120,0.48,336,18,0.0,1
31343,121,1.05,354,20,0.0,1
31655,122,0.65,312,16,0.0,1
32024,123,1.01,369,17,0.0,1
32292,124,0.75,268,14,0.0,1
32423,125,0.12,131,6,0.0,1
32659,126,0.35,236,12,0.0,1
32858,127,0.29,199,9,0.0,1
33056,128,0.29,198,9,0.0,1
33188,129,0.10,132,7,0.0,1
33329,130,0.18,141,7,0.0,1
33481,131,-0.08,152,6,0.0,1
33653,132,0.33,172,9,0.0,1
34014,133,1.16,361,19,0.0,1
34121,134,-0.20,107,5,0.0,1
34458,135,1.15,337,19,0.0,1
34574,136,-0.09,116,4,0.0,1
34874,137,0.88,300,15,0.0,1
35129,138,0.64,255,13,0.0,1
35528,139,0.09,399,20,0.0,1
35828,140,0.93,300,16,0.0,1
36069,141,0.62,241,12,0.0,1
36283,142,0.22,214,9,0.0,1
36398,143,0.03,115,5,0.0,1
36631,144,0.31,233,10,0.0,1
36759,145,-0.06,128,6,0.0,1
36935,146,0.01,176,7,0.0,1
140,1,0.29,140,7,0.0,1
303,2,0.23,163,8,0.0,1
454,3,0.05,151,7,0.0,1
839,4,1.95,385,21,0.0,1
1056,5,0.58,217,10,0.0,1
1258,6,0.59,202,10,0.0,1
1612,7,1.88,354,21,0.0,1
1961,8,0.27,349,16,0.0,1
2189,9,0.44,228,11,0.0,1
2391,10,0.45,202,9,0.0,1
2623,11,0.97,232,13,0.0,1
2972,12,1.78,349,19,0.0,1
3324,13,0.88,352,16,0.0,1
3553,14,1.02,229,13,0.0,1
3899,15,1.55,346,19,0.0,1
4138,16,0.76,239,11,0.0,1
4347,17,0.58,209,10,0.0,1
4663,18,1.35,316,16,0.0,1
4873,19,0.40,210,11,0.0,1
4994,20,0.05,121,6,0.0,1
5124,21,0.06,130,6,0.0,1
5247,22,0.06,123,6,0.0,1
5584,23,1.46,337,17,0.0,1
5807,24,0.49,223,10,0.0,1
5932,25,-0.06,125,6,0.0,1
6061,26,-0.11,129,6,0.0,1
6333,27,1.18,272,12,0.0,1
6540,28,0.48,207,10,0.0,1
6898,29,1.61,358,19,0.0,1
7335,30,1.71,437,22,0.0,1
7556,31,0.79,221,11,0.0,1
7764,32,0.61,208,10,0.0,1
7997,33,0.88,233,11,0.0,1
8210,34,0.52,213,9,0.0,1
8448,35,1.07,238,13,0.0,1
8731,36,1.12,283,13,0.0,1
8958,37,0.86,227,12,0.0,1
9108,38,0.28,150,7,0.0,1
9223,39,-0.24,115,4,0.0,1
9443,40,0.88,220,11,0.0,1
9750,41,1.58,307,16,0.0,1
9984,42,0.99,234,11,0.0,1
10304,43,1.66,320,17,0.0,1
10504,44,0.58,200,9,0.0,1
10617,45,0.07,113,5,0.0,1
11067,46,2.50,450,23,0.0,1
11185,47,-0.08,118,5,0.0,1
11292,48,-0.20,107,3,0.0,1
11632,49,1.76,340,17,0.0,1
11879,50,0.96,247,12,0.0,1
12018,51,0.16,139,6,0.0,1
12242,52,0.66,224,11,0.0,1
12466,53,0.70,224,10,0.0,1
12599,54,0.19,133,6,0.0,1
12951,55,1.66,352,17,0.0,1
13297,56,1.77,346,18,0.0,1
13530,57,0.93,233,12,0.0,1
13678,58,0.01,148,6,0.0,1
14140,59,2.47,462,22,0.0,1
14241,60,-0.42,101,2,0.0,1
14371,61,0.07,130,6,0.0,1
14578,62,0.61,207,9,0.0,1
14689,63,-0.10,111,5,0.0,1
14793,64,-0.58,104,3,0.0,1
15043,65,0.85,250,12,0.0,1
15332,66,1.10,289,12,0.0,1
15459,67,-0.10,127,6,0.0,1
15814,68,1.85,355,19,0.0,1
16044,69,0.69,230,11,0.0,1
16427,70,1.40,383,19,0.0,1
16652,71,0.93,225,12,0.0,1
16951,72,1.08,299,14,0.0,1
17174,73,0.88,223,11,0.0,1
17303,74,0.13,129,6,0.0,1
17516,75,0.62,213,10,0.0,1
17778,76,1.02,262,13,0.0,1
17990,77,0.52,212,8,0.0,1
18356,78,2.24,366,20,0.0,1
18599,79,0.67,243,10,0.0,1
18843,80,1.02,244,11,0.0,1
19055,81,0.76,212,10,0.0,1
19311,82,1.02,256,13,0.0,1
19498,83,0.25,187,7,0.0,1
19629,84,0.12,131,6,0.0,1
19738,85,-0.20,109,4,0.0,1
19868,86,0.11,130,5,0.0,1
19982,87,0.07,114,5,0.0,1
20213,88,0.77,231,12,0.0,1
20404,89,0.39,191,9,0.0,1
20704,90,1.57,300,16,0.0,1
20810,91,-0.21,106,3,0.0,1
20913,92,-0.37,103,3,0.0,1
21083,93,0.18,170,7,0.0,1
21339,94,1.29,256,14,0.0,1
21556,95,0.64,217,9,0.0,1
21667,96,0.05,111,5,0.0,1
21895,97,0.87,228,11,0.0,1
22015,98,0.18,120,6,0.0,1
22270,99,1.20,255,13,0.0,1
22505,100,0.90,235,12,0.0,1
22807,101,1.22,302,14,0.0,1
23051,102,0.99,244,13,0.0,1
23193,103,0.24,142,7,0.0,1
23485,104,1.44,292,15,0.0,1
23608,105,-0.04,123,5,0.0,1
23738,106,0.05,130,6,0.0,1
23866,107,0.15,128,6,0.0,1
24129,108,0.84,263,13,0.0,1
24438,109,1.43,309,15,0.0,1
24543,110,-0.29,105,3,0.0,1
24789,111,1.22,246,13,0.0,1
25018,112,0.93,229,12,0.0,1
25351,113,1.57,333,15,0.0,1
25720,114,1.93,369,20,0.0,1
26037,115,1.31,317,16,0.0,1
26354,116,1.10,317,12,0.0,1
26551,117,0.71,197,10,0.0,1
26795,118,0.98,244,13,0.0,1
27118,119,1.29,323,15,0.0,1
27344,120,0.75,226,11,0.0,1
27448,121,-0.40,104,3,0.0,1
27657,122,0.58,209,10,0.0,1
27874,123,0.52,217,10,0.0,1
28099,124,1.03,225,13,0.0,1
28313,125,0.78,214,11,0.0,1
28428,126,-0.24,115,4,0.0,1
28663,127,0.49,235,12,0.0,1
28975,128,1.54,312,16,0.0,1
29110,129,0.01,135,6,0.0,1
29332,130,0.80,222,11,0.0,1
29642,131,1.59,310,15,0.0,1
29814,132,0.18,172,7,0.0,1
30124,133,1.67,310,16,0.0,1
30289,134,0.12,165,7,0.0,1
30572,135,1.02,283,12,0.0,1
30807,136,0.98,235,12,0.0,1
31028,137,0.70,221,9,0.0,1
31196,138,0.23,168,7,0.0,1
31441,139,0.97,245,12,0.0,1
31759,140,1.55,318,16,0.0,1
32019,141,1.06,260,13,0.0,1
32207,142,0.39,188,8,0.0,1
32463,143,1.09,256,13,0.0,1
32781,144,1.40,318,15,0.0,1
32984,145,0.73,203,10,0.0,1
33102,146,-0.01,118,5,0.0,1
33242,147,0.01,140,6,0.0,1
33521,148,0.98,279,11,0.0,1
33843,149,1.67,322,16,0.0,1
34081,150,0.86,238,12,0.0,1
34527,151,2.03,446,22,0.0,1
34752,152,0.91,225,11,0.0,1
34967,153,0.70,215,11,0.0,1
35333,154,1.73,366,19,0.0,1
35587,155,0.77,254,10,0.0,1
35851,156,1.01,264,12,0.0,1
35953,157,-0.02,102,5,0.0,1
36216,158,0.95,263,13,0.0,1
36347,159,0.05,131,6,0.0,1
36735,160,2.10,388,20,0.0,1
36875,161,0.05,140,6,0.0,1
37243,162,1.95,368,20,0.0,1
37613,163,2.04,370,20,0.0,1
38093,164,2.52,480,24,0.0,1
38338,165,0.58,245,9,0.0,1
38619,166,1.25,281,13,0.0,1
39013,167,2.06,394,20,0.0,1
39375,168,1.98,362,19,0.0,1
39612,169,1.04,237,13,0.0,1
39981,170,1.86,369,18,0.0,1
40186,171,0.70,205,10,0.0,1
40466,172,1.32,280,14,0.0,1
40690,173,0.75,224,11,0.0,1
41121,174,1.45,431,21,0.0,1
41362,175,0.73,241,13,0.0,1
41624,176,0.90,262,12,0.0,1
41942,177,1.49,318,18,0.0,1
42299,178,1.44,357,17,0.0,1
42599,179,1.60,300,17,0.0,1
42838,180,0.64,239,11,0.0,1
43201,181,1.49,363,17,0.0,1
43430,182,0.55,229,11,0.0,1
43546,183,-0.05,116,5,0.0,1
43845,184,1.02,299,15,0.0,1
44174,185,0.90,329,16,0.0,1
44419,186,0.95,245,13,0.0,1
44879,187,0.72,460,22,0.0,1
45118,188,0.95,239,13,0.0,1
45449,189,0.77,331,16,0.0,1
45571,190,0.08,122,6,0.0,1
45872,191,0.69,301,15,0.0,1
46075,192,0.51,203,11,0.0,1
46200,193,-0.28,125,6,0.0,1
46377,194,0.04,177,8,0.0,1
46601,195,0.90,224,13,0.0,1
46766,196,-0.24,165,8,0.0,1
46867,197,-0.25,101,5,0.0,1
47193,198,-1.11,326,14,0.0,1
47416,199,-0.15,223,10,0.0,1
47534,200,-0.25,118,6,0.0,1
47778,201,0.22,244,11,0.0,1
48029,202,-0.25,251,11,0.0,1
48244,203,-0.21,215,8,0.0,1
48465,204,-0.09,221,10,0.0,1
48573,205,-0.53,108,4,0.0,1
48703,206,-0.33,130,6,0.0,1
48805,207,-0.34,102,5,0.0,1
48908,208,-0.29,103,5,0.0,1
49153,209,0.44,245,13,0.0,1
49298,210,-0.08,145,8,0.0,1
49438,211,-0.13,140,7,0.0,1
49648,212,-0.40,210,10,0.0,1
49828,213,-0.37,180,9,0.0,1
49990,214,-0.38,162,8,0.0,1
50124,215,-0.30,134,5,0.0,1
50229,216,-0.22,105,5,0.0,1
50531,217,0.25,302,15,0.0,1
50805,218,0.42,274,14,0.0,1
50956,219,0.10,151,7,0.0,1
51265,220,0.61,309,16,0.0,1
51375,221,-0.42,110,5,0.0,1
51597,222,0.05,222,11,0.0,1
51843,223,0.11,246,11,0.0,1
52110,224,0.73,267,15,0.0,1
52350,225,0.74,240,13,0.0,1
52514,226,-0.05,164,7,0.0,1
52662,227,-0.28,148,7,0.0,1
52769,228,-0.36,107,3,0.0,1
52965,229,-0.24,196,9,0.0,1
53268,230,0.82,303,16,0.0,1
53371,231,-0.33,103,4,0.0,1
53484,232,-0.35,113,5,0.0,1
53741,233,0.35,257,12,0.0,1
53884,234,-0.19,143,7,0.0,1
54136,235,-0.55,252,11,0.0,1
54358,236,-0.08,222,11,0.0,1
54511,237,-0.09,153,6,0.0,1
54719,238,0.41,208,10,0.0,1
55078,239,0.64,359,18,0.0,1
55219,240,-0.18,141,5,0.0,1
55434,241,0.46,215,11,0.0,1
55767,242,0.79,333,16,0.0,1
56129,243,1.21,362,19,0.0,1
56241,244,-0.11,112,5,0.0,1
56383,245,0.02,142,7,0.0,1
56515,246,-0.06,132,6,0.0,1
56765,247,0.55,250,13,0.0,1
57069,248,0.74,304,16,0.0,1
57283,249,0.12,214,10,0.0,1
57515,250,0.31,232,12,0.0,1
57673,251,-0.07,158,8,0.0,1
57823,252,-0.08,150,7,0.0,1
57932,253,-0.21,109,5,0.0,1
58243,254,-0.27,311,14,0.0,1
58350,255,-0.21,107,4,0.0,1
58496,256,-0.44,146,6,0.0,1
58764,257,-0.90,268,12,0.0,1
58884,258,-0.53,120,5,0.0,1
59062,259,-0.20,178,9,0.0,1
59304,260,-0.27,242,13,0.0,1
59483,261,-0.12,179,9,0.0,1
59613,262,-0.26,130,4,0.0,1
59786,263,-0.01,173,10,0.0,1
59962,264,-0.50,176,7,0.0,1
60129,265,-0.40,167,7,0.0,1
60363,266,-0.52,234,9,0.0,1
60494,267,-0.21,131,6,0.0,1
60740,268,-1.08,246,10,0.0,1
60891,269,-0.27,151,7,0.0,1
61105,270,-0.12,214,10,0.0,1
61235,271,-0.69,130,5,0.0,1
61467,272,-0.26,232,11,0.0,1
61601,273,-0.36,134,6,0.0,1
61828,274,-0.74,227,10,0.0,1
62040,275,0.13,212,11,0.0,1
62294,276,0.08,254,13,0.0,1
62453,277,0.01,159,8,0.0,1
62766,278,1.27,313,15,0.0,1
63148,279,-0.12,382,17,0.0,1
63273,280,-0.21,125,6,0.0,1
63389,281,-0.25,116,4,0.0,1
63499,282,-0.46,110,3,0.0,1
63740,283,-0.06,241,11,0.0,1
63997,284,0.38,257,14,0.0,1
64191,285,0.06,194,8,0.0,1
64423,286,0.99,232,12,0.0,1
64779,287,0.61,356,17,0.0,1
65091,288,0.44,312,15,0.0,1
65426,289,0.84,335,17,0.0,1
65630,290,0.66,204,9,0.0,1
65752,291,-0.10,122,5,0.0,1
66153,292,1.66,401,21,0.0,1
66400,293,0.92,247,11,0.0,1
66506,294,-0.31,106,3,0.0,1
66863,295,2.06,357,20,0.0,1
67101,296,0.93,238,12,0.0,1
67322,297,0.54,221,9,0.0,1
67543,298,0.67,221,11,0.0,1
67661,299,-0.07,118,4,0.0,1
67772,300,-0.20,111,4,0.0,1
68095,301,1.26,323,14,0.0,1
68420,302,1.68,325,16,0.0,1
68622,303,0.60,202,9,0.0,1
68745,304,0.01,123,5,0.0,1
69052,305,1.52,307,16,0.0,1
69518,306,2.46,466,24,0.0,1
69845,307,1.55,327,16,0.0,1
69996,308,0.32,151,7,0.0,1
70165,309,0.14,169,7,0.0,1
70408,310,0.65,243,13,0.0,1
70763,311,1.92,355,20,0.0,1
70889,312,-0.04,126,6,0.0,1
71316,313,2.02,427,21,0.0,1
71531,314,0.83,215,11,0.0,1
71768,315,0.82,237,12,0.0,1
72124,316,0.62,356,18,0.0,1
72350,317,0.90,226,13,0.0,1
72594,318,0.92,244,12,0.0,1
72981,319,1.84,387,20,0.0,1
73243,320,1.18,262,14,0.0,1
73461,321,0.57,218,9,0.0,1
73826,322,1.93,365,20,0.0,1
74030,323,0.36,204,9,0.0,1
74160,324,-0.01,130,6,0.0,1
74503,325,1.03,343,16,0.0,1
74757,326,0.95,254,13,0.0,1
74994,327,0.67,237,10,0.0,1
75298,328,1.30,304,14,0.0,1
75475,329,0.36,177,7,0.0,1
75708,330,1.09,233,12,0.0,1
76139,331,2.13,431,21,0.0,1
76259,332,-0.29,120,5,0.0,1
76491,333,0.85,232,11,0.0,1
76863,334,1.95,372,20,0.0,1
77246,335,1.07,383,21,0.0,1
77500,336,0.78,254,11,0.0,1
77608,337,-0.17,108,5,0.0,1
77829,338,0.95,221,12,0.0,1
78067,339,0.72,238,13,0.0,1
78264,340,0.53,197,9,0.0,1
78720,341,1.92,456,22,0.0,1
79005,342,0.85,285,12,0.0,1
79182,343,0.04,177,8,0.0,1
79420,344,0.89,238,12,0.0,1
79837,345,1.29,417,21,0.0,1
80035,346,0.42,198,8,0.0,1
80224,347,0.29,189,8,0.0,1
80503,348,1.05,279,14,0.0,1
80728,349,0.30,225,11,0.0,1
80836,350,-0.27,108,5,0.0,1
81077,351,0.35,241,13,0.0,1
81210,352,-0.21,133,7,0.0,1
81437,353,-0.12,227,11,0.0,1
81679,354,-0.60,242,11,0.0,1
81861,355,0.13,182,9,0.0,1
81983,356,-0.35,122,5,0.0,1
82098,357,-0.10,115,6,0.0,1
82319,358,0.36,221,12,0.0,1
82449,359,-0.21,130,7,0.0,1
82818,360,0.62,369,18,0.0,1
83099,361,-0.87,281,11,0.0,1
83211,362,-0.25,112,4,0.0,1
83322,363,-0.37,111,4,0.0,1
83573,364,0.46,251,13,0.0,1
83698,365,-0.38,125,5,0.0,1
83819,366,-0.35,121,6,0.0,1
84050,367,0.28,231,12,0.0,1
84363,368,1.37,313,17,0.0,1
84562,369,0.49,199,8,0.0,1
84700,370,0.14,138,6,0.0,1
84897,371,0.43,197,8,0.0,1
85136,372,0.83,239,13,0.0,1
85258,373,0.19,122,6,0.0,1
85370,374,-0.25,112,4,0.0,1
85493,375,-0.65,123,6,0.0,1
85604,376,-0.21,111,4,0.0,1
85685,377,-0.40,81,2,0.0,1
85816,378,0.05,131,6,0.0,1
86018,379,0.28,202,8,0.0,1
86232,380,0.59,214,9,0.0,1
86359,381,-0.16,127,5,0.0,1
86557,382,0.16,198,9,0.0,1
86688,383,-0.13,131,6,0.0,1
86907,384,0.62,219,12,0.0,1
87123,385,0.19,216,10,0.0,1
87404,386,0.95,281,14,0.0,1
87732,387,1.05,328,17,0.0,1
87954,388,0.74,222,11,0.0,1
88185,389,0.76,231,12,0.0,1
88519,390,1.74,334,18,0.0,1
88749,391,0.86,230,12,0.0,1
89118,392,1.60,369,18,0.0,1
89355,393,0.43,237,10,0.0,1
89460,394,-0.34,105,4,0.0,1
89578,395,-0.07,118,5,0.0,1
89798,396,0.74,220,11,0.0,1
90040,397,1.00,242,13,0.0,1
90270,398,0.97,230,12,0.0,1
90479,399,0.36,209,8,0.0,1
90668,400,0.07,189,7,0.0,1
90945,401,1.32,277,14,0.0,1
91187,402,0.65,242,11,0.0,1
91308,403,-0.06,121,5,0.0,1
91761,404,2.00,453,23,0.0,1
91956,405,0.60,195,10,0.0,1
92196,406,0.94,240,12,0.0,1
92394,407,0.67,198,10,0.0,1
92643,408,0.92,249,12,0.0,1
92897,409,0.98,254,11,0.0,1
93044,410,0.28,147,7,0.0,1
93288,411,0.94,244,12,0.0,1
93468,412,0.42,180,9,0.0,1
93711,413,0.85,243,11,0.0,1
93836,414,0.01,125,6,0.0,1
94050,415,0.41,214,9,0.0,1
94158,416,-0.27,108,4,0.0,1
94301,417,0.07,143,7,0.0,1
94525,418,0.64,224,12,0.0,1
94753,419,0.29,228,10,0.0,1
94858,420,-0.32,105,3,0.0,1
94984,421,0.01,126,6,0.0,1
95092,422,-0.05,108,4,0.0,1
95303,423,0.59,211,9,0.0,1
95508,424,0.33,205,9,0.0,1
95711,425,0.54,203,10,0.0,1
96049,426,1.43,338,16,0.0,1
96251,427,0.22,202,9,0.0,1
96427,428,0.46,176,8,0.0,1
96778,429,1.33,351,19,0.0,1
97109,430,1.52,331,18,0.0,1
97243,431,0.16,134,7,0.0,1
97469,432,0.70,226,11,0.0,1
97697,433,0.59,228,13,0.0,1
98012,434,1.75,315,17,0.0,1
98231,435,0.74,219,11,0.0,1
98460,436,0.45,229,10,0.0,1
98716,437,0.98,256,13,0.0,1
99035,438,0.52,319,17,0.0,1
99352,439,1.56,317,17,0.0,1
99461,440,-0.05,109,5,0.0,1
99846,441,0.62,385,18,0.0,1
100087,442,0.84,241,12,0.0,1
100499,443,1.08,412,21,0.0,1
100722,444,0.62,223,10,0.0,1
100950,445,0.79,228,12,0.0,1
101172,446,0.62,222,11,0.0,1
101424,447,0.58,252,11,0.0,1
101736,448,1.20,312,13,0.0,1
101983,449,0.91,247,12,0.0,1
102243,450,1.10,260,13,0.0,1
102544,451,1.21,301,14,0.0,1
102870,452,1.69,326,17,0.0,1
103135,453,0.99,265,11,0.0,1
103378,454,0.87,243,12,0.0,1
103625,455,0.95,247,12,0.0,1
103856,456,0.66,231,11,0.0,1
104133,457,1.10,277,15,0.0,1
104247,458,-0.08,114,4,0.0,1
104367,459,-0.08,120,6,0.0,1
104703,460,1.43,336,18,0.0,1
104948,461,0.80,245,12,0.0,1
105162,462,0.38,214,10,0.0,1
105400,463,0.99,238,13,0.0,1
105501,464,-0.41,101,3,0.0,1
105617,465,0.04,116,6,0.0,1
105843,466,1.01,226,12,0.0,1
106309,467,0.96,466,21,0.0,1
106692,468,1.21,383,20,0.0,1
107194,469,2.25,502,25,0.0,1
107428,470,1.02,234,13,0.0,1
107713,471,0.72,285,12,0.0,1
107952,472,0.58,239,12,0.0,1
108290,473,1.28,338,17,0.0,1
108398,474,-0.42,108,4,0.0,1
108509,475,-0.47,111,4,0.0,1
108734,476,0.52,225,11,0.0,1
109012,477,0.72,278,13,0.0,1
109375,478,0.76,363,19,0.0,1
109803,479,2.28,428,21,0.0,1
110047,480,1.10,244,14,0.0,1
110303,481,0.95,256,13,0.0,1
110577,482,0.76,274,14,0.0,1
110897,483,1.50,320,17,0.0,1
111139,484,0.60,242,11,0.0,1
111334,485,0.35,195,9,0.0,1
111658,486,1.66,324,19,0.0,1
111763,487,-0.23,105,4,0.0,1
111870,488,-0.48,107,4,0.0,1
112210,489,0.68,340,20,0.0,1
112320,490,-0.15,110,4,0.0,1
112676,491,-0.40,356,18,0.0,1
112998,492,0.60,322,17,0.0,1
113106,493,-0.29,108,5,0.0,1
113511,494,1.08,405,21,0.0,1
113643,495,-0.26,132,6,0.0,1
113833,496,0.09,190,9,0.0,1
114181,497,0.19,348,17,0.0,1
114508,498,0.74,327,15,0.0,1
114768,499,0.53,260,14,0.0,1
114882,500,-0.10,114,6,0.0,1
114999,501,0.06,117,6,0.0,1
115120,502,0.01,121,6,0.0,1
115460,503,0.64,340,17,0.0,1
115883,504,0.91,423,20,0.0,1
116162,505,-0.38,279,14,0.0,1
116520,506,-0.20,358,17,0.0,1
116824,507,0.40,304,16,0.0,1
117171,508,0.47,347,18,0.0,1
117390,509,0.04,219,9,0.0,1
117495,510,-0.40,105,3,0.0,1
117720,511,0.38,225,11,0.0,1
117951,512,0.51,231,11,0.0,1
118211,513,0.90,260,14,0.0,1
118465,514,0.80,254,14,0.0,1
118835,515,0.48,370,18,0.0,1
119164,516,1.10,329,17,0.0,1
119383,517,0.24,219,8,0.0,1
119735,518,0.78,352,17,0.0,1
119951,519,0.52,216,10,0.0,1
120080,520,0.10,129,6,0.0,1
120201,521,-0.11,121,5,0.0,1
120435,522,0.62,234,12,0.0,1
120808,523,1.50,373,18,0.0,1
121068,524,0.83,260,15,0.0,1
121292,525,0.84,224,12,0.0,1
121493,526,0.37,201,10,0.0,1
121777,527,0.75,284,15,0.0,1
121922,528,0.15,145,6,0.0,1
122081,529,-0.38,159,7,0.0,1
122279,530,0.19,198,10,0.0,1
122498,531,0.15,219,11,0.0,1
122694,532,0.38,196,11,0.0,1
123054,533,0.90,360,19,0.0,1
123382,534,0.93,328,17,0.0,1
123691,535,0.98,309,17,0.0,1
124017,536,-0.11,326,16,0.0,1
124294,537,0.69,277,13,0.0,1
124424,538,-0.11,130,6,0.0,1
124627,539,0.69,203,12,0.0,1
124956,540,1.45,329,18,0.0,1
125181,541,0.19,225,12,0.0,1
125505,542,1.22,324,16,0.0,1
125739,543,0.82,234,12,0.0,1
126113,544,-0.52,374,16,0.0,1
126441,545,1.56,328,19,0.0,1
126769,546,0.25,328,16,0.0,1
126901,547,-0.32,132,6,0.0,1
127192,548,1.39,291,15,0.0,1
127316,549,-0.11,124,6,0.0,1
127525,550,0.18,209,10,0.0,1
127835,551,0.57,310,16,0.0,1
128058,552,0.59,223,10,0.0,1
128472,553,2.38,414,23,0.0,1
128681,554,0.32,209,10,0.0,1
128781,555,-0.34,100,4,0.0,1
129026,556,0.87,245,12,0.0,1
129370,557,1.45,344,18,0.0,1
129819,558,1.33,449,20,0.0,1
130153,559,1.20,334,18,0.0,1
130479,560,1.31,326,16,0.0,1
130722,561,0.47,243,12,0.0,1
131075,562,0.52,353,17,0.0,1
131428,563,0.95,353,18,0.0,1
131662,564,0.29,234,12,0.0,1
131776,565,-0.35,114,4,0.0,1
131905,566,-0.19,129,6,0.0,1
132134,567,0.51,229,11,0.0,1
132462,568,0.77,328,17,0.0,1
132679,569,0.47,217,10,0.0,1
132933,570,0.71,254,13,0.0,1
133274,571,0.42,341,17,0.0,1
133382,572,-0.29,108,4,0.0,1
133754,573,0.31,372,18,0.0,1
133987,574,0.52,233,13,0.0,1
134338,575,1.54,351,19,0.0,1
134543,576,0.28,205,10,0.0,1
134959,577,1.28,416,22,0.0,1
135301,578,1.80,342,20,0.0,1
135664,579,0.47,363,18,0.0,1
135888,580,0.47,224,13,0.0,1
136032,581,-0.26,144,7,0.0,1
136268,582,0.34,236,13,0.0,1
136560,583,0.58,292,16,0.0,1
136795,584,0.42,235,9,0.0,1
136922,585,-0.02,127,6,0.0,1
137166,586,0.35,244,13,0.0,1
137507,587,1.47,341,17,0.0,1
137752,588,0.69,245,12,0.0,1
138104,589,1.09,352,19,0.0,1
138449,590,1.02,345,17,0.0,1
138795,591,0.86,346,17,0.0,1
139130,592,-1.09,335,17,0.0,1
139439,593,1.38,309,16,0.0,1
139555,594,-0.39,116,4,0.0,1
139869,595,1.22,314,16,0.0,1
139984,596,-0.01,115,5,0.0,1
140318,597,1.20,334,19,0.0,1
140671,598,1.22,353,20,0.0,1
140912,599,0.80,241,13,0.0,1
141355,600,1.73,443,23,0.0,1
141721,601,1.32,366,20,0.0,1
142072,602,1.43,351,16,0.0,1
142410,603,0.84,338,19,0.0,1
142700,604,0.53,290,16,0.0,1
143048,605,1.18,348,18,0.0,1
143255,606,0.34,207,11,0.0,1
143492,607,0.76,237,13,0.0,1
143677,608,0.31,185,9,0.0,1
143981,609,1.24,304,17,0.0,1
144326,610,0.40,345,18,0.0,1
144454,611,-0.11,128,5,0.0,1
144571,612,-0.10,117,5,0.0,1
144677,613,-0.11,106,4,0.0,1
145034,614,1.18,357,18,0.0,1
145205,615,0.02,171,7,0.0,1
145432,616,0.71,227,10,0.0,1
145660,617,0.51,228,11,0.0,1
145870,618,0.46,210,8,0.0,1
146155,619,1.10,285,15,0.0,1
146586,620,2.35,431,22,0.0,1
146826,621,0.96,240,13,0.0,1
147041,622,0.76,215,11,0.0,1
147385,623,1.77,344,18,0.0,1
147734,624,1.72,349,19,0.0,1
147959,625,0.68,225,11,0.0,1
148173,626,0.39,214,11,0.0,1
148285,627,-0.00,112,5,0.0,1
148492,628,0.50,207,10,0.0,1
148599,629,-0.34,107,3,0.0,1
148711,630,-0.09,112,4,0.0,1
149067,631,2.11,356,20,0.0,1
149317,632,0.93,250,12,0.0,1
149436,633,-0.15,119,6,0.0,1
149712,634,1.13,276,14,0.0,1
149858,635,0.08,146,7,0.0,1
150201,636,1.65,343,19,0.0,1
150407,637,0.52,206,10,0.0,1
150522,638,-0.15,115,4,0.0,1
150777,639,1.08,255,13,0.0,1
151042,640,1.48,265,16,0.0,1
151418,641,1.87,376,20,0.0,1
151793,642,1.41,375,20,0.0,1
152147,643,1.47,354,19,0.0,1
152277,644,-0.14,130,5,0.0,1
152604,645,1.72,327,17,0.0,1
152828,646,0.73,224,10,0.0,1
153158,647,1.57,330,18,0.0,1
153591,648,1.67,433,23,0.0,1
153934,649,1.63,343,19,0.0,1
154269,650,1.53,335,18,0.0,1
154688,651,2.10,419,22,0.0,1
155080,652,2.28,392,22,0.0,1
155490,653,1.38,410,21,0.0,1
155826,654,1.84,336,20,0.0,1
156095,655,1.01,269,14,0.0,1
156307,656,0.72,212,10,0.0,1
156529,657,0.54,222,11,0.0,1
156781,658,0.82,252,13,0.0,1
156910,659,-0.13,129,7,0.0,1
157137,660,0.60,227,12,0.0,1
157273,661,0.12,136,6,0.0,1
157561,662,0.90,288,14,0.0,1
157870,663,1.20,309,15,0.0,1
157973,664,-0.48,103,3,0.0,1
158393,665,2.12,420,21,0.0,1
158720,666,1.18,327,17,0.0,1
159133,667,1.34,413,20,0.0,1
159481,668,1.51,348,17,0.0,1
159794,669,1.35,313,13,0.0,1
159963,670,0.42,169,7,0.0,1
160318,671,1.52,355,15,0.0,1
160540,672,0.57,222,9,0.0,1
160714,673,0.26,174,8,0.0,1
160843,674,0.05,129,6,0.0,1
160937,675,-0.59,94,2,0.0,1
161172,676,0.79,235,12,0.0,1
161489,677,1.54,317,16,0.0,1
161593,678,-0.44,104,3,0.0,1
161699,679,-0.26,106,3,0.0,1
161808,680,-0.26,109,4,0.0,1
161930,681,-0.40,122,5,0.0,1
162066,682,-0.26,136,5,0.0,1
162354,683,0.10,288,14,0.0,1
162469,684,-0.30,115,5,0.0,1
162787,685,-0.36,318,15,0.0,1
162918,686,-0.22,131,7,0.0,1
163023,687,-0.28,105,4,0.0,1
163135,688,-0.39,112,3,0.0,1
163243,689,-0.53,108,3,0.0,1
163363,690,-0.28,120,4,0.0,1
163465,691,-0.65,102,2,0.0,1
163547,692,-0.66,82,1,0.0,1
163662,693,-0.74,115,4,0.0,1
163839,694,-0.29,177,8,0.0,1
163957,695,-0.09,118,6,0.0,1
164082,696,-0.30,125,6,0.0,1
164360,697,-0.05,278,15,0.0,1
164490,698,-0.28,130,7,0.0,1
164603,699,-0.04,113,5,0.0,1
164712,700,-0.31,109,4,0.0,1
164833,701,-0.13,121,5,0.0,1
164969,702,-0.09,136,6,0.0,1
165135,703,0.15,166,8,0.0,1
165345,704,0.48,210,9,0.0,1
165467,705,-0.40,122,6,0.0,1
165692,706,0.64,225,11,0.0,1
165870,707,0.26,178,8,0.0,1
166096,708,0.64,226,12,0.0,1
166456,709,1.55,360,20,0.0,1
166658,710,0.68,202,11,0.0,1
166888,711,0.58,230,11,0.0,1
167329,712,1.53,441,21,0.0,1
167547,713,0.50,218,10,0.0,1
167668,714,-0.27,121,6,0.0,1
167843,715,-0.05,175,7,0.0,1
168051,716,0.50,208,8,0.0,1
168247,717,-0.05,196,8,0.0,1
168452,718,0.66,205,10,0.0,1
168685,719,0.56,233,11,0.0,1
168946,720,1.02,261,13,0.0,1
169368,721,2.10,422,22,0.0,1
169729,722,1.06,361,19,0.0,1
170122,723,1.61,393,21,0.0,1
170283,724,0.04,161,7,0.0,1
170389,725,-0.05,106,4,0.0,1
170713,726,1.62,324,17,0.0,1
170842,727,-0.10,129,6,0.0,1
171057,728,0.50,215,11,0.0,1
171478,729,1.67,421,21,0.0,1
171933,730,1.56,455,22,0.0,1
172081,731,0.17,148,6,0.0,1
172266,732,0.45,185,8,0.0,1
172386,733,-0.24,120,5,0.0,1
172612,734,0.80,226,12,0.0,1
172737,735,0.04,125,6,0.0,1
173045,736,0.23,308,14,0.0,1
173418,737,1.65,373,21,0.0,1
173654,738,0.88,236,12,0.0,1
174105,739,0.32,451,19,0.0,1
174220,740,-0.19,115,4,0.0,1
174630,741,2.07,410,19,0.0,1
174947,742,1.40,317,16,0.0,1
175216,743,0.98,269,14,0.0,1
175489,744,0.89,273,14,0.0,1
175817,745,1.47,328,17,0.0,1
176058,746,0.94,241,13,0.0,1
176291,747,1.01,233,14,0.0,1
176636,748,1.57,345,17,0.0,1
177056,749,1.41,420,22,0.0,1
177289,750,0.97,233,13,0.0,1
177404,751,-0.16,115,5,0.0,1
177775,752,1.08,371,20,0.0,1
178131,753,1.64,356,18,0.0,1
178234,754,-0.19,103,4,0.0,1
178436,755,0.64,202,9,0.0,1
178596,756,0.16,160,7,0.0,1
178783,757,0.09,187,9,0.0,1
179061,758,1.23,278,15,0.0,1
179401,759,1.81,340,20,0.0,1
179829,760,1.58,428,22,0.0,1
180323,761,0.43,494,22,0.0,1
180575,762,0.15,252,12,0.0,1
180782,763,0.30,207,9,0.0,1
181108,764,1.19,326,18,0.0,1
181448,765,1.30,340,13,0.0,1
181791,766,0.73,343,18,0.0,1
182049,767,0.77,258,13,0.0,1
182181,768,-0.04,132,6,0.0,1
182425,769,0.62,244,12,0.0,1
182592,770,0.12,167,7,0.0,1
182919,771,1.10,327,15,0.0,1
183036,772,-0.46,117,4,0.0,1
183406,773,1.03,370,19,0.0,1
183617,774,0.35,211,10,0.0,1
183944,775,1.14,327,16,0.0,1
184180,776,0.67,236,12,0.0,1
184287,777,-0.11,107,5,0.0,1
184674,778,1.93,387,19,0.0,1
185130,779,2.21,456,23,0.0,1
185475,780,1.31,345,18,0.0,1
185813,781,1.43,338,18,0.0,1
185943,782,-0.04,130,6,0.0,1
186061,783,-0.50,118,4,0.0,1
186189,784,0.07,128,6,0.0,1
186395,785,0.39,206,10,0.0,1
186644,786,0.84,249,14,0.0,1
186767,787,0.05,123,6,0.0,1
186990,788,0.82,223,12,0.0,1
187231,789,0.85,241,13,0.0,1
187550,790,1.62,319,17,0.0,1
187797,791,1.06,247,13,0.0,1
188110,792,1.70,313,16,0.0,1
188345,793,0.60,235,13,0.0,1
188454,794,-0.26,109,4,0.0,1
188771,795,1.02,317,14,0.0,1
188902,796,-0.03,131,6,0.0,1
189218,797,1.48,316,16,0.0,1
189544,798,1.00,326,16,0.0,1
189900,799,1.01,356,18,0.0,1
190142,800,0.94,242,13,0.0,1
190449,801,1.42,307,16,0.0,1
190970,802,1.70,521,23,0.0,1
191115,803,0.23,145,7,0.0,1
191230,804,0.16,115,6,0.0,1
191596,805,1.54,366,19,0.0,1
191821,806,0.96,225,12,0.0,1
191999,807,0.43,178,7,0.0,1
192292,808,1.17,293,14,0.0,1
192524,809,0.48,232,11,0.0,1
192735,810,0.67,211,9,0.0,1
193045,811,1.34,310,13,0.0,1
193376,812,1.05,331,13,0.0,1
193491,813,-0.26,115,3,0.0,1
193709,814,1.05,218,12,0.0,1
194071,815,1.86,362,18,0.0,1
194433,816,2.07,362,20,0.0,1
194676,817,0.98,243,12,0.0,1
194887,818,0.55,211,9,0.0,1
195142,819,1.14,255,13,0.0,1
195442,820,1.40,300,15,0.0,1
195678,821,0.94,236,11,0.0,1
195785,822,-0.12,107,4,0.0,1
196011,823,0.91,226,11,0.0,1
196115,824,-0.40,104,3,0.0,1
196339,825,0.56,224,11,0.0,1
196556,826,0.52,217,9,0.0,1
196662,827,-0.21,106,3,0.0,1
196914,828,0.88,252,13,0.0,1
197392,829,2.09,478,24,0.0,1
197600,830,0.76,208,11,0.0,1
197853,831,0.89,253,11,0.0,1
198066,832,0.73,213,10,0.0,1
198195,833,-0.00,129,6,0.0,1
198295,834,-0.18,100,4,0.0,1
198530,835,1.14,235,13,0.0,1
198806,836,1.10,276,13,0.0,1
198914,837,-0.11,108,4,0.0,1
199038,838,0.03,124,5,0.0,1
199273,839,1.09,235,12,0.0,1
199397,840,-0.00,124,6,0.0,1
199844,841,1.74,447,22,0.0,1
200162,842,1.36,318,17,0.0,1
200469,843,1.04,307,14,0.0,1
200778,844,1.39,309,15,0.0,1
201244,845,1.99,466,23,0.0,1
201486,846,0.44,242,11,0.0,1
201838,847,1.32,352,15,0.0,1
201998,848,0.19,160,7,0.0,1
202332,849,1.60,334,16,0.0,1
202525,850,0.51,193,8,0.0,1
202766,851,0.91,241,12,0.0,1
202902,852,-0.02,136,5,0.0,1
203127,853,0.52,225,13,0.0,1
203233,854,-0.27,106,4,0.0,1
203464,855,0.83,231,12,0.0,1
203637,856,0.25,173,7,0.0,1
203837,857,0.10,200,9,0.0,1
204262,858,2.00,425,22,0.0,1
204445,859,0.38,183,8,0.0,1
204570,860,-0.12,125,5,0.0,1
205037,861,2.05,467,21,0.0,1
205156,862,-0.13,119,5,0.0,1
205438,863,0.66,282,13,0.0,1
205663,864,0.64,225,11,0.0,1
205867,865,0.59,204,10,0.0,1
206106,866,0.62,239,12,0.0,1
206493,867,0.97,387,21,0.0,1
206719,868,0.75,226,12,0.0,1
206846,869,0.03,127,6,0.0,1
207261,870,2.20,415,21,0.0,1
207680,871,1.30,419,20,0.0,1
207794,872,-0.14,114,5,0.0,1
208145,873,1.72,351,18,0.0,1
208404,874,1.03,259,13,0.0,1
208515,875,-0.15,111,4,0.0,1
208624,876,-0.16,109,5,0.0,1
208738,877,0.11,114,5,0.0,1
208923,878,0.38,185,8,0.0,1
209193,879,1.20,270,14,0.0,1
209378,880,0.43,185,9,0.0,1
209751,881,2.15,373,20,0.0,1
210054,882,1.35,303,15,0.0,1
210462,883,1.94,408,20,0.0,1
210580,884,-0.12,118,5,0.0,1
210810,885,0.59,230,11,0.0,1
211255,886,1.90,445,22,0.0,1
211607,887,0.72,352,17,0.0,1
211926,888,1.24,319,17,0.0,1
212266,889,1.62,340,16,0.0,1
212414,890,0.22,148,8,0.0,1
212550,891,-0.05,136,7,0.0,1
212887,892,1.62,337,17,0.0,1
213312,893,1.84,425,21,0.0,1
213739,894,1.30,427,21,0.0,1
214070,895,1.45,331,16,0.0,1
214397,896,1.36,327,16,0.0,1
214818,897,1.50,421,23,0.0,1
215023,898,0.80,205,11,0.0,1
215168,899,0.30,145,7,0.0,1
215420,900,0.92,252,13,0.0,1
215685,901,1.35,265,14,0.0,1
215895,902,0.72,210,9,0.0,1
216116,903,0.74,221,12,0.0,1
216383,904,1.06,267,14,0.0,1
216631,905,1.01,248,13,0.0,1
216976,906,1.92,345,19,0.0,1
217326,907,1.79,350,19,0.0,1
217681,908,1.54,355,17,0.0,1
217981,909,1.29,300,16,0.0,1
218197,910,0.84,216,10,0.0,1
218320,911,-0.13,123,5,0.0,1
218436,912,-0.13,116,4,0.0,1
218619,913,0.47,183,9,0.0,1
218973,914,1.71,354,19,0.0,1
219096,915,-0.12,123,5,0.0,1
219330,916,0.92,234,13,0.0,1
219575,917,0.76,245,11,0.0,1
219733,918,0.32,158,7,0.0,1
219972,919,1.00,239,13,0.0,1
220389,920,1.20,417,21,0.0,1
220777,921,1.81,388,21,0.0,1
220895,922,-0.14,118,6,0.0,1
221027,923,0.10,132,6,0.0,1
221260,924,0.70,233,10,0.0,1
221561,925,1.19,301,14,0.0,1
221911,926,1.83,350,19,0.0,1
222289,927,1.01,378,20,0.0,1
222395,928,-0.48,106,4,0.0,1
222624,929,0.50,229,9,0.0,1
223018,930,1.08,394,19,0.0,1
223201,931,0.39,183,8,0.0,1
223397,932,0.39,196,8,0.0,1
223553,933,-0.04,156,6,0.0,1
223819,934,1.05,266,13,0.0,1
223958,935,0.13,139,6,0.0,1
224109,936,-0.10,151,6,0.0,1
224216,937,-0.32,107,5,0.0,1
224600,938,2.22,384,22,0.0,1
224724,939,-0.16,124,6,0.0,1
224837,940,-0.17,113,5,0.0,1
225219,941,1.92,382,19,0.0,1
225440,942,0.37,221,11,0.0,1
225659,943,0.26,219,10,0.0,1
225855,944,0.00,196,8,0.0,1
226158,945,1.05,303,15,0.0,1
226328,946,-0.02,170,8,0.0,1
226529,947,0.49,201,8,0.0,1
226882,948,0.91,353,17,0.0,1
227010,949,-0.21,128,5,0.0,1
227200,950,0.30,190,9,0.0,1
227318,951,-0.25,118,4,0.0,1
227546,952,0.80,228,11,0.0,1
227654,953,-0.31,108,3,0.0,1
227782,954,-0.03,128,6,0.0,1
227929,955,-0.12,147,6,0.0,1
228050,956,-0.12,121,4,0.0,1
228142,957,-0.19,92,3,0.0,1
228485,958,1.72,343,17,0.0,1
228782,959,0.92,297,15,0.0,1
228918,960,-0.05,136,6,0.0,1
229032,961,-0.15,114,4,0.0,1
229327,962,0.97,295,15,0.0,1
229673,963,0.70,346,18,0.0,1
229828,964,-0.05,155,7,0.0,1
230064,965,0.19,236,9,0.0,1
230190,966,-0.12,126,5,0.0,1
230325,967,0.06,135,6,0.0,1
230558,968,0.30,233,12,0.0,1
230663,969,-0.16,105,4,0.0,1
230785,970,-0.08,122,6,0.0,1
231018,971,0.84,233,13,0.0,1
231376,972,1.79,358,19,0.0,1
231706,973,1.26,330,16,0.0,1
232029,974,0.93,323,16,0.0,1
232396,975,0.96,367,19,0.0,1
232611,976,0.53,215,10,0.0,1
232946,977,1.43,335,17,0.0,1
233266,978,1.39,320,17,0.0,1
233628,979,2.02,362,19,0.0,1
233965,980,1.84,337,18,0.0,1
234206,981,0.89,241,13,0.0,1
234623,982,2.56,417,24,0.0,1
234730,983,-0.12,107,4,0.0,1
234950,984,0.79,220,11,0.0,1
235330,985,2.16,380,21,0.0,1
235549,986,0.69,219,10,0.0,1
235677,987,0.02,128,6,0.0,1
235984,988,1.46,307,17,0.0,1
236207,989,0.74,223,12,0.0,1
236491,990,1.42,284,15,0.0,1
236634,991,0.07,143,6,0.0,1
237002,992,1.11,368,20,0.0,1
237299,993,1.22,297,14,0.0,1
237415,994,-0.11,116,6,0.0,1
237842,995,2.54,427,23,0.0,1
238160,996,1.28,318,17,0.0,1
238670,997,2.53,510,24,0.0,1
238811,998,0.23,141,7,0.0,1
239061,999,0.82,250,11,0.0,1
239327,1000,1.23,266,14,0.0,1
239784,1001,2.24,457,24,0.0,1
239894,1002,-0.10,110,4,0.0,1
240149,1003,0.94,255,12,0.0,1
240396,1004,0.76,247,12,0.0,1
240627,1005,0.94,231,12,0.0,1
240870,1006,1.11,243,13,0.0,1
240994,1007,0.14,124,6,0.0,1
241158,1008,0.27,164,7,0.0,1
241331,1009,0.11,173,7,0.0,1
241469,1010,0.31,138,7,0.0,1
241687,1011,0.89,218,12,0.0,1
242081,1012,2.04,394,18,0.0,1
242473,1013,2.09,392,19,0.0,1
242588,1014,0.03,115,5,0.0,1
242887,1015,1.14,299,14,0.0,1
243110,1016,0.75,223,11,0.0,1
243278,1017,0.01,168,7,0.0,1
243455,1018,0.35,177,8,0.0,1
243795,1019,1.59,340,19,0.0,1
243945,1020,0.04,150,8,0.0,1
244206,1021,0.87,261,13,0.0,1
244541,1022,1.32,335,18,0.0,1
244793,1023,1.11,252,14,0.0,1
245237,1024,2.12,444,22,0.0,1
245357,1025,0.06,120,5,0.0,1
245584,1026,0.81,227,11,0.0,1
245952,1027,2.06,368,20,0.0,1
246184,1028,0.57,232,9,0.0,1
246539,1029,1.72,355,19,0.0,1
246877,1030,1.31,338,16,0.0,1
247090,1031,0.33,213,10,0.0,1
247297,1032,0.74,207,11,0.0,1
247668,1033,1.43,371,19,0.0,1
248017,1034,1.52,349,18,0.0,1
248354,1035,1.48,337,17,0.0,1
248470,1036,-0.14,116,5,0.0,1
248573,1037,-0.48,103,3,0.0,1
248694,1038,0.10,121,7,0.0,1
248824,1039,-0.11,130,6,0.0,1
249161,1040,-0.25,337,14,0.0,1
249524,1041,1.69,363,20,0.0,1
249726,1042,0.52,202,8,0.0,1
249931,1043,0.34,205,10,0.0,1
250280,1044,1.28,349,18,0.0,1
250639,1045,0.41,359,18,0.0,1
250759,1046,-0.08,120,5,0.0,1
250863,1047,-0.29,104,5,0.0,1
251126,1048,0.88,263,15,0.0,1
251301,1049,0.11,175,8,0.0,1
251526,1050,0.48,225,11,0.0,1
251775,1051,0.98,249,13,0.0,1
251906,1052,-0.11,131,6,0.0,1
252039,1053,0.09,133,7,0.0,1
252379,1054,0.28,340,18,0.0,1
252606,1055,0.41,227,11,0.0,1
252808,1056,0.27,202,10,0.0,1
253047,1057,0.36,239,12,0.0,1
253321,1058,0.92,274,14,0.0,1
253450,1059,-0.34,129,5,0.0,1
253712,1060,0.74,262,13,0.0,1
253930,1061,0.34,218,10,0.0,1
254154,1062,0.57,224,10,0.0,1
254298,1063,-0.06,144,8,0.0,1
254603,1064,1.39,305,17,0.0,1
254716,1065,-0.11,113,4,0.0,1
254934,1066,0.67,218,10,0.0,1
255119,1067,0.38,185,10,0.0,1
255224,1068,-0.26,105,4,0.0,1
255456,1069,0.30,232,10,0.0,1
255589,1070,-0.27,133,6,0.0,1
255776,1071,0.06,187,9,0.0,1
256085,1072,0.65,309,14,0.0,1
256330,1073,0.46,245,11,0.0,1
256447,1074,-0.19,117,5,0.0,1
256564,1075,-0.35,117,5,0.0,1
256804,1076,0.52,240,12,0.0,1
257022,1077,0.63,218,10,0.0,1
257429,1078,2.20,407,22,0.0,1
257699,1079,1.22,270,14,0.0,1
257932,1080,0.71,233,12,0.0,1
258057,1081,0.14,125,6,0.0,1
258162,1082,-0.12,105,4,0.0,1
258346,1083,0.48,184,8,0.0,1
258545,1084,0.52,199,9,0.0,1
258778,1085,0.76,233,11,0.0,1
258886,1086,-0.31,108,3,0.0,1
259131,1087,0.60,245,9,0.0,1
259502,1088,1.47,371,17,0.0,1
259794,1089,1.38,292,16,0.0,1
260059,1090,0.90,265,13,0.0,1
260517,1091,2.40,458,25,0.0,1
260706,1092,0.44,189,9,0.0,1
260886,1093,0.25,180,8,0.0,1
261315,1094,1.42,429,22,0.0,1
261564,1095,1.08,249,12,0.0,1
261790,1096,0.71,226,10,0.0,1
262010,1097,0.67,220,9,0.0,1
262302,1098,1.24,292,14,0.0,1
262439,1099,-0.04,137,7,0.0,1
262653,1100,0.14,214,9,0.0,1
262954,1101,1.42,301,15,0.0,1
263292,1102,1.66,338,18,0.0,1
263763,1103,2.06,471,23,0.0,1
264081,1104,1.33,318,17,0.0,1
264256,1105,0.33,175,8,0.0,1
264546,1106,1.08,290,14,0.0,1
264771,1107,0.55,225,9,0.0,1
265170,1108,1.51,399,21,0.0,1
265664,1109,2.60,494,25,0.0,1
265934,1110,1.22,270,14,0.0,1
266216,1111,1.31,282,14,0.0,1
266517,1112,1.21,301,14,0.0,1
266881,1113,1.60,364,17,0.0,1
267349,1114,1.88,468,23,0.0,1
267813,1115,2.75,464,25,0.0,1
267926,1116,-0.20,113,5,0.0,1
268375,1117,2.59,449,23,0.0,1
268674,1118,1.56,299,15,0.0,1
268821,1119,0.25,147,7,0.0,1
269175,1120,1.86,354,19,0.0,1
269503,1121,1.68,328,17,0.0,1
269839,1122,1.53,336,16,0.0,1
270068,1123,0.76,229,11,0.0,1
270340,1124,1.28,272,14,0.0,1
270535,1125,0.47,195,9,0.0,1
270832,1126,1.12,297,14,0.0,1
271195,1127,2.13,363,20,0.0,1
271386,1128,0.35,191,10,0.0,1
271563,1129,0.56,177,9,0.0,1
272029,1130,1.74,466,23,0.0,1
272167,1131,-0.06,138,6,0.0,1
272400,1132,0.93,233,11,0.0,1
272850,1133,2.50,450,22,0.0,1
273069,1134,0.89,219,11,0.0,1
273193,1135,-0.22,124,5,0.0,1
273497,1136,1.25,304,16,0.0,1
273673,1137,0.40,176,7,0.0,1
273797,1138,-0.01,124,5,0.0,1
274238,1139,2.01,441,22,0.0,1
274642,1140,1.96,404,22,0.0,1
274882,1141,0.95,240,12,0.0,1
275092,1142,0.58,210,10,0.0,1
275247,1143,0.26,155,7,0.0,1
275460,1144,0.81,213,10,0.0,1
275648,1145,0.56,188,9,0.0,1
276118,1146,2.04,470,23,0.0,1
276457,1147,1.76,339,16,0.0,1
276588,1148,0.05,131,6,0.0,1
276824,1149,0.91,236,11,0.0,1
277029,1150,0.60,205,9,0.0,1
277421,1151,2.16,392,19,0.0,1
277530,1152,-0.16,109,4,0.0,1
277675,1153,0.11,145,6,0.0,1
277914,1154,0.89,239,12,0.0,1
278151,1155,1.08,237,12,0.0,1
278502,1156,1.62,351,19,0.0,1
278873,1157,1.88,371,18,0.0,1
279163,1158,1.19,290,14,0.0,1
279381,1159,0.79,218,10,0.0,1
279886,1160,2.32,505,24,0.0,1
280305,1161,2.04,419,22,0.0,1
280600,1162,1.39,295,15,0.0,1
280952,1163,2.04,352,20,0.0,1
281157,1164,0.76,205,10,0.0,1
281626,1165,2.06,469,23,0.0,1
281804,1166,0.45,178,8,0.0,1
282156,1167,1.70,352,17,0.0,1
282376,1168,0.56,220,10,0.0,1
282850,1169,1.99,474,23,0.0,1
283193,1170,1.66,343,18,0.0,1
283301,1171,-0.20,108,3,0.0,1
283411,1172,-0.12,110,4,0.0,1
283519,1173,-0.21,108,4,0.0,1
283751,1174,0.82,232,12,0.0,1
284093,1175,1.80,342,17,0.0,1
284497,1176,2.44,404,22,0.0,1
284972,1177,2.19,475,24,0.0,1
285118,1178,0.36,146,7,0.0,1
285265,1179,0.06,147,7,0.0,1
285412,1180,0.44,147,8,0.0,1
285824,1181,1.08,412,21,0.0,1
285931,1182,-0.44,107,4,0.0,1
286049,1183,-0.29,118,5,0.0,1
286265,1184,0.25,216,11,0.0,1
286381,1185,-0.22,116,5,0.0,1
286636,1186,0.17,255,12,0.0,1
286763,1187,-0.02,127,5,0.0,1
286881,1188,-0.59,118,6,0.0,1
287223,1189,1.15,342,18,0.0,1
287551,1190,1.20,328,17,0.0,1
287672,1191,-0.46,121,5,0.0,1
287954,1192,1.00,282,15,0.0,1
288309,1193,1.33,355,16,0.0,1
288548,1194,0.56,239,11,0.0,1
288694,1195,0.06,146,6,0.0,1
288940,1196,1.06,246,13,0.0,1
289047,1197,-0.22,107,3,0.0,1
289240,1198,0.33,193,8,0.0,1
289362,1199,-0.22,122,4,0.0,1
289541,1200,0.47,179,9,0.0,1
289671,1201,-0.32,130,5,0.0,1
289793,1202,-0.06,122,4,0.0,1
289967,1203,-0.24,174,7,0.0,1
290078,1204,-0.47,111,4,0.0,1
290210,1205,-0.01,132,6,0.0,1
290423,1206,0.51,213,11,0.0,1
290618,1207,0.47,195,9,0.0,1
290822,1208,0.42,204,9,0.0,1
291070,1209,0.88,248,13,0.0,1
291294,1210,0.22,224,11,0.0,1
291503,1211,0.46,209,10,0.0,1
291764,1212,0.57,261,13,0.0,1
291925,1213,0.14,161,7,0.0,1
292156,1214,0.87,231,12,0.0,1
292475,1215,1.51,319,15,0.0,1
292581,1216,-0.22,106,3,0.0,1
292684,1217,-0.27,103,3,0.0,1
293048,1218,1.66,364,18,0.0,1
293275,1219,0.31,227,10,0.0,1
293593,1220,0.33,318,16,0.0,1
293813,1221,0.58,220,10,0.0,1
294015,1222,0.54,202,9,0.0,1
294351,1223,1.11,336,17,0.0,1
294680,1224,1.32,329,17,0.0,1
294901,1225,0.79,221,11,0.0,1
295014,1226,-0.11,113,5,0.0,1
295263,1227,0.91,249,13,0.0,1
295509,1228,0.58,246,13,0.0,1
295856,1229,1.56,347,17,0.0,1
296073,1230,0.50,217,11,0.0,1
296452,1231,1.13,379,18,0.0,1
296804,1232,1.60,352,17,0.0,1
296917,1233,-0.10,113,4,0.0,1
297361,1234,1.71,444,23,0.0,1
297578,1235,0.58,217,10,0.0,1
297797,1236,0.94,219,12,0.0,1
298210,1237,2.27,413,21,0.0,1
298396,1238,0.12,186,8,0.0,1
298712,1239,1.35,316,16,0.0,1
299073,1240,0.92,361,18,0.0,1
299413,1241,1.52,340,16,0.0,1
299759,1242,1.79,346,20,0.0,1
299971,1243,0.38,212,8,0.0,1
300306,1244,1.54,335,17,0.0,1
300505,1245,0.40,199,9,0.0,1
300836,1246,1.39,331,16,0.0,1
301118,1247,1.35,282,16,0.0,1
301275,1248,0.21,157,7,0.0,1
301573,1249,1.51,298,15,0.0,1
301918,1250,1.77,345,18,0.0,1
302148,1251,1.04,230,13,0.0,1
302348,1252,0.12,200,7,0.0,1
302585,1253,0.66,237,11,0.0,1
303065,1254,2.72,480,25,0.0,1
303283,1255,0.67,218,10,0.0,1
303505,1256,0.76,222,9,0.0,1
303606,1257,-0.09,101,4,0.0,1
303837,1258,0.89,231,12,0.0,1
303950,1259,-0.35,113,3,0.0,1
304441,1260,2.29,491,24,0.0,1
304546,1261,-0.26,105,3,0.0,1
304839,1262,1.30,293,16,0.0,1
304951,1263,-0.04,112,4,0.0,1
305067,1264,-0.06,116,5,0.0,1
305382,1265,1.48,315,15,0.0,1
305495,1266,-0.04,113,5,0.0,1
305720,1267,0.94,225,11,0.0,1
305991,1268,1.13,271,13,0.0,1
306198,1269,0.60,207,9,0.0,1
306613,1270,1.76,415,21,0.0,1
306977,1271,1.80,364,18,0.0,1
307191,1272,0.56,214,9,0.0,1
307292,1273,-0.23,101,4,0.0,1
307403,1274,-0.19,111,5,0.0,1
307841,1275,2.41,438,23,0.0,1
308045,1276,0.58,204,9,0.0,1
308267,1277,0.38,222,10,0.0,1
308380,1278,0.06,113,6,0.0,1
308484,1279,-0.12,104,4,0.0,1
308701,1280,0.54,217,9,0.0,1
309144,1281,2.61,443,23,0.0,1
309669,1282,3.23,525,25,0.0,0
309805,1283,0.03,136,6,0.0,1
310175,1284,1.49,370,20,0.0,1
310547,1285,1.83,372,20,0.0,1
310999,1286,1.74,452,22,0.0,1
311266,1287,1.10,267,13,0.0,1
311606,1288,1.49,340,16,0.0,1
311949,1289,1.36,343,19,0.0,1
312411,1290,2.74,462,24,0.0,1
312766,1291,1.62,355,20,0.0,1
312984,1292,0.94,218,12,0.0,1
313086,1293,-0.12,102,4,0.0,1
313203,1294,-0.11,117,5,0.0,1
313427,1295,0.90,224,12,0.0,1
313644,1296,0.52,217,11,0.0,1
313883,1297,0.67,239,13,0.0,1
314067,1298,0.42,184,8,0.0,1
314178,1299,-0.19,111,5,0.0,1
314393,1300,0.15,215,8,0.0,1
314555,1301,0.28,162,8,0.0,1
314867,1302,1.64,312,17,0.0,1
314963,1303,-0.43,96,2,0.0,1
315223,1304,0.61,260,12,0.0,1
315438,1305,0.75,215,12,0.0,1
315547,1306,-0.31,109,4,0.0,1
315657,1307,-0.46,110,5,0.0,1
315889,1308,0.34,232,12,0.0,1
316091,1309,-0.03,202,9,0.0,1
316513,1310,1.96,422,22,0.0,1
316687,1311,0.04,174,7,0.0,1
316912,1312,0.48,225,11,0.0,1
317228,1313,1.17,316,16,0.0,1
317585,1314,1.06,357,18,0.0,1
317691,1315,-0.21,106,4,0.0,1
317805,1316,-0.04,114,5,0.0,1
318099,1317,1.23,294,15,0.0,1
318429,1318,1.54,330,17,0.0,1
318571,1319,0.08,142,7,0.0,1
318770,1320,0.28,199,9,0.0,1
319003,1321,0.72,233,11,0.0,1
319307,1322,1.32,304,15,0.0,1
319743,1323,2.12,436,24,0.0,1
320207,1324,1.98,464,22,0.0,1
320556,1325,0.69,349,18,0.0,1
320790,1326,0.44,234,11,0.0,1
321145,1327,1.69,355,18,0.0,1
321474,1328,1.68,329,17,0.0,1
321864,1329,0.46,390,19,0.0,1
322091,1330,0.70,227,11,0.0,1
322304,1331,0.77,213,10,0.0,1
322424,1332,0.08,120,6,0.0,1
322882,1333,1.55,458,23,0.0,1
323002,1334,0.14,120,6,0.0,1
323449,1335,2.10,447,24,0.0,1
323687,1336,0.93,238,13,0.0,1
323833,1337,0.03,146,6,0.0,1
323957,1338,0.12,124,6,0.0,1
324272,1339,1.40,315,16,0.0,1
324470,1340,0.37,198,9,0.0,1
324798,1341,1.68,328,17,0.0,1
325237,1342,2.42,439,23,0.0,1
325535,1343,0.97,298,14,0.0,1
325891,1344,1.79,356,19,0.0,1
326069,1345,0.18,178,8,0.0,1
326214,1346,0.20,145,6,0.0,1
326600,1347,1.09,386,19,0.0,1
326733,1348,0.24,133,7,0.0,1
327026,1349,1.33,293,15,0.0,1
327156,1350,0.21,130,6,0.0,1
327390,1351,0.96,234,13,0.0,1
327600,1352,0.60,210,10,0.0,1
327978,1353,1.05,378,19,0.0,1
328326,1354,1.67,348,19,0.0,1
328577,1355,0.93,251,13,0.0,1
328905,1356,1.57,328,18,0.0,1
329211,1357,1.19,306,15,0.0,1
329452,1358,0.89,241,13,0.0,1
329701,1359,0.92,249,12,0.0,1
329922,1360,0.89,221,12,0.0,1
330308,1361,1.71,386,19,0.0,1
330588,1362,1.14,280,13,0.0,1
330795,1363,0.18,207,8,0.0,1
331127,1364,1.33,332,17,0.0,1
331354,1365,0.54,227,10,0.0,1
331459,1366,-0.34,105,3,0.0,1
331580,1367,-0.44,121,4,0.0,1
331850,1368,0.77,270,12,0.0,1
331971,1369,0.08,121,6,0.0,1
332171,1370,0.38,200,8,0.0,1
332493,1371,1.40,322,17,0.0,1
332598,1372,-0.29,105,3,0.0,1
332844,1373,1.09,246,13,0.0,1
333063,1374,0.61,219,10,0.0,1
333176,1375,-0.13,113,5,0.0,1
333496,1376,1.54,320,16,0.0,1
333614,1377,-0.09,118,5,0.0,1
333927,1378,1.59,313,17,0.0,1
334280,1379,1.67,353,17,0.0,1
334805,1380,2.75,525,24,0.0,0
335177,1381,1.42,372,19,0.0,1
335297,1382,-0.03,120,6,0.0,1
335570,1383,1.18,273,14,0.0,1
335692,1384,0.11,122,6,0.0,1
336008,1385,1.38,316,17,0.0,1
336215,1386,0.56,207,10,0.0,1
336645,1387,2.05,430,22,0.0,1
336798,1388,-0.00,153,7,0.0,1
337113,1389,1.48,315,17,0.0,1
337350,1390,0.54,237,11,0.0,1
337591,1391,0.73,241,13,0.0,1
337705,1392,0.07,114,5,0.0,1
337814,1393,-0.18,109,5,0.0,1
337946,1394,0.13,132,7,0.0,1
338471,1395,2.10,525,24,0.0,1
338604,1396,0.20,133,7,0.0,1
338824,1397,0.64,220,12,0.0,1
338941,1398,-0.53,117,4,0.0,1
339304,1399,1.93,363,20,0.0,1
339461,1400,0.17,157,7,0.0,1
339673,1401,0.43,212,10,0.0,1
339973,1402,1.46,300,15,0.0,1
340332,1403,1.76,359,19,0.0,1
340679,1404,1.67,347,18,0.0,1
340893,1405,0.68,214,11,0.0,1
341036,1406,-0.35,143,6,0.0,1
341142,1407,-0.06,106,5,0.0,1
341390,1408,0.93,248,12,0.0,1
341865,1409,2.44,475,23,0.0,1
342109,1410,0.78,244,13,0.0,1
342463,1411,0.40,354,17,0.0,1
342763,1412,0.94,300,14,0.0,1
342962,1413,0.34,199,9,0.0,1
343289,1414,1.71,327,18,0.0,1
343509,1415,0.84,220,11,0.0,1
343873,1416,0.95,364,19,0.0,1
344093,1417,0.94,220,12,0.0,1
344482,1418,1.34,389,19,0.0,1
344816,1419,1.32,334,17,0.0,1
345082,1420,1.21,266,14,0.0,1
345320,1421,0.54,238,12,0.0,1
345743,1422,1.85,423,21,0.0,1
346132,1423,1.40,389,19,0.0,1
346254,1424,-0.40,122,5,0.0,1
346373,1425,0.03,119,5,0.0,1
346787,1426,1.56,414,21,0.0,1
346903,1427,-0.13,116,5,0.0,1
347089,1428,-0.03,186,7,0.0,1
347484,1429,1.36,395,19,0.0,1
347738,1430,0.43,254,13,0.0,1
347861,1431,-0.13,123,5,0.0,1
348184,1432,1.45,323,17,0.0,1
348431,1433,0.94,247,12,0.0,1
348807,1434,2.04,376,20,0.0,1
349013,1435,0.46,206,10,0.0,1
349120,1436,-0.20,107,3,0.0,1
349431,1437,1.07,311,14,0.0,1
349539,1438,-0.07,108,5,0.0,1
349897,1439,1.53,358,19,0.0,1
350142,1440,0.93,245,12,0.0,1
350368,1441,0.69,226,10,0.0,1
350857,1442,2.74,489,24,0.0,1
351088,1443,1.02,231,13,0.0,1
351247,1444,0.12,159,8,0.0,1
351466,1445,0.90,219,11,0.0,1
351600,1446,-0.00,134,6,0.0,1
351822,1447,0.68,222,10,0.0,1
352152,1448,1.48,330,17,0.0,1
352541,1449,2.10,389,21,0.0,1
352742,1450,0.50,201,9,0.0,1
353154,1451,1.49,412,21,0.0,1
353636,1452,2.26,482,24,0.0,1
353837,1453,0.54,201,9,0.0,1
354138,1454,1.45,301,16,0.0,1
354603,1455,1.82,465,21,0.0,1
354937,1456,1.70,334,16,0.0,1
355317,1457,2.01,380,20,0.0,1
355691,1458,0.89,374,20,0.0,1
355796,1459,-0.18,105,4,0.0,1
356122,1460,1.35,326,18,0.0,1
356265,1461,0.05,143,7,0.0,1
356557,1462,0.83,292,14,0.0,1
356902,1463,1.98,345,19,0.0,1
357107,1464,0.70,205,10,0.0,1
357453,1465,1.83,346,19,0.0,1
357683,1466,0.76,230,11,0.0,1
357842,1467,-0.01,159,7,0.0,1
358121,1468,1.04,279,12,0.0,1
358227,1469,-0.41,106,3,0.0,1
358568,1470,1.56,341,20,0.0,1
358895,1471,0.30,327,16,0.0,1
359254,1472,0.32,359,16,0.0,1
359585,1473,0.62,331,17,0.0,1
359801,1474,0.73,216,10,0.0,1
360209,1475,1.00,408,21,0.0,1
360354,1476,0.09,145,7,0.0,1
360792,1477,2.29,438,23,0.0,1
361150,1478,1.91,358,19,0.0,1
361350,1479,0.63,200,9,0.0,1
361665,1480,1.59,315,17,0.0,1
361880,1481,0.67,215,12,0.0,1
362126,1482,1.05,246,14,0.0,1
362651,1483,2.45,525,24,0.0,0
363108,1484,1.44,457,23,0.0,1
363374,1485,1.14,266,14,0.0,1
363680,1486,1.31,306,16,0.0,1
363931,1487,0.65,251,12,0.0,1
364154,1488,0.75,223,10,0.0,1
364374,1489,0.36,220,11,0.0,1
364475,1490,-0.29,101,3,0.0,1
364687,1491,0.25,212,9,0.0,1
365002,1492,1.31,315,17,0.0,1
365221,1493,0.62,219,11,0.0,1
365470,1494,0.75,249,13,0.0,1
365691,1495,0.64,221,10,0.0,1
366117,1496,2.46,426,22,0.0,1
366434,1497,1.73,317,17,0.0,1
366677,1498,0.58,243,10,0.0,1
367007,1499,-0.35,330,16,0.0,1
367271,1500,0.81,264,14,0.0,1
367614,1501,1.23,343,18,0.0,1
368040,1502,1.43,426,20,0.0,1
368304,1503,0.99,264,15,0.0,1
368482,1504,0.17,178,7,0.0,1
368597,1505,-0.14,115,4,0.0,1
368717,1506,0.03,120,5,0.0,1
368936,1507,0.31,219,11,0.0,1
369110,1508,-0.08,174,7,0.0,1
369367,1509,0.82,257,13,0.0,1
369497,1510,-0.12,130,4,0.0,1
369628,1511,-0.05,131,6,0.0,1
369884,1512,0.88,256,13,0.0,1
370013,1513,-0.07,129,6,0.0,1
370444,1514,2.13,431,20,0.0,1
370633,1515,0.36,189,8,0.0,1
370780,1516,0.02,147,7,0.0,1
371088,1517,1.15,308,16,0.0,1
371488,1518,1.78,400,20,0.0,1
371813,1519,1.88,325,18,0.0,1
372032,1520,0.69,219,10,0.0,1
372269,1521,0.80,237,10,0.0,1
372379,1522,-0.07,110,6,0.0,1
372502,1523,-0.07,123,5,0.0,1
372623,1524,0.07,121,6,0.0,1
372754,1525,-0.09,131,6,0.0,1
373109,1526,1.78,355,17,0.0,1
373452,1527,1.71,343,19,0.0,1
373572,1528,0.10,120,6,0.0,1
373777,1529,0.91,205,11,0.0,1
374036,1530,0.74,259,13,0.0,1
374265,1531,0.96,229,13,0.0,1
374506,1532,0.83,241,11,0.0,1
374729,1533,0.85,223,12,0.0,1
375132,1534,2.15,403,21,0.0,1
375592,1535,2.08,460,23,0.0,1
375926,1536,1.77,334,18,0.0,1
376339,1537,2.01,413,19,0.0,1
376578,1538,1.00,239,12,0.0,1
376783,1539,0.44,205,9,0.0,1
377143,1540,1.90,360,18,0.0,1
377430,1541,1.29,287,13,0.0,1
377545,1542,0.07,115,5,0.0,1
377903,1543,2.19,358,20,0.0,1
378126,1544,0.66,223,10,0.0,1
378355,1545,0.96,229,13,0.0,1
378471,1546,0.00,116,6,0.0,1
378827,1547,1.73,356,19,0.0,1
379059,1548,0.93,232,11,0.0,1
379201,1549,0.18,142,7,0.0,1
379432,1550,0.93,231,11,0.0,1
379720,1551,1.27,288,15,0.0,1
380050,1552,1.34,330,17,0.0,1
380402,1553,1.90,352,19,0.0,1
380501,1554,-0.36,99,3,0.0,1
380738,1555,0.69,237,11,0.0,1
381073,1556,1.54,335,17,0.0,1
381265,1557,0.41,192,9,0.0,1
381388,1558,-0.01,123,6,0.0,1
381536,1559,0.27,148,7,0.0,1
381685,1560,0.10,149,6,0.0,1
381862,1561,0.32,177,7,0.0,1
382073,1562,0.55,211,10,0.0,1
382295,1563,0.69,222,11,0.0,1
382472,1564,0.07,177,8,0.0,1
382698,1565,0.74,226,11,0.0,1
382938,1566,0.84,240,12,0.0,1
383046,1567,-0.29,108,5,0.0,1
383381,1568,1.59,335,17,0.0,1
383687,1569,0.77,306,11,0.0,1
383926,1570,0.64,239,12,0.0,1
384242,1571,1.55,316,15,0.0,1
384682,1572,1.91,440,22,0.0,1
384920,1573,0.77,238,12,0.0,1
385273,1574,2.01,353,19,0.0,1
385409,1575,0.02,136,6,0.0,1
385658,1576,1.00,249,12,0.0,1
385885,1577,0.86,227,12,0.0,1
386191,1578,1.53,306,16,0.0,1
386548,1579,2.08,357,20,0.0,1
386898,1580,1.89,350,19,0.0,1
387346,1581,2.38,448,20,0.0,1
387599,1582,0.77,253,12,0.0,1
387695,1583,-0.31,96,3,0.0,1
388003,1584,1.33,308,14,0.0,1
388230,1585,0.92,227,12,0.0,1
388470,1586,1.18,240,13,0.0,1
388691,1587,1.00,221,12,0.0,1
389049,1588,1.73,358,17,0.0,1
389181,1589,0.04,132,6,0.0,1
389399,1590,0.69,218,10,0.0,1
389615,1591,0.31,216,9,0.0,1
389880,1592,0.66,265,13,0.0,1
390130,1593,0.90,250,12,0.0,1
390655,1594,2.63,525,23,0.0,0
391079,1595,2.13,424,20,0.0,1
391425,1596,1.01,346,18,0.0,1
391665,1597,0.49,240,12,0.0,1
391880,1598,0.83,215,11,0.0,1
392301,1599,1.97,421,20,0.0,1
392746,1600,1.82,445,20,0.0,1
393124,1601,2.06,378,22,0.0,1
393481,1602,1.85,357,19,0.0,1
393742,1603,0.69,261,14,0.0,1
394082,1604,1.48,340,18,0.0,1
394316,1605,0.67,234,11,0.0,1
394661,1606,1.96,345,20,0.0,1
395013,1607,1.74,352,19,0.0,1
395482,1608,1.64,469,21,0.0,1
395826,1609,1.55,344,19,0.0,1
396153,1610,0.54,327,18,0.0,1
396480,1611,1.61,327,19,0.0,1
396779,1612,1.42,299,16,0.0,1
397143,1613,0.96,364,19,0.0,1
397388,1614,0.87,245,13,0.0,1
397827,1615,1.99,439,23,0.0,1
398036,1616,0.38,209,11,0.0,1
398484,1617,2.66,448,24,0.0,1
398800,1618,1.58,316,17,0.0,1
399030,1619,0.74,230,11,0.0,1
399350,1620,1.72,320,17,0.0,1
399461,1621,-0.05,111,4,0.0,1
399670,1622,0.35,209,9,0.0,1
399937,1623,1.06,267,13,0.0,1
400157,1624,0.42,220,11,0.0,1
400282,1625,0.17,125,6,0.0,1
400396,1626,-0.06,114,6,0.0,1
400755,1627,2.17,359,20,0.0,1
401193,1628,2.53,438,23,0.0,1
401500,1629,1.40,307,15,0.0,1
401812,1630,1.00,312,14,0.0,1
402048,1631,0.97,236,12,0.0,1
402167,1632,-0.03,119,6,0.0,1
402513,1633,1.61,346,18,0.0,1
402930,1634,2.52,417,22,0.0,1
403159,1635,0.78,229,11,0.0,1
403496,1636,1.86,337,18,0.0,1
403595,1637,-0.16,99,4,0.0,1
347,1,1.50,347,17,0.0,1
647,2,1.34,300,16,0.0,1
845,3,0.37,198,9,0.0,1
1057,4,0.41,212,9,0.0,1
1390,5,1.46,333,16,0.0,1
1622,6,0.67,232,12,0.0,1
1916,7,1.32,294,16,0.0,1
2253,8,1.54,337,18,0.0,1
2650,9,1.50,397,21,0.0,1
2794,10,0.08,144,7,0.0,1
2910,11,-0.52,116,4,0.0,1
3223,12,1.10,313,16,0.0,1
3432,13,0.45,209,10,0.0,1
3641,14,0.71,209,11,0.0,1
3979,15,0.99,338,18,0.0,1
4301,16,1.51,322,16,0.0,1
4697,17,1.21,396,19,0.0,1
4952,18,1.04,255,12,0.0,1
5271,19,1.20,319,17,0.0,1
5409,20,0.25,138,7,0.0,1
5662,21,0.86,253,12,0.0,1
5950,22,1.33,288,15,0.0,1
6290,23,1.46,340,16,0.0,1
6466,24,-0.01,176,9,0.0,1
6690,25,0.59,224,11,0.0,1
6922,26,0.90,232,13,0.0,1
7176,27,0.76,254,13,0.0,1
7296,28,-0.16,120,4,0.0,1
7723,29,1.03,427,20,0.0,1
7933,30,0.38,210,10,0.0,1
8334,31,1.88,401,22,0.0,1
8665,32,1.58,331,17,0.0,1
9051,33,2.09,386,20,0.0,1
9311,34,0.99,260,13,0.0,1
9607,35,1.21,296,15,0.0,1
9826,36,0.64,219,10,0.0,1
10071,37,1.06,245,13,0.0,1
10454,38,1.69,383,20,0.0,1
10656,39,0.66,202,10,0.0,1
11029,40,0.95,373,19,0.0,1
11282,41,1.03,253,13,0.0,1
11689,42,1.93,407,21,0.0,1
12154,43,1.78,465,22,0.0,1
12583,44,1.67,429,21,0.0,1
12809,45,0.70,226,12,0.0,1
13145,46,1.65,336,17,0.0,1
13348,47,0.37,203,9,0.0,1
13573,48,0.70,225,11,0.0,1
13908,49,1.34,335,17,0.0,1
14009,50,-0.22,101,3,0.0,1
14486,51,2.15,477,22,0.0,1
14598,52,-0.10,112,5,0.0,1
14908,53,1.37,310,16,0.0,1
15141,54,0.81,233,11,0.0,1
15541,55,1.89,400,22,0.0,1
15877,56,1.55,336,18,0.0,1
16095,57,0.52,218,11,0.0,1
16434,58,1.68,339,18,0.0,1
16857,59,1.51,423,21,0.0,1
17136,60,1.36,279,15,0.0,1
17358,61,0.87,222,12,0.0,1
17820,62,2.22,462,24,0.0,1
18171,63,1.84,351,18,0.0,1
18391,64,1.00,220,12,0.0,1
18514,65,-0.02,123,6,0.0,1
18900,66,1.97,386,20,0.0,1
19349,67,1.80,449,24,0.0,1
19488,68,0.23,139,7,0.0,1
19700,69,0.64,212,9,0.0,1
19792,70,-0.17,92,4,0.0,1
20136,71,0.92,344,18,0.0,1
20487,72,1.99,351,20,0.0,1
20715,73,0.71,228,10,0.0,1
21194,74,2.02,479,23,0.0,1
21602,75,2.30,408,22,0.0,1
22054,76,2.45,452,23,0.0,1
22310,77,1.36,256,15,0.0,1
22527,78,0.84,217,11,0.0,1
22842,79,1.12,315,12,0.0,1
22966,80,0.14,124,6,0.0,1
23282,81,1.70,316,17,0.0,1
23527,82,1.05,245,14,0.0,1
23900,83,1.93,373,19,0.0,1
24007,84,-0.21,107,4,0.0,1
24327,85,1.24,320,16,0.0,1
24758,86,2.14,431,21,0.0,1
24962,87,0.27,204,9,0.0,1
25193,88,0.92,231,12,0.0,1
25400,89,0.50,207,10,0.0,1
25682,90,1.41,282,15,0.0,1
25940,91,1.17,258,15,0.0,1
26334,92,1.83,394,21,0.0,1
26576,93,0.82,242,12,0.0,1
26682,94,-0.32,106,4,0.0,1
27100,95,1.90,418,20,0.0,1
27341,96,0.63,241,12,0.0,1
27569,97,0.86,228,12,0.0,1
27801,98,0.61,232,11,0.0,1
27970,99,0.26,169,7,0.0,1
28211,100,0.59,241,13,0.0,1
28435,101,0.75,224,11,0.0,1
28667,102,1.06,232,12,0.0,1
28909,103,0.85,242,13,0.0,1
29048,104,0.21,139,6,0.0,1
29299,105,0.84,251,12,0.0,1
29472,106,0.15,173,8,0.0,1
29711,107,0.87,239,13,0.0,1
29980,108,0.80,269,13,0.0,1
30327,109,1.43,347,18,0.0,1
30758,110,1.87,431,22,0.0,1
31049,111,1.22,291,15,0.0,1
31484,112,1.55,435,21,0.0,1
31921,113,1.68,437,21,0.0,1
32173,114,0.91,252,12,0.0,1
32289,115,-0.03,116,5,0.0,1
32518,116,0.92,229,11,0.0,1
32715,117,0.65,197,9,0.0,1
32921,118,0.59,206,11,0.0,1
33242,119,0.57,321,15,0.0,1
33372,120,0.10,130,6,0.0,1
33592,121,0.42,220,10,0.0,1
33715,122,0.09,123,6,0.0,1
33840,123,-0.08,125,6,0.0,1
34161,124,0.69,321,16,0.0,1
34480,125,1.07,319,15,0.0,1
34852,126,0.32,372,18,0.0,1
35244,127,0.62,392,18,0.0,1
35568,128,0.64,324,16,0.0,1
35724,129,0.06,156,7,0.0,1
35877,130,0.02,153,8,0.0,1
36263,131,1.43,386,21,0.0,1
36483,132,0.84,220,12,0.0,1
36608,133,0.04,125,6,0.0,1
36948,134,1.25,340,17,0.0,1
37183,135,0.66,235,12,0.0,1
37432,136,0.56,249,13,0.0,1
37533,137,-0.43,101,4,0.0,1
37867,138,0.72,334,17,0.0,1
38243,139,0.34,376,17,0.0,1
38347,140,-0.15,104,4,0.0,1
38683,141,0.57,336,17,0.0,1
38797,142,-0.30,114,5,0.0,1
39031,143,0.61,234,12,0.0,1
39150,144,-0.14,119,6,0.0,1
39258,145,-0.29,108,5,0.0,1
39572,146,0.23,314,15,0.0,1
39918,147,0.65,346,17,0.0,1
40120,148,0.33,202,9,0.0,1
40346,149,0.61,226,12,0.0,1
40565,150,0.42,219,11,0.0,1
40834,151,1.06,269,15,0.0,1
41154,152,0.64,320,17,0.0,1
41386,153,0.28,232,12,0.0,1
41603,154,0.00,217,10,0.0,1
41822,155,0.55,219,11,0.0,1
42110,156,1.11,288,16,0.0,1
42413,157,0.88,303,15,0.0,1
42727,158,1.37,314,16,0.0,1
42918,159,0.37,191,9,0.0,1
43181,160,1.07,263,14,0.0,1
43295,161,-0.32,114,5,0.0,1
43626,162,1.30,331,19,0.0,1
43746,163,0.05,120,6,0.0,1
44098,164,0.35,352,18,0.0,1
44428,165,0.56,330,16,0.0,1
44580,166,0.02,152,8,0.0,1
44713,167,-0.14,133,6,0.0,1
45151,168,1.31,438,21,0.0,1
45488,169,0.94,337,17,0.0,1
45805,170,1.44,317,17,0.0,1
46024,171,0.40,219,11,0.0,1
46131,172,-0.16,107,4,0.0,1
46374,173,0.57,243,12,0.0,1
46497,174,-0.13,123,4,0.0,1
46723,175,1.01,226,13,0.0,1
47036,176,1.21,313,17,0.0,1
47431,177,1.54,395,21,0.0,1
47750,178,0.56,319,16,0.0,1
48081,179,0.87,331,17,0.0,1
48186,180,-0.42,105,3,0.0,1
48491,181,0.78,305,14,0.0,1
48640,182,-0.12,149,6,0.0,1
48765,183,-0.12,125,5,0.0,1
49054,184,1.16,289,15,0.0,1
49296,185,0.66,242,13,0.0,1
49501,186,0.47,205,9,0.0,1
49892,187,0.56,391,20,0.0,1
50030,188,-0.01,138,7,0.0,1
50165,189,0.11,135,7,0.0,1
50472,190,0.46,307,15,0.0,1
50818,191,0.55,346,17,0.0,1
51143,192,1.14,325,15,0.0,1
51250,193,-0.32,107,4,0.0,1
51482,194,0.80,232,13,0.0,1
51823,195,0.60,341,16,0.0,1
52106,196,0.31,283,14,0.0,1
52421,197,1.48,315,18,0.0,1
52654,198,0.43,233,11,0.0,1
52949,199,1.23,295,15,0.0,1
53068,200,-0.02,119,5,0.0,1
53357,201,0.91,289,13,0.0,1
53737,202,1.55,380,21,0.0,1
53845,203,-0.27,108,4,0.0,1
54181,204,1.21,336,17,0.0,1
54423,205,0.48,242,11,0.0,1
54646,206,0.69,223,10,0.0,1
54912,207,0.74,266,13,0.0,1
55012,208,-0.28,100,3,0.0,1
55348,209,1.45,336,16,0.0,1
55580,210,1.08,232,13,0.0,1
55705,211,0.09,125,6,0.0,1
55829,212,-0.06,124,5,0.0,1
55958,213,-0.00,129,6,0.0,1
56174,214,0.85,216,12,0.0,1
56475,215,1.41,301,15,0.0,1
56785,216,1.42,310,16,0.0,1
57056,217,1.12,271,14,0.0,1
57326,218,0.58,270,13,0.0,1
57678,219,0.82,352,18,0.0,1
57992,220,1.54,314,17,0.0,1
58094,221,-0.22,102,4,0.0,1
58323,222,0.65,229,11,0.0,1
58624,223,1.19,301,14,0.0,1
59075,224,1.62,451,23,0.0,1
59535,225,2.10,460,23,0.0,1
59996,226,2.15,461,23,0.0,1
60382,227,1.42,386,20,0.0,1
60604,228,0.52,222,10,0.0,1
61051,229,2.18,447,22,0.0,1
61527,230,2.42,476,21,0.0,1
61874,231,1.57,347,17,0.0,1
62203,232,1.68,329,18,0.0,1
62506,233,1.09,303,14,0.0,1
62710,234,0.33,204,10,0.0,1
63170,235,1.37,460,22,0.0,1
63524,236,1.89,354,20,0.0,1
63778,237,1.08,254,14,0.0,1
64242,238,2.17,464,22,0.0,1
64621,239,1.84,379,21,0.0,1
64988,240,1.72,367,19,0.0,1
65199,241,0.56,211,11,0.0,1
65323,242,-0.06,124,5,0.0,1
65553,243,0.86,230,12,0.0,1
65772,244,0.60,219,10,0.0,1
66109,245,1.34,337,16,0.0,1
66493,246,0.82,384,20,0.0,1
66837,247,1.92,344,20,0.0,1
67040,248,0.55,203,9,0.0,1
67240,249,0.58,200,10,0.0,1
67595,250,1.69,355,20,0.0,1
67824,251,0.76,229,13,0.0,1
67958,252,0.17,134,6,0.0,1
68064,253,-0.53,106,4,0.0,1
68314,254,0.90,250,13,0.0,1
68454,255,0.09,140,7,0.0,1
68932,256,2.41,478,24,0.0,1
69325,257,1.36,393,21,0.0,1
69438,258,-0.10,113,6,0.0,1
69895,259,2.74,457,24,0.0,1
69998,260,-0.29,103,4,0.0,1
70460,261,2.42,462,21,0.0,1
70906,262,2.01,446,23,0.0,1
71363,263,2.35,457,24,0.0,1
71739,264,1.19,376,20,0.0,1
71891,265,0.11,152,8,0.0,1
72201,266,1.68,310,17,0.0,1
72437,267,1.04,236,12,0.0,1
72904,268,2.44,467,23,0.0,1
73138,269,0.72,234,10,0.0,1
73582,270,2.06,444,22,0.0,1
73784,271,0.28,202,8,0.0,1
74035,272,0.95,251,13,0.0,1
74152,273,-0.04,117,5,0.0,1
74453,274,1.11,301,16,0.0,1
74663,275,0.68,210,10,0.0,1
75131,276,1.74,468,22,0.0,1
75360,277,0.68,229,11,0.0,1
75603,278,1.06,243,12,0.0,1
75785,279,0.10,182,8,0.0,1
75890,280,-0.26,105,3,0.0,1
76215,281,1.83,325,17,0.0,1
76470,282,1.29,255,14,0.0,1
76585,283,0.00,115,5,0.0,1
76855,284,0.93,270,14,0.0,1
77227,285,1.72,372,19,0.0,1
77541,286,0.99,314,17,0.0,1
77754,287,0.65,213,11,0.0,1
77886,288,-0.40,132,6,0.0,1
78168,289,0.99,282,16,0.0,1
78479,290,1.35,311,17,0.0,1
78612,291,0.01,133,6,0.0,1
78811,292,0.30,199,10,0.0,1
78936,293,-0.11,125,6,0.0,1
79308,294,1.04,372,19,0.0,1
79569,295,1.08,261,14,0.0,1
79890,296,1.51,321,16,0.0,1
80243,297,0.73,353,18,0.0,1
80450,298,0.10,207,8,0.0,1
80649,299,0.34,199,8,0.0,1
81111,300,2.52,462,24,0.0,1
81340,301,0.52,229,9,0.0,1
81643,302,1.40,303,17,0.0,1
81869,303,0.56,226,9,0.0,1
82222,304,1.89,353,19,0.0,1
82592,305,0.60,370,20,0.0,1
82700,306,0.04,108,5,0.0,1
83071,307,1.61,371,18,0.0,1
83257,308,0.45,186,8,0.0,1
83653,309,2.18,396,21,0.0,1
84002,310,1.45,349,17,0.0,1
84106,311,-0.19,104,4,0.0,1
84413,312,1.49,307,15,0.0,1
84669,313,1.03,256,13,0.0,1
84792,314,-0.01,123,5,0.0,1
85283,315,1.93,491,25,0.0,1
85743,316,2.80,460,24,0.0,1
86208,317,2.32,465,23,0.0,1
86445,318,0.99,237,12,0.0,1
86564,319,-0.12,119,4,0.0,1
86816,320,1.06,252,13,0.0,1
87117,321,1.35,301,15,0.0,1
87475,322,1.96,358,19,0.0,1
87831,323,1.61,356,18,0.0,1
88185,324,1.98,354,20,0.0,1
88414,325,0.82,229,11,0.0,1
88897,326,1.91,483,24,0.0,1
89106,327,0.45,209,8,0.0,1
89563,328,2.24,457,22,0.0,1
89800,329,0.78,237,10,0.0,1
90053,330,0.97,253,12,0.0,1
90283,331,0.81,230,12,0.0,1
90659,332,1.88,376,20,0.0,1
91109,333,1.38,450,22,0.0,1
91211,334,-0.25,102,4,0.0,1
91546,335,1.18,335,16,0.0,1
91772,336,0.75,226,11,0.0,1
92188,337,2.25,416,23,0.0,1
92641,338,2.10,453,22,0.0,1
92874,339,0.91,233,11,0.0,1
93312,340,0.62,438,20,0.0,1
93781,341,2.14,469,22,0.0,1
93928,342,0.04,147,7,0.0,1
94299,343,1.86,371,21,0.0,1
94651,344,1.84,352,19,0.0,1
95144,345,2.40,493,25,0.0,1
95380,346,0.61,236,12,0.0,1
95684,347,1.48,304,16,0.0,1
96084,348,1.88,400,22,0.0,1
96352,349,0.78,268,14,0.0,1
96829,350,2.32,477,24,0.0,1
97074,351,0.77,245,12,0.0,1
97554,352,1.73,480,22,0.0,1
97899,353,1.42,345,16,0.0,1
98106,354,0.81,207,11,0.0,1
98471,355,1.32,365,19,0.0,1
98697,356,0.75,226,10,0.0,1
99043,357,0.61,346,17,0.0,1
99337,358,1.38,294,16,0.0,1
99771,359,2.14,434,22,0.0,1
100252,360,2.54,481,24,0.0,1
100359,361,-0.26,107,3,0.0,1
100589,362,0.46,230,11,0.0,1
100921,363,1.74,332,17,0.0,1
101243,364,1.32,322,16,0.0,1
101589,365,1.83,346,18,0.0,1
102052,366,2.37,463,22,0.0,1
102278,367,0.91,226,12,0.0,1
102409,368,0.15,131,7,0.0,1
102735,369,1.83,326,18,0.0,1
103118,370,2.12,383,21,0.0,1
103348,371,0.70,230,12,0.0,1
103471,372,0.03,123,6,0.0,1
103952,373,1.80,481,22,0.0,1
104196,374,1.06,244,12,0.0,1
104421,375,0.40,225,8,0.0,1
104758,376,1.61,337,19,0.0,1
104991,377,0.77,233,12,0.0,1
105353,378,2.08,362,19,0.0,1
105479,379,0.08,126,6,0.0,1
105611,380,-0.01,132,6,0.0,1
105842,381,0.70,231,11,0.0,1
106078,382,0.76,236,12,0.0,1
106521,383,2.41,443,23,0.0,1
106894,384,1.81,373,20,0.0,1
107374,385,1.69,480,24,0.0,1
107487,386,0.07,113,5,0.0,1
107609,387,0.08,122,6,0.0,1
107832,388,0.69,223,12,0.0,1
108217,389,1.22,385,20,0.0,1
108461,390,1.01,244,12,0.0,1
108563,391,-0.22,102,3,0.0,1
108931,392,1.73,368,17,0.0,1
109188,393,1.10,257,13,0.0,1
109307,394,-0.09,119,5,0.0,1
109556,395,1.00,249,13,0.0,1
109863,396,1.02,307,15,0.0,1
110258,397,1.26,395,21,0.0,1
110613,398,1.80,355,18,0.0,1
110839,399,0.86,226,11,0.0,1
111029,400,0.33,190,9,0.0,1
111154,401,0.04,125,5,0.0,1
111409,402,0.96,255,13,0.0,1
111779,403,2.03,370,19,0.0,1
111909,404,-0.10,130,4,0.0,1
112153,405,0.82,244,12,0.0,1
112278,406,0.15,125,6,0.0,1
112628,407,1.99,350,19,0.0,1
112757,408,0.21,129,6,0.0,1
112997,409,0.83,240,13,0.0,1
113371,410,1.82,374,18,0.0,1
113854,411,2.17,483,24,0.0,1
114333,412,2.08,479,24,0.0,1
114675,413,1.78,342,18,0.0,1
115171,414,2.40,496,24,0.0,1
115610,415,1.07,439,22,0.0,1
115827,416,0.70,217,10,0.0,1
116066,417,0.94,239,12,0.0,1
116442,418,1.69,376,20,0.0,1
116662,419,0.79,220,11,0.0,1
117120,420,2.45,458,23,0.0,1
117369,421,0.99,249,13,0.0,1
117511,422,0.12,142,6,0.0,1
117981,423,1.48,470,24,0.0,1
118407,424,2.48,426,24,0.0,1
118613,425,0.55,206,9,0.0,1
118872,426,1.08,259,13,0.0,1
119268,427,2.20,396,22,0.0,1
119496,428,0.95,228,12,0.0,1
119941,429,1.80,445,22,0.0,1
120172,430,0.90,231,11,0.0,1
120523,431,1.79,351,18,0.0,1
120770,432,0.66,247,13,0.0,1
121129,433,1.96,359,19,0.0,1
121256,434,-0.00,127,5,0.0,1
121542,435,1.24,286,15,0.0,1
121879,436,1.58,337,16,0.0,1
122233,437,1.87,354,19,0.0,1
122366,438,0.17,133,6,0.0,1
122600,439,0.70,234,12,0.0,1
122729,440,-0.11,129,6,0.0,1
123184,441,2.54,455,24,0.0,1
123595,442,1.23,411,21,0.0,1
123817,443,0.70,222,10,0.0,1
124084,444,1.02,267,14,0.0,1
124525,445,2.21,441,23,0.0,1
124893,446,0.13,368,18,0.0,1
125261,447,1.47,368,21,0.0,1
125559,448,1.07,298,14,0.0,1
125772,449,0.83,213,11,0.0,1
126194,450,1.07,422,20,0.0,1
126496,451,1.25,302,15,0.0,1
126863,452,2.02,367,21,0.0,1
127209,453,1.87,346,19,0.0,1
127460,454,0.79,251,12,0.0,1
127700,455,0.96,240,13,0.0,1
127831,456,0.13,131,6,0.0,1
128057,457,1.05,226,13,0.0,1
128409,458,1.69,352,17,0.0,1
128861,459,2.34,452,23,0.0,1
129205,460,1.54,344,16,0.0,1
129312,461,-0.46,107,2,0.0,1
129761,462,1.37,449,22,0.0,1
129999,463,0.76,238,11,0.0,1
130342,464,2.00,343,19,0.0,1
130577,465,1.01,235,13,0.0,1
131011,466,2.36,434,21,0.0,1
131241,467,0.93,230,12,0.0,1
131670,468,2.21,429,22,0.0,1
131993,469,1.82,323,18,0.0,1
132464,470,1.85,471,22,0.0,1
132685,471,0.69,221,11,0.0,1
133042,472,1.98,357,18,0.0,1
133265,473,0.75,223,11,0.0,1
133672,474,1.32,407,20,0.0,1
134118,475,1.77,446,23,0.0,1
134612,476,1.58,494,24,0.0,1
134838,477,0.72,226,10,0.0,1
135052,478,0.51,214,7,0.0,1
135194,479,0.11,142,6,0.0,1
135322,480,-0.02,128,6,0.0,1
135629,481,1.25,307,15,0.0,1
135758,482,-0.06,129,6,0.0,1
136056,483,1.24,298,15,0.0,1
136393,484,1.88,337,19,0.0,1
136523,485,0.10,130,6,0.0,1
136632,486,-0.07,109,6,0.0,1
136978,487,1.87,346,18,0.0,1
137348,488,1.23,370,19,0.0,1
137768,489,2.34,420,22,0.0,1
138001,490,1.01,233,12,0.0,1
138364,491,1.67,363,19,0.0,1
138777,492,1.97,413,18,0.0,1
138935,493,0.23,158,7,0.0,1
139264,494,1.67,329,17,0.0,1
139370,495,-0.06,106,5,0.0,1
139805,496,1.98,435,23,0.0,1
140050,497,1.08,245,13,0.0,1
140405,498,1.85,355,18,0.0,1
140792,499,1.58,387,21,0.0,1
140928,500,0.12,136,6,0.0,1
141136,501,0.77,208,10,0.0,1
141479,502,1.76,343,19,0.0,1
141617,503,0.02,138,6,0.0,1
142048,504,1.28,431,22,0.0,1
142385,505,1.85,337,19,0.0,1
142765,506,2.13,380,20,0.0,1
143106,507,1.68,341,17,0.0,1
143431,508,1.52,325,16,0.0,1
143637,509,0.60,206,10,0.0,1
143856,510,0.87,219,11,0.0,1
144318,511,2.64,462,24,0.0,1
144808,512,2.37,490,24,0.0,1
145024,513,0.79,216,10,0.0,1
145262,514,0.83,238,11,0.0,1
145563,515,1.37,301,15,0.0,1
145933,516,1.94,370,19,0.0,1
146158,517,0.74,225,11,0.0,1
146384,518,0.64,226,10,0.0,1
146624,519,0.77,240,11,0.0,1
146727,520,-0.32,103,3,0.0,1
147074,521,1.54,347,17,0.0,1
147374,522,0.97,300,10,0.0,1
147597,523,0.51,223,9,0.0,1
147695,524,-0.05,98,5,0.0,1
147820,525,-0.01,125,5,0.0,1
148209,526,2.25,389,20,0.0,1
148628,527,2.09,419,22,0.0,1
148755,528,-0.12,127,6,0.0,1
148970,529,0.78,215,10,0.0,1
149209,530,1.10,239,13,0.0,1
149554,531,1.77,345,18,0.0,1
149784,532,0.88,230,12,0.0,1
150009,533,1.06,225,12,0.0,1
150444,534,2.30,435,23,0.0,1
150573,535,0.10,129,6,0.0,1
150774,536,0.75,201,10,0.0,1
151147,537,1.15,373,20,0.0,1
151399,538,0.92,252,12,0.0,1
151730,539,1.79,331,18,0.0,1
152123,540,1.97,393,19,0.0,1
152543,541,2.16,420,20,0.0,1
152709,542,0.22,166,7,0.0,1
153174,543,1.74,465,22,0.0,1
153580,544,1.40,406,22,0.0,1
153818,545,0.93,238,14,0.0,1
154078,546,1.02,260,13,0.0,1
154313,547,1.00,235,14,0.0,1
154449,548,0.15,136,7,0.0,1
154742,549,1.08,293,15,0.0,1
154852,550,-0.09,110,5,0.0,1
155237,551,1.70,385,17,0.0,1
155680,552,1.95,443,23,0.0,1
155816,553,0.04,136,6,0.0,1
156148,554,0.74,332,17,0.0,1
156366,555,0.65,218,11,0.0,1
156510,556,0.00,144,7,0.0,1
156862,557,1.55,352,18,0.0,1
157098,558,0.88,236,13,0.0,1
157483,559,1.77,385,19,0.0,1
157713,560,0.76,230,12,0.0,1
158139,561,2.25,426,23,0.0,1
158514,562,2.12,375,20,0.0,1
158758,563,0.96,244,13,0.0,1
158905,564,0.06,147,7,0.0,1
159385,565,1.40,480,24,0.0,1
159613,566,0.85,228,13,0.0,1
160126,567,2.93,513,24,0.0,1
160418,568,1.09,292,15,0.0,1
160659,569,0.92,241,12,0.0,1
160823,570,-0.15,164,8,0.0,1
161041,571,0.69,218,11,0.0,1
161408,572,1.40,367,20,0.0,1
161624,573,0.95,216,12,0.0,1
161850,574,0.54,226,11,0.0,1
162081,575,0.88,231,12,0.0,1
162180,576,-0.38,99,3,0.0,1
162317,577,0.18,137,6,0.0,1
162569,578,0.97,252,13,0.0,1
162796,579,0.69,227,11,0.0,1
163084,580,0.97,288,15,0.0,1
163394,581,1.58,310,16,0.0,1
163499,582,-0.26,105,3,0.0,1
163721,583,0.72,222,11,0.0,1
163844,584,0.09,123,6,0.0,1
163953,585,-0.26,109,4,0.0,1
164211,586,0.52,258,13,0.0,1
164594,587,1.26,383,20,0.0,1
164823,588,0.44,229,11,0.0,1
165191,589,1.82,368,20,0.0,1
165594,590,1.37,403,20,0.0,1
165706,591,-0.11,112,5,0.0,1
166044,592,1.49,338,18,0.0,1
166268,593,0.96,224,12,0.0,1
166462,594,0.49,194,10,0.0,1
166686,595,0.64,224,13,0.0,1
167035,596,1.08,349,18,0.0,1
167189,597,-0.08,154,7,0.0,1
167614,598,1.60,425,22,0.0,1
167951,599,1.54,337,17,0.0,1
168392,600,0.31,441,22,0.0,1
168680,601,1.12,288,15,0.0,1
169021,602,1.49,341,17,0.0,1
169254,603,0.88,233,11,0.0,1
169489,604,0.80,235,12,0.0,1
169811,605,1.40,322,17,0.0,1
170194,606,0.82,383,20,0.0,1
170331,607,0.20,137,7,0.0,1
170652,608,1.19,321,14,0.0,1
170877,609,0.74,225,12,0.0,1
171131,610,1.20,254,14,0.0,1
171554,611,2.25,423,23,0.0,1
171808,612,1.00,254,14,0.0,1
172181,613,1.00,373,21,0.0,1
172610,614,2.24,429,22,0.0,1
173011,615,0.35,401,20,0.0,1
173166,616,-0.09,155,6,0.0,1
173581,617,1.33,415,21,0.0,1
173836,618,1.00,255,14,0.0,1
174245,619,2.06,409,23,0.0,1
174474,620,0.52,229,12,0.0,1
174735,621,1.05,261,13,0.0,1
174987,622,1.02,252,14,0.0,1
175212,623,0.85,225,12,0.0,1
175337,624,0.01,125,6,0.0,1
175674,625,1.62,337,19,0.0,1
176046,626,2.20,372,22,0.0,1
176446,627,2.18,400,21,0.0,1
176810,628,-0.36,364,15,0.0,1
176952,629,0.10,142,6,0.0,1
177153,630,0.54,201,9,0.0,1
177530,631,1.36,377,20,0.0,1
177826,632,1.39,296,16,0.0,1
178053,633,0.91,227,12,0.0,1
178462,634,2.29,409,22,0.0,1
178703,635,0.96,241,13,0.0,1
179130,636,1.94,427,20,0.0,1
179394,637,1.16,264,13,0.0,1
179854,638,2.04,460,24,0.0,1
179976,639,-0.12,122,6,0.0,1
180336,640,1.79,360,21,0.0,1
180680,641,1.54,344,18,0.0,1
181095,642,2.02,415,20,0.0,1
181435,643,1.44,340,18,0.0,1
181743,644,1.39,308,15,0.0,1
182046,645,1.39,303,16,0.0,1
182471,646,1.89,425,22,0.0,1
182740,647,0.87,269,13,0.0,1
182955,648,0.89,215,12,0.0,1
183326,649,1.47,371,16,0.0,1
183550,650,0.80,224,11,0.0,1
183654,651,-0.01,104,5,0.0,1
184082,652,2.19,428,21,0.0,1
184191,653,-0.18,109,5,0.0,1
184478,654,1.21,287,15,0.0,1
184786,655,1.74,308,18,0.0,1
185022,656,0.87,236,13,0.0,1
185354,657,1.88,332,20,0.0,1
185484,658,0.06,130,5,0.0,1
185802,659,1.34,318,16,0.0,1
186035,660,0.94,233,12,0.0,1
186389,661,1.25,354,18,0.0,1
186527,662,0.08,138,7,0.0,1
186755,663,0.78,228,12,0.0,1
186880,664,-0.18,125,6,0.0,1
186984,665,-0.22,104,4,0.0,1
187099,666,-0.10,115,4,0.0,1
187247,667,0.03,148,6,0.0,1
187377,668,-0.16,130,5,0.0,1
187506,669,0.01,129,6,0.0,1
187869,670,2.13,363,20,0.0,1
188014,671,-0.09,145,5,0.0,1
188231,672,0.57,217,11,0.0,1
188572,673,2.06,341,21,0.0,1
188808,674,1.03,236,13,0.0,1
189077,675,0.82,269,12,0.0,1
189202,676,0.03,125,7,0.0,1
189434,677,0.76,232,12,0.0,1
189568,678,0.05,134,6,0.0,1
189940,679,1.86,372,18,0.0,1
190186,680,0.75,246,12,0.0,1
190501,681,1.12,315,15,0.0,1
190914,682,1.92,413,21,0.0,1
191275,683,1.15,361,19,0.0,1
191588,684,1.33,313,16,0.0,1
191691,685,-0.19,103,5,0.0,1
191863,686,0.39,172,8,0.0,1
192106,687,0.78,243,12,0.0,1
192418,688,1.44,312,17,0.0,1
192859,689,2.33,441,22,0.0,1
193303,690,1.56,444,23,0.0,1
193625,691,1.48,322,16,0.0,1
193855,692,0.92,230,12,0.0,1
194181,693,1.41,326,17,0.0,1
194300,694,-0.20,119,5,0.0,1
194525,695,0.84,225,11,0.0,1
194915,696,1.04,390,20,0.0,1
195162,697,0.82,247,14,0.0,1
195486,698,1.52,324,19,0.0,1
195998,699,2.54,512,25,0.0,1
196325,700,1.46,327,16,0.0,1
196624,701,1.66,299,17,0.0,1
196996,702,1.70,372,17,0.0,1
197229,703,0.82,233,12,0.0,1
197690,704,1.69,461,24,0.0,1
197835,705,0.22,145,7,0.0,1
198027,706,0.25,192,9,0.0,1
198360,707,1.81,333,18,0.0,1
198570,708,0.66,210,10,0.0,1
198699,709,-0.00,129,6,0.0,1
198914,710,0.72,215,10,0.0,1
199300,711,2.05,386,21,0.0,1
199729,712,1.34,429,20,0.0,1
200078,713,1.84,349,18,0.0,1
200489,714,1.44,411,22,0.0,1
200906,715,2.30,417,21,0.0,1
201022,716,-0.15,116,5,0.0,1
201392,717,1.99,370,21,0.0,1
201756,718,0.76,364,18,0.0,1
201888,719,0.13,132,7,0.0,1
202413,720,2.52,525,25,0.0,1
202608,721,0.52,195,10,0.0,1
202969,722,1.91,361,20,0.0,1
203277,723,1.53,308,16,0.0,1
203511,724,0.83,234,11,0.0,1
203979,725,1.89,468,21,0.0,1
204195,726,0.79,216,10,0.0,1
204403,727,0.61,208,10,0.0,1
204660,728,0.76,257,12,0.0,1
205019,729,2.00,359,19,0.0,1
205286,730,0.84,267,13,0.0,1
205541,731,0.87,255,13,0.0,1
205919,732,1.94,378,20,0.0,1
206161,733,1.03,242,12,0.0,1
206453,734,1.28,292,14,0.0,1
206749,735,1.50,296,15,0.0,1
207002,736,0.81,253,13,0.0,1
207394,737,1.04,392,19,0.0,1
207832,738,1.03,438,22,0.0,1
208238,739,1.63,406,21,0.0,1
208486,740,0.67,248,12,0.0,1
208704,741,0.73,218,11,0.0,1
208945,742,0.99,241,12,0.0,1
209358,743,1.81,413,23,0.0,1
209804,744,0.64,446,22,0.0,1
210228,745,1.44,424,21,0.0,1
210441,746,0.93,213,11,0.0,1
210664,747,0.57,223,10,0.0,1
211053,748,1.66,389,20,0.0,1
211287,749,0.68,234,13,0.0,1
211596,750,1.74,309,17,0.0,1
211898,751,1.66,302,17,0.0,1
212237,752,1.56,339,17,0.0,1
212465,753,0.68,228,11,0.0,1
212917,754,2.44,452,23,0.0,1
213041,755,0.04,124,6,0.0,1
213390,756,1.38,349,19,0.0,1
213757,757,2.08,367,21,0.0,1
214005,758,0.92,248,11,0.0,1
214458,759,2.19,453,23,0.0,1
214594,760,0.06,136,6,0.0,1
215042,761,2.59,448,23,0.0,1
215485,762,1.70,443,22,0.0,1
215717,763,0.86,232,12,0.0,1
216099,764,1.08,382,19,0.0,1
216223,765,0.01,124,6,0.0,1
216586,766,1.88,363,19,0.0,1
216710,767,-0.19,124,4,0.0,1
217097,768,1.76,387,19,0.0,1
217479,769,0.94,382,20,0.0,1
217615,770,-0.02,136,6,0.0,1
217853,771,1.15,238,13,0.0,1
218321,772,2.71,468,23,0.0,1
218753,773,1.38,432,21,0.0,1
219148,774,1.99,395,21,0.0,1
219504,775,2.15,356,21,0.0,1
219948,776,1.36,444,22,0.0,1
220285,777,1.50,337,17,0.0,1
220404,778,-0.34,119,4,0.0,1
220641,779,0.70,237,12,0.0,1
220981,780,1.86,340,18,0.0,1
221197,781,0.88,216,12,0.0,1
221489,782,1.04,292,14,0.0,1
221820,783,1.31,331,15,0.0,1
222001,784,-0.03,181,7,0.0,1
222370,785,1.66,369,19,0.0,1
222587,786,0.55,217,10,0.0,1
222783,787,0.41,196,8,0.0,1
222911,788,-0.19,128,6,0.0,1
223080,789,0.31,169,7,0.0,1
223247,790,0.33,167,7,0.0,1
223372,791,-0.04,125,6,0.0,1
223803,792,1.76,431,22,0.0,1
224219,793,2.62,416,24,0.0,1
224343,794,-0.20,124,5,0.0,1
224704,795,1.97,361,19,0.0,1
224830,796,0.13,126,6,0.0,1
225192,797,1.71,362,18,0.0,1
225513,798,1.81,321,19,0.0,1
225861,799,2.04,348,19,0.0,1
226306,800,2.84,445,25,0.0,1
226509,801,0.28,203,9,0.0,1
226923,802,1.38,414,21,0.0,1
227131,803,0.53,208,9,0.0,1
227511,804,1.96,380,20,0.0,1
227922,805,0.58,411,19,0.0,1
228346,806,1.26,424,21,0.0,1
228679,807,1.43,333,16,0.0,1
229027,808,0.45,348,17,0.0,1
229145,809,-0.28,118,5,0.0,1
229398,810,0.98,253,12,0.0,1
229761,811,1.23,363,20,0.0,1
230157,812,1.31,396,20,0.0,1
230384,813,0.84,227,12,0.0,1
230734,814,1.99,350,19,0.0,1
230975,815,0.55,241,12,0.0,1
231158,816,0.17,183,7,0.0,1
231310,817,0.12,152,7,0.0,1
231611,818,1.39,301,16,0.0,1
231821,819,0.72,210,10,0.0,1
232257,820,2.41,436,22,0.0,1
232671,821,1.18,414,20,0.0,1
232899,822,0.56,228,13,0.0,1
233245,823,1.77,346,19,0.0,1
233470,824,0.62,225,11,0.0,1
233729,825,1.21,259,14,0.0,1
234083,826,2.20,354,21,0.0,1
234498,827,1.72,415,22,0.0,1
234889,828,0.90,391,19,0.0,1
235105,829,0.63,216,10,0.0,1
235478,830,1.31,373,19,0.0,1
235871,831,1.35,393,21,0.0,1
236207,832,1.43,336,18,0.0,1
236611,833,0.88,404,21,0.0,1
236981,834,0.49,370,18,0.0,1
237107,835,0.19,126,7,0.0,1
237494,836,0.90,387,20,0.0,1
237602,837,-0.27,108,4,0.0,1
237954,838,1.52,352,18,0.0,1
238196,839,0.76,242,13,0.0,1
238324,840,-0.19,128,6,0.0,1
238736,841,2.10,412,20,0.0,1
239059,842,1.67,323,17,0.0,1
239352,843,1.12,293,15,0.0,1
239689,844,1.69,337,19,0.0,1
239997,845,1.11,308,15,0.0,1
240369,846,1.84,372,20,0.0,1
240776,847,0.36,407,21,0.0,1
241133,848,1.85,357,19,0.0,1
241470,849,1.91,337,18,0.0,1
241680,850,0.35,210,9,0.0,1
242143,851,2.24,463,23,0.0,1
242442,852,1.24,299,15,0.0,1
242660,853,0.74,218,10,0.0,1
242777,854,-0.04,117,6,0.0,1
243159,855,2.12,382,19,0.0,1
243616,856,1.70,457,22,0.0,1
243913,857,1.26,297,14,0.0,1
244352,858,1.70,439,23,0.0,1
244661,859,1.67,309,17,0.0,1
244975,860,1.20,314,16,0.0,1
245382,861,2.29,407,21,0.0,1
245621,862,0.50,239,12,0.0,1
245971,863,1.72,350,19,0.0,1
246389,864,2.37,418,22,0.0,1
246822,865,2.28,433,21,0.0,1
247167,866,1.97,345,20,0.0,1
247293,867,-0.25,126,6,0.0,1
247663,868,1.88,370,20,0.0,1
247986,869,1.87,323,18,0.0,1
248391,870,2.18,405,21,0.0,1
248811,871,2.20,420,23,0.0,1
249048,872,0.94,237,11,0.0,1
249378,873,1.89,330,18,0.0,1
249683,874,1.42,305,17,0.0,1
250041,875,1.79,358,20,0.0,1
484,1,2.59,484,25,0.0,1
431,1,2.07,431,23,0.0,1
543,2,-0.24,112,4,0.0,1
361,1,1.92,361,20,0.0,1
590,2,0.99,229,13,0.0,1
343,1,2.18,343,20,0.0,1
766,2,2.49,423,22,0.0,1
340,1,1.70,340,18,0.0,1
778,2,2.58,438,22,0.0,1
1019,3,0.89,241,11,0.0,1
1544,4,3.81,525,29,0.0,0
1984,5,2.78,440,24,0.0,1
2471,6,2.91,487,24,0.0,1
2677,7,0.46,206,9,0.0,1
2928,8,1.05,251,13,0.0,1
3284,9,1.69,356,17,0.0,1
3518,10,0.86,234,11,0.0,1
3755,11,1.07,237,12,0.0,1
4073,12,1.68,318,17,0.0,1
4306,13,0.84,233,11,0.0,1
4440,14,-0.03,134,6,0.0,1
4671,15,0.67,231,10,0.0,1
5136,16,2.60,465,25,0.0,1
5556,17,2.45,420,23,0.0,1
5690,18,-0.03,134,6,0.0,1
5981,19,1.39,291,16,0.0,1
6204,20,0.87,223,11,0.0,1
6565,21,2.01,361,19,0.0,1
7090,22,3.77,525,30,0.0,0
7451,23,1.71,361,18,0.0,1
7789,24,1.31,338,16,0.0,1
7921,25,0.11,132,6,0.0,1
8166,26,1.11,245,13,0.0,1
8537,27,1.75,371,18,0.0,1
8850,28,1.31,313,15,0.0,1
9135,29,1.30,285,16,0.0,1
9358,30,0.95,223,13,0.0,1
9802,31,2.49,444,22,0.0,1
10039,32,0.91,237,12,0.0,1
10271,33,1.01,232,13,0.0,1
10784,34,3.13,513,29,0.0,1
11052,35,1.01,268,13,0.0,1
11303,36,0.93,251,12,0.0,1
11668,37,1.86,365,21,0.0,1
12032,38,2.02,364,20,0.0,1
12557,39,3.23,525,26,0.0,0
12882,40,1.46,325,17,0.0,1
13220,41,1.51,338,16,0.0,1
13666,42,2.39,446,24,0.0,1
13878,43,0.52,212,9,0.0,1
14355,44,2.56,477,24,0.0,1
14695,45,1.62,340,17,0.0,1
14905,46,0.77,210,10,0.0,1
15136,47,0.74,231,11,0.0,1
15369,48,0.85,233,11,0.0,1
15693,49,1.66,324,18,0.0,1
16150,50,1.99,457,24,0.0,1
16478,51,1.68,328,17,0.0,1
16768,52,1.06,290,15,0.0,1
16881,53,-0.07,113,6,0.0,1
16986,54,-0.21,105,3,0.0,1
17422,55,2.56,436,24,0.0,1
17892,56,2.69,470,25,0.0,1
18129,57,0.60,237,12,0.0,1
18643,58,2.61,514,24,0.0,1
18870,59,0.76,227,11,0.0,1
19093,60,0.84,223,11,0.0,1
19453,61,1.59,360,17,0.0,1
355,1,2.00,355,20,0.0,1
651,2,1.55,296,16,0.0,1
1176,3,3.78,525,29,0.0,0
1701,4,3.42,525,29,0.0,0
1806,5,-0.11,105,4,0.0,1
2294,6,2.56,488,25,0.0,1
2527,7,0.91,233,12,0.0,1
3052,8,3.73,525,28,0.0,0
3160,9,-0.15,108,4,0.0,1
3456,10,1.39,296,15,0.0,1
3784,11,1.73,328,18,0.0,1
4127,12,2.13,343,20,0.0,1
4374,13,1.11,247,14,0.0,1
4899,14,3.53,525,29,0.0,0
5424,15,3.69,525,28,0.0,0
5727,16,1.26,303,14,0.0,1
6026,17,1.35,299,15,0.0,1
6151,18,0.15,125,6,0.0,1
6498,19,1.96,347,19,0.0,1
6604,20,-0.16,106,4,0.0,1
6895,21,1.37,291,16,0.0,1
7420,22,3.09,525,27,0.0,0
7547,23,0.10,127,6,0.0,1
7871,24,1.52,324,15,0.0,1
8396,25,3.59,525,28,0.0,0
8516,26,0.08,120,6,0.0,1
8745,27,0.80,229,10,0.0,1
8970,28,0.73,225,11,0.0,1
9269,29,1.42,299,15,0.0,1
9508,30,0.94,239,12,0.0,1
10029,31,3.03,521,26,0.0,1
10305,32,0.92,276,14,0.0,1
10721,33,2.24,416,24,0.0,1
10946,34,0.96,225,12,0.0,1
11423,35,2.92,477,26,0.0,1
11642,36,0.56,219,9,0.0,1
11941,37,1.36,299,16,0.0,1
12245,38,1.62,304,16,0.0,1
12571,39,1.78,326,17,0.0,1
12848,40,1.06,277,13,0.0,1
13178,41,1.84,330,18,0.0,1
13530,42,1.92,352,19,0.0,1
13951,43,2.43,421,22,0.0,1
14300,44,1.73,349,18,0.0,1
14611,45,1.37,311,15,0.0,1
15136,46,3.61,525,29,0.0,0
15362,47,1.01,226,12,0.0,1
15887,48,3.63,525,30,0.0,0
16286,49,2.35,399,23,0.0,1
16575,50,1.31,289,15,0.0,1
17022,51,2.74,447,26,0.0,1
17547,52,3.26,525,29,0.0,0
17781,53,0.77,234,12,0.0,1
18141,54,1.76,360,21,0.0,1
18666,55,3.77,525,31,0.0,0
19191,56,3.38,525,27,0.0,0
19716,57,3.91,525,31,0.0,0
19812,58,-0.42,96,3,0.0,1
20214,59,2.33,402,21,0.0,1
20727,60,2.97,513,26,0.0,1
21184,61,2.76,457,24,0.0,1
21615,62,2.04,431,22,0.0,1
21866,63,0.92,251,12,0.0,1
22097,64,0.56,231,10,0.0,1
22622,65,3.47,525,30,0.0,0
22751,66,0.22,129,7,0.0,1
23172,67,2.35,421,22,0.0,1
23579,68,2.04,407,19,0.0,1
24056,69,2.81,477,27,0.0,1
24350,70,0.96,294,16,0.0,1
24875,71,3.87,525,32,0.0,0
25335,72,2.81,460,26,0.0,1
25667,73,1.42,332,18,0.0,1
25888,74,1.05,221,13,0.0,1
26026,75,0.21,138,8,0.0,1
26354,76,1.35,328,17,0.0,1
26753,77,1.96,399,23,0.0,1
27278,78,3.21,525,30,0.0,0
27473,79,0.53,195,9,0.0,1
27998,80,3.28,525,30,0.0,0
28220,81,0.66,222,12,0.0,1
28745,82,3.06,525,31,0.0,0
29194,83,2.42,449,25,0.0,1
29434,84,0.94,240,13,0.0,1
29644,85,0.49,210,10,0.0,1
29976,86,1.58,332,18,0.0,1
30501,87,3.62,525,29,0.0,0
30702,88,0.69,201,10,0.0,1
31073,89,2.13,371,21,0.0,1
31408,90,1.62,335,18,0.0,1
31730,91,1.48,322,18,0.0,1
31872,92,0.04,142,6,0.0,1
32275,93,2.33,403,22,0.0,1
32800,94,3.51,525,28,0.0,0
33325,95,3.51,525,30,0.0,0
33571,96,1.00,246,13,0.0,1
33692,97,-0.23,121,5,0.0,1
34217,98,3.26,525,27,0.0,0
34699,99,2.46,482,24,0.0,1
35186,100,2.52,487,27,0.0,1
35521,101,1.79,335,19,0.0,1
35987,102,2.47,466,25,0.0,1
36269,103,1.48,282,16,0.0,1
36512,104,1.18,243,14,0.0,1
36770,105,0.99,258,12,0.0,1
37083,106,1.25,313,16,0.0,1
37427,107,1.56,344,18,0.0,1
37692,108,1.26,265,15,0.0,1
37834,109,0.28,142,8,0.0,1
38065,110,0.86,231,13,0.0,1
38437,111,1.54,372,20,0.0,1
38669,112,1.00,232,12,0.0,1
38897,113,0.59,228,11,0.0,1
39015,114,0.07,118,6,0.0,1
39349,115,1.38,334,17,0.0,1
39788,116,2.61,439,27,0.0,1
40013,117,1.00,225,13,0.0,1
40527,118,2.96,514,28,0.0,1
40887,119,1.97,360,20,0.0,1
41059,120,0.26,172,8,0.0,1
41584,121,3.71,525,29,0.0,0
41814,122,0.96,230,13,0.0,1
42044,123,0.72,230,12,0.0,1
42569,124,3.30,525,31,0.0,0
42783,125,0.49,214,10,0.0,1
43234,126,2.17,451,22,0.0,1
43568,127,1.53,334,18,0.0,1
44093,128,3.35,525,30,0.0,0
44199,129,-0.06,106,5,0.0,1
44323,130,-0.06,124,6,0.0,1
44681,131,1.43,358,18,0.0,1
45159,132,2.85,478,26,0.0,1
45684,133,2.89,525,26,0.0,0
45860,134,0.26,176,9,0.0,1
46385,135,3.50,525,31,0.0,0
46778,136,2.09,393,22,0.0,1
47051,137,1.01,273,15,0.0,1
47174,138,-0.13,123,6,0.0,1
47317,139,0.10,143,8,0.0,1
47842,140,3.65,525,32,0.0,0
48367,141,3.57,525,29,0.0,0
48525,142,-0.12,158,7,0.0,1
49050,143,3.57,525,30,0.0,0
49390,144,1.43,340,17,0.0,1
49772,145,2.01,382,21,0.0,1
49998,146,0.60,226,13,0.0,1
50523,147,3.52,525,30,0.0,0
50939,148,2.17,416,21,0.0,1
51252,149,1.72,313,17,0.0,1
51710,150,2.16,458,25,0.0,1
52074,151,1.70,364,20,0.0,1
52360,152,1.67,286,17,0.0,1
52885,153,3.35,525,31,0.0,0
53221,154,1.85,336,19,0.0,1
53463,155,0.58,242,13,0.0,1
53988,156,3.45,525,31,0.0,0
54513,157,3.61,525,30,0.0,0
54773,158,1.10,260,15,0.0,1
55229,159,2.18,456,24,0.0,1
55575,160,1.59,346,19,0.0,1
56047,161,2.59,472,26,0.0,1
56335,162,1.11,288,15,0.0,1
56860,163,2.77,525,29,0.0,0
57101,164,0.77,241,13,0.0,1
57506,165,1.79,405,21,0.0,1
57814,166,0.95,308,15,0.0,1
58243,167,1.98,429,23,0.0,1
58365,168,-0.20,122,5,0.0,1
58707,169,1.30,342,19,0.0,1
58972,170,0.84,265,14,0.0,1
59497,171,3.54,525,31,0.0,0
59689,172,0.34,192,8,0.0,1
59898,173,0.60,209,11,0.0,1
60021,174,-0.03,123,7,0.0,1
60377,175,1.39,356,18,0.0,1
60589,176,0.47,212,12,0.0,1
60927,177,2.09,338,20,0.0,1
61254,178,1.08,327,17,0.0,1
61497,179,0.52,243,13,0.0,1
61841,180,1.26,344,17,0.0,1
62064,181,0.65,223,12,0.0,1
62296,182,0.40,232,13,0.0,1
62713,183,2.30,417,24,0.0,1
63078,184,2.01,365,20,0.0,1
63198,185,-0.29,120,5,0.0,1
63389,186,0.49,191,10,0.0,1
63914,187,3.14,525,29,0.0,0
64415,188,2.99,501,28,0.0,1
64633,189,0.57,218,11,0.0,1
64961,190,1.67,328,18,0.0,1
65289,191,1.29,328,18,0.0,1
65814,192,3.22,525,27,0.0,0
66170,193,1.45,356,19,0.0,1
66379,194,0.66,209,11,0.0,1
66713,195,1.46,334,17,0.0,1
67072,196,1.64,359,17,0.0,1
67508,197,2.27,436,24,0.0,1
67735,198,0.35,227,10,0.0,1
67936,199,0.75,201,10,0.0,1
68461,200,3.45,525,30,0.0,0
68597,201,0.12,136,6,0.0,1
68779,202,0.33,182,9,0.0,1
69062,203,0.64,283,13,0.0,1
69364,204,1.07,302,14,0.0,1
69693,205,1.43,329,19,0.0,1
69805,206,-0.15,112,5,0.0,1
70083,207,0.95,278,15,0.0,1
70223,208,0.05,140,7,0.0,1
70389,209,0.22,166,7,0.0,1
70502,210,0.11,113,6,0.0,1
70777,211,0.93,275,14,0.0,1
71076,212,1.04,299,16,0.0,1
71190,213,0.06,114,6,0.0,1
71315,214,-0.01,125,6,0.0,1
71613,215,1.45,298,17,0.0,1
71931,216,1.33,318,16,0.0,1
72048,217,-0.06,117,5,0.0,1
72400,218,1.73,352,19,0.0,1
72771,219,1.77,371,20,0.0,1
72996,220,0.63,225,13,0.0,1
73117,221,0.00,121,6,0.0,1
73642,222,3.13,525,28,0.0,0
74101,223,2.23,459,25,0.0,1
74577,224,2.75,476,28,0.0,1
75102,225,2.98,525,25,0.0,0
75458,226,1.71,356,19,0.0,1
75583,227,0.07,125,7,0.0,1
75982,228,2.03,399,21,0.0,1
76507,229,3.82,525,33,0.0,0
77032,230,3.17,525,30,0.0,0
77271,231,1.10,239,13,0.0,1
77796,232,3.32,525,30,0.0,0
78321,233,3.10,525,29,0.0,0
78461,234,0.31,140,7,0.0,1
78623,235,0.38,162,9,0.0,1
78975,236,2.10,352,20,0.0,1
79305,237,1.40,330,19,0.0,1
79500,238,0.37,195,9,0.0,1
79811,239,1.67,311,18,0.0,1
80128,240,1.11,317,16,0.0,1
80300,241,0.25,172,9,0.0,1
80825,242,3.34,525,27,0.0,0
81105,243,1.03,280,12,0.0,1
81630,244,3.23,525,30,0.0,0
81862,245,0.97,232,13,0.0,1
82387,246,3.51,525,29,0.0,0
82510,247,-0.17,123,6,0.0,1
82623,248,-0.28,113,5,0.0,1
82815,249,0.30,192,9,0.0,1
83038,250,0.74,223,12,0.0,1
83472,251,1.94,434,23,0.0,1
83997,252,3.17,525,25,0.0,0
84522,253,3.56,525,30,0.0,0
85047,254,3.27,525,31,0.0,0
85186,255,0.04,139,7,0.0,1
85585,256,1.60,399,18,0.0,1
86041,257,2.65,456,26,0.0,1
86381,258,1.90,340,20,0.0,1
86711,259,1.75,330,19,0.0,1
87236,260,3.55,525,30,0.0,0
87565,261,1.73,329,18,0.0,1
87903,262,1.89,338,20,0.0,1
88045,263,-0.02,142,7,0.0,1
88570,264,3.21,525,30,0.0,0
89095,265,3.59,525,28,0.0,0
89536,266,2.45,441,23,0.0,1
89858,267,1.79,322,18,0.0,1
90383,268,3.63,525,29,0.0,0
90725,269,1.88,342,20,0.0,1
90992,270,1.12,267,15,0.0,1
91219,271,0.75,227,12,0.0,1
91744,272,3.57,525,29,0.0,0
92269,273,3.84,525,32,0.0,0
92794,274,3.56,525,32,0.0,0
93319,275,3.15,525,28,0.0,0
93660,276,1.55,341,19,0.0,1
94185,277,3.91,525,31,0.0,0
94683,278,2.54,498,26,0.0,1
95029,279,1.77,346,17,0.0,1
95361,280,1.57,332,19,0.0,1
95886,281,3.70,525,31,0.0,0
96411,282,3.12,525,30,0.0,0
96742,283,1.31,331,17,0.0,1
97267,284,3.23,525,28,0.0,0
97645,285,1.29,378,18,0.0,1
97985,286,1.63,340,21,0.0,1
98510,287,3.61,525,31,0.0,0
98842,288,1.57,332,19,0.0,1
99070,289,0.81,228,13,0.0,1
99455,290,1.92,385,20,0.0,1
99642,291,0.40,187,9,0.0,1
99953,292,1.15,311,16,0.0,1
100170,293,0.78,217,12,0.0,1
100531,294,1.97,361,19,0.0,1
101033,295,2.58,502,27,0.0,1
101372,296,1.85,339,20,0.0,1
101897,297,3.64,525,30,0.0,0
102422,298,3.83,525,32,0.0,0
102584,299,0.07,162,8,0.0,1
103088,300,2.62,504,26,0.0,1
103613,301,3.68,525,30,0.0,0
104138,302,3.25,525,30,0.0,0
104377,303,0.28,239,11,0.0,1
104710,304,1.33,333,18,0.0,1
105164,305,2.75,454,27,0.0,1
105280,306,0.05,116,6,0.0,1
105387,307,-0.22,107,5,0.0,1
105575,308,0.06,188,8,0.0,1
105795,309,0.62,220,12,0.0,1
106320,310,3.12,525,32,0.0,0
106447,311,-0.06,127,6,0.0,1
106916,312,2.98,469,29,0.0,1
107129,313,0.65,213,10,0.0,1
107654,314,3.42,525,29,0.0,0
107985,315,1.09,331,19,0.0,1
108447,316,2.18,462,25,0.0,1
108582,317,-0.23,135,7,0.0,1
109063,318,2.18,481,27,0.0,1
109464,319,2.00,401,22,0.0,1
109886,320,1.84,422,24,0.0,1
110107,321,0.85,221,11,0.0,1
110356,322,0.88,249,15,0.0,1
110881,323,2.97,525,29,0.0,0
111010,324,0.16,129,6,0.0,1
111423,325,2.30,413,22,0.0,1
111758,326,1.44,335,18,0.0,1
112087,327,1.33,329,16,0.0,1
112612,328,2.86,525,29,0.0,0
112750,329,-0.01,138,7,0.0,1
113275,330,3.03,525,30,0.0,0
113592,331,1.37,317,19,0.0,1
114117,332,3.55,525,29,0.0,0
114610,333,3.05,493,29,0.0,1
115082,334,2.68,472,26,0.0,1
115418,335,1.62,336,17,0.0,1
115730,336,1.62,312,19,0.0,1
116255,337,2.73,525,28,0.0,0
116731,338,2.63,476,25,0.0,1
117014,339,1.13,283,15,0.0,1
117281,340,1.11,267,14,0.0,1
117546,341,0.80,265,13,0.0,1
117760,342,0.52,214,9,0.0,1
118277,343,2.91,517,28,0.0,1
118389,344,-0.05,112,6,0.0,1
118825,345,2.30,436,23,0.0,1
119229,346,2.06,404,21,0.0,1
119589,347,1.81,360,20,0.0,1
120019,348,2.32,430,23,0.0,1
120368,349,1.99,349,19,0.0,1
120870,350,3.03,502,28,0.0,1
120989,351,-0.07,119,6,0.0,1
121308,352,1.28,319,16,0.0,1
121542,353,0.29,234,10,0.0,1
121875,354,1.20,333,17,0.0,1
122400,355,3.10,525,29,0.0,0
122528,356,-0.38,128,6,0.0,1
122883,357,1.65,355,20,0.0,1
123022,358,-0.09,139,7,0.0,1
123259,359,0.87,237,12,0.0,1
123505,360,0.87,246,14,0.0,1
123732,361,0.76,227,11,0.0,1
124257,362,3.41,525,28,0.0,0
124782,363,3.53,525,30,0.0,0
125009,364,0.86,227,11,0.0,1
125534,365,3.51,525,29,0.0,0
125889,366,1.80,355,18,0.0,1
125997,367,-0.05,108,5,0.0,1
126353,368,1.79,356,19,0.0,1
126878,369,3.31,525,30,0.0,0
127256,370,1.61,378,20,0.0,1
127781,371,3.34,525,29,0.0,0
128130,372,2.04,349,20,0.0,1
128473,373,1.65,343,19,0.0,1
128678,374,0.49,205,10,0.0,1
128927,375,1.01,249,14,0.0,1
129143,376,0.62,216,11,0.0,1
129636,377,3.00,493,27,0.0,1
129860,378,0.96,224,13,0.0,1
130081,379,1.10,221,13,0.0,1
130606,380,3.17,525,31,0.0,0
130948,381,1.60,342,17,0.0,1
131132,382,0.44,184,10,0.0,1
131348,383,0.59,216,10,0.0,1
131647,384,1.23,299,15,0.0,1
131964,385,1.24,317,14,0.0,1
132201,386,0.88,237,13,0.0,1
132691,387,3.09,490,28,0.0,1
132993,388,1.63,302,18,0.0,1
133258,389,1.05,265,14,0.0,1
133517,390,0.92,259,13,0.0,1
134042,391,3.54,525,27,0.0,0
134266,392,0.57,224,10,0.0,1
134791,393,3.02,525,29,0.0,0
135134,394,1.75,343,21,0.0,1
135257,395,0.13,123,6,0.0,1
135601,396,1.83,344,19,0.0,1
136126,397,4.03,525,29,0.0,0
136651,398,3.45,525,30,0.0,0
136769,399,0.13,118,6,0.0,1
137118,400,1.82,349,20,0.0,1
137403,401,0.83,285,12,0.0,1
137570,402,0.40,167,9,0.0,1
137995,403,2.20,425,23,0.0,1
138225,404,0.49,230,12,0.0,1
138750,405,3.50,525,31,0.0,0
138971,406,0.71,221,11,0.0,1
139202,407,0.83,231,12,0.0,1
139557,408,2.06,355,20,0.0,1
139813,409,1.15,256,14,0.0,1
140158,410,1.43,345,15,0.0,1
140380,411,0.74,222,11,0.0,1
140819,412,2.42,439,23,0.0,1
141254,413,2.77,435,24,0.0,1
141608,414,1.96,354,18,0.0,1
141726,415,-0.09,118,5,0.0,1
142092,416,1.66,366,20,0.0,1
142311,417,0.85,219,12,0.0,1
142656,418,1.86,345,19,0.0,1
142895,419,1.10,239,13,0.0,1
143214,420,1.60,319,17,0.0,1
143438,421,0.70,224,11,0.0,1
143551,422,0.05,113,5,0.0,1
143731,423,0.06,180,7,0.0,1
143955,424,0.70,224,11,0.0,1
144081,425,-0.17,126,5,0.0,1
144325,426,0.96,244,11,0.0,1
144546,427,0.54,221,9,0.0,1
144774,428,1.07,228,12,0.0,1
145062,429,1.49,288,16,0.0,1
145518,430,2.61,456,25,0.0,1
145907,431,2.06,389,21,0.0,1
146107,432,0.71,200,11,0.0,1
146448,433,1.96,341,20,0.0,1
146634,434,0.66,186,9,0.0,1
146987,435,2.10,353,20,0.0,1
147167,436,0.46,180,9,0.0,1
147552,437,2.28,385,21,0.0,1
147806,438,1.24,254,14,0.0,1
148262,439,3.17,456,28,0.0,1
148489,440,0.70,227,10,0.0,1
148803,441,1.54,314,15,0.0,1
149032,442,0.57,229,12,0.0,1
149159,443,-0.01,127,6,0.0,1
149657,444,3.18,498,28,0.0,1
150079,445,2.48,422,23,0.0,1
150185,446,-0.16,106,4,0.0,1
150644,447,2.67,459,25,0.0,1
150903,448,1.22,259,14,0.0,1
151251,449,1.38,348,18,0.0,1
151548,450,1.50,297,16,0.0,1
151668,451,-0.02,120,5,0.0,1
151943,452,1.04,275,15,0.0,1
152149,453,0.72,206,10,0.0,1
152664,454,3.13,515,28,0.0,1
152786,455,-0.04,122,6,0.0,1
153147,456,1.54,361,17,0.0,1
153310,457,-0.02,163,8,0.0,1
153704,458,2.30,394,22,0.0,1
154057,459,1.95,353,19,0.0,1
154582,460,3.40,525,28,0.0,0
154830,461,0.93,248,13,0.0,1
155129,462,1.21,299,16,0.0,1
155438,463,1.54,309,17,0.0,1
155866,464,2.49,428,24,0.0,1
156161,465,1.23,295,15,0.0,1
156489,466,1.71,328,18,0.0,1
156667,467,0.15,178,7,0.0,1
156773,468,-0.11,106,5,0.0,1
157196,469,2.47,423,25,0.0,1
157343,470,-0.12,147,6,0.0,1
157569,471,0.70,226,11,0.0,1
157802,472,0.78,233,10,0.0,1
158164,473,1.65,362,21,0.0,1
158416,474,1.18,252,13,0.0,1
158535,475,0.08,119,6,0.0,1
158770,476,0.77,235,12,0.0,1
158876,477,-0.36,106,4,0.0,1
159401,478,3.56,525,30,0.0,0
159641,479,1.09,240,14,0.0,1
160131,480,3.11,490,28,0.0,1
160376,481,1.02,245,13,0.0,1
160593,482,0.59,217,10,0.0,1
160798,483,0.50,205,9,0.0,1
160934,484,0.22,136,7,0.0,1
161180,485,0.99,246,13,0.0,1
161705,486,3.81,525,29,0.0,0
161902,487,0.58,197,10,0.0,1
162107,488,0.81,205,11,0.0,1
162491,489,2.08,384,20,0.0,1
162693,490,0.80,202,10,0.0,1
163218,491,3.50,525,29,0.0,0
163646,492,2.59,428,24,0.0,1
163998,493,2.00,352,19,0.0,1
164458,494,2.49,460,24,0.0,1
164672,495,0.76,214,11,0.0,1
164904,496,0.70,232,12,0.0,1
165064,497,0.21,160,8,0.0,1
165416,498,2.03,352,20,0.0,1
165655,499,0.86,239,11,0.0,1
166038,500,2.03,383,22,0.0,1
166342,501,1.51,304,17,0.0,1
166787,502,2.68,445,25,0.0,1
167010,503,1.01,223,13,0.0,1
167226,504,0.73,216,10,0.0,1
167751,505,3.45,525,29,0.0,0
167985,506,0.99,234,13,0.0,1
168510,507,3.43,525,31,0.0,0
169035,508,3.69,525,30,0.0,0
169286,509,1.07,251,14,0.0,1
169604,510,1.27,318,15,0.0,1
169827,511,0.80,223,11,0.0,1
170170,512,1.92,343,19,0.0,1
170636,513,2.64,466,23,0.0,1
170765,514,-0.19,129,6,0.0,1
171005,515,0.99,240,13,0.0,1
171530,516,3.15,525,27,0.0,0
171784,517,1.19,254,13,0.0,1
172253,518,2.62,469,23,0.0,1
172778,519,2.99,525,27,0.0,0
173031,520,1.03,253,13,0.0,1
173556,521,3.87,525,30,0.0,0
173798,522,0.93,242,13,0.0,1
174024,523,1.11,226,14,0.0,1
174186,524,0.09,162,7,0.0,1
174317,525,0.06,131,5,0.0,1
174731,526,2.66,414,25,0.0,1
175106,527,2.12,375,21,0.0,1
175445,528,1.80,339,19,0.0,1
175563,529,0.10,118,6,0.0,1
175908,530,1.86,345,20,0.0,1
176146,531,0.26,238,12,0.0,1
176534,532,2.23,388,21,0.0,1
176875,533,1.91,341,19,0.0,1
177400,534,3.63,525,29,0.0,0
177613,535,0.88,213,11,0.0,1
178138,536,3.46,525,29,0.0,0
178246,537,-0.27,108,3,0.0,1
178771,538,3.19,525,25,0.0,0
178995,539,0.81,224,12,0.0,1
179345,540,1.98,350,19,0.0,1
179550,541,0.54,205,10,0.0,1
179656,542,-0.06,106,5,0.0,1
179802,543,0.20,146,7,0.0,1
180107,544,1.46,305,16,0.0,1
180230,545,0.10,123,6,0.0,1
180755,546,3.98,525,29,0.0,0
181280,547,3.43,525,30,0.0,0
181557,548,1.24,277,16,0.0,1
181970,549,1.82,413,20,0.0,1
182495,550,3.61,525,28,0.0,0
183020,551,3.85,525,31,0.0,0
183545,552,3.93,525,31,0.0,0
184070,553,3.77,525,29,0.0,0
184257,554,0.60,187,9,0.0,1
184494,555,1.18,237,13,0.0,1
184638,556,0.05,144,8,0.0,1
184869,557,0.76,231,10,0.0,1
185306,558,2.59,437,24,0.0,1
185653,559,1.63,347,20,0.0,1
186086,560,2.53,433,25,0.0,1
186192,561,0.04,106,6,0.0,1
186717,562,3.70,525,27,0.0,0
187054,563,1.67,337,18,0.0,1
187368,564,1.70,314,16,0.0,1
187496,565,-0.05,128,6,0.0,1
187743,566,0.94,247,14,0.0,1
188103,567,1.69,360,18,0.0,1
188337,568,0.82,234,13,0.0,1
188592,569,0.66,255,15,0.0,1
189066,570,2.28,474,23,0.0,1
189402,571,1.68,336,20,0.0,1
189927,572,3.45,525,31,0.0,0
190452,573,2.98,525,27,0.0,0
190750,574,1.08,298,15,0.0,1
191275,575,3.71,525,32,0.0,0
191580,576,1.40,305,16,0.0,1
192105,577,3.57,525,30,0.0,0
192371,578,0.55,266,11,0.0,1
192644,579,1.49,273,16,0.0,1
192814,580,0.32,170,8,0.0,1
193102,581,1.27,288,15,0.0,1
193314,582,0.52,212,9,0.0,1
193651,583,1.80,337,20,0.0,1
193971,584,1.60,320,18,0.0,1
194191,585,0.72,220,11,0.0,1
194667,586,2.71,476,26,0.0,1
194902,587,1.07,235,13,0.0,1
195021,588,-0.04,119,7,0.0,1
195266,589,0.68,245,12,0.0,1
195505,590,1.10,239,14,0.0,1
195757,591,0.52,252,13,0.0,1
195979,592,0.64,222,11,0.0,1
196190,593,0.66,211,11,0.0,1
196299,594,-0.42,109,4,0.0,1
196407,595,-0.32,108,5,0.0,1
196687,596,1.16,280,15,0.0,1
196919,597,0.70,232,13,0.0,1
197200,598,1.24,281,16,0.0,1
197510,599,1.28,310,15,0.0,1
197696,600,0.55,186,9,0.0,1
198221,601,3.47,525,28,0.0,0
198447,602,0.70,226,11,0.0,1
198556,603,-0.15,109,4,0.0,1
198939,604,2.13,383,22,0.0,1
199102,605,0.27,163,7,0.0,1
199627,606,3.27,525,28,0.0,0
199878,607,1.10,251,13,0.0,1
200041,608,0.18,163,8,0.0,1
200336,609,0.88,295,15,0.0,1
200772,610,2.26,436,24,0.0,1
201202,611,2.54,430,24,0.0,1
201727,612,3.93,525,31,0.0,0
202070,613,1.79,343,20,0.0,1
202595,614,2.82,525,27,0.0,0
203001,615,2.39,406,22,0.0,1
203526,616,3.77,525,31,0.0,0
204051,617,3.33,525,28,0.0,0
204497,618,2.61,446,26,0.0,1
204738,619,1.20,241,14,0.0,1
205263,620,3.67,525,31,0.0,0
205788,621,4.11,525,33,0.0,0
206088,622,1.24,300,15,0.0,1
206613,623,3.17,525,30,0.0,0
207138,624,3.60,525,30,0.0,0
207663,625,3.69,525,33,0.0,0
208110,626,2.02,447,22,0.0,1
208226,627,-0.33,116,6,0.0,1
208751,628,3.45,525,28,0.0,0
209276,629,3.29,525,29,0.0,0
209801,630,3.51,525,31,0.0,0
210326,631,3.87,525,32,0.0,0
210547,632,0.79,221,12,0.0,1
211072,633,3.53,525,31,0.0,0
211597,634,3.26,525,29,0.0,0
211802,635,0.19,205,9,0.0,1
212086,636,1.12,284,15,0.0,1
212527,637,2.57,441,25,0.0,1
212913,638,1.88,386,21,0.0,1
213150,639,1.10,237,13,0.0,1
213263,640,0.06,113,6,0.0,1
213788,641,3.97,525,32,0.0,0
214036,642,0.79,248,13,0.0,1
214156,643,-0.13,120,6,0.0,1
214681,644,4.13,525,32,0.0,0
215206,645,3.69,525,29,0.0,0
215621,646,2.40,415,24,0.0,1
215838,647,0.70,217,11,0.0,1
216259,648,2.30,421,23,0.0,1
216612,649,1.35,353,17,0.0,1
217137,650,3.91,525,32,0.0,0
217588,651,2.49,451,25,0.0,1
217799,652,0.84,211,12,0.0,1
218135,653,1.99,336,20,0.0,1
218349,654,0.33,214,10,0.0,1
218874,655,3.83,525,31,0.0,0
218976,656,0.04,102,5,0.0,1
219097,657,-0.08,121,6,0.0,1
219622,658,3.35,525,30,0.0,0
220147,659,3.36,525,30,0.0,0
220655,660,2.95,508,27,0.0,1
221009,661,1.95,354,19,0.0,1
221135,662,-0.15,126,7,0.0,1
221251,663,-0.15,116,5,0.0,1
221478,664,0.88,227,12,0.0,1
221820,665,1.90,342,20,0.0,1
222282,666,2.83,462,24,0.0,1
222806,667,3.08,524,29,0.0,1
223331,668,3.29,525,29,0.0,0
223675,669,2.03,344,19,0.0,1
223778,670,-0.07,103,5,0.0,1
224303,671,3.43,525,31,0.0,0
224828,672,3.71,525,29,0.0,0
225159,673,1.55,331,16,0.0,1
225489,674,1.84,330,18,0.0,1
225595,675,-0.01,106,5,0.0,1
225930,676,1.96,335,18,0.0,1
226128,677,0.76,198,11,0.0,1
226653,678,3.62,525,31,0.0,0
226769,679,0.11,116,7,0.0,1
227294,680,3.36,525,28,0.0,0
227417,681,-0.15,123,6,0.0,1
227759,682,1.63,342,18,0.0,1
228099,683,1.95,340,19,0.0,1
228442,684,1.97,343,19,0.0,1
228797,685,1.77,355,18,0.0,1
229322,686,3.44,525,30,0.0,0
229607,687,1.54,285,16,0.0,1
229755,688,0.11,148,8,0.0,1
229966,689,0.69,211,11,0.0,1
230395,690,2.56,429,24,0.0,1
230920,691,3.18,525,29,0.0,0
231219,692,1.60,299,16,0.0,1
231742,693,3.11,523,27,0.0,1
232107,694,2.06,365,21,0.0,1
232341,695,0.80,234,11,0.0,1
232755,696,2.30,414,22,0.0,1
233280,697,3.86,525,31,0.0,0
233805,698,4.05,525,31,0.0,0
234330,699,3.13,525,28,0.0,0
234458,700,-0.02,128,6,0.0,1
234776,701,1.29,318,14,0.0,1
235296,702,3.18,520,28,0.0,1
235821,703,3.56,525,30,0.0,0
236141,704,1.71,320,17,0.0,1
236296,705,0.21,155,8,0.0,1
236512,706,0.87,216,12,0.0,1
236982,707,2.94,470,27,0.0,1
237218,708,1.16,236,13,0.0,1
237743,709,3.94,525,31,0.0,0
238268,710,4.08,525,32,0.0,0
238624,711,2.12,356,20,0.0,1
238728,712,-0.16,104,4,0.0,1
239253,713,3.49,525,28,0.0,0
239481,714,1.17,228,13,0.0,1
239974,715,2.92,493,25,0.0,1
240116,716,0.32,142,7,0.0,1
240433,717,1.55,317,16,0.0,1
240742,718,1.53,309,16,0.0,1
240847,719,-0.14,105,4,0.0,1
241073,720,1.01,226,12,0.0,1
241320,721,1.12,247,13,0.0,1
241845,722,3.53,525,30,0.0,0
241994,723,0.28,149,8,0.0,1
242519,724,3.47,525,29,0.0,0
242621,725,-0.02,102,5,0.0,1
243146,726,3.66,525,29,0.0,0
243393,727,1.22,247,14,0.0,1
243513,728,-0.06,120,5,0.0,1
243926,729,2.39,413,23,0.0,1
244451,730,3.61,525,29,0.0,0
244886,731,2.57,435,24,0.0,1
245213,732,1.93,327,19,0.0,1
245438,733,1.06,225,12,0.0,1
245778,734,1.70,340,18,0.0,1
246200,735,2.38,422,21,0.0,1
246422,736,0.85,222,11,0.0,1
246728,737,1.67,306,17,0.0,1
247204,738,2.87,476,26,0.0,1
247400,739,0.55,196,10,0.0,1
247925,740,4.11,525,30,0.0,0
248381,741,2.68,456,24,0.0,1
248675,742,1.39,294,15,0.0,1
249032,743,2.00,357,20,0.0,1
249387,744,2.10,355,21,0.0,1
249498,745,-0.15,111,4,0.0,1
250023,746,3.82,525,31,0.0,0
250164,747,0.31,141,7,0.0,1
250418,748,0.94,254,14,0.0,1
250760,749,1.82,342,18,0.0,1
250902,750,0.10,142,8,0.0,1
251317,751,2.40,415,23,0.0,1
251842,752,3.43,525,27,0.0,0
252067,753,0.71,225,11,0.0,1
252288,754,0.95,221,12,0.0,1
252421,755,-0.03,133,6,0.0,1
252946,756,3.61,525,30,0.0,0
253204,757,1.34,258,14,0.0,1
253729,758,3.62,525,29,0.0,0
254070,759,2.12,341,20,0.0,1
254533,760,2.73,463,24,0.0,1
254647,761,-0.08,114,6,0.0,1
255136,762,3.00,489,27,0.0,1
255415,763,1.14,279,14,0.0,1
255838,764,2.21,423,23,0.0,1
256063,765,0.96,225,12,0.0,1
256588,766,3.59,525,31,0.0,0
256950,767,1.94,362,20,0.0,1
257182,768,0.82,232,11,0.0,1
257327,769,0.25,145,7,0.0,1
257667,770,1.91,340,19,0.0,1
258029,771,2.22,362,21,0.0,1
258394,772,2.14,365,20,0.0,1
258919,773,3.35,525,29,0.0,0
259158,774,1.14,239,13,0.0,1
259414,775,1.07,256,13,0.0,1
259520,776,-0.16,106,4,0.0,1
259667,777,0.10,147,7,0.0,1
259772,778,-0.22,105,4,0.0,1
259877,779,-0.22,105,4,0.0,1
260250,780,2.25,373,21,0.0,1
260484,781,0.94,234,11,0.0,1
260712,782,0.64,228,11,0.0,1
260952,783,1.04,240,12,0.0,1
261385,784,2.43,433,21,0.0,1
261703,785,1.38,318,16,0.0,1
261896,786,0.51,193,9,0.0,1
262023,787,-0.33,127,6,0.0,1
262372,788,1.94,349,19,0.0,1
262615,789,1.03,243,12,0.0,1
263027,790,2.38,412,23,0.0,1
263316,791,1.43,289,15,0.0,1
263833,792,2.82,517,27,0.0,1
264169,793,1.70,336,19,0.0,1
264564,794,2.40,395,23,0.0,1
265009,795,2.32,445,22,0.0,1
265429,796,2.58,420,24,0.0,1
265641,797,0.77,212,11,0.0,1
266071,798,2.56,430,24,0.0,1
266329,799,0.84,258,13,0.0,1
266652,800,1.73,323,18,0.0,1
267177,801,3.70,525,29,0.0,0
267408,802,1.28,231,14,0.0,1
267737,803,1.90,329,18,0.0,1
267865,804,-0.03,128,4,0.0,1
268136,805,1.08,271,15,0.0,1
268384,806,0.55,248,9,0.0,1
268594,807,0.43,210,10,0.0,1
269064,808,2.13,470,22,0.0,1
269203,809,0.08,139,7,0.0,1
269499,810,1.23,296,15,0.0,1
269631,811,-0.11,132,5,0.0,1
269860,812,0.87,229,11,0.0,1
270204,813,1.38,344,17,0.0,1
270518,814,1.30,314,14,0.0,1
270850,815,1.64,332,17,0.0,1
271108,816,1.01,258,12,0.0,1
271413,817,1.62,305,16,0.0,1
271685,818,0.60,272,9,0.0,1
272049,819,1.62,364,17,0.0,1
272362,820,1.35,313,17,0.0,1
272710,821,1.93,348,19,0.0,1
273073,822,1.82,363,18,0.0,1
273489,823,2.47,416,22,0.0,1
273701,824,0.62,212,10,0.0,1
273955,825,0.92,254,12,0.0,1
274277,826,1.66,322,17,0.0,1
274477,827,0.63,200,9,0.0,1
274841,828,2.13,364,20,0.0,1
275056,829,0.88,215,12,0.0,1
275475,830,2.26,419,20,0.0,1
275786,831,1.53,311,17,0.0,1
276065,832,1.21,279,16,0.0,1
276298,833,0.95,233,11,0.0,1
276808,834,2.84,510,28,0.0,1
277252,835,2.64,444,24,0.0,1
277477,836,0.68,225,10,0.0,1
277611,837,0.22,134,7,0.0,1
277732,838,0.05,121,6,0.0,1
278025,839,1.10,293,14,0.0,1
278337,840,1.51,312,16,0.0,1
278460,841,0.09,123,6,0.0,1
278966,842,3.24,506,30,0.0,1
279202,843,0.96,236,13,0.0,1
279528,844,1.44,326,16,0.0,1
279859,845,1.50,331,17,0.0,1
280152,846,1.53,293,16,0.0,1
280607,847,2.58,455,24,0.0,1
281049,848,2.47,442,24,0.0,1
281166,849,-0.21,117,4,0.0,1
281273,850,-0.10,107,4,0.0,1
281795,851,3.20,522,29,0.0,1
282255,852,2.92,460,26,0.0,1
282482,853,0.99,227,12,0.0,1
282844,854,2.04,362,21,0.0,1
283164,855,1.61,320,17,0.0,1
283500,856,1.67,336,16,0.0,1
283619,857,-0.08,119,5,0.0,1
283740,858,0.08,121,7,0.0,1
284054,859,1.45,314,15,0.0,1
284362,860,1.36,308,17,0.0,1
284880,861,3.27,518,29,0.0,1
285241,862,1.75,361,17,0.0,1
285549,863,1.64,308,17,0.0,1
285888,864,1.70,339,17,0.0,1
286015,865,0.04,127,6,0.0,1
286257,866,1.12,242,14,0.0,1
286494,867,0.88,237,12,0.0,1
286717,868,0.91,223,11,0.0,1
287218,869,3.11,501,28,0.0,1
287429,870,0.68,211,10,0.0,1
287650,871,0.70,221,11,0.0,1
288099,872,2.96,449,26,0.0,1
288242,873,0.21,143,7,0.0,1
288368,874,0.09,126,6,0.0,1
288581,875,0.66,213,12,0.0,1
288836,876,1.17,255,14,0.0,1
289361,877,3.47,525,28,0.0,0
289674,878,1.29,313,14,0.0,1
289904,879,0.71,230,11,0.0,1
290315,880,2.43,411,24,0.0,1
290437,881,0.02,122,6,0.0,1
290630,882,0.13,193,8,0.0,1
290928,883,1.43,298,16,0.0,1
291058,884,0.17,130,6,0.0,1
291282,885,0.62,224,11,0.0,1
291595,886,1.74,313,18,0.0,1
291827,887,1.04,232,13,0.0,1
291968,888,0.26,141,7,0.0,1
292246,889,1.19,278,15,0.0,1
292483,890,0.84,237,11,0.0,1
292776,891,1.49,293,15,0.0,1
293106,892,1.74,330,20,0.0,1
293313,893,0.66,207,10,0.0,1
293838,894,3.31,525,29,0.0,0
294363,895,3.55,525,30,0.0,0
294606,896,1.15,243,14,0.0,1
295131,897,3.46,525,29,0.0,0
295656,898,3.38,525,31,0.0,0
296008,899,1.64,352,16,0.0,1
296205,900,0.73,197,11,0.0,1
296438,901,0.70,233,10,0.0,1
296647,902,0.60,209,11,0.0,1
296865,903,0.84,218,11,0.0,1
297106,904,1.01,241,13,0.0,1
297546,905,2.32,440,21,0.0,1
297765,906,0.85,219,12,0.0,1
298290,907,3.58,525,31,0.0,0
298599,908,1.64,309,16,0.0,1
298939,909,1.73,340,16,0.0,1
299459,910,3.19,520,27,0.0,1
299984,911,3.31,525,32,0.0,0
300332,912,1.93,348,20,0.0,1
300687,913,1.70,355,18,0.0,1
301043,914,2.00,356,20,0.0,1
301465,915,2.12,422,20,0.0,1
301795,916,1.90,330,18,0.0,1
302147,917,1.87,352,18,0.0,1
302421,918,1.24,274,13,0.0,1
302656,919,1.16,235,14,0.0,1
303116,920,2.95,460,26,0.0,1
303573,921,2.62,457,24,0.0,1
303887,922,1.25,314,16,0.0,1
304112,923,0.90,225,13,0.0,1
304309,924,0.50,197,9,0.0,1
304407,925,-0.18,98,4,0.0,1
304602,926,0.53,195,8,0.0,1
305008,927,2.41,406,23,0.0,1
305533,928,3.45,525,29,0.0,0
305652,929,-0.16,119,6,0.0,1
305780,930,0.14,128,6,0.0,1
306034,931,1.05,254,14,0.0,1
306140,932,-0.06,106,5,0.0,1
306307,933,0.28,167,8,0.0,1
306602,934,1.49,295,16,0.0,1
306836,935,0.66,234,11,0.0,1
307361,936,3.37,525,28,0.0,0
307695,937,1.66,334,16,0.0,1
307811,938,0.04,116,6,0.0,1
308165,939,2.06,354,19,0.0,1
308624,940,2.70,459,26,0.0,1
308817,941,0.60,193,9,0.0,1
309023,942,0.69,206,10,0.0,1
309271,943,0.90,248,14,0.0,1
309678,944,2.49,407,23,0.0,1
309880,945,0.70,202,10,0.0,1
310161,946,1.08,281,15,0.0,1
310539,947,1.97,378,21,0.0,1
310873,948,1.90,334,19,0.0,1
311136,949,1.05,263,13,0.0,1
311609,950,3.18,473,28,0.0,1
311750,951,0.36,141,8,0.0,1
312275,952,3.79,525,30,0.0,0
312576,953,1.72,301,18,0.0,1
313101,954,3.59,525,29,0.0,0
313336,955,1.18,235,15,0.0,1
313557,956,0.66,221,11,0.0,1
313900,957,1.54,343,18,0.0,1
314347,958,2.39,447,22,0.0,1
314479,959,-0.17,132,6,0.0,1
315004,960,3.47,525,28,0.0,0
315136,961,0.20,132,7,0.0,1
315661,962,3.41,525,30,0.0,0
315862,963,0.79,201,12,0.0,1
316097,964,0.96,235,12,0.0,1
316508,965,2.39,411,23,0.0,1
316840,966,1.54,332,17,0.0,1
317086,967,1.11,246,14,0.0,1
317298,968,0.83,212,12,0.0,1
317424,969,0.04,126,6,0.0,1
317949,970,3.43,525,31,0.0,0
318474,971,3.98,525,31,0.0,0
318999,972,3.38,525,29,0.0,0
319524,973,3.11,525,26,0.0,0
319798,974,1.28,274,14,0.0,1
320013,975,0.78,215,11,0.0,1
320179,976,-0.05,166,6,0.0,1
320510,977,1.94,331,19,0.0,1
320943,978,2.63,433,24,0.0,1
321182,979,1.02,239,12,0.0,1
321394,980,0.72,212,11,0.0,1
321632,981,0.85,238,12,0.0,1
322052,982,1.94,420,21,0.0,1
322245,983,0.61,193,11,0.0,1
322455,984,0.72,210,10,0.0,1
322688,985,0.65,233,13,0.0,1
322823,986,0.22,135,7,0.0,1
322943,987,0.02,120,6,0.0,1
323062,988,0.02,119,6,0.0,1
323308,989,1.21,246,14,0.0,1
323543,990,0.85,235,13,0.0,1
323775,991,1.10,232,13,0.0,1
324064,992,1.26,289,16,0.0,1
324283,993,0.78,219,12,0.0,1
324747,994,2.79,464,25,0.0,1
325272,995,3.70,525,31,0.0,0
325489,996,0.94,217,12,0.0,1
325846,997,2.11,357,20,0.0,1
326311,998,2.84,465,25,0.0,1
326607,999,1.10,296,15,0.0,1
326970,1000,2.17,363,21,0.0,1
327495,1001,3.45,525,30,0.0,0
327613,1002,-0.04,118,5,0.0,1
327811,1003,0.79,198,11,0.0,1
328157,1004,1.56,346,16,0.0,1
328457,1005,1.50,300,17,0.0,1
328709,1006,0.98,252,13,0.0,1
328932,1007,0.59,223,11,0.0,1
329149,1008,0.52,217,11,0.0,1
329281,1009,0.02,132,7,0.0,1
329772,1010,2.68,491,26,0.0,1
330039,1011,1.11,267,14,0.0,1
330244,1012,0.63,205,11,0.0,1
330383,1013,0.31,139,7,0.0,1
330524,1014,-0.44,141,6,0.0,1
330860,1015,1.64,336,19,0.0,1
331374,1016,2.83,514,27,0.0,1
331599,1017,0.76,225,13,0.0,1
331726,1018,0.25,127,7,0.0,1
332251,1019,3.39,525,28,0.0,0
332471,1020,0.82,220,12,0.0,1
332609,1021,0.27,138,8,0.0,1
332849,1022,0.70,240,13,0.0,1
333374,1023,3.34,525,31,0.0,0
333834,1024,2.72,460,25,0.0,1
333952,1025,-0.15,118,5,0.0,1
334172,1026,0.80,220,11,0.0,1
334280,1027,-0.38,108,4,0.0,1
334580,1028,1.61,300,16,0.0,1
334822,1029,0.72,242,13,0.0,1
335347,1030,4.11,525,34,0.0,0
335706,1031,1.88,359,20,0.0,1
335931,1032,0.90,225,12,0.0,1
336058,1033,-0.06,127,6,0.0,1
336445,1034,2.08,387,21,0.0,1
336692,1035,1.22,247,13,0.0,1
336882,1036,0.46,190,10,0.0,1
337182,1037,1.45,300,16,0.0,1
337303,1038,0.08,121,6,0.0,1
337828,1039,3.80,525,32,0.0,0
338353,1040,3.05,525,27,0.0,0
338562,1041,0.60,209,11,0.0,1
338698,1042,0.08,136,6,0.0,1
338816,1043,0.07,118,6,0.0,1
339129,1044,1.59,313,17,0.0,1
339358,1045,0.90,229,12,0.0,1
339883,1046,3.69,525,27,0.0,0
340405,1047,3.55,522,30,0.0,1
340511,1048,-0.11,106,5,0.0,1
341036,1049,3.58,525,29,0.0,0
341184,1050,0.04,148,7,0.0,1
341528,1051,1.75,344,17,0.0,1
342053,1052,3.10,525,27,0.0,0
342171,1053,0.13,118,6,0.0,1
342615,1054,2.63,444,25,0.0,1
343140,1055,3.59,525,28,0.0,0
343597,1056,2.78,457,25,0.0,1
344061,1057,2.78,464,24,0.0,1
344167,1058,-0.17,106,5,0.0,1
344398,1059,0.69,231,12,0.0,1
344544,1060,-0.05,146,7,0.0,1
344665,1061,0.05,121,6,0.0,1
345190,1062,3.67,525,31,0.0,0
345521,1063,1.79,331,18,0.0,1
345896,1064,2.04,375,20,0.0,1
346107,1065,0.81,211,11,0.0,1
346437,1066,1.56,330,18,0.0,1
346780,1067,1.87,343,20,0.0,1
347033,1068,1.13,253,14,0.0,1
347246,1069,0.71,213,12,0.0,1
347715,1070,2.77,469,24,0.0,1
347949,1071,0.70,234,11,0.0,1
348342,1072,1.73,393,20,0.0,1
348681,1073,1.55,339,17,0.0,1
348896,1074,1.08,215,13,0.0,1
349306,1075,2.50,410,23,0.0,1
349831,1076,3.44,525,28,0.0,0
350356,1077,3.97,525,31,0.0,0
350481,1078,0.06,125,7,0.0,1
350709,1079,0.96,228,13,0.0,1
350822,1080,0.11,113,6,0.0,1
351157,1081,1.62,335,18,0.0,1
351682,1082,3.76,525,30,0.0,0
351977,1083,1.30,295,16,0.0,1
352390,1084,2.01,413,23,0.0,1
352616,1085,0.75,226,11,0.0,1
353123,1086,2.79,507,26,0.0,1
353335,1087,0.88,212,11,0.0,1
353826,1088,2.95,491,28,0.0,1
354069,1089,1.05,243,14,0.0,1
354552,1090,2.93,483,27,0.0,1
354805,1091,0.80,253,13,0.0,1
355330,1092,3.63,525,29,0.0,0
355855,1093,3.57,525,30,0.0,0
356175,1094,1.80,320,18,0.0,1
356421,1095,1.01,246,13,0.0,1
356583,1096,0.40,162,9,0.0,1
357104,1097,3.13,521,29,0.0,1
357314,1098,0.77,210,10,0.0,1
357745,1099,2.43,431,24,0.0,1
357971,1100,0.75,226,11,0.0,1
358459,1101,2.78,488,28,0.0,1
358720,1102,0.67,261,13,0.0,1
359033,1103,1.49,313,17,0.0,1
359154,1104,0.13,121,6,0.0,1
359378,1105,1.00,224,12,0.0,1
359598,1106,0.51,220,11,0.0,1
360123,1107,3.47,525,26,0.0,0
360233,1108,0.06,110,5,0.0,1
360475,1109,1.00,242,13,0.0,1
361000,1110,3.53,525,28,0.0,0
361464,1111,2.86,464,26,0.0,1
361709,1112,1.04,245,12,0.0,1
362026,1113,1.80,317,18,0.0,1
362395,1114,1.74,369,20,0.0,1
362549,1115,0.03,154,7,0.0,1
362895,1116,1.92,346,20,0.0,1
363024,1117,0.16,129,6,0.0,1
363254,1118,0.71,230,11,0.0,1
363703,1119,2.72,449,27,0.0,1
364053,1120,2.04,350,20,0.0,1
364575,1121,3.00,522,28,0.0,1
364792,1122,0.73,217,11,0.0,1
365317,1123,3.85,525,29,0.0,0
365842,1124,3.35,525,29,0.0,0
366193,1125,1.95,351,20,0.0,1
366664,1126,3.00,471,28,0.0,1
367140,1127,2.89,476,26,0.0,1
367569,1128,2.59,429,25,0.0,1
367880,1129,1.59,311,19,0.0,1
368088,1130,0.70,208,12,0.0,1
368613,1131,3.79,525,30,0.0,0
368774,1132,-0.07,161,7,0.0,1
369096,1133,1.81,322,17,0.0,1
369333,1134,1.09,237,13,0.0,1
369538,1135,0.91,205,12,0.0,1
369869,1136,1.84,331,18,0.0,1
370197,1137,1.81,328,20,0.0,1
370450,1138,1.07,253,14,0.0,1
370906,1139,2.65,456,26,0.0,1
371236,1140,1.67,330,19,0.0,1
371539,1141,1.34,303,16,0.0,1
371931,1142,2.07,392,20,0.0,1
372456,1143,3.32,525,28,0.0,0
372981,1144,4.19,525,29,0.0,0
373381,1145,2.54,400,24,0.0,1
373716,1146,1.85,335,18,0.0,1
374041,1147,1.31,325,19,0.0,1
374566,1148,3.72,525,32,0.0,0
375091,1149,3.41,525,30,0.0,0
375412,1150,1.71,321,18,0.0,1
375746,1151,1.56,334,19,0.0,1
376055,1152,1.56,309,19,0.0,1
376277,1153,0.94,222,13,0.0,1
376529,1154,1.15,252,14,0.0,1
377054,1155,3.55,525,30,0.0,0
377365,1156,1.47,311,19,0.0,1
377672,1157,1.46,307,17,0.0,1
378197,1158,3.55,525,32,0.0,0
378361,1159,0.29,164,8,0.0,1
378548,1160,0.69,187,11,0.0,1
378667,1161,-0.34,119,4,0.0,1
378890,1162,0.70,223,14,0.0,1
379012,1163,-0.10,122,6,0.0,1
379537,1164,3.23,525,29,0.0,0
379921,1165,1.53,384,21,0.0,1
380229,1166,1.33,308,18,0.0,1
380588,1167,1.45,359,18,0.0,1
380695,1168,-0.48,107,4,0.0,1
381152,1169,2.64,457,28,0.0,1
381594,1170,2.44,442,26,0.0,1
382119,1171,3.77,525,32,0.0,0
382252,1172,-0.10,133,6,0.0,1
382755,1173,3.03,503,30,0.0,1
383280,1174,3.09,525,30,0.0,0
383493,1175,0.24,213,11,0.0,1
383647,1176,0.08,154,8,0.0,1
384172,1177,3.41,525,32,0.0,0
384419,1178,0.93,247,15,0.0,1
384830,1179,1.97,411,23,0.0,1
385355,1180,3.37,525,32,0.0,0
385585,1181,0.53,230,12,0.0,1
386064,1182,2.55,479,27,0.0,1
386589,1183,3.23,525,31,0.0,0
386915,1184,1.71,326,20,0.0,1
387362,1185,2.11,447,26,0.0,1
387887,1186,3.53,525,32,0.0,0
388151,1187,1.06,264,15,0.0,1
388506,1188,1.41,355,20,0.0,1
388812,1189,1.31,306,17,0.0,1
389107,1190,1.17,295,18,0.0,1
389237,1191,0.02,130,7,0.0,1
389575,1192,1.01,338,18,0.0,1
389821,1193,0.78,246,15,0.0,1
390346,1194,3.17,525,32,0.0,0
390477,1195,-0.12,131,7,0.0,1
390894,1196,1.86,417,22,0.0,1
391133,1197,0.54,239,12,0.0,1
391658,1198,3.28,525,32,0.0,0
391792,1199,-0.10,134,6,0.0,1
392000,1200,0.55,208,12,0.0,1
392205,1201,0.30,205,11,0.0,1
392626,1202,2.40,421,26,0.0,1
392870,1203,1.00,244,15,0.0,1
393099,1204,0.63,229,11,0.0,1
393530,1205,2.08,431,23,0.0,1
393673,1206,0.04,143,7,0.0,1
393888,1207,0.62,215,11,0.0,1
394413,1208,3.17,525,30,0.0,0
394705,1209,0.69,292,15,0.0,1
394810,1210,-0.38,105,4,0.0,1
395335,1211,3.44,525,30,0.0,0
395686,1212,1.61,351,20,0.0,1
396032,1213,1.87,346,20,0.0,1
396342,1214,1.31,310,17,0.0,1
396627,1215,1.22,285,18,0.0,1
396850,1216,0.47,223,12,0.0,1
397247,1217,2.07,397,22,0.0,1
397565,1218,1.85,318,19,0.0,1
397696,1219,0.02,131,7,0.0,1
397926,1220,0.96,230,13,0.0,1
398337,1221,2.38,411,25,0.0,1
398549,1222,0.47,212,12,0.0,1
398833,1223,0.83,284,15,0.0,1
399039,1224,0.39,206,10,0.0,1
399243,1225,0.63,204,11,0.0,1
399611,1226,1.45,368,19,0.0,1
399814,1227,0.11,203,10,0.0,1
400290,1228,2.34,476,25,0.0,1
400398,1229,-0.54,108,4,0.0,1
400532,1230,-0.05,134,7,0.0,1
400851,1231,1.28,319,18,0.0,1
401084,1232,0.83,233,13,0.0,1
401609,1233,3.28,525,30,0.0,0
402019,1234,1.96,410,24,0.0,1
402227,1235,0.71,208,11,0.0,1
402478,1236,1.02,251,15,0.0,1
403003,1237,3.46,525,31,0.0,0
403278,1238,0.93,275,14,0.0,1
403609,1239,1.90,331,20,0.0,1
403896,1240,1.10,287,16,0.0,1
404247,1241,1.94,351,20,0.0,1
404368,1242,0.18,121,7,0.0,1
404696,1243,1.78,328,18,0.0,1
404835,1244,0.03,139,7,0.0,1
405160,1245,1.55,325,17,0.0,1
405496,1246,1.74,336,19,0.0,1
406021,1247,3.27,525,29,0.0,0
406127,1248,-0.22,106,5,0.0,1
406534,1249,2.02,407,21,0.0,1
406722,1250,0.29,188,9,0.0,1
406850,1251,-0.33,128,6,0.0,1
407375,1252,3.55,525,32,0.0,0
407607,1253,0.47,232,12,0.0,1
408035,1254,2.04,428,23,0.0,1
408221,1255,0.24,186,9,0.0,1
408746,1256,3.30,525,29,0.0,0
408962,1257,0.65,216,12,0.0,1
409301,1258,1.56,339,19,0.0,1
409645,1259,1.76,344,20,0.0,1
410170,1260,3.91,525,31,0.0,0
410490,1261,1.75,320,19,0.0,1
410709,1262,0.81,219,12,0.0,1
411024,1263,1.56,315,17,0.0,1
411344,1264,1.58,320,17,0.0,1
411587,1265,1.10,243,14,0.0,1
412112,1266,3.63,525,31,0.0,0
412637,1267,3.69,525,30,0.0,0
412744,1268,-0.16,107,4,0.0,1
413090,1269,1.71,346,18,0.0,1
413441,1270,1.99,351,20,0.0,1
413560,1271,-0.00,119,6,0.0,1
413770,1272,0.69,210,10,0.0,1
414041,1273,0.82,271,11,0.0,1
414376,1274,1.44,335,16,0.0,1
414901,1275,3.49,525,27,0.0,0
415426,1276,3.89,525,27,0.0,0
415891,1277,2.67,465,25,0.0,1
416211,1278,1.65,320,18,0.0,1
416428,1279,0.94,217,12,0.0,1
416546,1280,0.21,118,7,0.0,1
417071,1281,3.81,525,30,0.0,0
417596,1282,3.81,525,29,0.0,0
417841,1283,1.18,245,15,0.0,1
417954,1284,-0.05,113,6,0.0,1
418479,1285,3.86,525,29,0.0,0
419004,1286,3.41,525,29,0.0,0
419529,1287,3.46,525,31,0.0,0
420054,1288,3.61,525,29,0.0,0
420262,1289,1.01,208,13,0.0,1
420512,1290,1.20,250,14,0.0,1
420962,1291,2.72,450,25,0.0,1
421075,1292,-0.05,113,6,0.0,1
421462,1293,2.22,387,23,0.0,1
421797,1294,1.82,335,19,0.0,1
422109,1295,1.48,312,17,0.0,1
422634,1296,3.93,525,28,0.0,0
422740,1297,-0.06,106,5,0.0,1
423265,1298,3.88,525,30,0.0,0
423554,1299,1.32,289,15,0.0,1
424079,1300,3.41,525,30,0.0,0
424310,1301,0.76,231,12,0.0,1
424747,1302,2.66,437,25,0.0,1
424853,1303,-0.27,106,3,0.0,1
425378,1304,3.35,525,30,0.0,0
425637,1305,0.48,259,15,0.0,1
425851,1306,0.72,214,12,0.0,1
426103,1307,0.94,252,15,0.0,1
426408,1308,1.10,305,18,0.0,1
426634,1309,0.59,226,12,0.0,1
426765,1310,-0.07,131,7,0.0,1
427290,1311,2.98,525,31,0.0,0
427417,1312,-0.03,127,7,0.0,1
427942,1313,3.42,525,31,0.0,0
428467,1314,3.12,525,30,0.0,0
428788,1315,1.70,321,19,0.0,1
429313,1316,3.38,525,31,0.0,0
429832,1317,3.05,519,30,0.0,1
430357,1318,3.61,525,31,0.0,0
430882,1319,2.98,525,29,0.0,0
431357,1320,2.89,475,26,0.0,1
431882,1321,3.45,525,31,0.0,0
432407,1322,3.46,525,31,0.0,0
432721,1323,1.58,314,19,0.0,1
433246,1324,3.47,525,28,0.0,0
433493,1325,0.73,247,13,0.0,1
434018,1326,3.77,525,30,0.0,0
434343,1327,1.24,325,17,0.0,1
434750,1328,2.13,407,21,0.0,1
435198,1329,2.64,448,25,0.0,1
435516,1330,1.33,318,17,0.0,1
435999,1331,2.81,483,27,0.0,1
436106,1332,-0.28,107,4,0.0,1
436340,1333,0.88,234,13,0.0,1
436865,1334,3.89,525,30,0.0,0
437164,1335,1.50,299,17,0.0,1
437270,1336,-0.22,106,5,0.0,1
437598,1337,1.40,328,19,0.0,1
438019,1338,2.61,421,26,0.0,1
438358,1339,1.65,339,20,0.0,1
438635,1340,0.83,277,14,0.0,1
438902,1341,1.22,267,15,0.0,1
439218,1342,1.49,316,17,0.0,1
439743,1343,3.50,525,31,0.0,0
440137,1344,2.04,394,22,0.0,1
440497,1345,2.18,360,21,0.0,1
440835,1346,1.74,338,18,0.0,1
441093,1347,1.24,258,15,0.0,1
441372,1348,1.17,279,14,0.0,1
441676,1349,1.43,304,15,0.0,1
441832,1350,0.37,156,8,0.0,1
442357,1351,3.45,525,29,0.0,0
442560,1352,0.91,203,11,0.0,1
443021,1353,2.59,461,26,0.0,1
443166,1354,0.10,145,7,0.0,1
443691,1355,3.67,525,31,0.0,0
444039,1356,1.55,348,17,0.0,1
444167,1357,-0.23,128,5,0.0,1
444536,1358,1.93,369,20,0.0,1
444850,1359,1.54,314,17,0.0,1
444993,1360,0.09,143,6,0.0,1
445223,1361,0.91,230,12,0.0,1
445381,1362,0.49,158,8,0.0,1
445839,1363,3.08,458,27,0.0,1
446342,1364,2.88,503,27,0.0,1
446586,1365,0.60,244,11,0.0,1
446925,1366,1.60,339,18,0.0,1
447231,1367,1.37,306,15,0.0,1
447665,1368,2.40,434,23,0.0,1
447889,1369,0.66,224,12,0.0,1
448273,1370,2.12,384,21,0.0,1
448798,1371,3.56,525,30,0.0,0
449276,1372,3.08,478,27,0.0,1
449783,1373,3.02,507,30,0.0,1
450089,1374,1.37,306,15,0.0,1
450309,1375,0.69,220,11,0.0,1
450834,1376,3.79,525,33,0.0,0
451037,1377,0.66,203,10,0.0,1
451562,1378,3.38,525,29,0.0,0
451913,1379,1.99,351,20,0.0,1
452229,1380,1.80,316,18,0.0,1
452386,1381,0.30,157,8,0.0,1
452606,1382,0.59,220,10,0.0,1
453000,1383,1.86,394,21,0.0,1
453277,1384,1.34,277,16,0.0,1
453576,1385,1.60,299,17,0.0,1
453794,1386,0.77,218,11,0.0,1
454127,1387,1.71,333,19,0.0,1
454500,1388,1.78,373,20,0.0,1
454956,1389,2.92,456,26,0.0,1
455186,1390,0.83,230,11,0.0,1
455487,1391,1.71,301,17,0.0,1
455725,1392,0.70,238,10,0.0,1
456161,1393,2.09,436,22,0.0,1
456343,1394,0.57,182,9,0.0,1
456620,1395,1.16,277,13,0.0,1
456832,1396,0.87,212,12,0.0,1
457357,1397,3.59,525,32,0.0,0
457882,1398,3.93,525,32,0.0,0
458361,1399,2.76,479,27,0.0,1
458886,1400,3.88,525,32,0.0,0
459182,1401,1.10,296,15,0.0,1
459474,1402,1.41,292,15,0.0,1
459585,1403,-0.07,111,5,0.0,1
459707,1404,0.14,122,6,0.0,1
460120,1405,1.82,413,22,0.0,1
460538,1406,2.23,418,22,0.0,1
460865,1407,1.66,327,18,0.0,1
460995,1408,0.16,130,6,0.0,1
461295,1409,1.29,300,16,0.0,1
461623,1410,1.61,328,19,0.0,1
461859,1411,1.08,236,15,0.0,1
462297,1412,2.47,438,26,0.0,1
462575,1413,1.34,278,16,0.0,1
462800,1414,0.70,225,11,0.0,1
462941,1415,-0.34,141,6,0.0,1
463184,1416,0.87,243,13,0.0,1
463709,1417,3.41,525,29,0.0,0
464065,1418,1.92,356,20,0.0,1
464389,1419,1.66,324,19,0.0,1
464914,1420,3.36,525,28,0.0,0
465439,1421,3.53,525,32,0.0,0
465964,1422,3.47,525,27,0.0,0
466489,1423,3.65,525,31,0.0,0
467014,1424,3.51,525,31,0.0,0
467463,1425,2.54,449,27,0.0,1
467876,1426,2.29,413,22,0.0,1
468132,1427,1.24,256,14,0.0,1
468657,1428,4.04,525,32,0.0,0
469041,1429,1.83,384,21,0.0,1
469250,1430,0.60,209,11,0.0,1
469775,1431,3.44,525,28,0.0,0
470222,1432,2.56,447,24,0.0,1
470426,1433,0.75,204,11,0.0,1
470682,1434,0.86,256,14,0.0,1
470829,1435,0.24,147,7,0.0,1
471131,1436,1.77,302,19,0.0,1
471492,1437,2.01,361,20,0.0,1
471989,1438,2.90,497,27,0.0,1
472514,1439,3.65,525,30,0.0,0
472625,1440,0.05,111,6,0.0,1
472866,1441,0.91,241,13,0.0,1
473391,1442,3.76,525,30,0.0,0
473731,1443,1.49,340,18,0.0,1
474065,1444,1.80,334,17,0.0,1
474427,1445,1.82,362,21,0.0,1
474767,1446,1.85,340,20,0.0,1
475292,1447,3.85,525,31,0.0,0
475817,1448,3.28,525,30,0.0,0
476342,1449,3.47,525,28,0.0,0
476669,1450,1.60,327,19,0.0,1
476933,1451,1.35,264,15,0.0,1
477458,1452,3.39,525,30,0.0,0
477798,1453,2.06,340,20,0.0,1
478128,1454,1.68,330,18,0.0,1
478601,1455,2.80,473,25,0.0,1
478707,1456,-0.01,106,5,0.0,1
479232,1457,3.75,525,33,0.0,0
479645,1458,1.98,413,22,0.0,1
480103,1459,3.01,458,27,0.0,1
480628,1460,3.22,525,29,0.0,0
481153,1461,3.71,525,31,0.0,0
481372,1462,0.80,219,13,0.0,1
481849,1463,2.44,477,25,0.0,1
482343,1464,2.90,494,27,0.0,1
482698,1465,1.23,355,17,0.0,1
482894,1466,0.73,196,11,0.0,1
483263,1467,1.61,369,18,0.0,1
483509,1468,0.63,246,13,0.0,1
483991,1469,2.81,482,27,0.0,1
484516,1470,3.55,525,31,0.0,0
484919,1471,1.95,403,22,0.0,1
485154,1472,0.60,235,12,0.0,1
485468,1473,0.90,314,17,0.0,1
485716,1474,0.41,248,14,0.0,1
485926,1475,0.11,210,11,0.0,1
486203,1476,0.66,277,15,0.0,1
486387,1477,0.43,184,11,0.0,1
486530,1478,0.05,143,8,0.0,1
486875,1479,1.59,345,21,0.0,1
487117,1480,0.44,242,13,0.0,1
487344,1481,0.58,227,13,0.0,1
487505,1482,0.43,161,10,0.0,1
487727,1483,0.10,222,12,0.0,1
488010,1484,0.14,283,14,0.0,1
488325,1485,0.69,315,18,0.0,1
488545,1486,0.67,220,13,0.0,1
488684,1487,-0.01,139,7,0.0,1
488824,1488,-0.05,140,7,0.0,1
489276,1489,2.30,452,26,0.0,1
489710,1490,2.06,434,26,0.0,1
489941,1491,0.41,231,13,0.0,1
490195,1492,0.63,254,13,0.0,1
490528,1493,1.29,333,19,0.0,1
490856,1494,1.06,328,16,0.0,1
491051,1495,0.27,195,10,0.0,1
491154,1496,-0.27,103,4,0.0,1
491388,1497,0.43,234,10,0.0,1
491584,1498,0.07,196,8,0.0,1
491805,1499,0.42,221,11,0.0,1
491924,1500,-0.24,119,5,0.0,1
492136,1501,0.40,212,10,0.0,1
492344,1502,0.37,208,8,0.0,1
492808,1503,2.52,464,26,0.0,1
493036,1504,0.70,228,12,0.0,1
493360,1505,1.38,324,20,0.0,1